titulo,precio,tamano_lote,tipo_unidad_lote,source,localizacion,coordenadas,enlace,barrio_colonia,municipio_ciudad,departamento_provincia
"RIVAS, NIC, RIVAS, TOLA 47000",110000,35252,SQ_MT,kwnicaragua.com,Si,"11.4846027,-86.0962783",https://kwnicaragua.kw.com/property/RIVAS-TOLA-47000/2016060977287768,La Virgen Morena,La Virgen Morena,Rivas
"Carretera a Masaya , NIC, Carretera a Masaya , Managua, NIC",1850000,2135,SQ_MT,kwnicaragua.com,Si,"12.11649101890177,-86.25559358759551",https://kwnicaragua.kw.com/property/Carretera-a-Masaya-Managua-NIC/1653396706889280,Planes de Altamira 2,Managua,Managua
"Managua, NIC, #km 12 carretera a masaya, Managua, Managua 31000",31000,335,SQ_MT,kwnicaragua.com,Si,"12.061968647928651,-86.20596418636536",https://kwnicaragua.kw.com/property/km-12-carretera-a-masaya-Managua-Managua-31000/2018233104467330,,Nindirí,Masaya
"Nindirí, Nicaragua, Nindirí, Masaya, Nicaragua",466161,31725.55,SQ_MT,kwnicaragua.com,Si,"12.085432,-86.159914",https://kwnicaragua.kw.com/property/Nindir-Masaya-Nicaragua/1798773613579584,Veracruz,Nindirí,Masaya
"Managua, NIC, Managua, Managua, NIC",35000,150.83,SQ_MT,kwnicaragua.com,Si,"12.154599514663134,-86.25117675841548",https://kwnicaragua.kw.com/property/Managua-Managua-NIC/2023113280102956,Benedicto Valverde (Quinta Nina),Managua,Managua
"Managua, NIC, Managua, Managua, NIC",30000,195.46,SQ_MT,kwnicaragua.com,Si,"12.1117477,-86.3135879",https://kwnicaragua.kw.com/property/Managua-Managua-NIC/2023281324123522,San Patricio,Managua,Managua
"Managua, NIC, Managua, Managua, NIC",1000000,1286.69,SQ_MT,kwnicaragua.com,Si,"12.1398397,-86.2806064",https://kwnicaragua.kw.com/property/Managua-Managua-NIC/2023187959375228,Bolonia,Managua,Managua
"Managua, NIC, Managua, Managua, NIC",285000,742.28,SQ_MT,kwnicaragua.com,Si,"12.101880962642177,-86.26561037403103",https://kwnicaragua.kw.com/property/Managua-Managua-NIC/2021007012771200,Villa Fontana Sur,Managua,Managua
"Managua, NIC, Parque Los Marañones #Lote H550, Managua, Managua 0000",65500,185.4,SQ_MT,kwnicaragua.com,Si,"12.1147962,-86.25360789999999",https://kwnicaragua.kw.com/property/Parque-Los-Maraones-Lote-H550-Managua-Managua-0000/2020795502610172,Grenada,Managua,Managua
"Managua, NIC, Managua, Managua, NIC",280000,341.84,SQ_MT,kwnicaragua.com,Si,"12.1478269,-86.182026",https://kwnicaragua.kw.com/property/Managua-Managua-NIC/2019288836413166,Unidad de Propósito,Managua,Managua
"Ciudad Sandino, NIC, Ciudad Sandino, Managua, NIC",36000,211.68,SQ_MT,kwnicaragua.com,Si,"12.17976071938694,-86.34271286773681",https://kwnicaragua.kw.com/property/Ciudad-Sandino-Managua-NIC/1989209203322560,Tangará,Ciudad Sandino,Managua
"Managua, NIC, Managua, El Crucero 16100",96500,354.33,SQ_MT,kwnicaragua.com,Si,"11.9819011,-86.3108199",https://kwnicaragua.kw.com/property/Managua-El-Crucero-16100/2008619544246018,Las Conchitas,Las Conchitas,Managua
"Managua, NIC, Mayales Mayales #3ra etapa , Managua, Managua 0000",65000,172,SQ_MT,kwnicaragua.com,Si,"12.090309867176222,-86.19785338570557",https://kwnicaragua.kw.com/property/Mayales-Mayales-3ra-etapa-Managua-Managua-0000/1944561533052736,Residencial Mayales,Managua,Managua
"Managua., NIC, Managua., Managua., NIC",110000,650,SQ_MT,kwnicaragua.com,Si,"12.03909401740086,-86.21403480556434",https://kwnicaragua.kw.com/property/Managua-Managua-NIC/2007988577985180,Reparto Leonel Reynosa,Ticuantepe,Managua
"Managua, NIC, Carretera a Masaya, Managua, MN, NIC",1221154,,,kwnicaragua.com,Si,"12.07687485284858,-86.22258479256932",https://kwnicaragua.kw.com/property/Carretera-a-Masaya-Managua-MN-NIC/2022828693361240,Reparto Santa María del Lago,Managua,Managua
"Managua, NIC, Managua, Managua, NIC",45000,93,SQ_MT,kwnicaragua.com,Si,"12.154497565234047,-86.25117643764378",https://kwnicaragua.kw.com/property/Managua-Managua-NIC/2023109030717638,Benedicto Valverde (Quinta Nina),Managua,Managua
"Jinotepe, NIC, Jinotepe, Carazo, NIC",110000,407.97,SQ_MT,kwnicaragua.com,Si,"11.8548203,-86.2087023",https://kwnicaragua.kw.com/property/Jinotepe-Carazo-NIC/1994450516911872,Cristo Rey Nº 2,Jinotepe,Carazo
"Santa Teresa, NIC, Santa Teresa, Carazo, NIC",156000,36767.45,SQ_MT,kwnicaragua.com,Si,"11.8035277,-86.1624587",https://kwnicaragua.kw.com/property/Santa-Teresa-Carazo-NIC/2021112084574796,,Santa Teresa,Carazo
"Tisma, NIC, # del puente El aceituno 958 mt al Este banda norte, Tisma, Masaya, NIC",240000,18287.95,ACRES,kwnicaragua.com,Si,"12.0806213,-86.0198103",https://kwnicaragua.kw.com/property/-del-puente-El-aceituno-958-mt-al-Este-banda-norte-Tisma-Masaya-NIC/1996324680375040,Tisma,Tisma,Masaya
"Masaya, NIC, #Pio XII 300 varas al Oeste, Masatepe , Masaya, Masaya, NIC",215000,1507,SQ_MT,kwnicaragua.com,Si,"11.914057,-86.1451448",https://kwnicaragua.kw.com/property/Pio-XII-300-varas-al-Oeste-Masatepe-Masaya-Masaya-NIC/1948800009243008,Masatepe,Masatepe,Masaya
"El Crucero, NIC, El Crucero, Managua, NIC",194000,1573.81,SQ_MT,kwnicaragua.com,Si,"11.981190004211923,-86.31103349485348",https://kwnicaragua.kw.com/property/El-Crucero-Managua-NIC/1988039919909952,Las Conchitas,Las Conchitas,Managua
"Managua, NIC, Managua, MN, NIC",72000,395,SQ_MT,kwnicaragua.com,Si,"12.0327122,-86.2024652",https://kwnicaragua.kw.com/property/Managua-MN-NIC/1989963421470464,Buenos Aires,Ticuantepe,Managua
"Diria, NIC, #Lote No. 19, Diria, Granada, NIC",40000,7050.3,SQ_MT,kwnicaragua.com,Si,"11.843734651518085,-86.00064876208626",https://kwnicaragua.kw.com/property/Lote-No-19-Diria-Granada-NIC/2020273835131468,,Granada,Granada
"Managua, NIC, Managua, Managua, NIC",170000,1092.83,SQ_MT,kwnicaragua.com,Si,"12.004865663109829,-86.21755877718508",https://kwnicaragua.kw.com/property/Managua-Managua-NIC/2013587041981068,La Soledad,Ticuantepe,Managua
"Masaya, NIC, Los Madrigales #Nindiri, Masaya, Masaya, NIC",392000,20068.51,SQ_MT,kwnicaragua.com,Si,"12.061240570259681,-86.18923016689453",https://kwnicaragua.kw.com/property/Los-Madrigales-Nindiri-Masaya-Masaya-NIC/1944267705728192,,Nindirí,Masaya
"Granada, NIC, Domingazo, Granada, 43000 43000",79000,334,SQ_MT,kwnicaragua.com,Si,"11.9387327,-85.95983129999999",https://kwnicaragua.kw.com/property/Domingazo-Granada-43000-43000/2006853133698350,El Esfuerzo,Granada,Granada
"Managua, NIC, Carretera a Masaya #km 11 plaza praderas modulo 7, Managua, MN, NIC",140756,,,kwnicaragua.com,Si,"12.07726235099875,-86.22330891465127",https://kwnicaragua.kw.com/property/Carretera-a-Masaya-km-11-plaza-praderas-modulo-7-Managua-MN-NIC/2022838809343362,Reparto Santa María del Lago,Managua,Managua
"Managua, NIC, Carretera a Masaya #km 11 plaza praderas modulo 13, Managua, MN, NIC",140998,,,kwnicaragua.com,Si,"12.077595311611429,-86.22357299082618",https://kwnicaragua.kw.com/property/Carretera-a-Masaya-km-11-plaza-praderas-modulo-13-Managua-MN-NIC/2022835559016188,Reparto Santa María del Lago,Managua,Managua
"Managua, NIC, Carretera a Masaya, Managua, MN, NIC",153010,,,kwnicaragua.com,Si,"12.077562899721494,-86.2232377225513",https://kwnicaragua.kw.com/property/Carretera-a-Masaya-Managua-MN-NIC/2022834450724590,Reparto Santa María del Lago,Managua,Managua
"Managua, NIC, Carretera a Masaya #km 11 plaza praderas modulo 14, Managua, MN, NIC",217360,,,kwnicaragua.com,Si,"12.077370438598674,-86.22343362417372",https://kwnicaragua.kw.com/property/Carretera-a-Masaya-km-11-plaza-praderas-modulo-14-Managua-MN-NIC/2022831050057468,Reparto Santa María del Lago,Managua,Managua
"Managua, NIC, Carretera a Masaya #km 11 plaza praderas modulo 17, Managua, MN, NIC",375320,,,kwnicaragua.com,Si,"12.077529351351398,-86.2233401898788",https://kwnicaragua.kw.com/property/Carretera-a-Masaya-km-11-plaza-praderas-modulo-17-Managua-MN-NIC/2022829911819650,Reparto Santa María del Lago,Managua,Managua
"Managua, NIC, Carretera a Masaya #km 11 plaza praderas modulo 16, Managua, MN, NIC",193710,,,kwnicaragua.com,Si,"12.077366096984315,-86.22347287431755",https://kwnicaragua.kw.com/property/Carretera-a-Masaya-km-11-plaza-praderas-modulo-16-Managua-MN-NIC/2022832432686460,Reparto Santa María del Lago,Managua,Managua
"Managua, NIC, Managua, MN, NIC",650000,3486.89,SQ_MT,kwnicaragua.com,Si,"12.1018783,-86.2685501",https://kwnicaragua.kw.com/property/Managua-MN-NIC/2013586893689484,Villa Fontana Sur,Managua,Managua
"Masaya, NIC, Masaya, Nindirí, NIC",38000,952.84,SQ_MT,kwnicaragua.com,Si,"12.049176226105251,-86.17812915121296",https://kwnicaragua.kw.com/property/Masaya-Nindir-NIC/1988882959196864,Lotificación Marbella,Nindirí,Masaya
"Managua, NIC, #Casa # CS-11, Managua, Managua 15700",50000,184.5,SQ_MT,kwnicaragua.com,Si,"12.1481175,-86.35154399999999",https://kwnicaragua.kw.com/property/Casa-CS11-Managua-Managua-15700/2020407373850362,Bella Vista,Ciudad Sandino,Managua
"Rivas, NIC, Rivas, Ometepe, NIC",50000,1429,SQ_MT,kwnicaragua.com,Si,"11.5105401,-85.5544551",https://kwnicaragua.kw.com/property/Rivas-Ometepe-NIC/2020346239693356,Santa Cruz,Playa Santo Domingo,Rivas
"Managua, NIC, Km. 13.10 Carretera a Masaya, 2.5 kms Suroeste Carretera a Masaya #Residencial Versalles , Managua, MN, NIC",87000,211.2,SQ_MT,kwnicaragua.com,Si,"12.047628444176011,-86.2173478576721",https://kwnicaragua.kw.com/property/Km-1310-Carretera-a-Masaya-25-kms-Suroeste-Carretera-a-Masaya-Residencial-Versalles-Managua-MN-NIC/1954197301962368,Residencial Versalles,Ticuantepe,Managua
"Managua, NIC, Managua, Managua, NIC",650000,,,kwnicaragua.com,Si,"12.0786879,-86.2406194",https://kwnicaragua.kw.com/property/Managua-Managua-NIC/1627449967572736,Estancia de Santo Domingo 2° etapa,Managua,Managua
"Masaya, NIC, Empalme de Monimbo 400 mts al este, sobre la carretera, Masaya, Masaya, Masaya, NIC",23000,419,SQ_MT,kwnicaragua.com,Si,"11.960307658016026,-86.0926020769116",https://kwnicaragua.kw.com/property/Empalme-de-Monimbo-400-mts-al-este-sobre-la-carretera-Masaya-Masaya-Masaya-NIC/1904220178663488,Óscar Pérez Casar,Masaya,Masaya
"Masaya, NIC, Urbanizacion Reparto el Carmen Urbanización El Carmen , Masaya, Masaya, NIC",50000,240,SQ_MT,kwnicaragua.com,Si,"11.993245738396377,-86.08612651003418",https://kwnicaragua.kw.com/property/Urbanizacion-Reparto-el-Carmen-Urbanizacin-El-Carmen-Masaya-Masaya-NIC/2021684722432206,Villa Bosco Monge,Masaya,Masaya
"Granada, NIC, Granada, Granada, NIC",15000,359,SQ_MT,kwnicaragua.com,Si,"11.9812576,-86.0857941",https://kwnicaragua.kw.com/property/Granada-Granada-NIC/2022439648600620,San Fernando,Masaya,Masaya
"Managua, NIC, Managua, Managua, NIC",30000,271.07,SQ_MT,kwnicaragua.com,Si,"12.093287,-86.2023476",https://kwnicaragua.kw.com/property/Managua-Managua-NIC/2022177181214910,Sector Norte Comarca Las Jaguitas,Managua,Managua
"Rivas, NIC, Rivas, Rivas, NIC",100000,35255,SQ_MT,kwnicaragua.com,Si,"11.4846027,-86.0962783",https://kwnicaragua.kw.com/property/Rivas-Rivas-NIC/2022171135882626,La Virgen Morena,La Virgen Morena,Rivas
"Granada, NIC, Granada, Nandaime, NIC",250000,1321.94,SQ_MT,kwnicaragua.com,Si,"11.7860358,-86.07253659999999",https://kwnicaragua.kw.com/property/Granada-Nandaime-NIC/2022163176495294,Santa Julia,Nandaime,Granada
"Masatepe, NIC, Masatepe, Masaya, NIC",120000,78166.05,SQ_MT,kwnicaragua.com,Si,"11.8700233,-86.13574229999999",https://kwnicaragua.kw.com/property/Masatepe-Masaya-NIC/2022154812500172,San Luis,Masatepe,Masaya
"Managua, NIC, Managua, Managua, NIC",195000,287.59,SQ_MT,kwnicaragua.com,Si,"12.092847,-86.24826449999999",https://kwnicaragua.kw.com/property/Managua-Managua-NIC/2016010722779704,Sector Sur Cruz Del Paraíso,Managua,Managua
"Managua, NIC, Managua, MN, NIC",65000,155,SQ_MT,kwnicaragua.com,Si,"12.1548487,-86.3461839",https://kwnicaragua.kw.com/property/Managua-MN-NIC/2001603340953344,Praderas de Sandino,Ciudad Sandino,Managua
"Managua, NIC, Managua, Managua 41000",60000,87.03,SQ_MT,kwnicaragua.com,Si,"12.130669720648319,-86.21586953288619",https://kwnicaragua.kw.com/property/Managua-Managua-41000/2021789552124492,Barrio El Bosque,Managua,Managua
"Managua, NIC, Managua, Managua, NIC",1020000,60670.09,SQ_MT,kwnicaragua.com,Si,"12.122464586558321,-86.1511365781738",https://kwnicaragua.kw.com/property/Managua-Managua-NIC/1920252417391360,,Managua,Managua
"Managua, NIC, Camino Viejo a Santo Domingo, Managua, MN, NIC",300687,2649.85,SQ_MT,kwnicaragua.com,Si,"12.092843219564969,-86.24588150069822",https://kwnicaragua.kw.com/property/Camino-Viejo-a-Santo-Domingo-Managua-MN-NIC/2021055032455724,Mirador Norte Santo Domingo,Managua,Managua
"Rivas, NIC, Rivas, Isla Ometepe, NIC",300000,2500,SQ_MT,kwnicaragua.com,Si,"11.5105401,-85.5544551",https://kwnicaragua.kw.com/property/Rivas-Isla-Ometepe-NIC/2010474902112000,Santa Cruz,Playa Santo Domingo,Rivas
"Managua, NIC, 4  Zaratoga #A514, Managua, Managua, NIC",90000,282,SQ_MT,kwnicaragua.com,Si,"12.075647191782078,-86.19976728360595",https://kwnicaragua.kw.com/property/4-Zaratoga-A514-Managua-Managua-NIC/1951051864483584,Vistas de Esquipulas,Managua,Managua
"Managua, NIC, Managua, Managua 10000",32000,423,SQ_MT,kwnicaragua.com,Si,"12.0485277,-86.2241076",https://kwnicaragua.kw.com/property/Managua-Managua-10000/2021694260204926,Lomas de Monte Verde,Ticuantepe,Managua
"Managua, NIC, # Veracruz , Managua, Managua, NIC",89500,223,SQ_MT,kwnicaragua.com,Si,"12.054833414014,-86.1821068325409",https://kwnicaragua.kw.com/property/-Veracruz-Managua-Managua-NIC/2008248675575836,Lotificación Marbella,Nindirí,Masaya
"Ciudad Sandino, NIC, 5 Primera etapa #Managua, Ciudad Sandino, Managua, NIC",50000,140,SQ_MT,kwnicaragua.com,Si,"12.1574515,-86.3605608",https://kwnicaragua.kw.com/property/5-Primera-etapa-Managua-Ciudad-Sandino-Managua-NIC/1955801187829504,Zona 6,Ciudad Sandino,Managua
"Esquipulas, NIC, Esquipulas, Managua, NIC",27500,484.03,SQ_MT,kwnicaragua.com,Si,"12.075119773622065,-86.20144987295534",https://kwnicaragua.kw.com/property/Esquipulas-Managua-NIC/1944226566207232,,Managua,Managua
"RIVAS, NIC, RIVAS, ISLA DE OMETEPE, MOYOGALPA 48700",33000,199.69,SQ_MT,kwnicaragua.com,Si,"11.496668,-85.6929207",https://kwnicaragua.kw.com/property/RIVAS-ISLA-DE-OMETEPE-MOYOGALPA-48700/2021714234245708,Barrio Alegre,Los Ángeles,Rivas
"Carretera Masaya, NIC, Carretera Masaya, Managua, NIC",95000,144,SQ_MT,kwnicaragua.com,Si,"12.079459742988881,-86.23135775320533",https://kwnicaragua.kw.com/property/Carretera-Masaya-Managua-NIC/2021694124851788,Villa El Rosario,Managua,Managua
"Managua, NIC, Managua, Managua, NIC",379000,2928.33,SQ_MT,kwnicaragua.com,Si,"12.0553975,-86.2030308",https://kwnicaragua.kw.com/property/Managua-Managua-NIC/2021708176634412,,Ticuantepe,Managua
"Managua, NIC, Managua, Managua, NIC",55000,89,SQ_MT,kwnicaragua.com,Si,"12.1288889,-86.342429",https://kwnicaragua.kw.com/property/Managua-Managua-NIC/1989197761468032,Motastepe (Ciudad Sandino),Ciudad Sandino,Managua
"Managua, NIC, Managua, Managua, NIC",88000,1194.13,SQ_MT,kwnicaragua.com,Si,"12.0421773,-86.1907571",https://kwnicaragua.kw.com/property/Managua-Managua-NIC/2000552028733120,,Ticuantepe,Managua
"Managua, NIC, Managua, Managua, NIC",135000,1475.03,SQ_MT,kwnicaragua.com,Si,"12.0806592,-86.2668368",https://kwnicaragua.kw.com/property/Managua-Managua-NIC/2000550156869824,Sector Sur Comarca Jocote Dulce,Managua,Managua
"Managua, NIC, Managua, MN, NIC",150000,160,SQ_MT,kwnicaragua.com,Si,"12.150692,-86.1836053",https://kwnicaragua.kw.com/property/Managua-MN-NIC/2001238446236352,Residencial Casa Real,Managua,Managua
"Managua, NIC, Managua, MN, NIC",500000,3525.08,SQ_MT,kwnicaragua.com,Si,"12.109969132662375,-86.30280392613373",https://kwnicaragua.kw.com/property/Managua-MN-NIC/2021696463447778,Lomas del Sur,Managua,Managua
"Mateare, NIC, Rosario Murillo, Mateare, Managua 15500",55000,302,SQ_MT,kwnicaragua.com,Si,"12.2265122,-86.4054446",https://kwnicaragua.kw.com/property/Rosario-Murillo-Mateare-Managua-15500/2021439438886650,Vistas del Momotombo,Vistas del Momotombo,Managua
"Masaya, NIC, Masaya, Guanacastillo , NIC",400000,44750,SQ_MT,kwnicaragua.com,Si,"12.0803273,-86.10009869999999",https://kwnicaragua.kw.com/property/Masaya-Guanacastillo-NIC/2017892985088204,Guanacastillo,Nindirí,Masaya
"Managua, NIC, 1 Avenida 31, Managua, Mateare, NIC",128000,507.6,SQ_MT,kwnicaragua.com,Si,"12.1990363,-86.38645120000001",https://kwnicaragua.kw.com/property/1-Avenida-31-Managua-Mateare-NIC/2019639095338354,Ciudad el Doral,Ciudad El Doral,Managua
"Masaya, NIC, Residencial Palmetto Carretera a Masaya # km 15.5 , Masaya, MN 41000",120000,240.86,SQ_MT,kwnicaragua.com,Si,"12.035445483113424,-86.18065037043884",https://kwnicaragua.kw.com/property/Residencial-Palmetto-Carretera-a-Masaya-km-155-Masaya-MN-41000/2020783838627580,,Nindirí,Masaya
"Managua, NIC, km11.8 carretera vieja León, Managua, Managua, NIC",70000,2115.04,SQ_MT,kwnicaragua.com,Si,"12.1007342,-86.3415448",https://kwnicaragua.kw.com/property/km118-carretera-vieja-Len-Managua-Managua-NIC/1838394921524224,Comarca Nejapa,Managua,Managua
"Managua, NIC, Managua, Managua, NIC",130000,,,kwnicaragua.com,Si,"12.0953892,-86.2198267",https://kwnicaragua.kw.com/property/Managua-Managua-NIC/2006483217426442,Santa María,Managua,Managua
"Managua, NIC, Managua, Managua, NIC",310000,1270,SQ_MT,kwnicaragua.com,Si,"12.143910077603701,-86.27677401570965",https://kwnicaragua.kw.com/property/Managua-Managua-NIC/2002944358348288,Martha Quezada,Managua,Managua
"Esteli, NIC, Esteli, Esteli, NIC",600000,1995.74,SQ_MT,kwnicaragua.com,Si,"13.0844608,-86.3589645",https://kwnicaragua.kw.com/property/Esteli-Esteli-NIC/2017544317032186,El Calvario,Estelí,Estelí
"Carretera Masaya Km 17, NIC, Carretera Masaya Km 17, Managua, NIC",72000,,,kwnicaragua.com,Si,"12.031464463411108,-86.1934234791246",https://kwnicaragua.kw.com/property/Carretera-Masaya-Km-17-Managua-NIC/1822927159341376,Sierras Doradas,Ticuantepe,Managua
"Managua, NIC, Managua, Santo Domingo, NIC",300000,833.35,SQ_MT,kwnicaragua.com,Si,"12.0854394,-86.2390319",https://kwnicaragua.kw.com/property/Managua-Santo-Domingo-NIC/1931594756772992,Reparto de Santa Mónica,Managua,Managua
"Managua, NIC, #Reparto residencial las praderas, Managua, Masaya, NIC",270000,,,kwnicaragua.com,Si,"12.076657474853238,-86.22480315710706",https://kwnicaragua.kw.com/property/Reparto-residencial-las-praderas-Managua-Masaya-NIC/1989136453205376,Reparto Santa María del Lago,Managua,Managua
"Masaya, NIC, Masaya, masaya, NIC",70000,17625,SQ_MT,kwnicaragua.com,Si,"11.9210864,-86.12301529999999",https://kwnicaragua.kw.com/property/Masaya-masaya-NIC/2018893920237294,Nandasmo,Nandasmo,Masaya
"Managua, NIC, #1500 mts al Sur, Managua, Managua 10000",30000,302.7,SQ_MT,kwnicaragua.com,Si,"12.0458932,-86.2115455",https://kwnicaragua.kw.com/property/1500-mts-al-Sur-Managua-Managua-10000/1963332213523136,Las Rosaledas,Ticuantepe,Managua
"Masaya, NIC, Masaya, Masaya 41000",209000,1013.1,SQ_MT,kwnicaragua.com,Si,"11.9762059,-86.0775814",https://kwnicaragua.kw.com/property/Masaya-Masaya-41000/1927945601901504,San José,Masaya,Masaya
"Managua, NIC, Managua, Managua, NIC",85000,113.38,SQ_MT,kwnicaragua.com,Si,"12.1517334,-86.2898053",https://kwnicaragua.kw.com/property/Managua-Managua-NIC/1944278385589120,Javier Cuadra,Managua,Managua
"Nindirí, NIC, Nindirí, Masaya 14059",175000,710,SQ_MT,kwnicaragua.com,Si,"12.0528356,-86.17390429999999",https://kwnicaragua.kw.com/property/Nindir-Masaya-14059/1934323370154240,Lotificación Marbella,Nindirí,Masaya
"Masaya, NIC, Masaya, Masaya 41000",8500,318.03,SQ_MT,kwnicaragua.com,Si,"12.003504768914924,-86.07581913593751",https://kwnicaragua.kw.com/property/Masaya-Masaya-41000/2021367104046466,La Ceibita,Masaya,Masaya
"Managua, NIC, Managua, Managua, NIC",382500,10161.33,SQ_MT,kwnicaragua.com,Si,"12.113289380481996,-86.31131646808757",https://kwnicaragua.kw.com/property/Managua-Managua-NIC/2020643270231778,San Patricio,Managua,Managua
"Nindirí, NIC",28000,209582,SQ_MT,kwnicaragua.com,Si,"12.0032692,-86.12067329999999",https://kwnicaragua.kw.com/property/1906697750905600,,Nindirí,Masaya
"Rivas, NIC, Rivas, San Juan del Sur, NIC",265000,430,SQ_MT,kwnicaragua.com,Si,"11.2573054,-85.86500149999999",https://kwnicaragua.kw.com/property/Rivas-San-Juan-del-Sur-NIC/1951398623633216,San Juan del Sur,San Juan del Sur,Rivas
"Managua, NIC, Managua, Managua, NIC",60000,222.75,SQ_MT,kwnicaragua.com,Si,"12.151738,-86.23875740000001",https://kwnicaragua.kw.com/property/Managua-Managua-NIC/2020606199063936,Riguero Norte,Managua,Managua
"Ciudad Sandino, NIC, Carretera Nueva León #Residencial San Andrés, Ciudad Sandino, MN 15700",105000,249,SQ_MT,kwnicaragua.com,Si,"12.149921850473822,-86.3507991053711",https://kwnicaragua.kw.com/property/Carretera-Nueva-Len-Residencial-San-Andrs-Ciudad-Sandino-MN-15700/1931948866098560,Bello Amanecer,Ciudad Sandino,Managua
"Ticuantepe, NIC, Ticuantepe, MN, NIC",28000,1042.7,SQ_MT,kwnicaragua.com,Si,"12.029616768411882,-86.20626227483825",https://kwnicaragua.kw.com/property/Ticuantepe-MN-NIC/1946760197293760,Buenos Aires,Ticuantepe,Managua
"MANAGUA, NIC, MANAGUA, Nindirí, NIC",46000,1799.77,SQ_MT,kwnicaragua.com,Si,"12.06068967710236,-86.18672347616611",https://kwnicaragua.kw.com/property/MANAGUA-Nindir-NIC/2021340980544882,Lotificación Marbella,Nindirí,Masaya
"Sebaco, NIC, #Detras de Pulperia Torres, Sebaco Matagalpa  , Sebaco, Sebaco, Matagalpa 62200",450000,7099.09,SQ_MT,kwnicaragua.com,Si,"12.8626924,-86.0913455",https://kwnicaragua.kw.com/property/Detras-de-Pulperia-Torres-Sebaco-Matagalpa-Sebaco-Sebaco-Matagalpa-62200/1961273485365696,,Sébaco,Matagalpa
"Managua, NIC, 18 Calle Suroeste #Reparto San Martín, Managua, MN 12087",58000,345,SQ_MT,kwnicaragua.com,Si,"12.137478150492129,-86.29506364128744",https://kwnicaragua.kw.com/property/18-Calle-Suroeste-Reparto-San-Martn-Managua-MN-12087/2020288899823816,El Recreo Norte,Managua,Managua
"managua, NIC, avenida Bolivar, managua, managua 11001",500000,641.68,SQ_MT,kwnicaragua.com,Si,"12.143073073849498,-86.27443589685058",https://kwnicaragua.kw.com/property/avenida-Bolivar-managua-managua-11001/1995619280051328,Colonia Edgard Lang,Managua,Managua
"Managua, NIC, #Lecheagria El Vaquero, 1 C al Lago, 1 C al Este, 1/2 C al Sur, Managua, Managua 11137",180000,716.95,SQ_MT,kwnicaragua.com,Si,"12.139817155071617,-86.25180776826171",https://kwnicaragua.kw.com/property/Lecheagria-El-Vaquero-1-C-al-Lago-1-C-al-Este-12-C-al-Sur-Managua-Managua-11137/2020789692765934,El Paraíso,Managua,Managua
"Managua, NIC, Managua, Monseñor Lezcano, NIC",60000,112,SQ_MT,kwnicaragua.com,Si,"12.151457,-86.29583129999999",https://kwnicaragua.kw.com/property/Managua-Monseor-Lezcano-NIC/2018949456241188,barrio sifida miranda/monseñor lezcano oeste,Managua,Managua
"Managua, NIC, Comarca Los Membreños  Camino Viejo a Santo Domingo #Sierras de Santo Domingo, Managua, MN, NIC",35000,495.5,SQ_MT,kwnicaragua.com,Si,"12.0939905,-86.2463718",https://kwnicaragua.kw.com/property/Comarca-Los-Membreos-Camino-Viejo-a-Santo-Domingo-Sierras-de-Santo-Domingo-Managua-MN-NIC/2020792298370434,Sector Sur Cruz Del Paraíso,Managua,Managua
"Managua, NIC, #Cerca de Parroquia El Carmen, Managua, Managua 14026",420000,346.08,SQ_MT,kwnicaragua.com,Si,"12.150260615802502,-86.28133368927257",https://kwnicaragua.kw.com/property/Cerca-de-Parroquia-El-Carmen-Managua-Managua-14026/2006209756452136,Sector El Bóer,Managua,Managua
"Las Conchas, Ticuantepe, NIC, Las Conchas, Ticuantepe, Managua, NIC",120000,500,ACRES,kwnicaragua.com,Si,"12.0218954,-86.2044135",https://kwnicaragua.kw.com/property/Las-Conchas-Ticuantepe-Managua-NIC/2010738028782888,Barrio Benjamín Zeledón,Ticuantepe,Managua
"Masatepe, NIC, Camino hacia la Laguna, Masatepe, Masaya, NIC",400000,16379.79,SQ_MT,kwnicaragua.com,Si,"11.914057,-86.1451448",https://kwnicaragua.kw.com/property/Camino-hacia-la-Laguna-Masatepe-Masaya-NIC/2013708911040244,Masatepe,Masatepe,Masaya
"managua, NIC, 11, managua, managua, NIC",60000,1644.28,SQ_MT,kwnicaragua.com,Si,"12.136694517116426,-86.33581618848966",https://kwnicaragua.kw.com/property/11-managua-managua-NIC/2019344378910076,Satelite de Asososca,Ciudad Sandino,Managua
"Managua, NIC, Managua, MN, NIC",88000,204.71,SQ_MT,kwnicaragua.com,Si,"12.0965885,-86.3498731",https://kwnicaragua.kw.com/property/Managua-MN-NIC/2008632206227480,Comarca Cedro Galán,Managua,Managua
"Managua, NIC, Managua, Managua 12037",34000,76.25,SQ_MT,kwnicaragua.com,Si,"12.148810813892695,-86.2921506288579",https://kwnicaragua.kw.com/property/Managua-Managua-12037/2006252827976316,Manzana 15 y 16 (Monseñor Lezcano),Managua,Managua
"Nindirí, NIC, Nindirí, Masaya, NIC",48000,173.85,SQ_MT,kwnicaragua.com,Si,"12.0539176,-86.174858",https://kwnicaragua.kw.com/property/Nindir-Masaya-NIC/2020444477207084,Lotificación Marbella,Nindirí,Masaya
"Managua, NIC, Managua, Managua, NIC",165000,698,SQ_MT,kwnicaragua.com,Si,"12.139034337968443,-86.27977638974609",https://kwnicaragua.kw.com/property/Managua-Managua-NIC/2008285216428684,Bolonia,Managua,Managua
"Managua, NIC, Managua, Managua, NIC",76487,1045.45,SQ_MT,kwnicaragua.com,Si,"12.078930071103978,-86.33033442829976",https://kwnicaragua.kw.com/property/Managua-Managua-NIC/2006507588719924,Comarca Jinotepe,Managua,Managua
"Managua, NIC",120000,1776,SQ_MT,kwnicaragua.com,Si,"12.107109907965047,-86.32278298919678",https://kwnicaragua.kw.com/property/2015369886262444,Comarca Nejapa,Managua,Managua
"Los Altos de Masaya, NIC, NIC-11A, Los Altos de Masaya, Masaya, NIC",251700,35239.9,SQ_MT,kwnicaragua.com,Si,"12.0467078,-86.10250289999999",https://kwnicaragua.kw.com/property/NIC11A-Los-Altos-de-Masaya-Masaya-NIC/1988791347983232,Los Altos de Masaya,Nindirí,Masaya
"MASAYA, NIC, #PIO XII, MASAYA, PIO XII, NIC",160000,14100,SQ_MT,kwnicaragua.com,Si,"11.894983147788206,-86.11962233837797",https://kwnicaragua.kw.com/property/PIO-XII-MASAYA-PIO-XII-NIC/1993712701898304,Barrio Pío XII,Barrio Pío XII,Masaya
"Leon, NIC, Carretera Nueva León, Leon, LN, NIC",37000,160.05,SQ_MT,kwnicaragua.com,Si,"12.398118058736594,-86.85008966789155",https://kwnicaragua.kw.com/property/Carretera-Nueva-Len-Leon-LN-NIC/1995884265099072,El Encanto,Casa Blanca,León
"Managua, NIC, #BELLO HORIZONTE , Managua, Managua, NIC",100000,172.39,SQ_MT,kwnicaragua.com,Si,"12.144591801514977,-86.23399120339718",https://kwnicaragua.kw.com/property/BELLO-HORIZONTE-Managua-Managua-NIC/2020319979300590,Bello Horizonte 2,Managua,Managua
"Managua, NIC, Managua, Managua, NIC",100000,180,SQ_MT,kwnicaragua.com,Si,"12.149024819576033,-86.29556339884816",https://kwnicaragua.kw.com/property/Managua-Managua-NIC/2020327984759384,Monseñor Lezcano Este,Managua,Managua
"Managua, NIC",70000,3805.28,SQ_MT,kwnicaragua.com,Si,"12.091823,-86.35915539999999",https://kwnicaragua.kw.com/property/1851137098171328,Comarca Chiquilistagua,Managua,Managua
"Managua, NIC, Managua, Managua, NIC",275000,765.01,SQ_MT,kwnicaragua.com,Si,"12.115403735466478,-86.26370305790671",https://kwnicaragua.kw.com/property/Managua-Managua-NIC/1994065045957696,Planes de Altamira 3,Managua,Managua
"Nagarote, NIC, #Cerca de quesillos Acacia., Nagarote, ng 505",158000,298.58,SQ_MT,kwnicaragua.com,Si,"12.0953762,-86.556856",https://kwnicaragua.kw.com/property/Cerca-de-quesillos-Acacia-Nagarote-ng-505/1973968143469760,El Quebracho,El Quebracho,Managua
"Posoltega, NIC, #posolteguilla, Posoltega, Chinandega, NIC",225000,,,kwnicaragua.com,Si,"12.543045,-86.9811778",https://kwnicaragua.kw.com/property/posolteguilla-Posoltega-Chinandega-NIC/1894664731909632,Posoltega,Posoltega,Chinandega
"Managua, NIC, Managua, MN, NIC",280000,1085.09,SQ_MT,kwnicaragua.com,Si,"12.0854394,-86.2390319",https://kwnicaragua.kw.com/property/Managua-MN-NIC/2019286631266510,Reparto de Santa Mónica,Managua,Managua
"Managua, NIC, Managua, Managua, NIC",138000,285.52,SQ_MT,kwnicaragua.com,Si,"12.1341519,-86.1928418",https://kwnicaragua.kw.com/property/Managua-Managua-NIC/1984661120606080,Praderas del Doral,Managua,Managua
"Managua, NIC, #Lote # 23 Manzana 81 De la terminal de buses de la ruta 118 3 c al sur 4 c al este., Managua, MN, NIC",45000,539.75,SQ_MT,kwnicaragua.com,Si,"12.1101795,-86.19678789999999",https://kwnicaragua.kw.com/property/Lote-23-Manzana-81-De-la-terminal-de-buses-de-la-ruta-118-3-c-al-sur-4-c-al-este-Managua-MN-NIC/2020274827147468,Lomas de Guadalupe,Managua,Managua
"Managua, NIC, Paseo La Estancia #Estancia de Santo Domingo, Managua, MN, NIC",163125,1533,SQ_MT,kwnicaragua.com,Si,"12.0798338,-86.2392293",https://kwnicaragua.kw.com/property/Paseo-La-Estancia-Estancia-de-Santo-Domingo-Managua-MN-NIC/2015772991911084,Estancia de Santo Domingo 2° etapa,Managua,Managua
"MANAGUA , NIC, #APARTAMENTO 4, MANAGUA , MANAGUA  00000",235000,305.01,SQ_MT,kwnicaragua.com,Si,"12.074281512764184,-86.24115584180298",https://kwnicaragua.kw.com/property/APARTAMENTO-4-MANAGUA-MANAGUA-00000/2020280202486348,Estancia de Santo Domingo 2° etapa,Managua,Managua
"Managua, NIC, Managua, Managua, NIC",500000,21150,SQ_MT,kwnicaragua.com,Si,"12.091169695803158,-86.1968849483793",https://kwnicaragua.kw.com/property/Managua-Managua-NIC/2018213543769852,,Managua,Managua
"Managua, NIC, Managua, Managua, NIC",125000,252,SQ_MT,kwnicaragua.com,Si,"12.0943745,-86.30271739999999",https://kwnicaragua.kw.com/property/Managua-Managua-NIC/2006931257316660,Residencial Mirador San Judas,Managua,Managua
"Mateare, NIC, Residencial Vistas del Momotombo, Mateare, Mateare, NIC",50000,159,SQ_MT,kwnicaragua.com,Si,"12.2177616,-86.3991123",https://kwnicaragua.kw.com/property/Residencial-Vistas-del-Momotombo-Mateare-Mateare-NIC/2020299687798490,Vistas del Momotombo,Vistas del Momotombo,Managua
"Managua, NIC, Managua, Managua, NIC",67500,214,SQ_MT,kwnicaragua.com,Si,"12.097460415118967,-86.29596264924317",https://kwnicaragua.kw.com/property/Managua-Managua-NIC/1941428619216640,,Managua,Managua
"Managua, NIC, Managua, Managua, NIC",1151000,1258,SQ_MT,kwnicaragua.com,Si,"12.085476495413106,-86.23915329589092",https://kwnicaragua.kw.com/property/Managua-Managua-NIC/1920252365953216,Reparto de Santa Mónica,Managua,Managua
"Managua, NIC, #Masachapa, Managua, San Rafael Del Sur,, NIC",190000,1251.09,SQ_MT,kwnicaragua.com,Si,"11.780731900000001,-86.5150379772461",https://kwnicaragua.kw.com/property/Masachapa-Managua-San-Rafael-Del-Sur-NIC/2019692913120640,Masachapa,Masachapa,Managua
"Managua, NIC, Managua, Managua, NIC",478000,1637.76,SQ_MT,kwnicaragua.com,Si,"12.141242885681285,-86.27651564096111",https://kwnicaragua.kw.com/property/Managua-Managua-NIC/1969338388513920,Bolonia,Managua,Managua
"Mateare, NIC",3706000,466569.23,SQ_MT,kwnicaragua.com,Si,"12.20576527974032,-86.39525291258857",https://kwnicaragua.kw.com/property/1845178865566144,Tercera Etapa Ciudad El Doral,Ciudad El Doral,Managua
"Ticuantepe, NIC, Ticuantepe, Masaya, NIC",120000,794.18,ACRES,kwnicaragua.com,Si,"12.042106707111245,-86.20277965915757",https://kwnicaragua.kw.com/property/Ticuantepe-Masaya-NIC/1933282961846528,,Ticuantepe,Managua
"Managua, NIC, Managua, Managua, NIC",170000,9637,SQ_MT,kwnicaragua.com,Si,"12.1025856,-86.21843400000002",https://kwnicaragua.kw.com/property/Managua-Managua-NIC/1971900021804480,Sector Norte Comarca Las Jaguitas,Managua,Managua
"Managua, NIC, 20 calle sur este Avenida Nidia Write, Managua, Managua 11167",60000,147.78,SQ_MT,kwnicaragua.com,Si,"12.134358312358943,-86.23927345405184",https://kwnicaragua.kw.com/property/20-calle-sur-este-Avenida-Nidia-Write-Managua-Managua-11167/2018951998105804,Barrio Ducualí,Managua,Managua
"Managua, NIC, Managua, Managua  10000",107000,253.71,SQ_MT,kwnicaragua.com,Si,"12.122478377722176,-86.26533717133316",https://kwnicaragua.kw.com/property/Managua-Managua-10000/1998044629797952,Los Robles,Managua,Managua
"Nindiri, NIC, Nindiri, Masaya, NIC",75000,270,SQ_MT,kwnicaragua.com,Si,"12.1548219,-86.13258719999999",https://kwnicaragua.kw.com/property/Nindiri-Masaya-NIC/1974375972903808,,Tipitapa,Managua
"Managua, NIC, Calle Las Jagüitas # De las 4 Esquinas 300 mts abajo, Managua, Nicaragua 505",240000,5287,SQ_MT,kwnicaragua.com,Si,"12.0943454,-86.2034585",https://kwnicaragua.kw.com/property/Calle-Las-Jagitas-De-las-4-Esquinas-300-mts-abajo-Managua-Nicaragua-505/1997747618744000,Sector Norte Comarca Las Jaguitas,Managua,Managua
"Masaya, NIC, Los Madrigales  Carretera a Masaya, Masaya, Nindiri, NIC",115000,3791.67,SQ_MT,kwnicaragua.com,Si,"12.0740907,-86.1792986",https://kwnicaragua.kw.com/property/Los-Madrigales-Carretera-a-Masaya-Masaya-Nindiri-NIC/2018156913972986,Veracruz,Nindirí,Masaya
"Ciudad Sandino, NIC, Carretera Nueva León #Ciudad El Doral, Ciudad Sandino, MN, NIC",85000,330,SQ_MT,kwnicaragua.com,Si,"12.201709769269673,-86.38159868286131",https://kwnicaragua.kw.com/property/Carretera-Nueva-Len-Ciudad-El-Doral-Ciudad-Sandino-MN-NIC/2017816831693400,Ciudad El Doral,Ciudad El Doral,Managua
"Managua, NIC, Sector del Gancho de Camino, Managua, Managua, NIC",50000,18,ACRES,kwnicaragua.com,Si,"12.1485585,-86.2596058",https://kwnicaragua.kw.com/property/Sector-del-Gancho-de-Camino-Managua-Managua-NIC/2000938721063872,Planta Eléctrica de Managua,Managua,Managua
"MN, NIC, MN, MN, NIC",330000,745.37,SQ_MT,kwnicaragua.com,Si,"12.119705618625506,-86.25799789626464",https://kwnicaragua.kw.com/property/MN-MN-NIC/2018878123816316,Planes de Altamira 2,Managua,Managua
"Managua, NIC, Managua, Ciudad Sandino, NIC",70000,150,SQ_MT,kwnicaragua.com,Si,"12.1532191,-86.3481319",https://kwnicaragua.kw.com/property/Managua-Ciudad-Sandino-NIC/2019276022333988,Praderas de Sandino,Ciudad Sandino,Managua
"Managua, NIC, Managua, Managua, NIC",83000,169.2,SQ_MT,kwnicaragua.com,Si,"12.102639774939528,-86.23639972062378",https://kwnicaragua.kw.com/property/Managua-Managua-NIC/1975445748575872,Las Colinas,Managua,Managua
"San Juan del sur, NIC, #San Juan del sur, San Juan del sur, Rivas, NIC",95000,1223,SQ_MT,kwnicaragua.com,Si,"11.2674185,-85.8589398",https://kwnicaragua.kw.com/property/San-Juan-del-sur-San-Juan-del-sur-Rivas-NIC/1984570493179136,La Cuesta,San Juan del Sur,Rivas
"Managua, NIC, Managua, Managua , NIC",39000,6478,SQ_MT,kwnicaragua.com,Si,"12.1058959,-86.3130482",https://kwnicaragua.kw.com/property/Managua-Managua-NIC/2000486479792896,San Patricio,Managua,Managua
"NIcaragua, NIC, NIcaragua, león, nicaragua, NIC",88000,35546,ACRES,kwnicaragua.com,Si,"12.406802931035761,-86.57256465107422",https://kwnicaragua.kw.com/property/NIcaragua-len-nicaragua-NIC/2018267965671628,,La Paz Centro,León
"Managua, NIC, Managua, Managua, NIC",380000,720.14,SQ_MT,kwnicaragua.com,Si,"12.11847832067507,-86.2615920563446",https://kwnicaragua.kw.com/property/Managua-Managua-NIC/1993810570746496,Planes de Altamira 1,Managua,Managua
"Managua, NIC, Carretera a Masaya #Residencial Los Almendros , Managua, MN, NIC",157000,439,SQ_MT,kwnicaragua.com,Si,"12.047543493948442,-86.19589333117948",https://kwnicaragua.kw.com/property/Carretera-a-Masaya-Residencial-Los-Almendros-Managua-MN-NIC/1971455942798464,,Ticuantepe,Managua
"Managua, NIC, # comarca Santo Domingo, Managua, Managua 00000",99000,2509.06,SQ_MT,kwnicaragua.com,Si,"12.066933511158926,-86.23431762368166",https://kwnicaragua.kw.com/property/-comarca-Santo-Domingo-Managua-Managua-00000/2018171722057932,Urbanización Xochitlán,Managua,Managua
"Managua, NIC, Casa Real II #Residencial Casa Real I Etapa, Managua, MN 11048",69000,160,SQ_MT,kwnicaragua.com,Si,"12.150692,-86.1836053",https://kwnicaragua.kw.com/property/Casa-Real-II-Residencial-Casa-Real-I-Etapa-Managua-MN-11048/2001149452831808,Residencial Casa Real,Managua,Managua
"Managua, NIC, #Km 17 Carretera a Masaya , Managua, MN, NIC",95000,7509,SQ_MT,kwnicaragua.com,Si,"12.051812866791876,-86.19946298273435",https://kwnicaragua.kw.com/property/Km-17-Carretera-a-Masaya-Managua-MN-NIC/1986680005137408,,Ticuantepe,Managua
"Managua, NIC, Km 12.5 carretera a Masaya, Managua, Managua, NIC",135000,1621,SQ_MT,kwnicaragua.com,Si,"12.057726,-86.204728",https://kwnicaragua.kw.com/property/Km-125-carretera-a-Masaya-Managua-Managua-NIC/1895372947855616,,Nindirí,Masaya
"Managua, NIC, Residencial las Delicias carretera norte, de los antojitos 1 cuadra al este residencial las delicias #carretera norte antojitos las delicias, 1 cuadra al este, Managua, Managua, NIC",117000,,,kwnicaragua.com,Si,"12.157900492003082,-86.18338743383791",https://kwnicaragua.kw.com/property/Residencial-las-Delicias-carretera-norte-de-los-antojitos-1-cuadra-al-este-residencial-las-delicias-carretera-norte-antojitos-las-delicias-1-cuadra-al-este-Managua-Managua-NIC/1958751035138368,Residencial Las Delicias,Managua,Managua
"Managua, NIC, Managua, MN, NIC",110000,177,SQ_MT,kwnicaragua.com,Si,"12.15850200074093,-86.18353384856569",https://kwnicaragua.kw.com/property/Managua-MN-NIC/2016495355226310,Residencial Las Delicias,Managua,Managua
"Managua, NIC, Km 13,Carretera a Masaya, 2.2 km hacia el Sur, 400 mts al oeste. Km 13,Carretera a Masaya, 2.2 km hacia el Sur, 400 mts al oeste. #Km 13,Carretera a Masaya, 2.2 km hacia el Sur, 400 mts al oeste., Managua, Ticuantepe, NIC",25000,,,kwnicaragua.com,Si,"12.0421982,-86.1908981",https://kwnicaragua.kw.com/property/Km-13Carretera-a-Masaya-22-km-hacia-el-Sur-400-mts-al-oeste-Km-13Carretera-a-Masaya-22-km-hacia-el-Sur-400-mts-al-oeste-Km-13Carretera-a-Masaya-22-km-hacia-el-Sur-400-mts-al-oeste-Managua-Ticuantepe-NIC/1944262276220608,,Ticuantepe,Managua
"Managua, Nicaragua, Km 11 1/4 carretera vieja a León, Managua, Managua, Nicaragua",150000,1836.61,SQ_MT,kwnicaragua.com,Si,"12.097491981149785,-86.34417554232786",https://kwnicaragua.kw.com/property/Km-11-14-carretera-vieja-a-Len-Managua-Managua-Nicaragua/1910589983049792,Comarca Cedro Galán,Managua,Managua
"Managua, NIC, Km 17 Comarca Las Lajas Carretera Vieja a León, Managua, MN, NIC",69500,366600,SQ_MT,kwnicaragua.com,Si,"12.0903948,-86.3552459",https://kwnicaragua.kw.com/property/Km-17-Comarca-Las-Lajas-Carretera-Vieja-a-Len-Managua-MN-NIC/1979398008993088,Comarca Cedro Galán,Managua,Managua
"Tipitapa, NIC, manzana No 10 Los Maestros, Tipitapa, Managua 11065",60000,322.18,SQ_MT,kwnicaragua.com,Si,"12.1581206,-86.15609889999999",https://kwnicaragua.kw.com/property/manzana-No-10-Los-Maestros-Tipitapa-Managua-11065/1980737746600064,,Managua,Managua
"San Juan del Sur, NIC, 2326.06 mts al SE Lote 74 Las Haciendas, San Juan del Sur, Rivas, NIC",123000,7919.04,SQ_MT,kwnicaragua.com,Si,"11.21728282169758,-85.79749919669946",https://kwnicaragua.kw.com/property/232606-mts-al-SE-Lote-74-Las-Haciendas-San-Juan-del-Sur-Rivas-NIC/1944674396153664,,San Juan del Sur,Rivas
"Managua, NIC, #Comarca esquipulas Km 12 Carretera a Masaya, 1c al Oeste, 1c al Norte, Managua, MN 14283",125000,371.22,SQ_MT,kwnicaragua.com,Si,"12.0724375,-86.2145781",https://kwnicaragua.kw.com/property/Comarca-esquipulas-Km-12-Carretera-a-Masaya-1c-al-Oeste-1c-al-Norte-Managua-MN-14283/1978190287400576,Puertas del Sol,Managua,Managua
"Managua, NIC, Acceso Colonia 1ro de Mayo #A-7, Managua, MN, NIC",80000,135.47,SQ_MT,kwnicaragua.com,Si,"12.1149926,-86.2361744",https://kwnicaragua.kw.com/property/Acceso-Colonia-1ro-de-Mayo-A7-Managua-MN-NIC/2018267497007308,Olof Palme,Managua,Managua
"Managua, NIC, Acceso Colonia 1ro de Mayo #A-16, Managua, MN 11001",65000,130.32,SQ_MT,kwnicaragua.com,Si,"12.1282691,-86.2223677",https://kwnicaragua.kw.com/property/Acceso-Colonia-1ro-de-Mayo-A16-Managua-MN-11001/2019036968555902,Urbanización Valencia,Managua,Managua
"Managua, NIC, Managua, Esquipulas, NIC",145000,624.16,SQ_MT,kwnicaragua.com,Si,"12.074694,-86.19980729999999",https://kwnicaragua.kw.com/property/Managua-Esquipulas-NIC/1967229045938368,Vistas de Esquipulas,Managua,Managua
"Managua, NIC, Parque Japón-Nicaragua #Parque Japón-Nicaragua, Managua, Managua, NIC",195000,330.41,SQ_MT,kwnicaragua.com,Si,"12.125302,-86.2602995",https://kwnicaragua.kw.com/property/Parque-JapnNicaragua-Parque-JapnNicaragua-Managua-Managua-NIC/2017872125691266,Los Robles 7,Managua,Managua
"Diriamba, NIC, Diriamba, Carazo, NIC",215000,619,SQ_MT,kwnicaragua.com,Si,"11.881696,-86.23344949999999",https://kwnicaragua.kw.com/property/Diriamba-Carazo-NIC/2016892076570830,Villas de San Sebastian,Diriamba,Carazo
"Managua, NIC, Managua, Managua, NIC",125800,7393.48,SQ_MT,kwnicaragua.com,Si,"12.0728625,-86.1789905",https://kwnicaragua.kw.com/property/Managua-Managua-NIC/2018968725402156,Veracruz,Nindirí,Masaya
"Managua, NIC, km 19 carretera nueva a León, Managua, Mateare, NIC",69000,263.74,SQ_MT,kwnicaragua.com,Si,"12.2177616,-86.3991123",https://kwnicaragua.kw.com/property/km-19-carretera-nueva-a-Len-Managua-Mateare-NIC/2001580360577280,Vistas del Momotombo,Vistas del Momotombo,Managua
"Masaya, NIC, 2RW8+W99 Los Madrigales 2RW8+W99 Los Madrigales #2RW8+W99 Los Madrigales, Masaya, Nindirí, NIC",47900,,,kwnicaragua.com,Si,"12.0472875,-86.1840156",https://kwnicaragua.kw.com/property/2RW8W99-Los-Madrigales-2RW8W99-Los-Madrigales-2RW8W99-Los-Madrigales-Masaya-Nindir-NIC/1946846269314880,Valle De Capistrano V etapa,Nindirí,Masaya
"Masaya, NIC, https://maps.app.goo.gl/VqYWseeZpYQd8BNg7 https://maps.app.goo.gl/VqYWseeZpYQd8BNg7, Masaya, Nindirí, NIC",56500,2542,SQ_MT,kwnicaragua.com,Si,"12.032597540340012,-86.17149503993623",https://kwnicaragua.kw.com/property/httpsmapsappgooglVqYWseeZpYQd8BNg7-httpsmapsappgooglVqYWseeZpYQd8BNg7-Masaya-Nindir-NIC/1931895383742976,,Nindirí,Masaya
"Managua, NIC, #Reparto Los López, Managua, Managua 11191",39000,72.92,SQ_MT,kwnicaragua.com,Si,"12.1149963,-86.2361749",https://kwnicaragua.kw.com/property/Reparto-Los-Lpez-Managua-Managua-11191/1996324035520320,Olof Palme,Managua,Managua
"Managua, NIC, Managua, Managua, NIC",76860,179.42,SQ_MT,kwnicaragua.com,Si,"12.0943729,-86.30272",https://kwnicaragua.kw.com/property/Managua-Managua-NIC/1962178500891456,Residencial Mirador San Judas,Managua,Managua
"MASAYA, NIC",125000,7650,SQ_MT,kwnicaragua.com,Si,"12.095588147721037,-86.09556764806209",https://kwnicaragua.kw.com/property/2013654186780416,Guanacastillo,Nindirí,Masaya
"Managua, NIC, #SAN JOSE ORIENTAL , Managua, Managua, NIC",60000,103.21,SQ_MT,kwnicaragua.com,Si,"12.139589072279923,-86.25177722551729",https://kwnicaragua.kw.com/property/SAN-JOSE-ORIENTAL-Managua-Managua-NIC/1996226912752000,El Paraíso,Managua,Managua
"managua, NIC, managua, managua, NIC",210000,389.93,SQ_MT,kwnicaragua.com,Si,"12.1217676,-86.2704558",https://kwnicaragua.kw.com/property/managua-managua-NIC/2018929506998462,Reparto San Juan,Managua,Managua
"managua, NIC, managua, managua 14241",150000,700,ACRES,kwnicaragua.com,Si,"12.1148509,-86.315711",https://kwnicaragua.kw.com/property/managua-managua-14241/2018938032092910,San Patricio,Managua,Managua
"Masaya, NIC, La Reforma La Reforma, Masaya, Masaya, NIC",115000,240,SQ_MT,kwnicaragua.com,Si,"11.975074099418407,-86.08955996773682",https://kwnicaragua.kw.com/property/La-Reforma-La-Reforma-Masaya-Masaya-NIC/2018131111776826,La Reforma 2,Masaya,Masaya
"Managua, NIC, Managua, Managua, NIC",125000,96.34,SQ_MT,kwnicaragua.com,Si,"12.115076519084443,-86.2361744",https://kwnicaragua.kw.com/property/Managua-Managua-NIC/2019229121620174,Olof Palme,Managua,Managua
"MASAYA, NIC, PRADOS DE SAN JERONIMO, MASAYA, MASAYA, NIC",40000,141,SQ_MT,kwnicaragua.com,Si,"12.0041764,-86.0813123",https://kwnicaragua.kw.com/property/PRADOS-DE-SAN-JERONIMO-MASAYA-MASAYA-NIC/2000884427148160,Residencial Prados de San Jerónimo,Masaya,Masaya
"Nindiri, NIC, Reparto Planes de San Miguel, Nindiri, Masaya, NIC",42000,1401,SQ_MT,kwnicaragua.com,Si,"12.030972615825755,-86.18174183485107",https://kwnicaragua.kw.com/property/Reparto-Planes-de-San-Miguel-Nindiri-Masaya-NIC/1978892885882304,,Ticuantepe,Managua
"Masatepe, NIC, Escuela olla de barro 1/2 al Este. Masatepe, Masatepe, Masaya, NIC",40000,1900,SQ_MT,kwnicaragua.com,Si,"11.914057,-86.1451448",https://kwnicaragua.kw.com/property/Escuela-olla-de-barro-12-al-Este-Masatepe-Masatepe-Masaya-NIC/1921578198196480,Masatepe,Masatepe,Masaya
"Masaya, NIC, Comarca las flores, Masaya, Masaya, NIC",110000,13416,SQ_MT,kwnicaragua.com,Si,"11.9857072,-86.059333",https://kwnicaragua.kw.com/property/Comarca-las-flores-Masaya-Masaya-NIC/1820007195166656,Villa Holanda,Masaya,Masaya
"RIVAS, NIC, RIVAS, RIVAS, NIC",55000,770,SQ_MT,kwnicaragua.com,Si,"11.4522433,-85.80509870000002",https://kwnicaragua.kw.com/property/RIVAS-RIVAS-NIC/1952346263167808,Santa Carlota,San Jorge,Rivas
"Masaya, NIC, Masaya, Masaya, NIC",180000,443,SQ_MT,kwnicaragua.com,Si,"11.955712368158757,-86.09224148891602",https://kwnicaragua.kw.com/property/Masaya-Masaya-NIC/1944622556593024,Barrio San Jerónimo,Masaya,Masaya
"Granada, NIC, De la Merced 2c al oeste, 50 vrs al ur, Malacatoya, Granada, Granada, NIC",2107000,2107000,SQ_MT,kwnicaragua.com,Si,"11.9344073,-85.9560005",https://kwnicaragua.kw.com/property/De-la-Merced-2c-al-oeste-50-vrs-al-ur-Malacatoya-Granada-Granada-NIC/1863522725251200,Calle Almendro,Granada,Granada
"Managua, NIC, Managua, Managua , NIC",85000,94,SQ_MT,kwnicaragua.com,Si,"12.138323748327895,-86.2269185550476",https://kwnicaragua.kw.com/property/Managua-Managua-NIC/1986440154947264,Barrio Georgino Andrade,Managua,Managua
"Managua, NIC, Managua, Nicaragua, NIC",601000,14138.87,SQ_MT,kwnicaragua.com,Si,"12.094272886066387,-86.27391343809812",https://kwnicaragua.kw.com/property/Managua-Nicaragua-NIC/1987348561376192,Sector Comarca Jocote Dulce,Managua,Managua
"Managua, NIC, Managua, MN, NIC",80000,600,SQ_MT,kwnicaragua.com,Si,"12.1090148,-86.2513121",https://kwnicaragua.kw.com/property/Managua-MN-NIC/2018195523131106,Barrio 22 de Enero,Managua,Managua
"Managua, NIC, Colonia Centroamérica #Colonia Centroamérica, Managua, Managua, NIC",76000,241,SQ_MT,kwnicaragua.com,Si,"12.110250658114847,-86.24914841186393",https://kwnicaragua.kw.com/property/Colonia-Centroamrica-Colonia-Centroamrica-Managua-Managua-NIC/1973226529631040,Barrio 22 de Enero,Managua,Managua
"Managua, NIC, Managua, Managua, NIC",34000,,,kwnicaragua.com,Si,"12.2177616,-86.3991123",https://kwnicaragua.kw.com/property/Managua-Managua-NIC/1973624144859328,Vistas del Momotombo,Vistas del Momotombo,Managua
"León, NIC, León, León, NIC",895000,125074,SQ_MT,kwnicaragua.com,Si,"12.418686364979296,-86.9425687925331",https://kwnicaragua.kw.com/property/Len-Len-NIC/1963821742755584,San Carlos,León,León
"managua, NIC, #Clinica Don Bosco 5c Arriba , managua, colonia Nicarao, NIC",480000,2500,SQ_MT,kwnicaragua.com,Si,"12.1292692,-86.23713839999999",https://kwnicaragua.kw.com/property/Clinica-Don-Bosco-5c-Arriba-managua-colonia-Nicarao-NIC/2011175225287976,Colonia 10 de Junio,Managua,Managua
"Managua, NIC, Managua, Ticuantepe 16300",27000,452.86,SQ_MT,kwnicaragua.com,Si,"12.020218795745814,-86.19519792318613",https://kwnicaragua.kw.com/property/Managua-Ticuantepe-16300/2016400484356644,Callejón de La Cebadilla,Ticuantepe,Managua
"Managua, NIC, Managua, Los Robles, NIC",380000,1153.84,SQ_MT,kwnicaragua.com,Si,"12.125302,-86.2602995",https://kwnicaragua.kw.com/property/Managua-Los-Robles-NIC/2017081327925454,Los Robles 7,Managua,Managua
"Mateare, NIC",640000,27792.28,SQ_MT,kwnicaragua.com,Si,"12.2347467,-86.4295531",https://kwnicaragua.kw.com/property/1882632086096384,Zona Central Casco Urbano,Mateare,Managua
"Managua, NIC",85000,207.06,SQ_MT,kwnicaragua.com,Si,"12.156100777885108,-86.3068477754498",https://kwnicaragua.kw.com/property/2016773743993432,Linda Vista Norte,Managua,Managua
"Managua, NIC, Managua, MN, NIC",340000,1365,SQ_MT,kwnicaragua.com,Si,"12.1180875,-86.26189060000002",https://kwnicaragua.kw.com/property/Managua-MN-NIC/1984609473095104,Planes de Altamira 1,Managua,Managua
"Managua, NIC, Managua, Managua, NIC",1050000,1468.72,SQ_MT,kwnicaragua.com,Si,"12.0568167,-86.2511549",https://kwnicaragua.kw.com/property/Managua-Managua-NIC/2008243685594856,Balcones de Santo Domingo,Managua,Managua
"Managua, NIC, Managua, Managua, NIC",3500000,169202,SQ_MT,kwnicaragua.com,Si,"12.1090148,-86.2513121",https://kwnicaragua.kw.com/property/Managua-Managua-NIC/2018146539578748,Barrio 22 de Enero,Managua,Managua
"Carretera Sur, NIC, Carretera Sur, Managua, NIC",210000,1025,ACRES,kwnicaragua.com,Si,"12.082984396836348,-86.32263797746872",https://kwnicaragua.kw.com/property/Carretera-Sur-Managua-NIC/2016001880155796,Reparto Samarkan,Managua,Managua
"Managua, NIC, 11 Carretera a Masaya, Managua, MN, NIC",131250,1850,SQ_MT,kwnicaragua.com,Si,"12.072486983239049,-86.22239020845947",https://kwnicaragua.kw.com/property/11-Carretera-a-Masaya-Managua-MN-NIC/1919733986876160,Puertas del Sol,Managua,Managua
"Masaya, NIC, #Constructora Meco S.A, Nicaragua, Masaya, Nindirí, NIC",455000,45825.79,SQ_MT,kwnicaragua.com,Si,"12.0032692,-86.12067329999999",https://kwnicaragua.kw.com/property/Constructora-Meco-SA-Nicaragua-Masaya-Nindir-NIC/2017520335058290,,Nindirí,Masaya
"Managua, NIC, Managua, Managua 11004",50000,184.72,SQ_MT,kwnicaragua.com,Si,"12.1305132,-86.28996389999999",https://kwnicaragua.kw.com/property/Managua-Managua-11004/2016860927149818,El Recreo Sur,Managua,Managua
"ciudad sandino, NIC, ciudad sandino, Ciudad sandino, NIC",45000,161.34,SQ_MT,kwnicaragua.com,Si,"12.1990363,-86.38645120000001",https://kwnicaragua.kw.com/property/ciudad-sandino-Ciudad-sandino-NIC/2016735032146124,Ciudad el Doral,Ciudad El Doral,Managua
"Managua, NIC, Carretera Vieja a León #Km 13.20 carretera vieja a leon del Estadio de Chiquilistagua 600 metros al oeste, Managua, MN, NIC",165000,1057.61,SQ_MT,kwnicaragua.com,Si,"12.088144809504625,-86.3577044380419",https://kwnicaragua.kw.com/property/Carretera-Vieja-a-Len-Km-1320-carretera-vieja-a-leon-del-Estadio-de-Chiquilistagua-600-metros-al-oeste-Managua-MN-NIC/1948896033875968,Comarca Chiquilistagua,Managua,Managua
"Managua, NIC, Managua, Ciudad Sandino, NIC",75000,189.71,SQ_MT,kwnicaragua.com,Si,"12.19924070524065,-86.38551995603328",https://kwnicaragua.kw.com/property/Managua-Ciudad-Sandino-NIC/2006464054261784,Ciudad el Doral,Ciudad El Doral,Managua
"Managua, NIC, #Reparto Americas 2, Managua, Managua, NIC",60000,,,kwnicaragua.com,Si,"12.16085941320248,-86.18912466150785",https://kwnicaragua.kw.com/property/Reparto-Americas-2-Managua-Managua-NIC/1968326426145408,Residencial Colinas de Verona,Managua,Managua
"Nindirí, NIC, Nindirí, Masaya 42200",95000,203,SQ_MT,kwnicaragua.com,Si,"12.05676208301414,-86.16895683376649",https://kwnicaragua.kw.com/property/Nindir-Masaya-42200/2017890943178110,,Nindirí,Masaya
"Masaya, NIC, Masaya, Masaya 42200",30000,8518.33,SQ_MT,kwnicaragua.com,Si,"12.053502884973584,-86.13675730793459",https://kwnicaragua.kw.com/property/Masaya-Masaya-42200/2017876697229026,,Nindirí,Masaya
"Jinotepe, NIC, KM 47 PANAMERICANA  SUR #Entre la carretera panamericana y el camino viejo a santa teresa, Jinotepe, MN 505",250000,4646.61,SQ_MT,kwnicaragua.com,Si,"11.849805,-86.19967059999999",https://kwnicaragua.kw.com/property/KM-47-PANAMERICANA-SUR-Entre-la-carretera-panamericana-y-el-camino-viejo-a-santa-teresa-Jinotepe-MN-505/2006551540044076,Pilas Grandes,Jinotepe,Carazo
"Managua, NIC, #Campo Bruce, Managua, Mn 11101",174500,244,SQ_MT,kwnicaragua.com,Si,"12.145202137632504,-86.26003495344237",https://kwnicaragua.kw.com/property/Campo-Bruce-Managua-Mn-11101/2016784205861434,El Anzuelo,Managua,Managua
"Managua, NIC, 4 Calle Sureste #Mercado Oriental, Managua, MN, NIC",130000,110,SQ_MT,kwnicaragua.com,Si,"12.149109,-86.2582391",https://kwnicaragua.kw.com/property/4-Calle-Sureste-Mercado-Oriental-Managua-MN-NIC/2017867918145734,Ciudad Jardín,Managua,Managua
"carretera nueva a leon, NIC",29500,256,SQ_MT,kwnicaragua.com,Si,"12.2177616,-86.3991123",https://kwnicaragua.kw.com/property/1823546255917504,Vistas del Momotombo,Vistas del Momotombo,Managua
"Managua, NIC, Villa Flor Norte #Villa Flor Norte, Managua, MN, NIC",55000,162,SQ_MT,kwnicaragua.com,Si,"12.1229749,-86.21997879999999",https://kwnicaragua.kw.com/property/Villa-Flor-Norte-Villa-Flor-Norte-Managua-MN-NIC/2000544599397312,Urbanización Valencia,Managua,Managua
"Managua, Nicaragua",956250,,,kwnicaragua.com,Si,"12.057726,-86.204728",https://kwnicaragua.kw.com/property/1676326166688192,,Nindirí,Masaya
"Granada, NIC, Calle Estrada, Granada, Granada, NIC",137000,272.24,SQ_MT,kwnicaragua.com,Si,"11.928430545745599,-85.95387107368013",https://kwnicaragua.kw.com/property/Calle-Estrada-Granada-Granada-NIC/2007966919868714,Sector Comercio,Granada,Granada
"Masaya, NIC, Masaya, Masaya, NIC",130000,21000,SQ_MT,kwnicaragua.com,Si,"11.9704485,-86.0886366",https://kwnicaragua.kw.com/property/Masaya-Masaya-NIC/2017782581945728,Barrio Pancasán,Masaya,Masaya
"Managua, NIC, Managua, Managua, NIC",240000,509,SQ_MT,kwnicaragua.com,Si,"12.125302,-86.2602995",https://kwnicaragua.kw.com/property/Managua-Managua-NIC/2017128950248832,Los Robles 7,Managua,Managua
"Managua, NIC, #Comarca Los Madrigales , Managua, Managua, NIC",24000,705.04,SQ_MT,kwnicaragua.com,Si,"12.048986905866222,-86.18413536076947",https://kwnicaragua.kw.com/property/Comarca-Los-Madrigales-Managua-Managua-NIC/2016376073327162,Valle De Capistrano V etapa,Nindirí,Masaya
"MASAYA, NIC, #TISMA, MASAYA, TISMA, NIC",400000,155100,SQ_MT,kwnicaragua.com,Si,"12.0806213,-86.0198103",https://kwnicaragua.kw.com/property/TISMA-MASAYA-TISMA-NIC/2017552022991448,Tisma,Tisma,Masaya
"Managua, NIC, Managua, Managua, NIC",51870,1045.23,SQ_MT,kwnicaragua.com,Si,"12.101627881463777,-86.33877889206543",https://kwnicaragua.kw.com/property/Managua-Managua-NIC/1978145048774080,Comarca Cedro Galán,Managua,Managua
"Managua, NIC, Vistas de Esquipulas Vistas de Esquipulas, Managua, Managua, NIC",80000,211,SQ_MT,kwnicaragua.com,Si,"12.075269500000008,-86.2030717651123",https://kwnicaragua.kw.com/property/Vistas-de-Esquipulas-Vistas-de-Esquipulas-Managua-Managua-NIC/2006512440078620,Esquipulas,Managua,Managua
"Managua, NIC, Managua, Managua, NIC",400000,311.54,SQ_MT,kwnicaragua.com,Si,"12.145436433446056,-86.25660372127923",https://kwnicaragua.kw.com/property/Managua-Managua-NIC/2017540496912984,El Anzuelo,Managua,Managua
"Managua, NIC, Colonia 14 de Septiembre, Managua, MN, NIC",51000,170,SQ_MT,kwnicaragua.com,Si,"12.1270567,-86.2317291",https://kwnicaragua.kw.com/property/Colonia-14-de-Septiembre-Managua-MN-NIC/1620842561328768,Colonia 14 de Septiembre,Managua,Managua
"Managua, NIC, Managua, Ticuantepe, NIC",95000,430.68,SQ_FT,kwnicaragua.com,Si,"12.04876022679469,-86.21841661501587",https://kwnicaragua.kw.com/property/Managua-Ticuantepe-NIC/2017075821422798,Versalles,Ticuantepe,Managua
"Managua, NIC",170000,447.86,SQ_MT,kwnicaragua.com,Si,"12.104268,-86.2713472",https://kwnicaragua.kw.com/property/1886880274765376,Sector Sur San Juan,Managua,Managua
"Managua, NIC, 12 Carretera a Masaya #Comarca los Cuarezmas KM 12CARRETERA MASAYA, Managua, MN, NIC",27000,486.37,SQ_MT,kwnicaragua.com,Si,"12.074038221520418,-86.22249416075438",https://kwnicaragua.kw.com/property/12-Carretera-a-Masaya-Comarca-los-Cuarezmas-KM-12CARRETERA-MASAYA-Managua-MN-NIC/1978905433689472,Puertas del Sol,Managua,Managua
"Managua, NIC, Managua, Managua 505",50900,211.5,SQ_MT,kwnicaragua.com,Si,"12.1149926,-86.2361744",https://kwnicaragua.kw.com/property/Managua-Managua-505/2015836856030822,Olof Palme,Managua,Managua
"Leon, NIC, Lote 13, numero 16, Leon, El Velero , NIC",15000,827.59,SQ_MT,kwnicaragua.com,Si,"12.1406759,-86.7460375",https://kwnicaragua.kw.com/property/Lote-13-numero-16-Leon-El-Velero-NIC/2011449714893088,El Velero,El Velero,León
"RIVAS, NIC, RIVAS, ISLA OMETEPE, NIC",90000,2141.56,SQ_MT,kwnicaragua.com,Si,"11.406799044504439,-85.48947331484928",https://kwnicaragua.kw.com/property/RIVAS-ISLA-OMETEPE-NIC/2002962835677184,El Corozal,San Ramón,Rivas
"MANAGUA, NIC, MANAGUA, Managua, NIC",140000,235,SQ_MT,kwnicaragua.com,Si,"12.14179796821947,-86.27846264270688",https://kwnicaragua.kw.com/property/MANAGUA-Managua-NIC/1989863231789696,Martha Quezada,Managua,Managua
"Managua, NIC, Managua, Managua, NIC",109000,598.89,SQ_MT,kwnicaragua.com,Si,"12.1493902,-86.2014441",https://kwnicaragua.kw.com/property/Managua-Managua-NIC/2015399828624550,Barrio Cuba,Managua,Managua
"Managua, NIC, Managua, Managua 505",15000,279.1,SQ_MT,kwnicaragua.com,Si,"12.1321418,-86.3157024",https://kwnicaragua.kw.com/property/Managua-Managua-505/2015665935333012,Motastepe,Managua,Managua
"Managua, NIC, Managua, Managua, NIC",71805,1012.45,SQ_MT,kwnicaragua.com,Si,"12.086170702926992,-86.24877018918852",https://kwnicaragua.kw.com/property/Managua-Managua-NIC/2015354763257488,El mirador Santo Domingo,Managua,Managua
"Managua, NIC, Managua, Managua, NIC",72574,1023.3,SQ_MT,kwnicaragua.com,Si,"12.08629142963705,-86.24920534970906",https://kwnicaragua.kw.com/property/Managua-Managua-NIC/2015338460554450,El mirador Santo Domingo,Managua,Managua
"Managua, NIC, Managua, Managua, NIC",105133,1482.4,SQ_MT,kwnicaragua.com,Si,"12.085922153875535,-86.24892973357312",https://kwnicaragua.kw.com/property/Managua-Managua-NIC/2015346159494802,El mirador Santo Domingo,Managua,Managua
"Managua, NIC, Managua, Managua, NIC",104222,1469.55,SQ_MT,kwnicaragua.com,Si,"12.08595714350377,-86.2488652910688",https://kwnicaragua.kw.com/property/Managua-Managua-NIC/2015360033522082,El mirador Santo Domingo,Managua,Managua
"Managua, NIC, Managua, Managua, NIC",71819,1012.67,SQ_MT,kwnicaragua.com,Si,"12.085892627009553,-86.24872658500138",https://kwnicaragua.kw.com/property/Managua-Managua-NIC/2015351180747192,El mirador Santo Domingo,Managua,Managua
"Managua, NIC, Managua, Managua, NIC",38000,423.62,SQ_MT,kwnicaragua.com,Si,"12.0421773,-86.1907571",https://kwnicaragua.kw.com/property/Managua-Managua-NIC/1821867958450048,,Ticuantepe,Managua
"Leon , NIC, Leon , Nagarote, NIC",180000,1558,SQ_MT,kwnicaragua.com,Si,"12.055810310820812,-86.70737989259031",https://kwnicaragua.kw.com/property/Leon-Nagarote-NIC/1989587319112640,El Tránsito,El Tránsito,León
"Managua, NIC, #CONDOMINIO OHANA D-08, Managua, Managua 31000",266000,266.78,SQ_MT,kwnicaragua.com,Si,"12.0899701351123,-86.24693976295164",https://kwnicaragua.kw.com/property/CONDOMINIO-OHANA-D08-Managua-Managua-31000/2016826735326594,El mirador Santo Domingo,Managua,Managua
"Managua, NIC, #CONDOMINIO OHANA D-06, Managua, Managua 31000",265000,262.27,SQ_MT,kwnicaragua.com,Si,"12.0899701351123,-86.24676810157469",https://kwnicaragua.kw.com/property/CONDOMINIO-OHANA-D06-Managua-Managua-31000/2016811568355528,El mirador Santo Domingo,Managua,Managua
"Managua, NIC, #CONDOMINIO OHANA D-09, Managua, Managua 31000",264000,257.04,SQ_MT,kwnicaragua.com,Si,"12.0901805,-86.2469686",https://kwnicaragua.kw.com/property/CONDOMINIO-OHANA-D09-Managua-Managua-31000/2016749266368218,El mirador Santo Domingo,Managua,Managua
"Managua, Nicaragua, Bolonia, Managua, Managua, Nicaragua",300000,,,kwnicaragua.com,Si,"12.139839,-86.280606",https://kwnicaragua.kw.com/property/Bolonia-Managua-Managua-Nicaragua/1917318426530368,Bolonia,Managua,Managua
"Veracruz, NIC, Veracruz, Managua, NIC",120000,,,kwnicaragua.com,Si,"12.0879774,-86.1659012",https://kwnicaragua.kw.com/property/Veracruz-Managua-NIC/1944484107594688,Veracruz,Nindirí,Masaya
"Matagalpa, NIC, Loma el porvenir, Matagalpa, Matagalpa, NIC",280000,650,SQ_MT,kwnicaragua.com,Si,"12.9290069,-85.9151211",https://kwnicaragua.kw.com/property/Loma-el-porvenir-Matagalpa-Matagalpa-NIC/1916252230408384,Matagalpa,Matagalpa,Matagalpa
"Tipitapa, NIC, Tipitapa, Tipitapa 11065",430000,5908.76,ACRES,kwnicaragua.com,Si,"12.152596008603151,-86.13650762699314",https://kwnicaragua.kw.com/property/Tipitapa-Tipitapa-11065/2007924934440692,,Tipitapa,Managua
"Managua, NIC, 4.ª Calle Sureste #Bello Horizonte, Managua, MN, NIC",85000,167,SQ_MT,kwnicaragua.com,Si,"12.1448639,-86.23151589999999",https://kwnicaragua.kw.com/property/4-Calle-Sureste-Bello-Horizonte-Managua-MN-NIC/2007210212380972,Bello Horizonte 4,Managua,Managua
"Masatepe, NIC, #km 43 carretera masatepe , Masatepe, Masaya, NIC",154000,6450.9,SQ_MT,kwnicaragua.com,Si,"11.9093322,-86.1439395",https://kwnicaragua.kw.com/property/km-43-carretera-masatepe-Masatepe-Masaya-NIC/2003756207182144,Masatepe,Masatepe,Masaya
"Carazo, NIC, Carazo, Carazo, NIC",70000,184.58,SQ_MT,kwnicaragua.com,Si,"11.8554828,-86.2183907",https://kwnicaragua.kw.com/property/Carazo-Carazo-NIC/2016495198564952,Dolores,Dolores,Carazo
"Managua, NIC, Bo. Laureles Norte Lote 19 Terminal ruta 111 2c al norte-, Managua, Managua, NIC",28000,133.74,SQ_MT,kwnicaragua.com,Si,"12.1287388,-86.19805889999999",https://kwnicaragua.kw.com/property/Bo-Laureles-Norte-Lote-19-Terminal-ruta-111-2c-al-norte-Managua-Managua-NIC/2006936234584092,Laureles Norte,Managua,Managua
"Jinotepe, NIC, Jinotepe, Carazo, NIC",62000,257.62,SQ_MT,kwnicaragua.com,Si,"11.849805,-86.19967059999999",https://kwnicaragua.kw.com/property/Jinotepe-Carazo-NIC/2016393593554300,Pilas Grandes,Jinotepe,Carazo
"Managua, NIC, Managua, Managua 505",14000,267.04,SQ_MT,kwnicaragua.com,Si,"12.150476312978483,-86.33492847421876",https://kwnicaragua.kw.com/property/Managua-Managua-505/2015744210998482,Altos de las Brisas,Ciudad Sandino,Managua
"leon, NIC, leon, leon, NIC",260000,441,SQ_MT,kwnicaragua.com,Si,"12.4375516,-86.8770249",https://kwnicaragua.kw.com/property/leon-leon-NIC/1993764106000000,Barrio Sagrado,León,León
"Managua, NIC, Managua, Managua, NIC",945000,8883.15,SQ_MT,kwnicaragua.com,Si,"12.0958845,-86.2469686",https://kwnicaragua.kw.com/property/Managua-Managua-NIC/2006128793245442,Viejo Santo Domingo,Managua,Managua
"Managua, NIC, Managua, MN, NIC",92000,257.5,SQ_MT,kwnicaragua.com,Si,"12.1320348,-86.2949098",https://kwnicaragua.kw.com/property/Managua-MN-NIC/2015755910973036,Andrés Castro,Managua,Managua
"Managua, NIC, Managua, Managua, NIC",122000,441,SQ_MT,kwnicaragua.com,Si,"12.14807790922902,-86.33268870239831",https://kwnicaragua.kw.com/property/Managua-Managua-NIC/1945761108567872,Satelite de Asososca,Ciudad Sandino,Managua
"Managua, NIC, Managua, Managua 00000",70000,257.62,SQ_MT,kwnicaragua.com,Si,"12.132122059613978,-86.29971727375488",https://kwnicaragua.kw.com/property/Managua-Managua-00000/2011504508080426,Barrio Altagracia,Managua,Managua
"Managua, NIC, Managua, MN, NIC",41254,1289.21,SQ_MT,kwnicaragua.com,Si,"12.056530251723569,-86.17228887134107",https://kwnicaragua.kw.com/property/Managua-MN-NIC/1998512278168064,Lotificación Marbella,Nindirí,Masaya
"Managua, NIC, Managua, MN, NIC",41500,1297.63,SQ_MT,kwnicaragua.com,Si,"12.056430752760674,-86.17240777608268",https://kwnicaragua.kw.com/property/Managua-MN-NIC/1998509615826624,Lotificación Marbella,Nindirí,Masaya
"Las Colinas , NIC, Las Colinas , Managua, NIC",370000,1025,SQ_MT,kwnicaragua.com,Si,"12.0964352,-86.2349044",https://kwnicaragua.kw.com/property/Las-Colinas-Managua-NIC/2015481536132314,Las Colinas Sur,Managua,Managua
"Managua, NIC, Managua, MN, NIC",270000,1999.81,SQ_MT,kwnicaragua.com,Si,"12.098647,-86.3452662",https://kwnicaragua.kw.com/property/Managua-MN-NIC/2014319583569652,Comarca Cedro Galán,Managua,Managua
"Managua, NIC, Managua, Managua, NIC",300000,,,kwnicaragua.com,Si,"12.1299638,-86.26158699999999",https://kwnicaragua.kw.com/property/Managua-Managua-NIC/1800543044393024,Los Robles 5,Managua,Managua
"Managua, NIC, Managua, Managua, NIC",139000,144.56,SQ_MT,kwnicaragua.com,Si,"12.087572315682905,-86.23071174690777",https://kwnicaragua.kw.com/property/Managua-Managua-NIC/1931472425621248,Las Colinas Sur,Managua,Managua
"Managua, NIC, Colegio Americano, Managua, MN, NIC",205000,849,SQ_MT,kwnicaragua.com,Si,"12.1137847,-86.27902019999999",https://kwnicaragua.kw.com/property/Colegio-Americano-Managua-MN-NIC/1969284168193152,Lomas de Monserrat,Managua,Managua
"MANAGUA, NIC, MANAGUA, managua, NIC",14000,359.98,SQ_MT,kwnicaragua.com,Si,"12.108993171216623,-86.35633045714971",https://kwnicaragua.kw.com/property/MANAGUA-managua-NIC/1964511900283264,Comarca Cedro Galán,Managua,Managua
"Managua, NIC, Residencial Xochitlan, Managua, MN, NIC",80000,300,SQ_MT,kwnicaragua.com,Si,"12.0673767,-86.2284783",https://kwnicaragua.kw.com/property/Residencial-Xochitlan-Managua-MN-NIC/2013641234105640,Urbanización Xochitlán,Managua,Managua
"Managua, NIC, Managua, Managua, NIC",65000,213.83,SQ_MT,kwnicaragua.com,Si,"12.1281547,-86.3680869",https://kwnicaragua.kw.com/property/Managua-Managua-NIC/2015717747758246,Comarca Cuajachillo # 2,Ciudad Sandino,Managua
"Managua, NIC, Anden Pablo Mendieta #Frente Iglesia Católica, Managua, Managua 11088",40000,,,kwnicaragua.com,Si,"12.124613591452011,-86.22260920706786",https://kwnicaragua.kw.com/property/Anden-Pablo-Mendieta-Frente-Iglesia-Catlica-Managua-Managua-11088/2013364563566876,Urbanización Valencia,Managua,Managua
"Carretera Sur, NIC, Carretera Sur, Managua, NIC",380000,,,kwnicaragua.com,Si,"12.110795599361865,-86.31069235869143",https://kwnicaragua.kw.com/property/Carretera-Sur-Managua-NIC/1981841557642624,San Patricio,Managua,Managua
"Altamira, NIC, Altamira, Managua, NIC",250000,1424,SQ_MT,kwnicaragua.com,Si,"12.118237056311514,-86.26437082488403",https://kwnicaragua.kw.com/property/Altamira-Managua-NIC/1807974727991296,Los Robles,Managua,Managua
"Veracruz, NIC, Veracruz, Managua, NIC",150000,7342,SQ_MT,kwnicaragua.com,Si,"12.086335649833654,-86.14911055941313",https://kwnicaragua.kw.com/property/Veracruz-Managua-NIC/1776110761055680,Veracruz,Nindirí,Masaya
"Managua, Nicaragua",90000,300,SQ_MT,kwnicaragua.com,Si,"12.120215,-86.253317",https://kwnicaragua.kw.com/property/1898911453858944,Altamira Este,Managua,Managua
"Managua, NIC, #BELLO HORIZONTE , Managua, Managua, NIC",80000,273,SQ_MT,kwnicaragua.com,Si,"12.147714636931813,-86.23054970319285",https://kwnicaragua.kw.com/property/BELLO-HORIZONTE-Managua-Managua-NIC/2013641405207860,Bello Horizonte 1,Managua,Managua
"Managua, NIC, #BELLO HORIZONTE , Managua, Managua, NIC",95000,188,SQ_MT,kwnicaragua.com,Si,"12.142282153122078,-86.23313206962806",https://kwnicaragua.kw.com/property/BELLO-HORIZONTE-Managua-Managua-NIC/2005167157680384,Bello Horizonte 3,Managua,Managua
"Managua, NIC, #BELLO HORIZONTE , Managua, Managua, NIC",95000,223,SQ_MT,kwnicaragua.com,Si,"12.143175898603303,-86.23032019049188",https://kwnicaragua.kw.com/property/BELLO-HORIZONTE-Managua-Managua-NIC/1996202689986048,Bello Horizonte 4,Managua,Managua
"Managua, NIC, Managua, Managua, NIC",165000,186,SQ_MT,kwnicaragua.com,Si,"12.139972904873252,-86.23157016613159",https://kwnicaragua.kw.com/property/Managua-Managua-NIC/2005160681617664,Bello Horizonte 3,Managua,Managua
"Mateare, NIC, Calle 9, avenida 27 #Residencial Ciudad el Doral, Mateare, Mateare, NIC",48000,160,SQ_MT,kwnicaragua.com,Si,"12.1990363,-86.38645120000001",https://kwnicaragua.kw.com/property/Calle-9-avenida-27-Residencial-Ciudad-el-Doral-Mateare-Mateare-NIC/2014019764983086,Ciudad el Doral,Ciudad El Doral,Managua
"Managua, NIC, Managua, Managua, NIC",90000,7044.1,SQ_MT,kwnicaragua.com,Si,"12.113422039555507,-86.35234963856934",https://kwnicaragua.kw.com/property/Managua-Managua-NIC/2006285478056604,,Managua,Managua
"Ticuantepe, NIC, Ticuantepe, MN, NIC",350000,5287,SQ_MT,kwnicaragua.com,Si,"12.0231037,-86.2058246",https://kwnicaragua.kw.com/property/Ticuantepe-MN-NIC/2015345132381142,Barrio Benjamín Zeledón,Ticuantepe,Managua
"Managua, NIC, Managua, Managua, NIC",495000,2236.66,SQ_MT,kwnicaragua.com,Si,"12.085164,-86.24506389999999",https://kwnicaragua.kw.com/property/Managua-Managua-NIC/2013667975952116,Los Altos de Santo Domingo,Managua,Managua
"Nindirí, NIC, #Km 17 carretera a Masaya, Nindirí, Nindiri, NIC",89500,184.76,SQ_MT,kwnicaragua.com,Si,"12.02606503537202,-86.18423056849466",https://kwnicaragua.kw.com/property/Km-17-carretera-a-Masaya-Nindir-Nindiri-NIC/1994889377791488,Callejón de La Cebadilla,Ticuantepe,Managua
"managua, NIC, managua, managua 11108",125000,269,SQ_MT,kwnicaragua.com,Si,"12.1428302,-86.25187880000001",https://kwnicaragua.kw.com/property/managua-managua-11108/1981157706503808,Barrio San Cristóbal,Managua,Managua
"Managua, NIC, 14 Carretera a Masaya #Residencial jardines del valle casa A22, Managua, managua 14199",97000,233,SQ_MT,kwnicaragua.com,Si,"12.063807800078838,-86.17341220781775",https://kwnicaragua.kw.com/property/14-Carretera-a-Masaya-Residencial-jardines-del-valle-casa-A22-Managua-managua-14199/1970043626340608,Residencial Jerez de la Frontera,Nindirí,Masaya
"Granada, NIC, #Finca Talista, Granada, Granada, NIC",3000000,7220672.6,SQ_MT,kwnicaragua.com,Si,"12.1499498,-85.8364658",https://kwnicaragua.kw.com/property/Finca-Talista-Granada-Granada-NIC/2011502342345002,El Tabacal,Granada,Granada
"Ciudad Sandino, NIC, Ciudad Sandino, Managua, NIC",50000,179,SQ_MT,kwnicaragua.com,Si,"12.17666866148246,-86.35215968146117",https://kwnicaragua.kw.com/property/Ciudad-Sandino-Managua-NIC/1986807159823104,4 de Abril,San Enrique,Managua
"Managua, NIC, Managua, Managua, NIC",56000,174.95,SQ_MT,kwnicaragua.com,Si,"12.047519,-86.2153732",https://kwnicaragua.kw.com/property/Managua-Managua-NIC/2004450637957504,Villa Valeska II,Ticuantepe,Managua
"San Marcos, NIC, San Marcos, Carazo, NIC",220000,1817.93,SQ_MT,kwnicaragua.com,Si,"11.906513,-86.20314259999999",https://kwnicaragua.kw.com/property/San-Marcos-Carazo-NIC/2015307674478622,,San Marcos,Carazo
"managua, NIC, managua, managua 11179",65000,240,SQ_MT,kwnicaragua.com,Si,"12.131639530913736,-86.23635479154052",https://kwnicaragua.kw.com/property/managua-managua-11179/1987000637027520,Colonia Nicarao,Managua,Managua
"Managua, NIC, #De la aguja 150 mts al oeste, 100 mts al sur, Managua, Managua 14338",298000,1050,SQ_MT,kwnicaragua.com,Si,"12.0654572,-86.2155039",https://kwnicaragua.kw.com/property/De-la-aguja-150-mts-al-oeste-100-mts-al-sur-Managua-Managua-14338/2010809159926044,Campo Bello,Managua,Managua
"managua, NIC, managua, tipitapa, NIC",95000,148,SQ_MT,kwnicaragua.com,Si,"12.164924,-86.3571975",https://kwnicaragua.kw.com/property/managua-tipitapa-NIC/2011519286858380,Zona 4,Ciudad Sandino,Managua
"MANAGUA, NIC, MANAGUA, Ticuantepe Managua, NIC",155000,3525.18,SQ_MT,kwnicaragua.com,Si,"12.006426803395295,-86.21636822848984",https://kwnicaragua.kw.com/property/MANAGUA-Ticuantepe-Managua-NIC/1985612508845440,La Soledad,Ticuantepe,Managua
"Managua, NIC, Managua, Managua, NIC",35000,424,SQ_MT,kwnicaragua.com,Si,"12.04804527098632,-86.21618094847412",https://kwnicaragua.kw.com/property/Managua-Managua-NIC/2010452054827306,Villa Valeska I,Ticuantepe,Managua
"Granada, NIC, Granada, Granada, NIC",220000,,,kwnicaragua.com,Si,"11.9275602,-85.9598972",https://kwnicaragua.kw.com/property/Granada-Granada-NIC/1928653275196160,Barrio Xalteva,Granada,Granada
"Managua, NIC, Managua, Managua, NIC",850000,421.33,SQ_MT,kwnicaragua.com,Si,"12.10083307883227,-86.24808863871293",https://kwnicaragua.kw.com/property/Managua-Managua-NIC/2013887168055016,Sector Sur Rotonda Jean Paul Genie,Managua,Managua
"Residencial El Dorado, NIC, Residencial El Dorado, Managua, NIC",89000,,,kwnicaragua.com,Si,"12.131476185946797,-86.24640240608215",https://kwnicaragua.kw.com/property/Residencial-El-Dorado-Managua-NIC/1941374177932224,Barrio Pantasma,Managua,Managua
"Granada, NIC, Granada, Granada, NIC",125000,3525,SQ_MT,kwnicaragua.com,Si,"11.9344073,-85.9560005",https://kwnicaragua.kw.com/property/Granada-Granada-NIC/1832747480912704,Calle Almendro,Granada,Granada
"Managua, NIC, Managua, Managua, NIC",121335,2444.07,SQ_MT,kwnicaragua.com,Si,"12.099711910883764,-86.29133184953201",https://kwnicaragua.kw.com/property/Managua-Managua-NIC/2013653241062012,Barrio Marvin Marín,Managua,Managua
"Managua, NIC, Alameda 9, Managua, MN, NIC",75000,135,SQ_MT,kwnicaragua.com,Si,"12.1293217,-86.18852559999999",https://kwnicaragua.kw.com/property/Alameda-9-Managua-MN-NIC/2012972159403776,Praderas del Doral,Managua,Managua
"Managua, NIC, Managua, Managua, NIC",250000,170000,SQ_MT,kwnicaragua.com,Si,"12.0895267,-86.359219",https://kwnicaragua.kw.com/property/Managua-Managua-NIC/1873431746519872,Comarca Chiquilistagua,Managua,Managua
"Managua, NIC, Managua, Managua, NIC",110000,166,SQ_MT,kwnicaragua.com,Si,"12.630003179660681,-87.12816982999267",https://kwnicaragua.kw.com/property/Managua-Managua-NIC/2005552553485620,Chinandega,Chinandega,Chinandega
"Granada, NIC, Granada, Granada, NIC",39000,1057.79,SQ_MT,kwnicaragua.com,Si,"11.9679805,-86.0147849",https://kwnicaragua.kw.com/property/Granada-Granada-NIC/1882985947546176,,Granada,Granada
"MANAGUA, NIC, MANAGUA, Managua los Arcos, NIC",77000,163.4,SQ_MT,kwnicaragua.com,Si,"12.149459929816835,-86.309168379133",https://kwnicaragua.kw.com/property/MANAGUA-Managua-los-Arcos-NIC/1980636172694848,Los Arcos,Managua,Managua
"Managua, NIC, Managua, Managua, NIC",70000,,,kwnicaragua.com,Si,"12.097081,-86.3480752",https://kwnicaragua.kw.com/property/Managua-Managua-NIC/1961330631389888,Comarca Cedro Galán,Managua,Managua
"Managua, NIC, Managua, Managua, NIC",180000,1130,SQ_MT,kwnicaragua.com,Si,"12.0976717,-86.3260937",https://kwnicaragua.kw.com/property/Managua-Managua-NIC/2005824156764170,El sosiego,Managua,Managua
"La Libertad, NIC, La Libertad, Chontales Department, NIC",249000,70783.91,SQ_MT,kwnicaragua.com,Si,"12.1659193,-85.1689493",https://kwnicaragua.kw.com/property/La-Libertad-Chontales-Department-NIC/2012636312523036,Kinuma,La Libertad,Chontales
"San Marcos, NIC, San Marcos, Carazo, NIC",50000,37716.57,SQ_MT,kwnicaragua.com,Si,"11.906513,-86.20314259999999",https://kwnicaragua.kw.com/property/San-Marcos-Carazo-NIC/2013220883300434,,San Marcos,Carazo
"Nandaime, NIC, Granada, Nandaime, Granada, NIC",60000,373.89,SQ_MT,kwnicaragua.com,Si,"11.76396817569436,-86.05625831565247",https://kwnicaragua.kw.com/property/Granada-Nandaime-Granada-NIC/2013986900751662,Nandaime,Nandaime,Granada
"Nindirí, NIC, Camino Viejo a Nindirí, Nindirí, Masaya, NIC",23000,449.09,SQ_MT,kwnicaragua.com,Si,"11.994577114501546,-86.11104159915615",https://kwnicaragua.kw.com/property/Camino-Viejo-a-Nindir-Nindir-Masaya-NIC/2013623358017836,,Nindirí,Masaya
"Managua, NIC, Carretera Urbanización Villa Sol, Managua, MN, NIC",55000,136.08,SQ_MT,kwnicaragua.com,Si,"12.1083373,-86.1593432",https://kwnicaragua.kw.com/property/Carretera-Urbanizacin-Villa-Sol-Managua-MN-NIC/1862106363667456,Urbanización Villa Sol,Managua,Managua
"León, NIC, León, León, NIC",25000,161.29,SQ_MT,kwnicaragua.com,Si,"12.865416,-85.207229",https://kwnicaragua.kw.com/property/Len-Len-NIC/1885818599294720,,Río Blanco,Matagalpa
"Managua, NIC, Managua, Managua, NIC",300000,430,SQ_MT,kwnicaragua.com,Si,"12.1149926,-86.2361744",https://kwnicaragua.kw.com/property/Managua-Managua-NIC/1765847233253568,Olof Palme,Managua,Managua
"Managua, NIC, Managua, Managua, NIC",163000,1391,SQ_MT,kwnicaragua.com,Si,"12.0895505,-86.2484418",https://kwnicaragua.kw.com/property/Managua-Managua-NIC/1665713914023616,El mirador Santo Domingo,Managua,Managua
"Managua, NIC, Managua, Managua, NIC",163920,1445,SQ_MT,kwnicaragua.com,Si,"12.091697050767204,-86.22433290555725",https://kwnicaragua.kw.com/property/Managua-Managua-NIC/1620842696562112,Santa María,Managua,Managua
"Managua, NIC, Managua, Managua 14100",675000,2500,SQ_MT,kwnicaragua.com,Si,"12.087443697063737,-86.24780936176917",https://kwnicaragua.kw.com/property/Managua-Managua-14100/1986666828905664,El mirador Santo Domingo,Managua,Managua
"Managua, NIC, Managua, Managua, NIC",220000,586.5,SQ_MT,kwnicaragua.com,Si,"12.119986283835528,-86.26449420739193",https://kwnicaragua.kw.com/property/Managua-Managua-NIC/1909528387710720,Las Acacias 1,Managua,Managua
"Villa Fontana Sur, NIC, Villa Fontana Sur, Managua, NIC",87500,1763,SQ_MT,kwnicaragua.com,Si,"12.055903652774507,-86.26525432614304",https://kwnicaragua.kw.com/property/Villa-Fontana-Sur-Managua-NIC/1827085018694016,Sector Sur Jocote Dulce,Managua,Managua
"Managua, NIC, Urbanización Palma Real Lote 5, bloque A #Comarca Los Zambranos, 5 km al sur de Tipitapa , Managua, Tipitapa, NIC",41000,180,SQ_MT,kwnicaragua.com,Si,"12.1149926,-86.2361744",https://kwnicaragua.kw.com/property/Urbanizacin-Palma-Real-Lote-5-bloque-A-Comarca-Los-Zambranos-5-km-al-sur-de-Tipitapa-Managua-Tipitapa-NIC/1960921836914432,Olof Palme,Managua,Managua
"Masaya, NIC, Quinta Productiva - Comarca Los Cocos, Rancho SAMA, 500 metros al Norte #Carretera Circunvalación El Coyotepe, Masaya, Masaya, NIC",450000,35200,SQ_MT,kwnicaragua.com,Si,"11.9733183,-86.0858483",https://kwnicaragua.kw.com/property/Quinta-Productiva-Comarca-Los-Cocos-Rancho-SAMA-500-metros-al-Norte-Carretera-Circunvalacin-El-Coyotepe-Masaya-Masaya-NIC/1873431750958912,Barrio Las Malvinas,Masaya,Masaya
"Managua, NIC, Carretera Norte #Bo Santa Rosa, del Puente desnivel, 1 C al Oeste, 1/2 C Sur, Managua, MN  11095",220000,705,SQ_MT,kwnicaragua.com,Si,"12.149891128693254,-86.22535485152589",https://kwnicaragua.kw.com/property/Carretera-Norte-Bo-Santa-Rosa-del-Puente-desnivel-1-C-al-Oeste-12-C-Sur-Managua-MN-11095/1988133778972352,Santa Rosa,Managua,Managua
"Managua, Nicaragua",242000,4161,SQ_MT,kwnicaragua.com,Si,"12.101914,-86.324999",https://kwnicaragua.kw.com/property/1894664709182848,El sosiego,Managua,Managua
"Managua, NIC, Managua, Carretera Sur Managua, NIC",177950,2057.31,SQ_MT,kwnicaragua.com,Si,"12.068811114156818,-86.31639732310339",https://kwnicaragua.kw.com/property/Managua-Carretera-Sur-Managua-NIC/1975828120505152,,El Crucero,Managua
"Masaya, NIC, Masaya, Nindiri 42300",65000,14102.71,SQ_MT,kwnicaragua.com,Si,"12.0032692,-86.12067329999999",https://kwnicaragua.kw.com/property/Masaya-Nindiri-42300/1995534725698240,,Nindirí,Masaya
"Managua, NIC, Managua, Managua, NIC",300000,38236.32,SQ_MT,kwnicaragua.com,Si,"12.056609903624759,-86.22876380635986",https://kwnicaragua.kw.com/property/Managua-Managua-NIC/1946394074035904,Urbanización Xochitlán,Managua,Managua
"mateares, NIC, mateares, managua 15500",40000,,,kwnicaragua.com,Si,"12.0646481,-86.4723111",https://kwnicaragua.kw.com/property/mateares-managua-15500/2008632615564584,Los Cedros,Los Cedros,Managua
"Managua, NIC, Residencial Palmetto, Managua, managua, NIC",125000,276.04,SQ_MT,kwnicaragua.com,Si,"12.0219541698079,-86.17328982215842",https://kwnicaragua.kw.com/property/Residencial-Palmetto-Managua-managua-NIC/1998006088752832,,Nindirí,Masaya
"Managua, NIC, Managua, Managua, NIC",138000,224,SQ_MT,kwnicaragua.com,Si,"12.121666390263277,-86.2502699505838",https://kwnicaragua.kw.com/property/Managua-Managua-NIC/1994354397340672,Bosques de Altamira,Managua,Managua
"Managua, NIC, Managua, Managua, NIC",130000,5276.38,SQ_MT,kwnicaragua.com,Si,"12.0867549,-86.188172",https://kwnicaragua.kw.com/property/Managua-Managua-NIC/1990724561465024,La Toscana,Managua,Managua
"Managua, NIC, Managua, MN, NIC",295000,672.1,SQ_MT,kwnicaragua.com,Si,"12.1133132,-86.3158422",https://kwnicaragua.kw.com/property/Managua-MN-NIC/2005403199201888,San Patricio,Managua,Managua
"Managua, NIC",36000,,,kwnicaragua.com,Si,"12.1104872,-86.3518146",https://kwnicaragua.kw.com/property/1910589943209344,,Managua,Managua
"Managua, NIC, #Raspados Loli 100 m al Sur, 100 m al Este, Managua, Managua 13008",50000,149,SQ_MT,kwnicaragua.com,Si,"12.122202,-86.295197",https://kwnicaragua.kw.com/property/Raspados-Loli-100-m-al-Sur-100-m-al-Este-Managua-Managua-13008/1948573273021184,San Judas,Managua,Managua
"Managua, NIC, Managua, Managua, NIC",101494,1431.09,SQ_MT,kwnicaragua.com,Si,"12.0964352,-86.2349044",https://kwnicaragua.kw.com/property/Managua-Managua-NIC/1910236095719232,Las Colinas Sur,Managua,Managua
"Esteli, NIC, #Esteli, Esteli, Esteli, NIC",126760,117635,SQ_MT,kwnicaragua.com,Si,"13.1148435,-86.32880279999999",https://kwnicaragua.kw.com/property/Esteli-Esteli-Esteli-NIC/2011197823956738,San Pedro,Estelí,Estelí
"Managua, NIC, Managua, Managua 10000",320000,153.3,SQ_MT,kwnicaragua.com,Si,"12.138784563561158,-86.2233263928332",https://kwnicaragua.kw.com/property/Managua-Managua-10000/2013226995061034,Villa Progreso,Managua,Managua
"San Juan Del Sur, NIC, San Juan Del Sur, Rivas , NIC",250000,182.87,SQ_MT,kwnicaragua.com,Si,"11.254305216405092,-85.87076602655685",https://kwnicaragua.kw.com/property/San-Juan-Del-Sur-Rivas-NIC/2006455990931754,San Juan del Sur,San Juan del Sur,Rivas
"El sauce, NIC, #Lote #63, El sauce, León 31000",10000,282.55,SQ_MT,kwnicaragua.com,Si,"12.8834358,-86.5425921",https://kwnicaragua.kw.com/property/Lote-63-El-sauce-Len-31000/2005486675821876,Azul y Blanco,El Sauce,León
"El sauce, NIC, #Lote#6, El sauce, León, NIC",11300,319.01,SQ_MT,kwnicaragua.com,Si,"12.8834358,-86.5425921",https://kwnicaragua.kw.com/property/Lote6-El-sauce-Len-NIC/2005749519532316,Azul y Blanco,El Sauce,León
"El sauce, NIC, #Lote #62, El sauce, León 31000",10125,285.69,SQ_MT,kwnicaragua.com,Si,"12.8834358,-86.5425921",https://kwnicaragua.kw.com/property/Lote-62-El-sauce-Len-31000/2005494325219612,Azul y Blanco,El Sauce,León
"Ticuantepe, NIC, Ticuantepe, Managua, NIC",134883,296,SQ_MT,kwnicaragua.com,Si,"12.045729786200493,-86.21141626523439",https://kwnicaragua.kw.com/property/Ticuantepe-Managua-NIC/1984559964821120,Las Rosaledas,Ticuantepe,Managua
"Ticuantepe, NIC, Ticuantepe, Managua, NIC",122596,296,SQ_MT,kwnicaragua.com,Si,"12.045541047730245,-86.21107817453073",https://kwnicaragua.kw.com/property/Ticuantepe-Managua-NIC/1985638325422976,Las Rosaledas,Ticuantepe,Managua
"Ticuantepe, NIC, Ticuantepe, Managua, NIC",112221,296,SQ_MT,kwnicaragua.com,Si,"12.045560497531575,-86.21133043454591",https://kwnicaragua.kw.com/property/Ticuantepe-Managua-NIC/1984556309505600,Las Rosaledas,Ticuantepe,Managua
"Ticuantepe, NIC, Ticuantepe, Managua 16300",92000,1978.02,SQ_MT,kwnicaragua.com,Si,"12.0218954,-86.2044135",https://kwnicaragua.kw.com/property/Ticuantepe-Managua-16300/1999488781361664,Barrio Benjamín Zeledón,Ticuantepe,Managua
"Ticuantepe, NIC, Ticuantepe, Managua, NIC",102118,296,SQ_MT,kwnicaragua.com,Si,"12.045523242941067,-86.21106189343946",https://kwnicaragua.kw.com/property/Ticuantepe-Managua-NIC/1984549702487744,Las Rosaledas,Ticuantepe,Managua
"Managua, NIC, #Reparto Santa Isabel, Managua, Managua 13102",299000,846.02,SQ_MT,kwnicaragua.com,Si,"12.088523719704028,-86.33210963258412",https://kwnicaragua.kw.com/property/Reparto-Santa-Isabel-Managua-Managua-13102/1966251951989376,Comarca Jinotepe,Managua,Managua
"Nindiri, NIC, Km. 19.2 carretera Managua a Masaya El Raizón, Nindiri, Masaya, NIC",95000,3467,SQ_MT,kwnicaragua.com,Si,"12.021652330590845,-86.16828262008254",https://kwnicaragua.kw.com/property/Km-192-carretera-Managua-a-Masaya-El-Raizn-Nindiri-Masaya-NIC/1686235203539456,,Nindirí,Masaya
"Managua, NIC, Managua, Managua 10000",150000,390,SQ_MT,kwnicaragua.com,Si,"12.039194,-86.1926569",https://kwnicaragua.kw.com/property/Managua-Managua-10000/2009324951781674,Los Almendros,Ticuantepe,Managua
"Managua, NIC, Managua, Managua, NIC",380000,735.93,SQ_MT,kwnicaragua.com,Si,"12.148414133641829,-86.25733637280057",https://kwnicaragua.kw.com/property/Managua-Managua-NIC/1974683709922112,Planta Eléctrica de Managua,Managua,Managua
"Esquipulas, NIC, Calle Esquipulas #Costado Este Del cementerio de Esquipulas, Esquipulas, MN 14283",80000,3173,SQ_MT,kwnicaragua.com,Si,"12.069654542604939,-86.21399874908212",https://kwnicaragua.kw.com/property/Calle-Esquipulas-Costado-Este-Del-cementerio-de-Esquipulas-Esquipulas-MN-14283/2011457499526912,Campo Bello,Managua,Managua
"Managua, NIC, Managua, Managua, NIC",170000,388,SQ_MT,kwnicaragua.com,Si,"12.0953964,-86.21985289999999",https://kwnicaragua.kw.com/property/Managua-Managua-NIC/2003648386901120,Santa María,Managua,Managua
"MANAGUA, NIC, BARRIO CAMPO BRUCE, ANTIGUO CINE SALINAS, 6 CUADRAS AL OESTE #DEL CALVARIO .300 METROS OESTE, MANAGUA, MANAGUA, MERCADO ORIENTAL, MANAGUA 11101",20000,62,SQ_MT,kwnicaragua.com,Si,"12.1485585,-86.2596058",https://kwnicaragua.kw.com/property/BARRIO-CAMPO-BRUCE-ANTIGUO-CINE-SALINAS-6-CUADRAS-AL-OESTE-DEL-CALVARIO-300-METROS-OESTE-MANAGUA-MANAGUA-MERCADO-ORIENTAL-MANAGUA-11101/1952749874954880,Planta Eléctrica de Managua,Managua,Managua
"Nindirí, NIC, Nindirí, Masaya, NIC",215000,17528.02,SQ_MT,kwnicaragua.com,Si,"12.070129613145333,-86.10224446721192",https://kwnicaragua.kw.com/property/Nindir-Masaya-NIC/1993553615240064,Guanacastillo,Masaya,Masaya
"Managua, NIC, Camino del RIO #Bo camino del rio cerca de las jaguitas , Managua, MN, NIC",23000,845.42,SQ_MT,kwnicaragua.com,Si,"12.1149926,-86.2361744",https://kwnicaragua.kw.com/property/Camino-del-RIO-Bo-camino-del-rio-cerca-de-las-jaguitas-Managua-MN-NIC/2010886393668916,Olof Palme,Managua,Managua
"Managua, NIC, Managua, Managua, NIC",270000,397.9,SQ_MT,kwnicaragua.com,Si,"12.113704,-86.315965",https://kwnicaragua.kw.com/property/Managua-Managua-NIC/2005484806220280,San Patricio,Managua,Managua
"Managua , NIC, Managua , Managua , NIC",222000,602.6,SQ_MT,kwnicaragua.com,Si,"12.0539176,-86.174858",https://kwnicaragua.kw.com/property/Managua-Managua-NIC/1989858818202816,Lotificación Marbella,Nindirí,Masaya
"Ri, NIC, Ri, San Juan del Sur  48600",598000,1595.08,SQ_MT,kwnicaragua.com,Si,"11.2628847,-85.8774069",https://kwnicaragua.kw.com/property/Ri-San-Juan-del-Sur-48600/2013197425721632,Los Miradores,San Juan del Sur,Rivas
"Granada, NIC, Entrada Residencial Santa Fe, Carretera Granada a Nandaime #Casa 13, Granada, Granada, NIC",165000,291.8,SQ_MT,kwnicaragua.com,Si,"11.91814551731932,-85.96891901985168",https://kwnicaragua.kw.com/property/Entrada-Residencial-Santa-Fe-Carretera-Granada-a-Nandaime-Casa-13-Granada-Granada-NIC/2012921202434346,Santa Julia,Granada,Granada
"MANAGUA, NIC, #KM.14 CARRETERA A MASAYA , MANAGUA, MANAGUA  00000",150000,362.95,SQ_MT,kwnicaragua.com,Si,"12.0637704,-86.18691570000001",https://kwnicaragua.kw.com/property/KM14-CARRETERA-A-MASAYA-MANAGUA-MANAGUA-00000/1983161345856512,Planes de Veracruz,Nindirí,Masaya
"Managua, NIC, Managua, San Rafael del Sur, NIC",79000,1203.7,SQ_MT,kwnicaragua.com,Si,"11.7874103,-86.5141817",https://kwnicaragua.kw.com/property/Managua-San-Rafael-del-Sur-NIC/2000480284737280,Masachapa,Masachapa,Managua
"Managua, NIC, Managua, San Rafael del Sur, NIC",75000,1068,SQ_MT,kwnicaragua.com,Si,"11.7874103,-86.5141817",https://kwnicaragua.kw.com/property/Managua-San-Rafael-del-Sur-NIC/2000476068580928,Masachapa,Masachapa,Managua
"Managua, NIC, Residencial Lomas de Monserrat, Managua, Managua, NIC",189000,282.46,SQ_MT,kwnicaragua.com,Si,"12.1159073,-86.2777512",https://kwnicaragua.kw.com/property/Residencial-Lomas-de-Monserrat-Managua-Managua-NIC/1974292500239808,Lomas de Monserrat,Managua,Managua
"Managua, NIC, Reparto Serranías #Supermercado La Colonia, serranias 1 c al sur, 2c al norte., Managua, Managua, NIC",385000,400,SQ_MT,kwnicaragua.com,Si,"12.070211158471144,-86.32472698341766",https://kwnicaragua.kw.com/property/Reparto-Serranas-Supermercado-La-Colonia-serranias-1-c-al-sur-2c-al-norte-Managua-Managua-NIC/1953872988214848,Colonia Becklin,El Crucero,Managua
"Managua , NIC, Managua , Managua, NIC",645000,941.25,SQ_MT,kwnicaragua.com,Si,"12.0568167,-86.2511549",https://kwnicaragua.kw.com/property/Managua-Managua-NIC/1994091390647360,Balcones de Santo Domingo,Managua,Managua
"Ticuantepe, NIC, Ticuantepe, MN, NIC",90000,516.23,SQ_MT,kwnicaragua.com,Si,"12.0349486,-86.2099263",https://kwnicaragua.kw.com/property/Ticuantepe-MN-NIC/1995862218212992,Buenos Aires,Ticuantepe,Managua
"León, Nicaragua, NIC, La Estacion  La Estacion  #Barrio San Juan , León, Nicaragua, León , NIC",73500,147.35,SQ_MT,kwnicaragua.com,Si,"12.440273175825986,-86.87301171475829",https://kwnicaragua.kw.com/property/La-Estacion-La-Estacion-Barrio-San-Juan-Len-Nicaragua-Len-NIC/2000972008928128,Barrio El Coyolar,León,León
"Masaya, NIC, Masaya, Masaya, NIC",52700,2052.45,SQ_MT,kwnicaragua.com,Si,"11.9775371,-86.0961725",https://kwnicaragua.kw.com/property/Masaya-Masaya-NIC/2003710612211008,La Reforma 2,Masaya,Masaya
"Ciudad Europea, Veracruz, NIC, Ciudad Europea, Veracruz, Ciudad Europea, Veracruz, Veracruz, Nindirí, NIC",31046,304,SQ_MT,kwnicaragua.com,Si,"12.07212370616049,-86.1793171179016",https://kwnicaragua.kw.com/property/Ciudad-Europea-Veracruz-Ciudad-Europea-Veracruz-Veracruz-Nindir-NIC/1964479169037888,Veracruz,Nindirí,Masaya
"Managua, NIC, #Residencial Bello Horizonte 1ra etapa, Managua, Managua, NIC",95000,276.75,SQ_MT,kwnicaragua.com,Si,"12.1448974,-86.2323641",https://kwnicaragua.kw.com/property/Residencial-Bello-Horizonte-1ra-etapa-Managua-Managua-NIC/1980667267624448,Bello Horizonte 4,Managua,Managua
"Managua, NIC, Managua, Managua, NIC",140000,185.2,SQ_MT,kwnicaragua.com,Si,"12.115181127464382,-86.25267490531006",https://kwnicaragua.kw.com/property/Managua-Managua-NIC/2000592862529344,Grenada,Managua,Managua
"Managua, NIC, Managua, MN, NIC",42000,252.57,SQ_MT,kwnicaragua.com,Si,"12.0978431,-86.2496908",https://kwnicaragua.kw.com/property/Managua-MN-NIC/1943850995943104,Sector Sur Cruz Del Paraíso,Managua,Managua
"Managua, NIC, Iglesia Católica 1.5 km Sur, Managua, Managua 14255",44000,887.32,SQ_MT,kwnicaragua.com,Si,"12.058075686295176,-86.2602624261895",https://kwnicaragua.kw.com/property/Iglesia-Catlica-15-km-Sur-Managua-Managua-14255/1907405628591808,Sector Sur San Isidro de la Cruz Verde,Managua,Managua
"Managua, NIC, Carretera a Masaya, Managua, MN, NIC",325000,1889.32,SQ_MT,kwnicaragua.com,Si,"12.1090148,-86.2513121",https://kwnicaragua.kw.com/property/Carretera-a-Masaya-Managua-MN-NIC/1961568046027392,Barrio 22 de Enero,Managua,Managua
"Managua, NIC, Managua, Managua 14222",1790000,112676,SQ_MT,kwnicaragua.com,Si,"12.0741316,-86.1792702",https://kwnicaragua.kw.com/property/Managua-Managua-14222/2005436057835548,Veracruz,Nindirí,Masaya
"managua, NIC, # Terreno Jardines de Santo Domingo , managua, Santo domingo 56800",70140,824.49,SQ_MT,kwnicaragua.com,Si,"12.0610625,-86.2488125",https://kwnicaragua.kw.com/property/-Terreno-Jardines-de-Santo-Domingo-managua-Santo-domingo-56800/1993817174768384,Jardines de Santo Domingo,Managua,Managua
"Granada, NIC, Granada, Granada, NIC",225000,360.99,SQ_MT,kwnicaragua.com,Si,"11.933326659872153,-85.95261707368013",https://kwnicaragua.kw.com/property/Granada-Granada-NIC/1928387825978176,Reparto Guzmán,Granada,Granada
"Managua, NIC, Managua, Managua, NIC",305000,565.69,SQ_FT,kwnicaragua.com,Si,"12.141047249106029,-86.27532781265869",https://kwnicaragua.kw.com/property/Managua-Managua-NIC/1964441706008576,Bologna,Managua,Managua
"Las Colinas , NIC, Las Colinas , Managua, NIC",,2330,SQ_MT,kwnicaragua.com,Si,"12.097763193791573,-86.2356278095093",https://kwnicaragua.kw.com/property/Las-Colinas-Managua-NIC/1910589972565824,Las Colinas Sur,Managua,Managua
"Nindirí, NIC, Nindirí, Managua, NIC",260000,1712.26,SQ_MT,kwnicaragua.com,Si,"12.0421188,-86.190817",https://kwnicaragua.kw.com/property/Nindir-Managua-NIC/2011876820342530,,Ticuantepe,Managua
"Nindiri, NIC, Nindiri, Masaya, NIC",31500,743.74,SQ_MT,kwnicaragua.com,Si,"12.0032692,-86.12067329999999",https://kwnicaragua.kw.com/property/Nindiri-Masaya-NIC/2011778608031016,,Nindirí,Masaya
"Matagalpa, NIC, Matagalpa, Matagalpa, NIC",3000000,18752,SQ_MT,kwnicaragua.com,Si,"12.9434432,-85.9083747",https://kwnicaragua.kw.com/property/Matagalpa-Matagalpa-NIC/2011598346465564,Santa Natalia,Matagalpa,Matagalpa
"Managua, NIC, Calle 2, Managua, Managua, NIC",145000,140.19,SQ_MT,kwnicaragua.com,Si,"12.14578870570031,-86.22561393439331",https://kwnicaragua.kw.com/property/Calle-2-Managua-Managua-NIC/1981338490920768,Condominios Nuevo Horizonte,Managua,Managua
"Masaya, NIC, Masaya, Nindirí, NIC",96500,281.92,SQ_MT,kwnicaragua.com,Si,"12.0707153,-86.1783547",https://kwnicaragua.kw.com/property/Masaya-Nindir-NIC/1974213410149952,Residencial Ciudad Real,Nindirí,Masaya
"MANAGUA, NIC, CIUDAD JARDIN CIUDAD JARDIN #CIUDAD JARDIN, MANAGUA, CIUDAD JARDIN 11108",750000,300,SQ_MT,kwnicaragua.com,Si,"12.143778206684477,-86.25595024104851",https://kwnicaragua.kw.com/property/CIUDAD-JARDIN-CIUDAD-JARDIN-CIUDAD-JARDIN-MANAGUA-CIUDAD-JARDIN-11108/1954449588523584,El Anzuelo,Managua,Managua
"Managua, Nicaragua, Managua, Managua, Nicaragua",900000,10591.124,SQ_MT,kwnicaragua.com,Si,"12.043227834276923,-86.19115312470852",https://kwnicaragua.kw.com/property/Managua-Managua-Nicaragua/1921933796057024,Residencial Villa Franca,Nindirí,Masaya
"Masaya, NIC, Masaya, Masaya Masaya",89500,1941.89,ACRES,kwnicaragua.com,Si,"12.0475598,-86.10137209999999",https://kwnicaragua.kw.com/property/Masaya-Masaya-Masaya/1981428312534656,Guanacastillo,Masaya,Masaya
"Managua, NIC, Managua, Managua, NIC",56000,211.68,SQ_MT,kwnicaragua.com,Si,"12.1394581,-86.20606690000001",https://kwnicaragua.kw.com/property/Managua-Managua-NIC/1993530578657664,Los Méndez,Managua,Managua
"San Juan del Sur, NIC, Lote 6B, San Juan del Sur, Rivas 23473",95000,700,SQ_MT,kwnicaragua.com,Si,"11.24697693103254,-85.87433832305",https://kwnicaragua.kw.com/property/Lote-6B-San-Juan-del-Sur-Rivas-23473/1960888915624512,San Juan del Sur,San Juan del Sur,Rivas
"Nindirí, NIC, Km 32 Carretera Nindirí - Sabana Grande, Nindirí, Masaya 42200",186200,13219.32,SQ_MT,kwnicaragua.com,Si,"12.008075527275967,-86.11234772321777",https://kwnicaragua.kw.com/property/Km-32-Carretera-Nindir-Sabana-Grande-Nindir-Masaya-42200/1868476675515136,,Nindirí,Masaya
"Managua, NIC, Managua, Managua, NIC",95000,368.09,SQ_MT,kwnicaragua.com,Si,"12.1304172,-86.29614839999999",https://kwnicaragua.kw.com/property/Managua-Managua-NIC/1973265507188544,Andrés Castro,Managua,Managua
"Ciudad Sandino, NIC, #Carretera Nueva a León Km 19, Ciudad Sandino, Managua, NIC",71000,51,SQ_MT,kwnicaragua.com,Si,"12.1990363,-86.38645120000001",https://kwnicaragua.kw.com/property/Carretera-Nueva-a-Len-Km-19-Ciudad-Sandino-Managua-NIC/2011468893798698,Ciudad el Doral,Ciudad El Doral,Managua
"Carazo, NIC, 54.5 Jinotepe #Jinotepe Nandaime, Carazo, Carazo 45000",16000,697.95,SQ_FT,kwnicaragua.com,Si,"11.849805,-86.19967059999999",https://kwnicaragua.kw.com/property/545-Jinotepe-Jinotepe-Nandaime-Carazo-Carazo-45000/2011464055284364,Pilas Grandes,Jinotepe,Carazo
"Managua, NIC, Carretera Norte, Managua, MN, NIC",184950,419.2,SQ_MT,kwnicaragua.com,Si,"12.153805023147926,-86.23258757093308",https://kwnicaragua.kw.com/property/Carretera-Norte-Managua-MN-NIC/1974282741846656,Domitila Lugo 1 (Santa Clara),Managua,Managua
"Managua, NIC, Managua, MN, NIC",153500,490,SQ_MT,kwnicaragua.com,Si,"12.104487345868165,-86.33226728027344",https://kwnicaragua.kw.com/property/Managua-MN-NIC/1998498154422912,Comarca Nejapa,Managua,Managua
"Managua, NIC, Managua, Managua, NIC",335000,474.14,SQ_MT,kwnicaragua.com,Si,"12.0786879,-86.2406194",https://kwnicaragua.kw.com/property/Managua-Managua-NIC/2010414893842732,Estancia de Santo Domingo 2° etapa,Managua,Managua
"Diriamba, NIC, Diriamba, Carazo, NIC",541000,,,kwnicaragua.com,Si,"11.8586314,-86.2412543",https://kwnicaragua.kw.com/property/Diriamba-Carazo-NIC/1916610146506816,Diriamba,Diriamba,Carazo
"managua, NIC, managua, managua, NIC",337400,27128.48,SQ_MT,kwnicaragua.com,Si,"12.0863907,-86.3290377",https://kwnicaragua.kw.com/property/managua-managua-NIC/2011064580751648,El sosiego,Managua,Managua
"Managua, NIC, Managua, Managua, NIC",320000,1739,SQ_MT,kwnicaragua.com,Si,"12.124886,-86.28921439999999",https://kwnicaragua.kw.com/property/Managua-Managua-NIC/1620842575169664,La Esperanza,Managua,Managua
"Managua, NIC, Managua, Managua, NIC",80000,187.55,SQ_MT,kwnicaragua.com,Si,"12.113334902235936,-86.25009998465576",https://kwnicaragua.kw.com/property/Managua-Managua-NIC/1885110507986944,Grenada,Managua,Managua
"Masaya, NIC",65000,141,SQ_MT,kwnicaragua.com,Si,"11.9828355,-86.0811773",https://kwnicaragua.kw.com/property/1786018757801088,Villa 10 de Mayo,Masaya,Masaya
"Managua, NIC, Carretera Sur Vía Panamericana, Managua, Managua 110055",,615.47,SQ_MT,kwnicaragua.com,Si,"12.1161419,-86.3154843",https://kwnicaragua.kw.com/property/Carretera-Sur-Va-Panamericana-Managua-Managua-110055/2009293009110318,San Patricio,Managua,Managua
"Managua, NIC, Managua, Managua, NIC",110000,950.37,SQ_MT,kwnicaragua.com,Si,"12.060431345672518,-86.19423454875857",https://kwnicaragua.kw.com/property/Managua-Managua-NIC/1926529716798080,,Nindirí,Masaya
"Managua, NIC, km13 Carretera Sur Vía Panamericana, Managua, Managua 11005",14000,349.2,SQ_MT,kwnicaragua.com,Si,"12.1133132,-86.3158422",https://kwnicaragua.kw.com/property/km13-Carretera-Sur-Va-Panamericana-Managua-Managua-11005/2009292047413548,San Patricio,Managua,Managua
"Managua, NIC, Carretera Sur Vía Panamericana, Managua, managua 11005",19908,497.58,SQ_MT,kwnicaragua.com,Si,"12.1133132,-86.3158422",https://kwnicaragua.kw.com/property/Carretera-Sur-Va-Panamericana-Managua-managua-11005/2009289926612738,San Patricio,Managua,Managua
"Managua, NIC, km13 Carretera Sur Vía Panamericana, Managua, Managua 11005",17948,448.76,SQ_MT,kwnicaragua.com,Si,"12.1133132,-86.3158422",https://kwnicaragua.kw.com/property/km13-Carretera-Sur-Va-Panamericana-Managua-Managua-11005/2009288137195818,San Patricio,Managua,Managua
"Managua, NIC, km13 Carretera Sur Vía Panamericana, Managua, managua 11005",29036,726.46,SQ_MT,kwnicaragua.com,Si,"12.1133132,-86.3158422",https://kwnicaragua.kw.com/property/km13-Carretera-Sur-Va-Panamericana-Managua-managua-11005/2009283300779308,San Patricio,Managua,Managua
"Managua, NIC, Managua, managua 11005",23856,595.53,SQ_MT,kwnicaragua.com,Si,"12.1133132,-86.3158422",https://kwnicaragua.kw.com/property/Managua-managua-11005/2009280690112540,San Patricio,Managua,Managua
"Managua, NIC, Comarca Cuajachillo, Managua, Managua, NIC",37839,3334.59,SQ_MT,kwnicaragua.com,Si,"12.109443238990373,-86.39737743577999",https://kwnicaragua.kw.com/property/Comarca-Cuajachillo-Managua-Managua-NIC/1999053617751424,,Ciudad Sandino,Managua
"Managua , NIC, Barrio Lomas De Guadalupe, Managua Lote 5, Managua , Managua, NIC",36000,138.75,SQ_MT,kwnicaragua.com,Si,"12.110965570495312,-86.19507740240384",https://kwnicaragua.kw.com/property/Barrio-Lomas-De-Guadalupe-Managua-Lote-5-Managua-Managua-NIC/2009745301979744,Lomas de Guadalupe,Managua,Managua
"Managua, NIC, Managua, Managua 10000",75000,2521.87,SQ_MT,kwnicaragua.com,Si,"12.075150317699304,-86.32530829575015",https://kwnicaragua.kw.com/property/Managua-Managua-10000/2009295702872348,Las Jinotepes,Managua,Managua
"Managua, NIC, #Masaya, comarca las Cortezas , Managua, Managua 11001",120000,19400,SQ_MT,kwnicaragua.com,Si,"12.079130227677876,-86.01928341800426",https://kwnicaragua.kw.com/property/Masaya-comarca-las-Cortezas-Managua-Managua-11001/1987003372551872,Tisma,Tisma,Masaya
"Masaya, NIC, Masaya, Nindiri, NIC",190000,1256.6,SQ_MT,kwnicaragua.com,Si,"11.9973982,-86.1093349",https://kwnicaragua.kw.com/property/Masaya-Nindiri-NIC/2011103749744384,,Nindirí,Masaya
"Matagalpa, NIC, Matagalpa, Matagalpa , NIC",670000,246754,SQ_MT,kwnicaragua.com,Si,"12.9290069,-85.9151211",https://kwnicaragua.kw.com/property/Matagalpa-Matagalpa-NIC/1987038415880000,Matagalpa,Matagalpa,Matagalpa
"Managua, NIC, 25 Aniversario Walmart Guanacaste  #Bo 25 aniversario, de Walmart Guanacaste, 2c al sur, 2c Oeste, Managua, MN 11005",88000,180.5,SQ_MT,kwnicaragua.com,Si,"12.140647549575661,-86.29387646632559",https://kwnicaragua.kw.com/property/25-Aniversario-Walmart-Guanacaste-Bo-25-aniversario-de-Walmart-Guanacaste-2c-al-sur-2c-Oeste-Managua-MN-11005/2000460629996672,El Recreo Norte,Managua,Managua
"Masaya, NIC, Masaya, Nindiri, NIC",150000,329.39,SQ_MT,kwnicaragua.com,Si,"11.9812576,-86.0857941",https://kwnicaragua.kw.com/property/Masaya-Nindiri-NIC/2006170474416138,San Fernando,Masaya,Masaya
"Ticuantepe, Nicaragua, Residencial Estancia de Monteverde casa No 25, Ticuantepe, Managua, Nicaragua",115000,440.78,SQ_MT,kwnicaragua.com,Si,"12.032779286571321,-86.2055972842657",https://kwnicaragua.kw.com/property/Residencial-Estancia-de-Monteverde-casa-No-25-Ticuantepe-Managua-Nicaragua/1748506596387392,Buenos Aires,Ticuantepe,Managua
"Masaya., NIC, Masaya., Masaya, NIC",20000,83,SQ_MT,kwnicaragua.com,Si,"11.9805067,-86.0950048",https://kwnicaragua.kw.com/property/Masaya-Masaya-NIC/2006891692335772,Reparto Kühn,Masaya,Masaya
"DIRIAMBA, NIC, DIRIAMBA, CARAZO, NIC",420000,83844,SQ_MT,kwnicaragua.com,Si,"11.851323401622993,-86.2466187180298",https://kwnicaragua.kw.com/property/DIRIAMBA-CARAZO-NIC/2010843108889244,Diriamba,Diriamba,Carazo
"Managua, NIC, 35 Avenida Suroeste #entre 6 y 7 calle suroeste, Managua, Nicaragua, Managua, MN, NIC",135000,600,SQ_MT,kwnicaragua.com,Si,"12.149418791767292,-86.30432837354124",https://kwnicaragua.kw.com/property/35-Avenida-Suroeste-entre-6-y-7-calle-suroeste-Managua-Nicaragua-Managua-MN-NIC/1996968768209536,Loma Verde,Managua,Managua
"Managua, NIC, Villa Flor Norte, Managua, Managua, NIC",65000,190.8,SQ_MT,kwnicaragua.com,Si,"12.123323853562464,-86.2197461794845",https://kwnicaragua.kw.com/property/Villa-Flor-Norte-Managua-Managua-NIC/1694374793110016,Urbanización Valencia,Managua,Managua
"Nindirí, NIC, Nindirí, Veracruz, NIC",22000,690.45,SQ_MT,kwnicaragua.com,Si,"12.055696,-86.1725457",https://kwnicaragua.kw.com/property/Nindir-Veracruz-NIC/2010750256260404,Lotificación Marbella,Nindirí,Masaya
"Managua, NIC, Managua, MN, NIC",58000,595,SQ_MT,kwnicaragua.com,Si,"12.0939905,-86.2463718",https://kwnicaragua.kw.com/property/Managua-MN-NIC/2009992154091818,Sector Sur Cruz Del Paraíso,Managua,Managua
"Managua, NIC, Managua, Managua, NIC",50000,379.08,SQ_MT,kwnicaragua.com,Si,"12.124059,-86.16881769999999",https://kwnicaragua.kw.com/property/Managua-Managua-NIC/2010736983537384,Lotificación Guardabarranco,Managua,Managua
"managua, NIC, esquipulas Cuatro esquinas, managua, managua 14283",28000,204.98,SQ_MT,kwnicaragua.com,Si,"12.083213278747419,-86.19042546753276",https://kwnicaragua.kw.com/property/esquipulas-Cuatro-esquinas-managua-managua-14283/1987043280344704,,Managua,Managua
"managua, NIC, km 21.5 Camino al Chocoyero, managua, ticuantepe 16300",35000,6987,SQ_MT,kwnicaragua.com,Si,"11.993267028599176,-86.22590935214843",https://kwnicaragua.kw.com/property/km-215-Camino-al-Chocoyero-managua-ticuantepe-16300/1995496046396800,La Francia Nº 2,Ticuantepe,Managua
"Managua, NIC, Managua, MN, NIC",28000,,,kwnicaragua.com,Si,"12.079151500715627,-86.20760311350313",https://kwnicaragua.kw.com/property/Managua-MN-NIC/2001508809565952,Esquipulas,Managua,Managua
"Diriamba, NIC, Diriamba, Carazo, NIC",50000,831.95,SQ_MT,kwnicaragua.com,Si,"11.8569601,-86.2401793",https://kwnicaragua.kw.com/property/Diriamba-Carazo-NIC/2010480378344744,Diriamba,Diriamba,Carazo
"Carrretera Sur, NIC, Carrretera Sur, Managua, NIC",420000,,,kwnicaragua.com,Si,"12.077456833508084,-86.32279866946298",https://kwnicaragua.kw.com/property/Carrretera-Sur-Managua-NIC/1619334393526272,Reparto Samarkan,Managua,Managua
"Nindiri, NIC, Nindiri, Masaya, NIC",50000,4945,SQ_MT,kwnicaragua.com,Si,"12.023833450547283,-86.15400737504844",https://kwnicaragua.kw.com/property/Nindiri-Masaya-NIC/1972167771395520,,Nindirí,Masaya
"Managua, NIC, Managua, Managua, NIC",159000,2232.24,SQ_MT,kwnicaragua.com,Si,"12.091717750543992,-86.33928199237441",https://kwnicaragua.kw.com/property/Managua-Managua-NIC/1891833660763456,Comarca Cedro Galán,Managua,Managua
"Managua, NIC, Managua, Managua, NIC",340000,2248.2,SQ_MT,kwnicaragua.com,Si,"12.0917673894649,-86.3395970697937",https://kwnicaragua.kw.com/property/Managua-Managua-NIC/1891833666198464,Comarca Cedro Galán,Managua,Managua
"Managua, NIC, Managua, Managua, NIC",230000,731.9,SQ_MT,kwnicaragua.com,Si,"12.1052441,-86.2507461",https://kwnicaragua.kw.com/property/Managua-Managua-NIC/1918026126258880,Sector Noroeste Rotonda Jean Paul Genie,Managua,Managua
"Rivas, NIC, #Costado sur de radio rumbos, Rivas, Rivas, NIC",170000,1671.18,SQ_MT,kwnicaragua.com,Si,"11.4326663,-85.8230251",https://kwnicaragua.kw.com/property/Costado-sur-de-radio-rumbos-Rivas-Rivas-NIC/2010707238016768,La Puebloa,Rivas,Rivas
"Managua, NIC, Managua, Managua, NIC",70000,167,SQ_MT,kwnicaragua.com,Si,"12.121593052651752,-86.1811296994751",https://kwnicaragua.kw.com/property/Managua-Managua-NIC/2010421493327148,Altos de la Sabana,Managua,Managua
"Managua, NIC, Managua, Managua, NIC",17000,105,SQ_MT,kwnicaragua.com,Si,"12.1282334,-86.1501232",https://kwnicaragua.kw.com/property/Managua-Managua-NIC/2008660620060682,Valle Verde,Managua,Managua
"Managua, NIC, Managua, Managua, NIC",400000,775.51,SQ_MT,kwnicaragua.com,Si,"12.0702325,-86.244947",https://kwnicaragua.kw.com/property/Managua-Managua-NIC/1993837631132672,Residencial Lomas de Santa Lucía,Managua,Managua
"León, NIC, Barrio El Coyolar Barrio El Coyolar #Barrio El Coyolar, León, León, NIC",50000,404.67,SQ_MT,kwnicaragua.com,Si,"12.4342803,-86.88052189999999",https://kwnicaragua.kw.com/property/Barrio-El-Coyolar-Barrio-El-Coyolar-Barrio-El-Coyolar-Len-Len-NIC/2000994609042048,Barrio San Sebastián,León,León
"León, NIC, Barrio El Coyolar  #Barrio El Coyolar, León, León, NIC",30000,263.62,SQ_MT,kwnicaragua.com,Si,"12.4342803,-86.88052189999999",https://kwnicaragua.kw.com/property/Barrio-El-Coyolar-Barrio-El-Coyolar-Len-Len-NIC/2000989206168512,Barrio San Sebastián,León,León
"Ciudad Sandino, NIC, Managua Managua #San Andres, Ciudad Sandino, Managua 0000",51500,181.82,SQ_MT,kwnicaragua.com,Si,"12.150093253769683,-86.35330863454864",https://kwnicaragua.kw.com/property/Managua-Managua-San-Andres-Ciudad-Sandino-Managua-0000/1970390203315392,Vía Soberana,Ciudad Sandino,Managua
"Managua, NIC, Managua, MN, NIC",220000,395.87,SQ_MT,kwnicaragua.com,Si,"12.1079811,-86.24506389999999",https://kwnicaragua.kw.com/property/Managua-MN-NIC/1970711337606528,Residencial Lomas del Valle,Managua,Managua
"Puerto Cabezas, NIC, #Barrio Libertad, Puerto Cabezas, RAAN, NIC",90000,933.73,SQ_MT,kwnicaragua.com,Si,"14.0236125,-83.3866094",https://kwnicaragua.kw.com/property/Barrio-Libertad-Puerto-Cabezas-RAAN-NIC/2002980546643904,,Bilwi,Costa Caribe Norte
"Managua, NIC, Carretera Vieja a León, Managua, MN, NIC",199000,,,kwnicaragua.com,Si,"12.0903948,-86.3552459",https://kwnicaragua.kw.com/property/Carretera-Vieja-a-Len-Managua-MN-NIC/1912005381249280,Comarca Cedro Galán,Managua,Managua
"Managua, NIC, Managua, Managua, NIC",400000,775.51,SQ_MT,kwnicaragua.com,Si,"12.0702325,-86.244947",https://kwnicaragua.kw.com/property/Managua-Managua-NIC/1993712122217408,Residencial Lomas de Santa Lucía,Managua,Managua
"Carretera Masaya, NIC, Carretera Masaya, Managua, NIC",98000,,,kwnicaragua.com,Si,"12.062338078411711,-86.2144538423584",https://kwnicaragua.kw.com/property/Carretera-Masaya-Managua-NIC/1988389913738752,Esquipulas,Managua,Managua
"Managua, NIC, Managua, Managua, NIC",430000,791.1,SQ_MT,kwnicaragua.com,Si,"12.08296350139807,-86.238130677771",https://kwnicaragua.kw.com/property/Managua-Managua-NIC/1620842553923136,Estancia de Santo Domingo,Managua,Managua
"Jinotepe, NIC, Jinotepe, Carazo, NIC",350000,22562.19,SQ_MT,kwnicaragua.com,Si,"11.628761996658247,-86.33802407468175",https://kwnicaragua.kw.com/property/Jinotepe-Carazo-NIC/2006249742039544,La Flor,Jinotepe,Carazo
"Matagalpa, NIC, Matagalpa, Matagalpa, NIC",240000,499.67,SQ_MT,kwnicaragua.com,Si,"12.922669254616778,-85.83872053489904",https://kwnicaragua.kw.com/property/Matagalpa-Matagalpa-NIC/2009750417252636,Barrio Damesio Blandon,San Ramón,Matagalpa
"MANAGUA, NIC, MANAGUA, MANAGUA, NIC",85000,440.63,SQ_MT,kwnicaragua.com,Si,"12.06648682491721,-86.19622655243417",https://kwnicaragua.kw.com/property/MANAGUA-MANAGUA-NIC/2009742485624576,,Nindirí,Masaya
"Managua, NIC, Managua, MN, NIC",58000,135.01,SQ_MT,kwnicaragua.com,Si,"12.1317688,-86.1895855",https://kwnicaragua.kw.com/property/Managua-MN-NIC/2008680242766476,Praderas del Doral,Managua,Managua
"Jinotepe, NIC, Jinotepe, Carazo, NIC",120000,881,SQ_MT,kwnicaragua.com,Si,"11.621727837868939,-86.33026764766845",https://kwnicaragua.kw.com/property/Jinotepe-Carazo-NIC/2009376740173852,Huehuete,Jinotepe,Carazo
"Rivas, NIC, Frente a Playa Santo Domingo #San Fernando, cercano a Hotel Villa Paraiso , Rivas, Altagracia, Ometepe 48800",89000,2995.54,SQ_MT,kwnicaragua.com,Si,"11.5665356,-85.57793269999999",https://kwnicaragua.kw.com/property/Frente-a-Playa-Santo-Domingo-San-Fernando-cercano-a-Hotel-Villa-Paraiso-Rivas-Altagracia-Ometepe-48800/2009306079913268,,Altagracia,Rivas
"Managua, NIC, Calle principal, Managua, Ticuantepe 00",199200,553.6,SQ_MT,kwnicaragua.com,Si,"12.037634584433485,-86.20433225835313",https://kwnicaragua.kw.com/property/Calle-principal-Managua-Ticuantepe-00/2008967606355714,Buenos Aires,Ticuantepe,Managua
"Managua, NIC, De la Iglesia Las Colinas  2c N  #Las Colinas, Managua, Managua, NIC",299000,,,kwnicaragua.com,Si,"12.095735826395778,-86.22994528889807",https://kwnicaragua.kw.com/property/De-la-Iglesia-Las-Colinas-2c-N-Las-Colinas-Managua-Managua-NIC/1944653242267456,Las Colinas Sur,Managua,Managua
"Managua, NIC, Managua, Managua, NIC",350000,635.92,SQ_MT,kwnicaragua.com,Si,"12.0786879,-86.2406194",https://kwnicaragua.kw.com/property/Managua-Managua-NIC/2004334782230784,Estancia de Santo Domingo 2° etapa,Managua,Managua
"Managua, NIC, Managua, Managua , NIC",199000,1539.7,SQ_MT,kwnicaragua.com,Si,"12.094205496366953,-86.32409419374031",https://kwnicaragua.kw.com/property/Managua-Managua-NIC/2005824157110570,El sosiego,Managua,Managua
"Masaya, NIC, Calle El Calvario, Masaya, Masaya, NIC",649000,2115,SQ_MT,kwnicaragua.com,Si,"11.976751,-86.0917716",https://kwnicaragua.kw.com/property/Calle-El-Calvario-Masaya-Masaya-NIC/1995567446387520,La Reforma 2,Masaya,Masaya
"Managua, NIC, Managua, Managua, NIC",30000,760.13,SQ_MT,kwnicaragua.com,Si,"12.1563459,-86.2349044",https://kwnicaragua.kw.com/property/Managua-Managua-NIC/1922637895892800,Santa Clara 2 (Costa del Lago),Managua,Managua
"Ciudad Sandino, NIC, #Residencial San Andres, Ciudad Sandino, MN, NIC",55000,186.44,SQ_MT,kwnicaragua.com,Si,"12.1500625,-86.3522656",https://kwnicaragua.kw.com/property/Residencial-San-Andres-Ciudad-Sandino-MN-NIC/1956934980605824,Praderas de Sandino,Ciudad Sandino,Managua
"Valle Gotel, NIC, #Residencial Casa Blanca, Veracruz, Valle Gotel, Masaya, NIC",89000,354.43,SQ_MT,kwnicaragua.com,Si,"12.0756125,-86.1756094",https://kwnicaragua.kw.com/property/Residencial-Casa-Blanca-Veracruz-Valle-Gotel-Masaya-NIC/1961184943841088,Veracruz,Nindirí,Masaya
"Granada, NIC, Granada, Granada, NIC",148500,288,SQ_MT,kwnicaragua.com,Si,"11.925572086065142,-85.96441076511582",https://kwnicaragua.kw.com/property/Granada-Granada-NIC/1953408157692672,Manuel A. Montiel,Granada,Granada
"Ticuantepe, NIC, #Escuela los garcia, 200mts al este, Ticuantepe, Managua 16300",348415,48690.69,SQ_MT,kwnicaragua.com,Si,"12.0243796,-86.1794561",https://kwnicaragua.kw.com/property/Escuela-los-garcia-200mts-al-este-Ticuantepe-Managua-16300/1780357187655104,,Ticuantepe,Managua
"Managua, NIC, Managua, Managua, NIC",250000,321.45,SQ_MT,kwnicaragua.com,Si,"12.142108890061941,-86.27977798974611",https://kwnicaragua.kw.com/property/Managua-Managua-NIC/1993099530124480,Martha Quezada,Managua,Managua
"Managua, NIC, #De la mansión Teodolinda 1 1/2 C al sur,, Managua, Managua 31000",290000,709.62,SQ_MT,kwnicaragua.com,Si,"12.1398397,-86.2806064",https://kwnicaragua.kw.com/property/De-la-mansin-Teodolinda-1-12-C-al-sur-Managua-Managua-31000/2007976050147936,Bolonia,Managua,Managua
"Masaya, NIC, Masaya, Masaya, NIC",136000,27848.22,SQ_MT,kwnicaragua.com,Si,"12.071520096872156,-86.08734825986664",https://kwnicaragua.kw.com/property/Masaya-Masaya-NIC/2009294412026140,,Masaya,Masaya
"Carretera a Masaya, NIC, Carretera a Masaya, Managua, NIC",315952,7192,SQ_MT,kwnicaragua.com,Si,"12.064588857717572,-86.22251445473631",https://kwnicaragua.kw.com/property/Carretera-a-Masaya-Managua-NIC/1782835140508480,Urbanización Xochitlán,Managua,Managua
"Managua, NIC, Managua, CARRETERA MASAYA, NIC",37350,1053.61,SQ_MT,kwnicaragua.com,Si,"12.0370961,-86.1866721",https://kwnicaragua.kw.com/property/Managua-CARRETERA-MASAYA-NIC/1943498069945280,,Ticuantepe,Managua
"Managua, NIC, esquina opuesta cascada del bosque #villa fonta Norte , Managua, Managua 14173",151200,4262,SQ_MT,kwnicaragua.com,Si,"12.0690125,-86.26957809999999",https://kwnicaragua.kw.com/property/esquina-opuesta-cascada-del-bosque-villa-fonta-Norte-Managua-Managua-14173/1892187717172544,La Esperanza,Managua,Managua
"Ticuantepe, NIC, Ticuantepe La Borgoña km 19 1/2 carretera a la Concha, Despues del Restaurante Las Conchas Negras Ticuantepe La Borgoña km 19 1/2 carretera a la Concha #Ticuantepe La Borgoña km 19 1/2 carretera a la Concha, Despues del Restaurante Las Conchas Negras, Ticuantepe, Managua, NIC",178502,4517.81,SQ_MT,kwnicaragua.com,Si,"12.014547022776009,-86.21645664631043",https://kwnicaragua.kw.com/property/Ticuantepe-La-Borgoa-km-19-12-carretera-a-la-Concha-Despues-del-Restaurante-Las-Conchas-Negras-Ticuantepe-La-Borgoa-km-19-12-carretera-a-la-Concha-Ticuantepe-La-Borgoa-km-19-12-carretera-a-la-Concha-Despues-del-Restaurante-Las-Conchas-Negras-Ticuantepe-Managua-NIC/1929361138487552,La Borgoña,Ticuantepe,Managua
"Managua, NIC, Managua, Managua, NIC",242000,992,SQ_MT,kwnicaragua.com,Si,"12.085276065185122,-86.2662203439026",https://kwnicaragua.kw.com/property/Managua-Managua-NIC/1988934776882880,Vincent Poujardeu,Managua,Managua
"Managua, NIC, Managua, MN, NIC",250000,916.58,SQ_MT,kwnicaragua.com,Si,"12.087604346510737,-86.2346331358361",https://kwnicaragua.kw.com/property/Managua-MN-NIC/1694728665874944,Urbanización Madrid,Managua,Managua
"Managua, NIC, Managua, Managua, NIC",385000,1393.34,SQ_MT,kwnicaragua.com,Si,"12.085164,-86.24506389999999",https://kwnicaragua.kw.com/property/Managua-Managua-NIC/1988757774495232,Los Altos de Santo Domingo,Managua,Managua
"Nindirí, NIC, Veracruz, Comarca Los Madrigales, Nindirí, Masaya, NIC",16900,565.51,SQ_MT,kwnicaragua.com,Si,"12.0528356,-86.17390429999999",https://kwnicaragua.kw.com/property/Veracruz-Comarca-Los-Madrigales-Nindir-Masaya-NIC/1908113373022848,Lotificación Marbella,Nindirí,Masaya
"Moyogalpa, NIC, Puerto Moyogalpa #Hotel Central  media cuadra al Sur, Moyogalpa, Rivas 48700",72800,443.43,SQ_MT,kwnicaragua.com,Si,"11.540055713227883,-85.69795364918212",https://kwnicaragua.kw.com/property/Puerto-Moyogalpa-Hotel-Central-media-cuadra-al-Sur-Moyogalpa-Rivas-48700/2009024587253784,,Moyogalpa,Rivas
"Masaya, NIC, Residencial Palmetto, Masaya, Ms 41000",245000,481.18,SQ_MT,kwnicaragua.com,Si,"12.047604,-86.19561039999999",https://kwnicaragua.kw.com/property/Residencial-Palmetto-Masaya-Ms-41000/2006084305230328,Valle De Capistrano V etapa,Nindirí,Masaya
"Nindiri, NIC, El Raizón, Nindiri, Masaya, NIC",110400,2327.26,SQ_MT,kwnicaragua.com,Si,"12.02235899471162,-86.16313701645507",https://kwnicaragua.kw.com/property/El-Raizn-Nindiri-Masaya-NIC/1620842619569792,,Nindirí,Masaya
"Managua, NIC, Managua, Managua, NIC",400000,5736.56,SQ_MT,kwnicaragua.com,Si,"12.0844322,-86.2287719",https://kwnicaragua.kw.com/property/Managua-Managua-NIC/2009023798919804,Bosques de Santa María,Managua,Managua
"Managua, NIC, Managua, Managua, NIC",290000,472.32,SQ_MT,kwnicaragua.com,Si,"12.067376434634635,-86.23848355062552",https://kwnicaragua.kw.com/property/Managua-Managua-NIC/1827438924769984,Bosques De Santo Domingo,Managua,Managua
"Managua , NIC, Managua , Managua, NIC",771851,54430,SQ_MT,kwnicaragua.com,Si,"12.1090148,-86.2513121",https://kwnicaragua.kw.com/property/Managua-Managua-NIC/2008269503186688,Barrio 22 de Enero,Managua,Managua
"Rivas, NIC, Rivas, Rivas, NIC",100000,35245,SQ_MT,kwnicaragua.com,Si,"11.4326663,-85.8230251",https://kwnicaragua.kw.com/property/Rivas-Rivas-NIC/2009002003399982,La Puebloa,Rivas,Rivas
"Chinandega, NIC, #Esquina Opuesta del Juzgado Munipal Posoltega, Chinandega, Posoltega 26500",90000,1951.36,SQ_MT,kwnicaragua.com,Si,"12.543629122458944,-86.97943867574841",https://kwnicaragua.kw.com/property/Esquina-Opuesta-del-Juzgado-Munipal-Posoltega-Chinandega-Posoltega-26500/1985680748930496,Posoltega,Posoltega,Chinandega
"Managua, NIC, Managua, MN, NIC",395000,1010.49,SQ_MT,kwnicaragua.com,Si,"12.1029235,-86.29704249999999",https://kwnicaragua.kw.com/property/Managua-MN-NIC/2008202252007168,Barrio Marvin Marín,Managua,Managua
"Managua, NIC, Los Robles, III Etapa Lote - 4A Avenida Principal Los Robles #Quesillo El Pipe, 100v al Este, Managua, MN, NIC",225000,544.62,SQ_MT,kwnicaragua.com,Si,"12.117807981800821,-86.26490222380373",https://kwnicaragua.kw.com/property/Los-Robles-III-Etapa-Lote-4A-Avenida-Principal-Los-Robles-Quesillo-El-Pipe-100v-al-Este-Managua-MN-NIC/1961247831081856,Los Robles,Managua,Managua
"Ciudad Sandino, NIC, #Bloque B-7, Lote No. 154, Ciudad Sandino, Managua, NIC",45000,236.62,ACRES,kwnicaragua.com,Si,"12.163601766039466,-86.37333692072554",https://kwnicaragua.kw.com/property/Bloque-B7-Lote-No-154-Ciudad-Sandino-Managua-NIC/1969653178451072,Valle Santa Rosa,Mateare,Managua
"leon, NIC, leon, el transito, NIC",197000,998,SQ_MT,kwnicaragua.com,Si,"12.0567651,-86.70768029999999",https://kwnicaragua.kw.com/property/leon-el-transito-NIC/2008304914585628,El Tránsito,El Tránsito,León
"Mateare, NIC, Mateare, Managua 15500",50000,175.14,SQ_MT,kwnicaragua.com,Si,"12.19858686574318,-86.38843102338613",https://kwnicaragua.kw.com/property/Mateare-Managua-15500/2006268164363560,Ciudad el Doral,Ciudad El Doral,Managua
"Masaya, NIC, Masaya, Nindirí, NIC",125000,705.01,SQ_MT,kwnicaragua.com,Si,"12.037744966260602,-86.21537585283494",https://kwnicaragua.kw.com/property/Masaya-Nindir-NIC/1948156588013248,Reparto Leonel Reynosa,Ticuantepe,Managua
"Managua, NIC, Colegio Hispano Nicaraguense 1/2 cuadra al oeste, 1/2 cuadra al sur lote 93, Managua, Nicaragua, Managua, Managua 14235",170000,1646,SQ_MT,kwnicaragua.com,Si,"12.092488479534344,-86.24340662642821",https://kwnicaragua.kw.com/property/Colegio-Hispano-Nicaraguense-12-cuadra-al-oeste-12-cuadra-al-sur-lote-93-Managua-Nicaragua-Managua-Managua-14235/1920251744705408,Mirador Norte Santo Domingo,Managua,Managua
"Nindiri, NIC, Nindiri, Masaya 42200",195000,20897,SQ_MT,kwnicaragua.com,Si,"12.0378837,-86.12301529999999",https://kwnicaragua.kw.com/property/Nindiri-Masaya-42200/2003298021365248,San Francisco,Nindirí,Masaya
"Managua, NIC, Managua, Managua, NIC",17000,105,SQ_MT,kwnicaragua.com,Si,"12.129552061368758,-86.15042775314616",https://kwnicaragua.kw.com/property/Managua-Managua-NIC/2008635589521696,,Managua,Managua
"Masaya, NIC, Apoyo Resort Laguna de Apoyo, Masaya, Laguna de Apoyo, NIC",110000,646.45,SQ_MT,kwnicaragua.com,Si,"11.91740387424046,-86.05928037643852",https://kwnicaragua.kw.com/property/Apoyo-Resort-Laguna-de-Apoyo-Masaya-Laguna-de-Apoyo-NIC/1991612051696320,,Catarina,Masaya
"Managua, NIC, Managua, Managua, NIC",140000,155.36,SQ_MT,kwnicaragua.com,Si,"12.0901597,-86.24904810000001",https://kwnicaragua.kw.com/property/Managua-Managua-NIC/2004022810289408,El mirador Santo Domingo,Managua,Managua
"managua, NIC, 19 # carretera norte KM 13 carretera Norte, managua, Managua 11064",30000,115,SQ_MT,kwnicaragua.com,Si,"12.1504856,-86.1549984",https://kwnicaragua.kw.com/property/19-carretera-norte-KM-13-carretera-Norte-managua-Managua-11064/1992822654795968,Monte Fresco,Managua,Managua
"Managua, NIC, VILLA FLOR SUR, Managua, Managua 14117",25000,139,SQ_MT,kwnicaragua.com,Si,"12.119452,-86.22315479999999",https://kwnicaragua.kw.com/property/VILLA-FLOR-SUR-Managua-Managua-14117/2007227428218904,Anexo Barrio Enrique Smith,Managua,Managua
"Managua, NIC, Managua, MN, NIC",110000,264.24,SQ_MT,kwnicaragua.com,Si,"12.044603765719541,-86.19158842813016",https://kwnicaragua.kw.com/property/Managua-MN-NIC/1694020978254336,Residencial Villa Franca,Nindirí,Masaya
"Managua, NIC, Managua, MN, NIC",250000,736.9,SQ_MT,kwnicaragua.com,Si,"12.087593112111943,-86.234918438501",https://kwnicaragua.kw.com/property/Managua-MN-NIC/1875200896412800,Urbanización Madrid,Managua,Managua
"Managua, NIC, #barrio solidaridad manzana #12 lote #75, Managua, MN, NIC",75000,207.17,SQ_MT,kwnicaragua.com,Si,"12.094649107481946,-86.30456575277863",https://kwnicaragua.kw.com/property/barrio-solidaridad-manzana-12-lote-75-Managua-MN-NIC/2008612301132444,,Managua,Managua
"Chinandega, NIC, #Chinandega , Chinandega, Chinandega, NIC",280000,2669.87,SQ_MT,kwnicaragua.com,Si,"12.651197426581646,-87.12356049999998",https://kwnicaragua.kw.com/property/Chinandega-Chinandega-Chinandega-NIC/2008327987839644,Estela,Chinandega,Chinandega
"Jinotepe, NIC, Jinotepe, Carazo, NIC",73000,211.82,SQ_MT,kwnicaragua.com,Si,"11.848754978320553,-86.19198875338134",https://kwnicaragua.kw.com/property/Jinotepe-Carazo-NIC/1984108690821184,Anexo a Pilas Grande,Jinotepe,Carazo
"Managua, NIC, Carretera Vieja a León, Managua, MN, NIC",25000,963.72,SQ_MT,kwnicaragua.com,Si,"12.093990116373659,-86.33669916217914",https://kwnicaragua.kw.com/property/Carretera-Vieja-a-Len-Managua-MN-NIC/1960249286602688,Comarca Cedro Galán,Managua,Managua
"Nagarote, NIC, Camino Nagarote #km 40 carretera nueva hacia leon, Nagarote , Nagarote, León, NIC",750000,287485.11,SQ_MT,kwnicaragua.com,Si,"12.26868660512972,-86.54916093417967",https://kwnicaragua.kw.com/property/Camino-Nagarote-km-40-carretera-nueva-hacia-leon-Nagarote-Nagarote-Len-NIC/2005516475240732,Nagarote,Nagarote,León
"Managua, NIC, Managua, Managua, NIC",160000,223.48,SQ_MT,kwnicaragua.com,Si,"12.0964352,-86.2349044",https://kwnicaragua.kw.com/property/Managua-Managua-NIC/2007178194252064,Las Colinas Sur,Managua,Managua
"Masaya, NIC, Masaya, Masaya, NIC",97000,214.18,SQ_MT,kwnicaragua.com,Si,"12.0572936,-86.2142533",https://kwnicaragua.kw.com/property/Masaya-Masaya-NIC/1962562571928448,Villas Lindora,Ticuantepe,Managua
"Managua, NIC, #Puente Praderas del Doral, 3c. este M/I, Managua, Managua, NIC",75000,186.09,SQ_MT,kwnicaragua.com,Si,"12.1329477,-86.1896804",https://kwnicaragua.kw.com/property/Puente-Praderas-del-Doral-3c-este-MI-Managua-Managua-NIC/2006484150444316,Praderas del Doral,Managua,Managua
"Managua , NIC, Managua , Managua, NIC",110000,258.33,SQ_MT,kwnicaragua.com,Si,"12.0496912,-86.21419949999999",https://kwnicaragua.kw.com/property/Managua-Managua-NIC/2007961972814432,Residencial Valle Santa María,Ticuantepe,Managua
"Managua, NIC, Barrio la Fuente #Entrada a Las Colinas, 1 c. al este, Managua, Managua 26142",71000,475,SQ_MT,kwnicaragua.com,Si,"12.110799605127095,-86.23340144450903",https://kwnicaragua.kw.com/property/Barrio-la-Fuente-Entrada-a-Las-Colinas-1-c-al-este-Managua-Managua-26142/1954199060278912,Reparto Sócrates Sandino,Managua,Managua
"Managua, NIC, NIC-1 #Bo. El Recreo Sur , Managua, MN, NIC",85000,253,ACRES,kwnicaragua.com,Si,"12.130428349335354,-86.28810690194408",https://kwnicaragua.kw.com/property/NIC1-Bo-El-Recreo-Sur-Managua-MN-NIC/2008251466495744,El Recreo Sur,Managua,Managua
"Managua, NIC, Managua, Managua, NIC",373030,7514.48,SQ_MT,kwnicaragua.com,Si,"12.1133132,-86.3158422",https://kwnicaragua.kw.com/property/Managua-Managua-NIC/2006554642190988,San Patricio,Managua,Managua
"Masaya, NIC, Masaya, Nindirí, NIC",620421,28200.96,SQ_MT,kwnicaragua.com,Si,"12.048678842976848,-86.18622359626845",https://kwnicaragua.kw.com/property/Masaya-Nindir-NIC/2008205552984672,Valle De Capistrano V etapa,Nindirí,Masaya
"Fully Furnished Beach Apartment in Playa Gigante, Nicaragua – Casa Na",99000,54,m²,nicarealtors.com,Si,"11.393143281992929,-86.03234802942788",https://nicarealtors.com/listings/fully-furnished-beach-apartment-in-playa-gigante-casa-na/,El Gigante,El Gigante,Rivas
"Fixer Casita Near Lake in Laguna de Apoyo, Nicaragua",29000,546.75,m²,nicarealtors.com,Si,"11.937447522698694,-86.05223616666079",https://nicarealtors.com/listings/casita-near-lake-in-laguna-de-apoyo/,La Laguna,Pacaya,Masaya
"Lakefront Casita in San Jorge, Rivas",48000,176,m²,nicarealtors.com,Si,"11.452074133639732,-85.79017507646955",https://nicarealtors.com/listings/lakefront-casita-in-san-jorge-rivas/,19 de Julio,San Jorge,Rivas
Lakeview lots in Laguna de Apoyo Nicaragua – Club Vistalagos,50000,1968,m²,nicarealtors.com,Si,"11.9330953018062,-86.00286048126533",https://nicarealtors.com/listings/lakeview-lots-in-laguna-de-apoyo-nicaragua-club-vistalagos/,,Granada,Granada
"Prime Lots for Sale in Tree Casa Resort, San Juan del Sur, Nicaragua",43500,3129.43,m²,nicarealtors.com,Si,"11.280222278665875,-85.87436345701362",https://nicarealtors.com/listings/prime-lots-for-sale-in-tree-casa-resort/,El Payapal,San Juan del Sur,Rivas
Treehouse Studios Near Hacienda Iguana Nicaragua | Homes santa Marta,79000,2500,m²,nicarealtors.com,Si,"11.419445979943575,-86.05323929952169",https://nicarealtors.com/listings/playa-colorado-home-in-santa-marta/,,Tola,Rivas
Brand New Home in Playa Popoyo Nicaragua,69000,1300,m²,nicarealtors.com,Si,"11.488786821043593,-86.11892506294642",https://nicarealtors.com/listings/brand-new-home-in-playa-popoyo-nicaragua/,,Tola,Rivas
Surf Casita in Playa Popoyo Nicaragua,45000,714,m²,nicarealtors.com,Si,"11.48857169977074,-86.11888216395491",https://nicarealtors.com/listings/surf-casita-in-playa-popoyo-nicaragua/,,Tola,Rivas
Nicaragua Surf Camp in Playa Popoyo | Shaka Surf Camp,99000,2358,m²,nicarealtors.com,Si,"11.476342289025691,-86.11189659414131",https://nicarealtors.com/listings/surf-camp-in-popoyo-shaka-surf-camp/,El Limón,El Limón,Rivas
Home in La Virgen - Playa Popoyo,45000,900,m²,nicarealtors.com,Si,"11.478090029749627,-86.10071182250978",https://nicarealtors.com/listings/playa-popoyo-home-in-la-virgen/,La Virgen Morena,La Virgen Morena,Rivas
"Esc Digital Nomad Casitas in Guasacate, Nicaragua",99000,300,m²,nicarealtors.com,Si,"11.482457446829049,-86.1162405259646",https://nicarealtors.com/listings/esc-digital-nomad-casitas-in-guasacate/,El Limón,El Limón,Rivas
"Brand New House in Playa Popoyo, Nicaragua",105000,239.73,m²,nicarealtors.com,Si,"11.454254989964593,-86.1022023296039",https://nicarealtors.com/listings/playa-popoyo-brand-new-house/,Monte Filis,Monte Filis,Rivas
"Spacious Family Home and Farm in San Marcos, Nicaragua",129000,3470.52,m²,nicarealtors.com,Si,"11.907923943555891,-86.19239076884563",https://nicarealtors.com/listings/spacious-family-home-and-farm-in-san-marcos/,Vivienda 4 Concepción de María,San Marcos,Carazo
"8 Manzana Quinta with Home in Diriomo, Granada – Finca El Trapiche",129000,56338,m²,nicarealtors.com,Si,"11.870717939986738,-86.04461859128989",https://nicarealtors.com/listings/8-manzana-quinta-with-home-in-diriomo-granada/,,Diriomo,Granada
"Charming 2 Bedroom Lakefront House in Rivas, Nicaragua",129000,430.5,m²,nicarealtors.com,Si,"11.478439792105537,-85.79080060400865",https://nicarealtors.com/listings/2-bedroom-lakefront-house-in-rivas-nicaragua/,San Andrés,Buenos Aires,Rivas
Chic 2-Bedroom Condo in San Juan del Sur – Prime Investment Opportunity!,129000,0,No disponible,nicarealtors.com,Si,"11.265017126764382,-85.85346574603015",https://nicarealtors.com/listings/chic-2-bedroom-condo-in-san-juan-del-sur/,Auxiliadora,San Juan del Sur,Rivas
"Colonial House or Micro Hotel Opportunity in Granada, Nicaragua | Casa Cuiscoma",130000,208.57,m²,nicarealtors.com,Si,"11.927201939643467,-85.95399603778998",https://nicarealtors.com/listings/colonial-house-or-micro-hotel-opportunity-in-granada/,Sector El Mercado,Granada,Granada
House for sale in Playa Gigante - 3 Bedroom Home Near Town,144900,1928,m²,nicarealtors.com,Si,"11.391978259650765,-86.02996181232568",https://nicarealtors.com/listings/house-for-sale-in-playa-gigante-3-bedroom-home/,El Gigante,El Gigante,Rivas
"House and Dorm Rooms in Laguna de Apoyo, Nicaragua",145000,2889,m²,nicarealtors.com,Si,"11.937492418776259,-86.05211547037196",https://nicarealtors.com/listings/house-and-dorm-rooms-in-laguna-de-apoyo/,La Ermita,Masaya,Masaya
House with Lot in Playa Gigante - Casa Victoria,149900,1390.91,m²,nicarealtors.com,Si,"11.394393789215938,-86.03157464361185",https://nicarealtors.com/listings/house-with-lot-in-playa-gigante-casa-victoria/,El Gigante,El Gigante,Rivas
"Beachfront Property in Playa Masachapa, Nicaragua",150000,444.94,m²,nicarealtors.com,Si,"11.786892280946581,-86.51608002889427",https://nicarealtors.com/listings/beachfront-property-in-playa-masachapa/,Masachapa,Masachapa,Managua
"Two Houses on One Property in Playa Gigante, Nicaragua",154900,705,m²,nicarealtors.com,Si,"11.393948543921825,-86.03161019100591",https://nicarealtors.com/listings/two-houses-on-one-property-in-playa-gigante/,El Gigante,El Gigante,Rivas
"Modern One-Bedroom House with Private Pool in Popoyo, Nicaragua | La Selva",159000,200,m²,nicarealtors.com,Si,"11.449688859451445,-86.08643200820542",https://nicarealtors.com/listings/modern-one-bedroom-house-with-private-pool-in-popoyo/,Popoyo,Tola,Rivas
Titled Surf House Near Playa Amarillo Surf Break & Playa Gigante,159900,1928,m²,nicarealtors.com,Si,"11.396609406462602,-86.03090608706282",https://nicarealtors.com/listings/titled-surf-house-near-playa-amarillo-surf-break-playa-gigante/,El Gigante,El Gigante,Rivas
El Oasis | Eco-Friendly Retreat in Playa Amarillo & Gigante,170000,136.72,m²,nicarealtors.com,Si,"11.392208922127349,-86.03180519742094",https://nicarealtors.com/listings/eco-friendly-retreat-in-playa-amarillo-gigante/,El Gigante,El Gigante,Rivas
"Fully Furnished Ocean View House in Playa Popoyo, Nicaragua | Casa Aloha",174000,1269,m²,nicarealtors.com,Si,"11.482296836918785,-86.12342227538362",https://nicarealtors.com/listings/fully-furnished-ocean-view-house-in-playa-popoyo-casa-aloha/,La Albina,Tola,Rivas
Beachfront House at Playa Casares in Carazo,175000,1000,m²,nicarealtors.com,Si,"11.665220303747747,-86.37174710033327",https://nicarealtors.com/listings/beachfront-house-at-playa-casares-in-carazo/,La Riviera,Diriamba,Carazo
"Colonial Three Bedroom House with Pool in Granada, Nicaragua",179000,186,m²,nicarealtors.com,Si,"11.934465827781663,-85.95036187311075",https://nicarealtors.com/listings/colonial-three-bedroom-house-with-pool-in-granada/,Barrio José Antonio Urbina,Granada,Granada
"Modern Industrial Compound with Land in Diriomo, Granada",180000,6829,m²,nicarealtors.com,Si,"11.8500264,-86.0447154",https://nicarealtors.com/listings/modern-industrial-home-for-sale-in-diriomo/,,Diriomo,Granada
"Beachfront Home or Hostel in Playa Masachapa, Nicaragua",189000,738.73,m²,nicarealtors.com,Si,"11.781903081124794,-86.518293622519",https://nicarealtors.com/listings/beachfront-home-or-hostel-in-playa-masachapa/,Masachapa,Masachapa,Managua
House in Villas de San Juan - San Juan del Sur,195000,248,m²,nicarealtors.com,Si,"11.252783086393329,-85.85689236556178",https://nicarealtors.com/listings/house-in-san-juan-del-sur/,San Rafael del Valle,San Juan del Sur,Rivas
Luxurious Colonial House For Sale in Granada Nicaragua - Casa Arco,198000,232.26,m²,nicarealtors.com,Si,"11.930270963610536,-85.94960683321803",https://nicarealtors.com/listings/luxurious-colonial-house-for-sale-in-granada-nicaragua/,Calle Arsenal,Granada,Granada
"Turn-key Colonial House in Granada, Nicaragua | Casa Adosada",199000,262,m²,nicarealtors.com,Si,"11.92669652676774,-85.96116065218568",https://nicarealtors.com/listings/turn-key-colonial-house-in-granada-casa-adosada/,Barrio Xalteva,Granada,Granada
"Remodeled Ocean View House in Playa Popoyo, Nicaragua | Casa Verde",199000,1011.71,m²,nicarealtors.com,Si,"11.48202410303898,-86.12360249459361",https://nicarealtors.com/listings/remodeled-ocean-view-house-in-playa-popoyo-nicaragua-casa-verde/,La Albina,Tola,Rivas
House For Sale In Popoyo Nicaragua – La Casa Roja,210000,2017.73,m²,nicarealtors.com,Si,"11.467700027278104,-86.09341213439826",https://nicarealtors.com/listings/house-for-sale-in-popoyo-nicaragua-la-casa-roja/,El Limón,Monte Filis,Rivas
"Lakefront Remodeled Retreat in Laguna de Apoyo, Nicaragua",217500,2941,m²,nicarealtors.com,Si,"11.923077690647094,-86.05669989898794",https://nicarealtors.com/listings/lakefront-remodeled-retreat-in-laguna-de-apoyo-nicaragua/,Pacaya,Pacaya,Masaya
"Elegant Two Bedrooms House with Private Pool in Popoyo, Nicaragua | La Selva",219000,294,m²,nicarealtors.com,Si,"11.449697555315481,-86.08644692931813",https://nicarealtors.com/listings/elegant-two-bedrooms-house-with-private-pool-in-popoyo/,Popoyo,Tola,Rivas
Beautiful Property with 2.4 ACRES for sale In Granada,220000,9712.46,m²,nicarealtors.com,Si,"11.912287576395812,-85.97402019138073",https://nicarealtors.com/listings/beautiful-property-with-2-4-acres-for-sale-in-granada/,Barrio El Pochotillo,Granada,Granada
Charming House and 3 cabañas in Laguna de Apoyo Nicaragua – Casa La Campañita,225000,2922.62,m²,nicarealtors.com,Si,"11.929005067461935,-86.06450316774567",https://nicarealtors.com/listings/charming-house-and-3-cabanas-in-laguna-de-apoyo/,Pacaya,Pacaya,Masaya
"Furnished Home Near the Beach in Playa Popoyo, Nicaragua | Mango Home",230000,599.96,m²,nicarealtors.com,Si,"11.452029212308,-86.08977813273668",https://nicarealtors.com/listings/playa-popoyo-mango-land-home/,,Tola,Rivas
"Commercial Beachfront Hostel and Restaurant in Playa Guasacate, Nicaragua",230000,872,m²,nicarealtors.com,Si,"11.468281481323208,-86.11970054153848",https://nicarealtors.com/listings/beachfront-hostel-and-restaurant-in-playa-guasacate/,Guasacate,Guasacate,Rivas
"Fully Furnished Eco Casita #4 in Hacienda Iguana, Nicaragua",234500,413,m²,nicarealtors.com,Si,"11.414656446866905,-86.05058980267839",https://nicarealtors.com/listings/fully-furnished-eco-casita-4-in-hacienda-iguana/,,Tola,Rivas
"Beautiful Colonial House in Granada, Nicaragua – Casa Flor de Lago",240000,268.68,m²,nicarealtors.com,Si,"11.93075086920072,-85.95717280383036",https://nicarealtors.com/listings/colonial-house-in-granada-casa-flor-de-lago/,Sector El Parque,Granada,Granada
"Beautiful House in Laguna de Apoyo, Nicaragua – Casa Mombacho",245000,1674,m²,nicarealtors.com,Si,"11.932372309989299,-86.00583135128954",https://nicarealtors.com/listings/house-in-laguna-de-apoyo-casa-mombacho/,,Granada,Granada
"Turnkey Eco Casita #3 in Hacienda Iguana, Nicaragua",250000,270.46,m²,nicarealtors.com,Si,"11.414890805028593,-86.05064225856961",https://nicarealtors.com/listings/eco-casita-3-in-hacienda-iguana/,,Tola,Rivas
Profitable Beachfront Property with 3 Casitas in Playa Guasacate | Casa Tranquila,250000,332.35,m²,nicarealtors.com,Si,"11.465426934892578,-86.11607244023277",https://nicarealtors.com/listings/profitable-beachfront-property-with-3-casitas/,Guasacate,Guasacate,Rivas
Eco-Modern Casita in Hacienda Iguana – Fully Furnished,255000,2318,m²,nicarealtors.com,Si,"11.408490445926729,-86.04951331918218",https://nicarealtors.com/listings/eco-modern-casita-in-hacienda-iguana/,,Tola,Rivas
