codigo,titulo,tipo,zona,departamento,municipio,hab,banos,parqueos,m2_constr,unidad_m2,terreno,unidad_terreno,precio,moneda,descripcion,url,imagen,lat,lng,geo_tipo
qc4409,Preciosa casa en carretera Vieja a León,Casa,Carretera Vieja a Leon,Managua,Managua,4,4.5,10,400.00,Mt²,"2,700.00",Vrs²,330000.00,USD,"Hermosa casa ubicada a 15 minutos del centro de la ciudad, en residencial seguro, cuenta con 3 salas, comedor, cocina, 4 habitaciones, 5 baños, cuarto de servicio con su baño completo, tiene la part...",https://www.quierocasa.com/anuncio/qc4409/0/preciosa-casa-en-carretera-vieja-a-leon.htm,https://www.quierocasa.com/gallery/qc4409/350/qc4409-27.jpg,12.0731952,-86.4953759,trunk
qc6965,Casa en Venta en Santo Domingo,Casa,Santo Domingo,Managua,Managua,4,4,2,270.00,Mt²,979.44,Vrs²,299000.00,USD,"Descubre esta amplia y funcional casa en venta ubicada en la exclusiva zona de Santo Domingo, ideal para familias que buscan confort, privacidad y espacios bien distribuidos en un entorno seguro y res...",https://www.quierocasa.com/anuncio/qc6965/0/casa-en-venta-en-santo-domingo.htm,https://www.quierocasa.com/gallery/qc6965/350/qc6965-1.jpg,12.1516383,-86.2663177,administrative
qc7176,Casa en Venta en Bosques de Bolonia,Casa,Bosques de Bolonia,Managua,Managua,4,4,4,391.63,Mt²,842.87,Mt²,280000.00,USD,"Esta hermosa casa en venta, ubicada en Bosques de Bolonia, ofrece una distribución amplia y funcional, con ambientes diseñados para brindar comodidad, privacidad y espacios ideales para compartir. ...",https://www.quierocasa.com/anuncio/qc7176/0/casa-en-venta-en-bosques-de-bolonia.htm,https://www.quierocasa.com/gallery/qc7176/350/qc7176-21.jpg,12.1385657,-86.2885739,hotel
qc7170,Casa en Venta en Carretera a Masaya,Casa,Carretera a Masaya,Managua,Managua,3,2.5,2,195.00,Mt²,623.00,Vrs²,215000.00,USD,"¡Encuentra el hogar ideal para tu familia en una de las zonas más convenientes y de fácil acceso de Managua! Esta agradable casa en venta, ubicada en Carretera a Masaya, ofrece una distribución fu...",https://www.quierocasa.com/anuncio/qc7170/0/casa-en-venta-en-carretera-a-masaya.htm,https://www.quierocasa.com/gallery/qc7170/350/qc7170-1.jpg,12.0777949,-86.2231504,trunk
qc6534,Casa en venta en Las Colinas,Casa,Las Colinas,Managua,Managua,4,4,2,,,,,196000.00,USD,"Descubre esta hermosa casa en venta, ubicada en una de las zonas más exclusivas y seguras de Managua: Las Colinas. Ideal para familias que buscan vivir con tranquilidad, comodidad y acceso a excelent...",https://www.quierocasa.com/anuncio/qc6534/0/casa-en-venta-en-las-colinas.htm,https://www.quierocasa.com/gallery/qc6534/350/qc6534-34.jpg,12.1964007,-86.3692092,village
qc7147,Casa en Venta en Reparto San Juan,Casa,Reparto San Juan,Managua,Managua,3,2,1,114.32,Mt²,162.15,Vrs²,129500.00,USD,"Descubre esta excelente casa de dos plantas en venta en Reparto San Juan, una propiedad ideal para quienes buscan comodidad, funcionalidad y una ubicación estratégica en Managua. Su distribución of...",https://www.quierocasa.com/anuncio/qc7147/0/casa-en-venta-en-reparto-san-juan.htm,https://www.quierocasa.com/gallery/qc7147/350/qc7147-1.jpg,12.1219000,-86.2697106,administrative
qc7169,Tu nuevo hogar te espera en Lomas del Valle,Casa,Lomas del Valle,Managua,Managua,3,2,2,312.00,Mt²,245.00,Vrs²,245000.00,USD,"Descubre esta acogedora casa ubicada en Lomas del Valle, ideal para quienes buscan comodidad, funcionalidad y espacios bien distribuidos para disfrutar en familia. Características de la propieda...",https://www.quierocasa.com/anuncio/qc7169/0/tu-nuevo-hogar-te-espera-en-lomas-del-valle.htm,https://www.quierocasa.com/gallery/qc7169/350/qc7169-1.jpg,12.1094325,-86.2448537,administrative
qc7168,Casa en Venta en Santo Domingo,Casa,Santo Domingo,Managua,Managua,4,4,2,700.00,Mt²,"2,232.00",Vrs²,888000.00,USD,"Descubre esta espectacular residencia ubicada en Santo Domingo, diseñada para brindar comodidad, privacidad, seguridad y espacios ideales para disfrutar en familia. Una propiedad amplia, con excelent...",https://www.quierocasa.com/anuncio/qc7168/0/casa-en-venta-en-santo-domingo.htm,https://www.quierocasa.com/gallery/qc7168/350/qc7168-13.jpg,12.1516383,-86.2663177,administrative
qc7166,Oficina Moderna en Venta en Las Cumbres,Oficina,Las Cumbres,Managua,Managua,,,10,"2,300.00",Mt²,"10,000.00",Vrs²,3600000.00,USD,"¡Excelente oportunidad para establecer tu empresa en una ubicación estratégica! Se ofrece en venta moderna y amplia oficina en Las Cumbres, ubicada en una zona segura, tranquila y de fácil acceso,...",https://www.quierocasa.com/anuncio/qc7166/0/oficina-moderna-en-venta-en-las-cumbres.htm,https://www.quierocasa.com/gallery/qc7166/350/qc7166-1.jpg,12.0993011,-86.2569419,administrative
qc7164,Oficina en Venta en Reparto San Juan,Oficina,Reparto San Juan,Managua,Managua,5,3,2,295.25,Mt²,665.59,Vrs²,220000.00,USD,"¡Excelente oportunidad de inversión! Amplia y funcional oficina en venta en Reparto San Juan, ideal para empresas, despachos profesionales, clínicas, consultorios, instituciones o negocios que nece...",https://www.quierocasa.com/anuncio/qc7164/0/oficina-en-venta-en-reparto-san-juan.htm,https://www.quierocasa.com/gallery/qc7164/350/qc7164-5.jpg,12.1219000,-86.2697106,administrative
qc7163,Local Comercial en Venta en Mercado Oriental,Local Comercial,Mercado Oriental,Managua,Managua,,1,2,300.00,Mt²,,,450000.00,USD,"¡Haz crecer tu negocio en una de las zonas comerciales más dinámicas de Managua! Este amplio local de 300 mts², distribuido en tres plantas de 100 mts² cada una, ofrece el espacio ideal para empr...",https://www.quierocasa.com/anuncio/qc7163/0/local-comercial-en-venta-en-mercado-oriental.htm,https://www.quierocasa.com/gallery/qc7163/350/qc7163-2.jpg,12.1485742,-86.2601307,commercial
qc843,Se vende casa en Santo Domingo,Casa,Santo Domingo,Managua,Managua,4,4,2,950.00,Mt²,"2,600.00",Vrs²,950000.00,USD,"Se venta casa en Santo Domingo 4 cuartos con baños propios, piscina, rancho, patio grande, precio de venta $950,000.00.",https://www.quierocasa.com/anuncio/qc843/0/se-vende-casa-en-santo-domingo.htm,https://www.quierocasa.com/gallery/qc843/350/qc843-38.jpg,12.1516383,-86.2663177,administrative
qc4176,El terreno perfecto para tu nuevo hogar!,Terreno,Las Colinas,Managua,Managua,,,,,,"2,200.00",Vrs²,130000.00,USD,"Este amplio terreno esta ubicado en colinas de Santa Cruz, a tan solo 150 metros de la entrada principal. Este residencial es perfecto para tu familia, cuenta con amplias calles , areas verdes y parq...",https://www.quierocasa.com/anuncio/qc4176/0/el-terreno-perfecto-para-tu-nuevo-hogar.htm,https://www.quierocasa.com/gallery/qc4176/350/qc4176-6.jpg,12.1964007,-86.3692092,village
qc7158,Casa en Venta en Santo Domingo,Casa,Santo Domingo,Managua,Managua,4,4.5,4,431.00,Mt²,950.00,Vrs²,600000.00,USD,"¡Encuentra el hogar ideal para tu familia en una de las zonas residenciales más buscadas de Managua! Esta hermosa casa de dos plantas en venta en Santo Domingo ofrece espacios amplios, excelente dis...",https://www.quierocasa.com/anuncio/qc7158/0/casa-en-venta-en-santo-domingo.htm,https://www.quierocasa.com/gallery/qc7158/350/qc7158-1.jpg,12.1516383,-86.2663177,administrative
qc7157,Terreno en Venta en Las Jagüitas,Terreno,Esquipulas,Managua,Managua,,,,,,"15,000.00",Vrs²,270000.00,USD,"¡Excelente oportunidad de inversión! Ponemos a su disposición amplio terreno en venta ubicado en Las Jagüitas, Managua, con una extensión de 15,000 varas cuadradas, ideal para desarrollar proyect...",https://www.quierocasa.com/anuncio/qc7157/0/terreno-en-venta-en-las-jaguitas.htm,https://www.quierocasa.com/gallery/qc7157/350/qc7157-1.jpg,12.0745878,-86.2158151,neighbourhood
qc2500,Moderna casa en Venta en Villa Fontana,Casa,Villa Fontana Sur,Managua,Managua,4,4,2,250.00,Mt²,700.00,Vrs²,350000.00,USD,"Descubre el hogar ideal en un exclusivo condominio en Villa Fontana, diseñado para brindar comodidad, seguridad y un estilo de vida moderno. Esta hermosa propiedad cuenta con diseño contemporáneo, ...",https://www.quierocasa.com/anuncio/qc2500/0/moderna-casa-en-venta-en-villa-fontana.htm,https://www.quierocasa.com/gallery/qc2500/350/qc2500-20.jpg,12.1033874,-86.2671277,administrative
qc6789,Preciosa Casa en Venta en Villa Fontana,Casa,Villa Fontana,Managua,Managua,3,3.5,2,182.11,Mt²,180.72,Vrs²,200000.00,USD,"Vive con comodidad y elegancia en esta hermosa casa amueblada, ubicada dentro de un condominio exclusivo en Villa Fontana, una de las zonas más céntricas y seguras de Managua. Su excelente ubicació...",https://www.quierocasa.com/anuncio/qc6789/0/preciosa-casa-en-venta-en-villa-fontana.htm,https://www.quierocasa.com/gallery/qc6789/350/qc6789-50.jpg,12.1033874,-86.2671277,administrative
qc7146,Amplio Terreno en Venta en Villa Fontana,Terreno,Villa Fontana,Managua,Managua,,,,,,3.00,Mz,1950000.00,USD,"Haz realidad tu próximo gran proyecto con este amplio terreno en venta en Villa Fontana, una de las zonas de mayor prestigio, desarrollo y plusvalía de Managua. Su excelente ubicación y amplio espa...",https://www.quierocasa.com/anuncio/qc7146/0/amplio-terreno-en-venta-en-villa-fontana.htm,https://www.quierocasa.com/gallery/qc7146/350/qc7146-1.jpg,12.1033874,-86.2671277,administrative
qc6612,"Estilo Minimalista, Vista Majestuosa y Piscina de Ensueño",Casa,Managua,Managua,Managua,5,5.5,12,600.00,Mt²,3.00,Mz,1200000.00,USD,"Descubrí esta impresionante propiedad de diseño moderno y minimalista, ubicada en un entorno natural que inspira paz y conexión con la naturaleza. Desde cada rincón de la casa podrás disfrutar de...",https://www.quierocasa.com/anuncio/qc6612/0/estilo-minimalista-vista-majestuosa-y-piscina-de-ensueno.htm,https://www.quierocasa.com/gallery/qc6612/350/qc6612-42.jpg,12.1547116,-86.2737250,administrative
qc7144,Hermosa Casa en Venta en Veracruz,Casa,Veracruz,Managua,Managua,4,3,2,160.00,Mt²,600.00,Vrs²,155000.00,USD,"Descubre esta hermosa casa en venta en Veracruz, diseñada para brindar comodidad, elegancia y funcionalidad en cada uno de sus espacios. Ubicada en una zona tranquila y de alta plusvalía, esta propi...",https://www.quierocasa.com/anuncio/qc7144/0/hermosa-casa-en-venta-en-veracruz.htm,https://www.quierocasa.com/gallery/qc7144/350/qc7144-1.jpg,11.9869063,-86.3991679,administrative
qc7142,Espectacular Casa en Venta en Veracruz,Casa,Veracruz,Managua,Managua,5,5,4,350.00,Mt²,800.00,Vrs²,229000.00,USD,"Descubre esta impresionante casa de dos plantas en venta en Veracruz, diseñada para quienes buscan amplitud, elegancia y confort en un entorno tranquilo y seguro. Con acabados de calidad y modernas a...",https://www.quierocasa.com/anuncio/qc7142/0/espectacular-casa-en-venta-en-veracruz.htm,https://www.quierocasa.com/gallery/qc7142/350/qc7142-2.jpg,11.9869063,-86.3991679,administrative
qc7141,Local en Venta en Bosques de Bolonia,Local Comercial,Bolonia,Managua,Managua,12,10,8,411.00,Mt²,"1,100.00",Vrs²,250000.00,USD,"¡Excelente oportunidad de inversión en una de las zonas comerciales y de mayor plusvalía de Managua! Este amplio inmueble comercial está ubicado en Bosques de Bolonia, una ubicación estratégica ...",https://www.quierocasa.com/anuncio/qc7141/0/local-en-venta-en-bosques-de-bolonia.htm,https://www.quierocasa.com/gallery/qc7141/350/qc7141-1.jpg,12.1398941,-86.2815427,administrative
qc7139,Finca en Venta en Carretera Nueva a León,Finca,Carretera Nueva a León,Managua,Managua,,,,,,7.00,Mz,495000.00,USD,"¡Excelente oportunidad de inversión! Se vende amplia finca de 7 manzanas ubicada en Chiquilistagua, Carretera Nueva a León, una zona con gran potencial para el desarrollo agrícola, habitacional o ...",https://www.quierocasa.com/anuncio/qc7139/0/finca-en-venta-en-carretera-nueva-a-leon.htm,https://www.quierocasa.com/gallery/qc7139/350/qc7139-2.jpg,12.1300698,-86.3114357,trunk
qc6805,Bodega en Venta en Carretera a Masaya,Bodega,Carretera a Masaya,Managua,Managua,,2,5,346.00,Mt²,,,449800.00,USD,"Excelente oportunidad de inversión en una bodega amplia y funcional, ubicada sobre la Carretera a Masaya, una de las zonas más transitadas y estratégicas de Managua, ideal para negocios, almacenami...",https://www.quierocasa.com/anuncio/qc6805/0/bodega-en-venta-en-carretera-a-masaya.htm,https://www.quierocasa.com/gallery/qc6805/350/qc6805-1.jpg,12.0777949,-86.2231504,trunk
qc7088,Casa en Venta en Carretera a Masaya,Casa,Carretera a Masaya,Managua,Managua,3,2,2,140.00,Mt²,360.00,Mt²,120000.00,USD,"Hermosa propiedad de dos plantas ubicada en una de las zonas de mayor crecimiento y plusvalía de la ciudad. Esta casa en Carretera a Masaya combina comodidad, modernidad y funcionalidad, ideal para f...",https://www.quierocasa.com/anuncio/qc7088/0/casa-en-venta-en-carretera-a-masaya.htm,https://www.quierocasa.com/gallery/qc7088/350/qc7088-12.jpg,12.0777949,-86.2231504,trunk
qc6817,Amplia Bodega en Venta en Sabana Grande,Bodega,Sabana grande,Managua,Managua,,2,3,"5,000.00",Mt²,,,3750000.00,USD,"Excelente oportunidad de inversión en una zona de gran crecimiento logístico e industrial. Esta amplia bodega en Sabana Grande ofrece 5,000 mts² de construcción, ideal para operaciones de almacena...",https://www.quierocasa.com/anuncio/qc6817/0/amplia-bodega-en-venta-en-sabana-grande.htm,https://www.quierocasa.com/gallery/qc6817/350/qc6817-1.jpg,11.9099179,-86.5930635,farm
qc6816,"Bodega en Venta de 4,000 mts2 en Sabana Grande",Bodega,Sabana grande,Managua,Managua,,2,3,"4,000.00",Mt²,,,3000000.00,USD,"Excelente oportunidad de inversión en zona industrial de Sabana Grande, con infraestructura ideal para operaciones logísticas, almacenamiento o industria. La propiedad está diseñada para brindar f...",https://www.quierocasa.com/anuncio/qc6816/0/bodega-en-venta-de-4000-mts2-en-sabana-grande.htm,https://www.quierocasa.com/gallery/qc6816/350/qc6816-5.jpg,11.9099179,-86.5930635,farm
qc6815,Amplia Bodega en Venta en Sabana Grande,Bodega,Sabana grande,Managua,Managua,,2,3,"3,000.00",Mt²,,,2250000.00,USD,"Excelente oportunidad de inversión en zona estratégica de Sabana Grande, ideal para operaciones logísticas, almacenamiento, distribución o proyectos industriales. Esta bodega cuenta con amplios es...",https://www.quierocasa.com/anuncio/qc6815/0/amplia-bodega-en-venta-en-sabana-grande.htm,https://www.quierocasa.com/gallery/qc6815/350/qc6815-2.jpg,11.9099179,-86.5930635,farm
qc6814,Venta de Bodega en Sabana Grande,Bodega,Sabana grande,Managua,Managua,,2,3,"2,000.00",Mt²,,,1500000.00,USD,"Excelente oportunidad de inversión en zona industrial y de fácil acceso. Esta bodega cuenta con amplios espacios ideales para almacenamiento, operaciones logísticas, distribución o instalación de...",https://www.quierocasa.com/anuncio/qc6814/0/venta-de-bodega-en-sabana-grande.htm,https://www.quierocasa.com/gallery/qc6814/350/qc6814-3.jpg,11.9099179,-86.5930635,farm
qc6813,Bodega en Venta en Sabana Grande,Bodega,Sabana grande,Managua,Managua,,2,3,"1,000.00",Mt²,,,750000.00,USD,"Gran oportunidad para inversión industrial o logística en Sabana Grande, zona de excelente accesibilidad y crecimiento. Esta bodega ofrece características ideales para almacenamiento, centro de dis...",https://www.quierocasa.com/anuncio/qc6813/0/bodega-en-venta-en-sabana-grande.htm,https://www.quierocasa.com/gallery/qc6813/350/qc6813-1.jpg,11.9099179,-86.5930635,farm
qc7132,Casa en Venta en Colonia 10 de Junio,Casa,Colonia 10 de Junio,Managua,Managua,3,2,1,,,,,100000.00,USD,"¡Haz realidad el sueño de tener tu propio hogar! Esta acogedora casa en venta en la Colonia 10 de Junio ofrece espacios cómodos y funcionales, ideales para disfrutar en familia en un ambiente segur...",https://www.quierocasa.com/anuncio/qc7132/0/casa-en-venta-en-colonia-10-de-junio.htm,https://www.quierocasa.com/gallery/qc7132/350/qc7132-1.jpg,12.1345737,-86.2437440,neighbourhood
qc7129,Terreno en Venta en Carretera Vieja a León,Terreno,Carretera Vieja a Leon,Managua,Managua,,,,,,"9,490.00",Vrs²,130000.00,USD,"¡Excelente oportunidad de inversión! Este amplio terreno de 9,490 varas² está ubicado sobre Carretera Vieja a León, en una zona de gran crecimiento y desarrollo, con fácil acceso a las principal...",https://www.quierocasa.com/anuncio/qc7129/0/terreno-en-venta-en-carretera-vieja-a-leon.htm,https://www.quierocasa.com/gallery/qc7129/350/qc7129-8.jpg,12.0731952,-86.4953759,trunk
qc6176,Preciosa Casa en venta en Santo Domingo,Casa,Santo Domingo,Managua,Managua,4,4.5,2,409.00,Mt²,963.00,Vrs²,490000.00,USD,"Descubre esta espectacular casa ubicada en un condominio exclusivo en Santo Domingo, una de las zonas más seguras y prestigiosas de la ciudad. Rodeada de comercios, restaurantes, y servicios esencial...",https://www.quierocasa.com/anuncio/qc6176/0/preciosa-casa-en-venta-en-santo-domingo.htm,https://www.quierocasa.com/gallery/qc6176/350/qc6176-11.jpg,12.1516383,-86.2663177,administrative
qc6976,Preciosa Casa en Venta en Carretera Sur,Casa,Carretera Sur,Managua,Managua,3,2.5,2,220.00,Mt²,590.00,Vrs²,150000.00,USD,"Descubre esta hermosa casa en venta en Carretera Sur, ubicada en una zona residencial segura, fresca y de fácil acceso, ideal para familias que buscan tranquilidad, comodidad y buena conectividad den...",https://www.quierocasa.com/anuncio/qc6976/0/preciosa-casa-en-venta-en-carretera-sur.htm,https://www.quierocasa.com/gallery/qc6976/350/qc6976-14.jpg,12.1412787,-86.2953782,trunk
qc3150,Preciosa casa en Villa Fontana,Casa,Villa Fontana,Managua,Managua,3,5,8,500.00,Mt²,"2,000.00",Vrs²,675000.00,USD,"La casa cuenta con paneles solares de inyección directa que generan 1.5 Kw horac alentamiento de agua ? por energía solar, 4 aires acondicionados tecnología inverter y abanico de techos en todos lo...",https://www.quierocasa.com/anuncio/qc3150/0/preciosa-casa-en-villa-fontana.htm,https://www.quierocasa.com/gallery/qc3150/350/qc3150-49.jpg,12.1033874,-86.2671277,administrative
qc6842,Venta de Local en Las Colinas,Local Comercial,Las Colinas,Managua,Managua,,1,2,149.00,Mt²,,,327800.00,USD,"Excelente oportunidad de inversión en una de las zonas más exclusivas y de alta plusvalía de Managua. Este local ofrece amplitud, funcionalidad y una ubicación privilegiada, ideal para oficinas, c...",https://www.quierocasa.com/anuncio/qc6842/0/venta-de-local-en-las-colinas.htm,https://www.quierocasa.com/gallery/qc6842/350/qc6842-16.jpg,12.1964007,-86.3692092,village
qc7123,Local Comercial en Venta en Santo Domingo,Local Comercial,Santo Domingo,Managua,Managua,,1,40,52.00,Mt²,,,130000.00,USD,"¡Gran oportunidad de inversión en una de las zonas de mayor crecimiento y plusvalía de Managua! Invierte en un local comercial ubicado en Plaza El Ángel, Santo Domingo, un moderno centro comerc...",https://www.quierocasa.com/anuncio/qc7123/0/local-comercial-en-venta-en-santo-domingo.htm,https://www.quierocasa.com/gallery/qc7123/350/qc7123-2.jpg,12.1516383,-86.2663177,administrative
qc6133,Hermosa residencia en venta en Carretera Masaya,Casa,Carretera a Masaya,Managua,Managua,3,2.5,2,,,,,160000.00,USD,"Descubre esta hermosa casa ubicada en un condominio seguro y silencioso, ideal para disfrutar de la tranquilidad y seguridad que tu familia merece. En la planta baja, cuenta con una lavandería bajo t...",https://www.quierocasa.com/anuncio/qc6133/0/hermosa-residencia-en-venta-en-carretera-masaya.htm,https://www.quierocasa.com/gallery/qc6133/350/qc6133-1.jpg,12.0777949,-86.2231504,trunk
qc7119,Preciosa Residencia en Venta en Santo Domingo,Casa,Santo Domingo,Managua,Managua,3,2.5,2,,,,,420000.00,USD,"Te presentamos esta impresionante residencia, un verdadero santuario de modernidad y elegancia. Diseñada meticulosamente para quienes buscan no solo una casa, sino una experiencia de vida superior. E...",https://www.quierocasa.com/anuncio/qc7119/0/preciosa-residencia-en-venta-en-santo-domingo.htm,https://www.quierocasa.com/gallery/qc7119/350/qc7119-16.jpg,12.1516383,-86.2663177,administrative
qc7118,Local Comercial en Venta en Mercado Oriental,Local Comercial,Mercado Oriental,Managua,Managua,,1,2,300.00,Mt²,,,180000.00,USD,¡Excelente oportunidad de inversión en una de las zonas comerciales más dinámicas y concurridas de Managua! Este local comercial en venta en Mercado Oriental cuenta con 300 mts² de construcci...,https://www.quierocasa.com/anuncio/qc7118/0/local-comercial-en-venta-en-mercado-oriental.htm,https://www.quierocasa.com/gallery/qc7118/350/qc7118-1.jpg,12.1485742,-86.2601307,commercial
qc7107,Apartamento en Venta en Las Colinas,Apartamento,Las Colinas,Managua,Managua,2,2,2,,,,,265000.00,USD,"Descubre la comodidad y tranquilidad que siempre has buscado en este hermoso apartamento ubicado en una de las zonas más exclusivas y seguras de Las Colinas. Diseñado para brindar confort, funcional...",https://www.quierocasa.com/anuncio/qc7107/0/apartamento-en-venta-en-las-colinas.htm,https://www.quierocasa.com/gallery/qc7107/350/qc7107-10.jpg,12.1964007,-86.3692092,village
qc5726,Preciosa casa nueva en venta en Santo Domingo,Casa,Santo Domingo,Managua,Managua,3,3.5,2,260.00,Mt²,824.00,Vrs²,450000.00,USD,Quieres vivir con grandes comodidades para tu descanso y desempeño profesional sin necesidad de salir de casa? Experimenta la perfecta fusión de la vida moderna y la belleza natural en esta precios...,https://www.quierocasa.com/anuncio/qc5726/0/preciosa-casa-nueva-en-venta-en-santo-domingo.htm,https://www.quierocasa.com/gallery/qc5726/350/qc5726-35.jpg,12.1516383,-86.2663177,administrative
qc7106,Casa en Venta en Gran Pacífica Resort,Casa,GRAN PACIFICA BEACH RESORT,San Rafael del Sur,Managua,3,3,2,120.00,Mt²,859.64,Vrs²,279000.00,USD,"Disfruta de vivir en un exclusivo ambiente de playa, tranquilidad y confort en esta hermosa casa ubicada en Gran Pacífica Resort, ideal para quienes desean una propiedad para descanso, inversión o r...",https://www.quierocasa.com/anuncio/qc7106/0/casa-en-venta-en-gran-pacifica-resort.htm,https://www.quierocasa.com/gallery/qc7106/350/qc7106-1.jpg,11.8719408,-86.4614726,bus_stop
qc7105,Preciosa Casa en Venta en Carretera a Masaya,Casa,Carretera a Masaya,Managua,Managua,3,4.5,4,,,,,495000.00,USD,"Descubre esta hermosa y amplia casa de dos plantas, ubicada en una de las zonas más exclusivas y accesibles de Carretera a Masaya, ideal para familias que buscan comodidad, seguridad y espacios bien ...",https://www.quierocasa.com/anuncio/qc7105/0/preciosa-casa-en-venta-en-carretera-a-masaya.htm,https://www.quierocasa.com/gallery/qc7105/350/qc7105-1.jpg,12.0777949,-86.2231504,trunk
qc7104,Casa en Venta en Montoya,Casa,Montoya,Managua,Managua,4,3,2,334.48,Mt²,455.13,Vrs²,140000.00,USD,"Amplia y cómoda propiedad ubicada en una zona accesible y estratégica de Montoya, ideal para familias que buscan espacios funcionales, comodidad y excelente distribución para disfrutar cada ambient...",https://www.quierocasa.com/anuncio/qc7104/0/casa-en-venta-en-montoya.htm,https://www.quierocasa.com/gallery/qc7104/350/qc7104-2.jpg,12.1479743,-86.2876242,bus_stop
qc7103,"Finca en Venta en Comarca Las Delicias, San Francisco Libre",Finca,Managua,Managua,Managua,,1,5,,,99.20,Mz,753920.00,USD,"Excelente oportunidad de inversión agrícola y productiva. Esta impresionante finca de 99.2 manzanas está ubicada en una zona estratégica de fácil acceso, ideal para producción agrícola, desarro...",https://www.quierocasa.com/anuncio/qc7103/0/finca-en-venta-en-comarca-las-delicias-san-francisco-libre.htm,https://www.quierocasa.com/gallery/qc7103/350/qc7103-1.jpg,12.1547116,-86.2737250,administrative
qc7100,Casa en Venta en Villa Fontana Sur,Casa,Villa Fontana Sur,Managua,Managua,4,4,2,220.00,Mt²,"1,128.00",Vrs²,295000.00,USD,"Hermosa y amplia casa de dos plantas ubicada en una de las zonas más exclusivas, seguras y de fácil acceso de la ciudad. Esta propiedad combina comodidad, elegancia y espacios funcionales, ideal par...",https://www.quierocasa.com/anuncio/qc7100/0/casa-en-venta-en-villa-fontana-sur.htm,https://www.quierocasa.com/gallery/qc7100/350/qc7100-1.jpg,12.1033874,-86.2671277,administrative
qc7097,Casa en Venta en Carretera a Masaya,Casa,Carretera a Masaya,Managua,Managua,4,3.5,6,345.00,Mt²,"5,000.00",Vrs²,346000.00,USD,Amplia y cómoda propiedad ubicada en una de las zonas de mayor crecimiento y plusvalía de la ciudad. Esta hermosa casa en Carretera a Masaya ofrece espacios funcionales y un ambiente ideal para fami...,https://www.quierocasa.com/anuncio/qc7097/0/casa-en-venta-en-carretera-a-masaya.htm,https://www.quierocasa.com/gallery/qc7097/350/qc7097-1.jpg,12.0777949,-86.2231504,trunk
qc7094,Casa en Venta en Carretera a Masaya,Casa,Carretera a Masaya,Managua,Managua,3,3,2,,,,,199000.00,USD,"Hermosa propiedad ubicada en una de las zonas de mayor crecimiento y plusvalía de la ciudad. Esta casa en Carretera a Masaya ofrece comodidad, funcionalidad y un ambiente ideal para disfrutar en fami...",https://www.quierocasa.com/anuncio/qc7094/0/casa-en-venta-en-carretera-a-masaya.htm,https://www.quierocasa.com/gallery/qc7094/350/qc7094-1.jpg,12.0777949,-86.2231504,trunk
qc6992,Complejo de 5 Apartamentos en Ventaen Carretera a Masaya,Apartamento,Carretera a Masaya,Managua,Managua,2,2,2,533.00,Mt²,"2,738.00",Vrs²,600000.00,USD,"Se vende complejo de 5 apartamentos ubicado en Carretera a Masaya, una zona de alta demanda residencial, segura y de fácil acceso, ideal para inversionistas que buscan generar ingresos por renta o de...",https://www.quierocasa.com/anuncio/qc6992/0/complejo-de-5-apartamentos-en-ventaen-carretera-a-masaya.htm,https://www.quierocasa.com/gallery/qc6992/350/qc6992-1.jpg,12.0777949,-86.2231504,trunk
qc7089,Terreno en Venta en Carretera a Masaya,Terreno,Carretera a Masaya,Managua,Managua,,,,,,7.72,Mz,926220.00,USD,"Excelente oportunidad de inversión en una de las zonas con mayor crecimiento y desarrollo del país. Este amplio terreno ubicado sobre la Carretera a Masaya ofrece una ubicación estratégica, ideal ...",https://www.quierocasa.com/anuncio/qc7089/0/terreno-en-venta-en-carretera-a-masaya.htm,https://www.quierocasa.com/gallery/qc7089/350/qc7089-1.jpg,12.0777949,-86.2231504,trunk
qc7087,Casa en Venta en Santo Domingo,Casa,Santo Domingo,Managua,Managua,4,3.5,2,216.00,Mt²,540.00,Vrs²,195000.00,USD,"Descubre esta hermosa propiedad ubicada en Santo Domingo, una de las zonas más exclusivas, seguras y de mayor plusvalía de la ciudad. Ideal para familias que buscan comodidad, amplitud y tranquilida...",https://www.quierocasa.com/anuncio/qc7087/0/casa-en-venta-en-santo-domingo.htm,https://www.quierocasa.com/gallery/qc7087/350/qc7087-1.jpg,12.1516383,-86.2663177,administrative
qc7086,Amplio Terreno en Venta en Carretera Tipitapa - Masaya,Terreno,Managua,Managua,Managua,,,,,,9.00,Mz,900000.00,USD,Excelente oportunidad de inversión en una zona estratégica y de gran potencial de desarrollo. Este amplio terreno ubicado sobre la Carretera Tipitapa - Masaya ofrece una ubicación privilegiada con ...,https://www.quierocasa.com/anuncio/qc7086/0/amplio-terreno-en-venta-en-carretera-tipitapa---masaya.htm,https://www.quierocasa.com/gallery/qc7086/350/qc7086-1.jpg,12.1547116,-86.2737250,administrative
qc7083,Venta de Local en Zona del Mercado Oriental,Local Comercial,Mercado Oriental,Managua,Managua,,1,2,11.41,Mt²,,,20000.00,USD,Excelente oportunidad de inversión en una de las zonas comerciales más dinámicas y concurridas de la ciudad. Este local ubicado en el área de Mercado Oriental es ideal para emprendedores o comerci...,https://www.quierocasa.com/anuncio/qc7083/0/venta-de-local-en-zona-del-mercado-oriental.htm,https://www.quierocasa.com/gallery/qc7083/350/qc7083-3.jpg,12.1485742,-86.2601307,commercial
qc7082,Local en Venta en Zona del Mercado Oriental,Local Comercial,Mercado Oriental,Managua,Managua,,1,2,6.00,Mt²,,,12000.00,USD,Excelente oportunidad para invertir o iniciar tu negocio en una de las zonas comerciales más dinámicas y concurridas de la ciudad. Este local ubicado en el sector de Mercado Oriental ofrece una ubic...,https://www.quierocasa.com/anuncio/qc7082/0/local-en-venta-en-zona-del-mercado-oriental.htm,https://www.quierocasa.com/gallery/qc7082/350/qc7082-3.jpg,12.1485742,-86.2601307,commercial
qc6185,Espectacular Casa en Venta en Santo Domingo,Casa,Santo Domingo,Managua,Managua,4,4,7,515.97,Mt²,"2,700.00",Vrs²,525000.00,USD,"Ubicada en una de las zonas más exclusivas y seguras de Santo Domingo, esta hermosa propiedad de una planta ofrece amplios espacios, confort y una distribución ideal para el disfrute familiar. Con u...",https://www.quierocasa.com/anuncio/qc6185/0/espectacular-casa-en-venta-en-santo-domingo.htm,https://www.quierocasa.com/gallery/qc6185/350/qc6185-25.jpg,12.1516383,-86.2663177,administrative
qc7080,Casa en Venta en Carretera a Masaya,Casa,Carretera a Masaya,Managua,Managua,3,2,2,140.00,Mt²,503.57,Vrs²,140000.00,USD,"Descubre esta hermosa casa ubicada en Carretera a Masaya, dentro del exclusivo Residencial Palmetto, una zona segura, tranquila y de fácil acceso, ideal para disfrutar en familia. La propiedad cue...",https://www.quierocasa.com/anuncio/qc7080/0/casa-en-venta-en-carretera-a-masaya.htm,https://www.quierocasa.com/gallery/qc7080/350/qc7080-9.jpg,12.0777949,-86.2231504,trunk
qc7079,Local en Venta en Altamira,Local Comercial,Altamira,Managua,Managua,,2,5,418.00,Mt²,309.00,Vrs²,295000.00,USD,"Excelente oportunidad de inversión. Se vende amplio local de dos plantas ubicada en Altamira, una de las zonas más céntricas y estratégicas de Managua, ideal para empresas, negocios o inversionist...",https://www.quierocasa.com/anuncio/qc7079/0/local-en-venta-en-altamira.htm,https://www.quierocasa.com/gallery/qc7079/350/qc7079-1.jpg,12.1254717,-86.2541078,bus_stop
qc7062,Casa en Venta en Carretera a Masaya,Casa,Carretera a Masaya,Managua,Managua,3,2,2,135.00,Mt²,484.00,Vrs²,140000.00,USD,"Descubre esta excelente oportunidad de adquirir tu hogar en una de las zonas de mayor crecimiento y plusvalía de la ciudad. Ubicada en Carretera a Masaya, esta propiedad combina comodidad, funcionali...",https://www.quierocasa.com/anuncio/qc7062/0/casa-en-venta-en-carretera-a-masaya.htm,https://www.quierocasa.com/gallery/qc7062/350/qc7062-1.jpg,12.0777949,-86.2231504,trunk
qc7074,Hermosa Finca en Venta en Carretera Vieja a León,Finca,Carretera Vieja a Leon,Managua,Managua,,,,700.00,Mt²,"17,000.00",Vrs²,450000.00,USD,"Una excelente oportunidad para invertir en una propiedad amplia, funcional y con gran potencial, ubicada en una zona de fácil acceso y rodeada de un ambiente tranquilo y natural. Ideal para uso resid...",https://www.quierocasa.com/anuncio/qc7074/0/hermosa-finca-en-venta-en-carretera-vieja-a-leon.htm,https://www.quierocasa.com/gallery/qc7074/350/qc7074-7.jpg,12.0731952,-86.4953759,trunk
qc6760,Preciosa Casa en venta en Santo Domingo,Casa,Santo Domingo,Managua,Managua,3,3,8,496.00,Mt²,"2,227.10",Vrs²,590000.00,USD,"Descubre esta hermosa casa de dos plantas ubicada en una de las zonas más exclusivas y seguras de Santo Domingo, ideal para quienes buscan comodidad, amplitud y un entorno natural en el hogar. La ...",https://www.quierocasa.com/anuncio/qc6760/0/preciosa-casa-en-venta-en-santo-domingo.htm,https://www.quierocasa.com/gallery/qc6760/350/qc6760-1.jpg,12.1516383,-86.2663177,administrative
qc2714,Hermosa casa en Santo domingo,Casa,Santo Domingo,Managua,Managua,5,4.5,2,350.00,Mt²,"1,200.00",Vrs²,396000.00,USD,"Descubre esta espectacular residencia ubicada dentro de un condominio exclusivo y seguro en Santo Domingo, ideal para quienes buscan privacidad, tranquilidad y una excelente ubicación. Se encuentra c...",https://www.quierocasa.com/anuncio/qc2714/0/hermosa-casa-en-santo-domingo.htm,https://www.quierocasa.com/gallery/qc2714/350/qc2714-8.jpg,12.1516383,-86.2663177,administrative
qc6744,Casa en Venta en Carretera a Masaya,Casa,Carretera a Masaya,Managua,Managua,3,3.5,2,280.00,Mt²,,,339000.00,USD,"Vive con comodidad y seguridad en esta hermosa casa de dos plantas, ubicada en una zona de gran plusvalía y fácil acceso. Su diseño combina amplitud, funcionalidad y un ambiente ideal para disfruta...",https://www.quierocasa.com/anuncio/qc6744/0/casa-en-venta-en-carretera-a-masaya.htm,https://www.quierocasa.com/gallery/qc6744/350/qc6744-13.jpg,12.0777949,-86.2231504,trunk
qc6746,Preciosa casa en venta en Santo Domingo,Casa,Santo Domingo,Managua,Managua,2,2.5,2,197.00,Mt²,378.00,Mt²,266000.00,USD,"Vive en Santo Domingo, el lugar que lo tiene todo a tan solo 5 minutos de Galerías, este proyecto exclusivo combina comodidad, naturaleza y un diseño moderno pensado para toda la familia. Aquí disf...",https://www.quierocasa.com/anuncio/qc6746/0/preciosa-casa-en-venta-en-santo-domingo.htm,https://www.quierocasa.com/gallery/qc6746/350/qc6746-8.jpg,12.1516383,-86.2663177,administrative
qc6745,Preciosa casa en venta en Santo Domingo,Casa,Santo Domingo,Managua,Managua,3,2.5,2,197.00,Mt²,480.43,Vrs²,282000.00,USD,"Ubicado en una de las mejores zonas de Managua, a tan solo 5 minutos de Galerías, este desarrollo residencial ofrece un estilo de vida único, rodeado de naturaleza y con amenidades pensadas para tu ...",https://www.quierocasa.com/anuncio/qc6745/0/preciosa-casa-en-venta-en-santo-domingo.htm,https://www.quierocasa.com/gallery/qc6745/350/qc6745-8.jpg,12.1516383,-86.2663177,administrative
qc6208,Preciosa casa en venta en Santo Domingo,Casa,Santo Domingo,Managua,Managua,3,3.5,2,264.00,Mt²,787.74,Vrs²,373000.00,USD,"Descubre la experiencia de vivir en un hermosa casa con diseño contemporáneo que se adapta a tus necesidades y estilo de vida, ubicado en una zona privilegiada. A solo minutos de centros comerciales...",https://www.quierocasa.com/anuncio/qc6208/0/preciosa-casa-en-venta-en-santo-domingo.htm,https://www.quierocasa.com/gallery/qc6208/350/qc6208-1.jpg,12.1516383,-86.2663177,administrative
qc6916,Excelente oportunidad de inversión en Managua,Bodega,Mercado Oriental,Managua,Managua,2,2,5,"2,030.54",Mt²,"2,880.14",Vrs²,937000.00,USD,"Se ofrece en venta amplia bodega ubicada estratégicamente en Managua, desarrollada sobre un terreno de 2,880.14 varas cuadradas y con una construcción total de 2,030.54 metros cuadrados, destacándo...",https://www.quierocasa.com/anuncio/qc6916/0/excelente-oportunidad-de-inversion-en-managua.htm,https://www.quierocasa.com/gallery/qc6916/350/qc6916-17.jpg,12.1485742,-86.2601307,commercial
qc7056,Amplio Terreno en Venta en Carretera a Masaya,Terreno,Carretera a Masaya,Managua,Managua,,,,,,"32,500.00",Vrs²,487500.00,USD,"Excelente oportunidad de inversión en una de las zonas con mayor crecimiento y plusvalía de la ciudad. Este amplio terreno ofrece el espacio ideal para desarrollar proyectos residenciales, comercial...",https://www.quierocasa.com/anuncio/qc7056/0/amplio-terreno-en-venta-en-carretera-a-masaya.htm,https://www.quierocasa.com/gallery/qc7056/350/qc7056-3.jpg,12.0777949,-86.2231504,trunk
qc7054,Casa en Venta en Santo Domingo,Casa,Santo Domingo,Managua,Managua,4,5,2,600.00,Mt²,"1,700.00",Vrs²,750000.00,USD,"Preciosa casa en venta espectacular casa de dos plantas en Santo Domingo, ubicada en una de las zonas más exclusivas, seguras y de mayor plusvalía de Managua. Esta propiedad destaca por sus amplios...",https://www.quierocasa.com/anuncio/qc7054/0/casa-en-venta-en-santo-domingo.htm,https://www.quierocasa.com/gallery/qc7054/350/qc7054-1.jpg,12.1516383,-86.2663177,administrative
qc6168,Preciosa casa en venta en Las colinas,Casa,Las Colinas,Managua,Managua,3,2.5,2,140.00,Mt²,,,145000.00,USD,"Te presentamos una hermosa casa en venta ubicada en Portal de las Colinas, un lugar seguro y tranquilo. Este condominio ofrece la perfecta combinación entre comodidad y acceso a todo lo que necesitas...",https://www.quierocasa.com/anuncio/qc6168/0/preciosa-casa-en-venta-en-las-colinas.htm,https://www.quierocasa.com/gallery/qc6168/350/qc6168-22.jpg,12.1964007,-86.3692092,village
qc7048,Hermosa Casa en Venta en Villa Fontana,Casa,Villa Fontana,Managua,Managua,4,4,2,400.00,Mt²,"1,000.00",Vrs²,1300000.00,USD,"Descubrí esta espectacular propiedad ubicada en una de las zonas más exclusivas, seguras y de mayor plusvalía. Esta hermosa casa en Villa Fontana combina elegancia, amplitud y funcionalidad, ideal ...",https://www.quierocasa.com/anuncio/qc7048/0/hermosa-casa-en-venta-en-villa-fontana.htm,https://www.quierocasa.com/gallery/qc7048/350/qc7048-1.jpg,12.1033874,-86.2671277,administrative
qc5570,Precioso terreno en venta en Playa Remanso,Terreno,Remanso,San Juan del Sur,Rivas,,,,,,500.00,Mt²,90000.00,USD,"Playa Remanso es uno de esos destinos escondidos que los turistas se mueren por conocer. Sus olas son excelentes para practicar el surf, y los pobladores de la zona le ayudarán a encontrarle un delic...",https://www.quierocasa.com/anuncio/qc5570/0/precioso-terreno-en-venta-en-playa-remanso.htm,https://www.quierocasa.com/gallery/qc5570/350/qc5570-2.jpg,11.2208117,-85.8477729,beach
qc7046,Preciosa Casa en Venta en Santo Domingo,Casa,Santo Domingo,Managua,Managua,4,4,2,420.00,Mt²,"1,100.00",Vrs²,470000.00,USD,"Descubrí esta espectacular propiedad ubicada en una de las zonas más exclusivas, seguras y de mayor plusvalía. Esta elegante casa en Santo Domingo está diseñada para quienes buscan amplitud, priv...",https://www.quierocasa.com/anuncio/qc7046/0/preciosa-casa-en-venta-en-santo-domingo.htm,https://www.quierocasa.com/gallery/qc7046/350/qc7046-6.jpg,12.1516383,-86.2663177,administrative
qc4443,Preciosa Casa Amueblada en Venta en San Juan del Sur,Casa,San Juan del Sur,San Juan del Sur,Rivas,3,2,2,129.00,Mt²,350.00,Vrs²,195000.00,USD,"Descubrí el equilibrio perfecto entre confort, estilo y ubicación en esta hermosa casa completamente amueblada, ubicada en Villas de San Juan, a tan solo 2 km de la bahía de San Juan del Sur. Ideal...",https://www.quierocasa.com/anuncio/qc4443/0/preciosa-casa-amueblada-en-venta-en-san-juan-del-sur.htm,https://www.quierocasa.com/gallery/qc4443/350/qc4443-5.jpg,11.2542297,-85.8722797,administrative
qc5835,Descubre el Refugio de tus Sueños,Casa,San Juan del Sur,San Juan del Sur,Rivas,4,3.5,2,,,,,240000.00,USD,"Te presentamos esta impresionante residencia, un verdadero santuario de modernidad y elegancia, diseñada meticulosamente para quienes buscan no solo una casa, sino una experiencia de vida superior. ...",https://www.quierocasa.com/anuncio/qc5835/0/descubre-el-refugio-de-tus-suenos.htm,https://www.quierocasa.com/gallery/qc5835/350/qc5835-56.jpg,11.2542297,-85.8722797,administrative
qc1149,casa en venta en Las Cumbres: ¡Una oportunidad única!,Casa,Las Cumbres,Managua,Managua,3,2.5,2,,,,,270000.00,USD,"Hermosa casa de una planta en venta dentro de condominio seguro, centrico y silenicioso de facil acceso cerca de supermercados, escuelas, hospitales, bancos y estaciones de servicio. La casa posee ter...",https://www.quierocasa.com/anuncio/qc1149/0/casa-en-venta-en-las-cumbres-una-oportunidad-unica.htm,https://www.quierocasa.com/gallery/qc1149/350/qc1149-29.jpg,12.0993011,-86.2569419,administrative
qc7035,Hermosa Casa en Venta en Las Colinas,Casa,Las Colinas,Managua,Managua,4,4,2,300.00,Mt²,850.00,Vrs²,258000.00,USD,"Descubrí el hogar ideal para tu familia en una de las zonas más exclusivas, seguras y de mayor plusvalía. Esta espectacular propiedad de dos plantas combina amplitud, elegancia y funcionalidad en c...",https://www.quierocasa.com/anuncio/qc7035/0/hermosa-casa-en-venta-en-las-colinas.htm,https://www.quierocasa.com/gallery/qc7035/350/qc7035-4.jpg,12.1964007,-86.3692092,village
qc7032,Preciosa residencia en venta en Las Colinas,Casa,Las Colinas,Managua,Managua,4,4.5,2,,,,,650000.00,USD,"Hermosa casa en venta ubicada en Las Colinas, una de las zonas más exclusivas, seguras y de mayor plusvalía, ideal para familias grandes o ejecutivos que buscan confort, privacidad y espacios bien d...",https://www.quierocasa.com/anuncio/qc7032/0/preciosa-residencia-en-venta-en-las-colinas.htm,https://www.quierocasa.com/gallery/qc7032/350/qc7032-1.jpg,12.1964007,-86.3692092,village
qc6935,Casa en Venta en Las Colinas,Casa,Las Colinas,Managua,Managua,4,3.5,2,,,,,350000.00,USD,"Hermosa casa en venta ubicada en Las Colinas, una de las zonas más exclusivas, seguras y de mayor plusvalía, ideal para familias que buscan comodidad, amplitud y una excelente ubicación. La prop...",https://www.quierocasa.com/anuncio/qc6935/0/casa-en-venta-en-las-colinas.htm,https://www.quierocasa.com/gallery/qc6935/350/qc6935-2.jpg,12.1964007,-86.3692092,village
qc3696,Terreno en venta en Las colinas,Terreno,Las Colinas,Managua,Managua,,,,,,"16,411.00",Vrs²,574385.00,USD,"Hermoso terreno en venta ubicado en las Colinas Sur, zona centrica, segura, silenciosa y de facil acceso, cerca de centros comerciales, gasolineras, escuelas y hopitales.",https://www.quierocasa.com/anuncio/qc3696/0/terreno-en-venta-en-las-colinas.htm,https://www.quierocasa.com/gallery/qc3696/350/qc3696-10.jpg,12.1964007,-86.3692092,village
qc6705,Casa en Venta en Masaya,Casa,Masaya,Masaya,Masaya,3,2,1,112.00,Mt²,334.31,Vrs²,109110.34,USD,"¡Encuentra tu hogar ideal en Masaya! Esta acogedora casa ofrece comodidad, funcionalidad y espacios bien distribuidos, perfecta para familias que buscan tranquilidad y seguridad. - Sala - Co...",https://www.quierocasa.com/anuncio/qc6705/0/casa-en-venta-en-masaya.htm,https://www.quierocasa.com/gallery/qc6705/350/qc6705-1.jpg,11.9736474,-86.0960547,administrative
qc6704,Hermosa Casa en Venta en Masaya,Casa,Masaya,Masaya,Masaya,3,2,1,104.26,Mt²,342.16,Vrs²,103653.79,USD,"¡Haz realidad el sueño de tener tu propio hogar en Masaya! Esta acogedora casa combina comodidad, funcionalidad y una excelente ubicación, ideal para familias que buscan un espacio seguro y confort...",https://www.quierocasa.com/anuncio/qc6704/0/hermosa-casa-en-venta-en-masaya.htm,https://www.quierocasa.com/gallery/qc6704/350/qc6704-1.jpg,11.9736474,-86.0960547,administrative
qc6703,Bonita Casa en Venta en Masaya,Casa,Masaya,Masaya,Masaya,3,2,1,102.19,Mt²,334.31,Vrs²,101850.94,USD,"¡Tu nuevo hogar te espera en una zona tranquila y accesible de Masaya! Esta acogedora casa combina comodidad, funcionalidad y espacios bien distribuidos para toda la familia. - Sala - Comedor...",https://www.quierocasa.com/anuncio/qc6703/0/bonita-casa-en-venta-en-masaya.htm,https://www.quierocasa.com/gallery/qc6703/350/qc6703-1.jpg,11.9736474,-86.0960547,administrative
qc6702,Casa en Venta en Masaya,Casa,Masaya,Masaya,Masaya,3,2,1,86.58,Mt²,342.15,Vrs²,90540.99,USD,"¡Encuentra tu nuevo hogar en una ubicación cómoda y accesible! Esta acogedora casa en Masaya está diseñada para ofrecer confort, funcionalidad y espacios prácticos para toda la familia. - Sa...",https://www.quierocasa.com/anuncio/qc6702/0/casa-en-venta-en-masaya.htm,https://www.quierocasa.com/gallery/qc6702/350/qc6702-3.jpg,11.9736474,-86.0960547,administrative
qc7028,Amplio Terreno en Venta en Santo Domingo,Terreno,Santo Domingo,Managua,Managua,,,,,,"1,700.00",Vrs²,212500.00,USD,"Excelente oportunidad de inversión. Se vende amplio terreno ubicado en Santo Domingo, una de las zonas residenciales más exclusivas, tranquilas y de mayor plusvalía de Managua. Su ubicación privil...",https://www.quierocasa.com/anuncio/qc7028/0/amplio-terreno-en-venta-en-santo-domingo.htm,https://www.quierocasa.com/gallery/qc7028/350/qc7028-1.jpg,12.1516383,-86.2663177,administrative
qc2076,Venta de casa en Lomas de San Angel,Casa,Lomas de San Angel,Managua,Managua,4,3,3,,,,,235000.00,USD,"Se venta hermosa casa ubicada en lomas de san Angel, casa esquinera estilo 2 pisos, consta de 4 dormitorios, 3 baños completos. Cuarto de empleada con baño, Garaje doble, sala, antesala, comedor, co...",https://www.quierocasa.com/anuncio/qc2076/0/venta-de-casa-en-lomas-de-san-angel.htm,https://www.quierocasa.com/gallery/qc2076/350/qc2076-18.jpg,12.1137458,-86.2794201,administrative
qc7021,Bodega en Venta en Altamira,Bodega,Altamira,Managua,Managua,,2,5,418.00,Mt²,309.00,Vrs²,295000.00,USD,"Excelente oportunidad de inversión. Se vende amplia bodega de dos plantas ubicada en Altamira, una de las zonas más céntricas y estratégicas de Managua, ideal para empresas, negocios o inversionis...",https://www.quierocasa.com/anuncio/qc7021/0/bodega-en-venta-en-altamira.htm,https://www.quierocasa.com/gallery/qc7021/350/qc7021-1.jpg,12.1254717,-86.2541078,bus_stop
qc7018,Terreno en Venta en Carretera Norte,Terreno,Carretera Norte,Managua,Managua,,,,,,"38,875.00",Vrs²,3887536.00,USD,"Excelente oportunidad de inversión. Se vende amplio terreno ubicado en Carretera Norte, una de las zonas más estratégicas y de mayor movimiento comercial e industrial de Managua. Su ubicación priv...",https://www.quierocasa.com/anuncio/qc7018/0/terreno-en-venta-en-carretera-norte.htm,https://www.quierocasa.com/gallery/qc7018/350/qc7018-1.jpg,12.1478489,-86.1952672,trunk
qc7017,Venta de Terreno en Pista Suburbana,Terreno,Pista Sub Urbana,Managua,Managua,,,,,,"59,454.00",Vrs²,3567240.00,USD,"Excelente oportunidad de inversión. Se vende amplio terreno ubicado sobre la Pista Suburbana, una de las vías más importantes y de mayor circulación en Managua, con fácil acceso a diferentes punt...",https://www.quierocasa.com/anuncio/qc7017/0/venta-de-terreno-en-pista-suburbana.htm,https://www.quierocasa.com/gallery/qc7017/350/qc7017-1.jpg,12.1092791,-86.2792096,tertiary
qc7016,Terreno en Venta Cerca del Parque de Ferias,Terreno,San Isidro de Bolas,Managua,Managua,,,,,,"38,014.00",Vrs²,1900701.00,USD,"Excelente oportunidad de inversión. Se vende amplio terreno ubicado en una zona estratégica cerca del Parque de Ferias, en Managua, un sector con fácil acceso y alto potencial para desarrollo comer...",https://www.quierocasa.com/anuncio/qc7016/0/terreno-en-venta-cerca-del-parque-de-ferias.htm,https://www.quierocasa.com/gallery/qc7016/350/qc7016-1.jpg,12.1016692,-86.2916279,bus_stop
qc7015,Amplio Terreno en Venta en Las Cumbres,Terreno,Las Cumbres,Managua,Managua,,,,,,"6,882.00",Vrs²,1273305.00,USD,"Excelente oportunidad de inversión. Se vende amplio terreno ubicado en la exclusiva zona de Las Cumbres, una de las áreas residenciales más tranquilas, seguras y de mayor plusvalía de la ciudad. S...",https://www.quierocasa.com/anuncio/qc7015/0/amplio-terreno-en-venta-en-las-cumbres.htm,https://www.quierocasa.com/gallery/qc7015/350/qc7015-1.jpg,12.0993011,-86.2569419,administrative
qc3015,"Bonita casa en Villas de San Juan, San Juan del sur.",Casa,San Juan del Sur,San Juan del Sur,Rivas,3,2,2,,,350.00,Vrs²,85000.00,USD,"Esta preciosa propiedad cuenta con Pequeña terraza en la parte de atrás. Increíble oportunidad de adquirir una propiedad a estrenar, casa totalmente nueva en un desarrollo tranquilo y seguro. M...",https://www.quierocasa.com/anuncio/qc3015/0/bonita-casa-en-villas-de-san-juan-san-juan-del-sur.htm,https://www.quierocasa.com/gallery/qc3015/350/qc3015-1.jpg,11.2542297,-85.8722797,administrative
qc6911,Hermosa casa en venta en Santo Domingo,Casa,Santo Domingo,Managua,Managua,3,3,2,165.00,Mt²,,,225000.00,USD,"Hermosa casa en venta ubicada en Santo Domingo, zona céntrica, segura y de fácil acceso, cerca de los principales centros comerciales, tiendas y servicios de la zona. La propiedad se encuentra dentr...",https://www.quierocasa.com/anuncio/qc6911/0/hermosa-casa-en-venta-en-santo-domingo.htm,https://www.quierocasa.com/gallery/qc6911/350/qc6911-26.jpg,12.1516383,-86.2663177,administrative
qc7002,Terreno en Venta en Ticuantepe,Terreno,Ticuantepe,Ticuantepe,Managua,,,,,,"8,925.00",Mt²,559000.00,USD,"Excelente oportunidad de inversión en una zona estratégica y de constante crecimiento. Este terreno se encuentra ubicado en Ticuantepe, un sector con gran desarrollo comercial, industrial y residenc...",https://www.quierocasa.com/anuncio/qc7002/0/terreno-en-venta-en-ticuantepe.htm,https://www.quierocasa.com/gallery/qc7002/350/qc7002-5.jpg,12.0217671,-86.2053144,administrative
qc7001,Terreno en Venta en Ticuantepe,Terreno,Ticuantepe,Ticuantepe,Managua,,,,,,"28,600.00",Mt²,365000.00,USD,"Excelente oportunidad de inversión en una zona con gran potencial de crecimiento. Este amplio terreno de 28,600 mts² se encuentra ubicado en Ticuantepe, una zona privilegiada por su belleza natural,...",https://www.quierocasa.com/anuncio/qc7001/0/terreno-en-venta-en-ticuantepe.htm,https://www.quierocasa.com/gallery/qc7001/350/qc7001-18.jpg,12.0217671,-86.2053144,administrative
qc6877,Preciosa residencia en venta en Santo Domingo,Casa,Santo Domingo,Managua,Managua,3,2.5,2,215.00,Mt²,569.25,Vrs²,220000.00,USD,"Esta hermosa casa en Santo Domingo te recibe con espacios amplios y bien ventilados, diseñados para brindar confort en cada rincón del hogar. Su terraza y patio extra grande ofrecen un entorno perfe...",https://www.quierocasa.com/anuncio/qc6877/0/preciosa-residencia-en-venta-en-santo-domingo.htm,https://www.quierocasa.com/gallery/qc6877/350/qc6877-25.jpg,12.1516383,-86.2663177,administrative
qc6919,Preciosa Casa en Venta en Villa Fontana Sur,Casa,Villa Fontana Sur,Managua,Managua,4,4,2,285.00,Mt²,690.00,Vrs²,350000.00,USD,"Hermosa casa de dos plantas en venta ubicada en Villa Fontana Sur, dentro de un residencial exclusivo, seguro y de alta plusvalía, ideal para familias que buscan comodidad, amplitud y una excelente u...",https://www.quierocasa.com/anuncio/qc6919/0/preciosa-casa-en-venta-en-villa-fontana-sur.htm,https://www.quierocasa.com/gallery/qc6919/350/qc6919-34.jpg,12.1033874,-86.2671277,administrative
qc4522,Moderna casa nueva lista para estrenar,Casa,Las Colinas,Managua,Managua,3,3.5,2,221.00,Mt²,773.00,Vrs²,270000.00,USD,"Moderna casa nueva en venta ubicada en Las colinas, dentro de condominio exclusivo, céntrico y seguro, de fácil acceso, en su interior el condominio cuenta amplias calles, preciosas áreas verdes co...",https://www.quierocasa.com/anuncio/qc4522/0/moderna-casa-nueva-lista-para-estrenar.htm,https://www.quierocasa.com/gallery/qc4522/350/qc4522-18.jpg,12.1964007,-86.3692092,village
qc5108,Hermosa casa en venta,Casa,Ticuantepe,Managua,Managua,3,3.5,2,188.00,Mt²,547.00,Vrs²,147500.00,USD,"Hermosa casa en venta en carretera a masaya residencial Los Almendros, ubicada en zona segura y silenciosa, de fácil acceso, cerca de supermercados, tiendas, escuelas, gasolineras y bancos. Cuenta...",https://www.quierocasa.com/anuncio/qc5108/0/hermosa-casa-en-venta.htm,https://www.quierocasa.com/gallery/qc5108/350/qc5108-15.jpg,12.0217671,-86.2053144,administrative
qc6763,Venta de Terreno en Las Colinas,Terreno,Las Colinas,Managua,Managua,,,,,,"2,602.00",Vrs²,208160.00,USD,Oportunidad única de inversión en una de las zonas más exclusivas y con mayor plusvalía de Managua. Este amplio terreno ofrece el espacio perfecto para desarrollar el proyecto que siempre soñaste...,https://www.quierocasa.com/anuncio/qc6763/0/venta-de-terreno-en-las-colinas.htm,https://www.quierocasa.com/gallery/qc6763/350/qc6763-2.jpg,12.1964007,-86.3692092,village
qc6958,Amplio Terreno en Venta en Santo Domingo,Terreno,Santo Domingo,Managua,Managua,,,,,,"2,263.00",Vrs²,214985.00,USD,"Excelente oportunidad para invertir o construir la casa de tus sueños en una de las zonas más exclusivas y de mayor plusvalía de Santo Domingo. Este terreno en venta cuenta con un área de 2,263 va...",https://www.quierocasa.com/anuncio/qc6958/0/amplio-terreno-en-venta-en-santo-domingo.htm,https://www.quierocasa.com/gallery/qc6958/350/qc6958-4.jpg,12.1516383,-86.2663177,administrative
qc6959,Venta de Terreno en Santo Domingo,Terreno,Santo Domingo,Managua,Managua,,,,,,"1,891.00",Vrs²,170190.00,USD,"Excelente oportunidad para invertir o construir en una de las zonas residenciales más exclusivas y de mayor plusvalía de Santo Domingo. Este terreno en venta cuenta con un área de 1,891 varas cuadr...",https://www.quierocasa.com/anuncio/qc6959/0/venta-de-terreno-en-santo-domingo.htm,https://www.quierocasa.com/gallery/qc6959/350/qc6959-2.jpg,12.1516383,-86.2663177,administrative
qc6988,Casas en Venta en Santo Domingo,Casa,Santo Domingo,Managua,Managua,3,3,2,240.00,Mt²,500.00,Vrs²,1000000.00,USD,"Excelente oportunidad de inversión en Santo Domingo. Se venden 4 hermosas casas ubicadas en una zona residencial de alta demanda, ideal para vivir con tranquilidad, seguridad y excelente plusvalía. ...",https://www.quierocasa.com/anuncio/qc6988/0/casas-en-venta-en-santo-domingo.htm,https://www.quierocasa.com/gallery/qc6988/350/qc6988-1.jpg,12.1516383,-86.2663177,administrative
qc6987,Casa en Venta Santo Domingo,Casa,Santo Domingo,Managua,Managua,3,3,2,240.00,Mt²,500.00,Vrs²,250000.00,USD,"Esta hermosa casa, ubicada en Santo Domingo, combina comodidad, funcionalidad y elegancia en un entorno tranquilo y seguro, ideal para familias que buscan un hogar acogedor y bien equipado. Caracte...",https://www.quierocasa.com/anuncio/qc6987/0/casa-en-venta-santo-domingo.htm,https://www.quierocasa.com/gallery/qc6987/350/qc6987-1.jpg,12.1516383,-86.2663177,administrative
qc5005,Hermosa casa disponible para venta,Casa,Vista del Momotombo,Managua,Managua,3,2,1,,,365.00,Vrs²,67000.00,USD,"Bonita y amplia casa en venta en Residencial Vistas del Momotombo, ubicada en zona segura y silenciosa, de fácil acceso, cerca de centro de compras, supermercados, hospitales, escuelas y bancos. s...",https://www.quierocasa.com/anuncio/qc5005/0/hermosa-casa-disponible-para-venta.htm,https://www.quierocasa.com/gallery/qc5005/350/qc5005-1.jpg,12.1547116,-86.2737250,administrative
qc2464,"Venta de casa con piscina en Santa Lucía, santo domingo",Casa,Santo Domingo,Managua,Managua,3,3.5,2,275.00,Mt²,755.00,Mt²,390000.00,USD,"Preciosa y hermosa casa ubicada dentro de condominio privado y exclusivo. El condominio cuenta con garita de control de acceso, seguridad las 24 horas, amplias áreas verdes y acabados de primera...",https://www.quierocasa.com/anuncio/qc2464/0/venta-de-casa-con-piscina-en-santa-lucia-santo-domingo.htm,https://www.quierocasa.com/gallery/qc2464/350/qc2464-1.jpg,12.1516383,-86.2663177,administrative
qc6985,Amplio Terreno en Venta en Sabana Grande,Terreno,Sabana grande,Managua,Managua,,,,,,"8,000.00",Vrs²,80000.00,USD,"Excelente oportunidad de inversión en una zona de crecimiento y fácil acceso. Este amplio terreno de 8,000 varas cuadrados es ideal para desarrollar proyectos residenciales, agrícolas, recreativos ...",https://www.quierocasa.com/anuncio/qc6985/0/amplio-terreno-en-venta-en-sabana-grande.htm,https://www.quierocasa.com/gallery/qc6985/350/qc6985-5.jpg,11.9099179,-86.5930635,farm
qc6984,Terreno en Venta en Sabana Grande,Terreno,Sabana grande,Managua,Managua,,,,,,"4,000.00",Vrs²,40000.00,USD,"Excelente oportunidad de inversión en Sabana Grande. Se vende amplio terreno de 4,000 vrs², ideal para desarrollar tu proyecto residencial, casa de campo, bodegas o inversión a futuro. La propie...",https://www.quierocasa.com/anuncio/qc6984/0/terreno-en-venta-en-sabana-grande.htm,https://www.quierocasa.com/gallery/qc6984/350/qc6984-2.jpg,11.9099179,-86.5930635,farm
qc6710,Precioso terreno en venta en Donatello,Terreno,Las Colinas,Managua,Managua,,,,,,832.00,Vrs²,85000.00,USD,"Ubicado en un residencial exclusivo y seguro, este terreno es la oportunidad perfecta para construir el hogar de tus sueños. Su excelente ubicación te permite estar cerca de centros de compras, supe...",https://www.quierocasa.com/anuncio/qc6710/0/precioso-terreno-en-venta-en-donatello.htm,https://www.quierocasa.com/gallery/qc6710/350/qc6710-27.jpg,12.1964007,-86.3692092,village
qc6650,¡Tu nuevo hogar te espera en Las Colinas!,Casa,Las Colinas,Managua,Managua,3,3.5,2,221.00,Mt²,773.78,Vrs²,270000.00,USD,"En venta hermosa casa ubicada en una de las zonas más exclusivas y seguras de Managua. Esta propiedad ofrece una combinación perfecta de comodidad, amplitud y tranquilidad para disfrutar en familia....",https://www.quierocasa.com/anuncio/qc6650/0/tu-nuevo-hogar-te-espera-en-las-colinas.htm,https://www.quierocasa.com/gallery/qc6650/350/qc6650-1.jpg,12.1964007,-86.3692092,village
qc6979,Casa en Venta en Reparto San Juan,Casa,Reparto San Juan,Managua,Managua,5,5,4,350.64,Mt²,806.00,Vrs²,195000.00,USD,"Descubre esta cómoda y espaciosa propiedad ubicada en una zona accesible y tranquila de Reparto San Juan, ideal para familias grandes o quienes buscan amplitud y funcionalidad en cada ambiente. La...",https://www.quierocasa.com/anuncio/qc6979/0/casa-en-venta-en-reparto-san-juan.htm,https://www.quierocasa.com/gallery/qc6979/350/qc6979-1.jpg,12.1219000,-86.2697106,administrative
qc6747,Venta de Terreno en Donatello,Terreno,Las Colinas,Managua,Managua,,,,,,789.30,Vrs²,78000.00,USD,Haz realidad el hogar de tus sueños en una de las zonas más exclusivas y seguras de Managua. Este terreno de 789.30 varas cuadradas se encuentra dentro de un condominio privado que combina comodidad...,https://www.quierocasa.com/anuncio/qc6747/0/venta-de-terreno-en-donatello.htm,https://www.quierocasa.com/gallery/qc6747/350/qc6747-19.jpg,12.1964007,-86.3692092,village
qc3024,Venta de Preciosa casa en Foresta,Casa,Carretera a Masaya,Managua,Managua,3,2,2,,,,,110000.00,USD,"Esta hermosa propiedad cuenta con una linda terraza, tanque de agua, además se encuentra en una zona con clima fresco y con un ambiente agradable.",https://www.quierocasa.com/anuncio/qc3024/0/venta-de-preciosa-casa-en-foresta.htm,https://www.quierocasa.com/gallery/qc3024/350/qc3024-27.jpg,12.0777949,-86.2231504,trunk
qc6974,Amplia Bodega en Venta en Esteli,Bodega,Estelí,Estelí,Estelí,,1,10,672.00,Mt²,,,250000.00,USD,"Excelente oportunidad de inversión en Estelí con esta bodega de uso industrial y comercial, ideal para almacenamiento, distribución, talleres, logística o desarrollo de proyectos productivos. Su d...",https://www.quierocasa.com/anuncio/qc6974/0/amplia-bodega-en-venta-en-esteli.htm,https://www.quierocasa.com/gallery/qc6974/350/qc6974-1.jpg,13.0929621,-86.3561571,administrative
qc6494,Preciosa residencia en venta en Las Cumbres,Casa,Las Cumbres,Managua,Managua,4,4.5,5,408.00,Mt²,670.00,Vrs²,420000.00,USD,"Experimenta la perfecta fusión de la vida moderna y la belleza natural en esta preciosa residencia. Su arquitectura moderna y acabados de lujo se adaptan perfectamente a su entorno, el lugar perfecto...",https://www.quierocasa.com/anuncio/qc6494/0/preciosa-residencia-en-venta-en-las-cumbres.htm,https://www.quierocasa.com/gallery/qc6494/350/qc6494-15.jpg,12.0993011,-86.2569419,administrative
qc5679,Precioso terreno en venta en Camino de Oriente,Terreno,Camino de Oriente,Managua,Managua,,,,,,"10,000.00",Vrs²,3000000.00,USD,"Este terreno representa una oportunidad única para inversionistas visionarios con ubicación estratégica y gran potencial. Alta zona comercial, céntrico, seguro y de fácil acceso, cerca de superme...",https://www.quierocasa.com/anuncio/qc5679/0/precioso-terreno-en-venta-en-camino-de-oriente.htm,https://www.quierocasa.com/gallery/qc5679/350/qc5679-3.jpg,12.1114330,-86.2560217,residential
qc6757,Preciosa Casa en Venta en Santo Domingo,Casa,Santo Domingo,Managua,Managua,4,4,4,375.00,Mt²,"1,080.00",Vrs²,395000.00,USD,"Vive con el confort y la elegancia que tu familia merece en esta espectacular casa de dos plantas, ubicada en una de las zonas más exclusivas y seguras de Santo Domingo. Su diseño moderno, sus ampli...",https://www.quierocasa.com/anuncio/qc6757/0/preciosa-casa-en-venta-en-santo-domingo.htm,https://www.quierocasa.com/gallery/qc6757/350/qc6757-55.jpg,12.1516383,-86.2663177,administrative
qc6968,Casa en Venta en Santo Domingo,Casa,Santo Domingo,Managua,Managua,4,3,3,358.00,Mt²,"1,536.00",Vrs²,380000.00,USD,"Excelente oportunidad de adquirir una casa cómoda y funcional en la exclusiva y tranquila zona de Santo Domingo, ideal para familias que buscan amplitud, buena distribución y una ubicación de alta ...",https://www.quierocasa.com/anuncio/qc6968/0/casa-en-venta-en-santo-domingo.htm,https://www.quierocasa.com/gallery/qc6968/350/qc6968-1.jpg,12.1516383,-86.2663177,administrative
qc6964,Hermosa Casa en Venta en Santo Domingo,Casa,Santo Domingo,Managua,Managua,4,4.5,4,380.00,Mt²,"1,600.00",Vrs²,700000.00,USD,"Descubre la comodidad, el lujo y la funcionalidad en esta hermosa casa en venta, ubicada en la exclusiva zona de Santo Domingo, ideal para familias que buscan un hogar amplio, seguro y lleno de detall...",https://www.quierocasa.com/anuncio/qc6964/0/hermosa-casa-en-venta--en-santo-domingo.htm,https://www.quierocasa.com/gallery/qc6964/350/qc6964-17.jpg,12.1516383,-86.2663177,administrative
qc6963,Venta de Terreno en Villa Fontana,Terreno,Villa Fontana,Managua,Managua,,,,,,"3,006.29",Vrs²,87203.00,USD,"Excelente oportunidad para invertir o construir en una de las zonas más exclusivas y de mayor plusvalía de Managua. Este hermoso terreno en venta se ubica en Villa Fontana, una zona reconocida por s...",https://www.quierocasa.com/anuncio/qc6963/0/venta-de-terreno-en-villa-fontana.htm,https://www.quierocasa.com/gallery/qc6963/350/qc6963-4.jpg,12.1033874,-86.2671277,administrative
qc6962,Hermoso Terreno en Venta en Villa Fontana,Terreno,Villa Fontana,Managua,Managua,,,,,,"3,245.94",Vrs²,94146.00,USD,"Excelente oportunidad para invertir o construir en una de las zonas residenciales más exclusivas y de mayor plusvalía de Managua. Este hermoso terreno en venta se ubica en Villa Fontana, un sector r...",https://www.quierocasa.com/anuncio/qc6962/0/hermoso-terreno-en-venta-en-villa-fontana.htm,https://www.quierocasa.com/gallery/qc6962/350/qc6962-1.jpg,12.1033874,-86.2671277,administrative
qc6960,Amplio Terreno en Venta en Villa Fontana,Terreno,Villa Fontana,Managua,Managua,,,,,,"10,000.00",Vrs²,500000.00,USD,"Excelente oportunidad de inversión en una de las zonas más exclusivas y con mejor clima de Managua. Este amplio terreno en venta se ubica en Villa Fontana, ofreciendo una espectacular vista panorám...",https://www.quierocasa.com/anuncio/qc6960/0/amplio-terreno-en-venta-en-villa-fontana.htm,https://www.quierocasa.com/gallery/qc6960/350/qc6960-1.jpg,12.1033874,-86.2671277,administrative
qc6957,Terreno en Venta en Santo Domingo,Terreno,Santo Domingo,Managua,Managua,,,,,,"2,315.00",Vrs²,173625.00,USD,"Excelente oportunidad de inversión en una de las zonas más exclusivas y de mayor plusvalía de Santo Domingo. Este terreno en venta cuenta con un área de 2,315 varas cuadradas, ubicado dentro de un...",https://www.quierocasa.com/anuncio/qc6957/0/terreno-en-venta-en-santo-domingo.htm,https://www.quierocasa.com/gallery/qc6957/350/qc6957-5.jpg,12.1516383,-86.2663177,administrative
qc6956,Terreno en Venta en Santo Domingo,Terreno,Santo Domingo,Managua,Managua,,,,,,"2,000.00",Vrs²,190000.00,USD,"Excelente oportunidad de inversión en una de las zonas más exclusivas y de mayor plusvalía de Santo Domingo. Este terreno en venta cuenta con un área de 2,000 varas cuadradas, ubicado dentro de re...",https://www.quierocasa.com/anuncio/qc6956/0/terreno-en-venta-en-santo-domingo.htm,https://www.quierocasa.com/gallery/qc6956/350/qc6956-1.jpg,12.1516383,-86.2663177,administrative
qc6950,Hermosa Finca en Venta en Managua,Finca,Managua,Managua,Managua,,,,,,40.00,Mz,420000.00,USD,"Oportunidad única de inversión en una finca productiva y estratégicamente ubicada sobre la Carretera Tipitapa-Masaya. Con una extensión de 40 manzanas, esta propiedad es ideal para desarrollos agr...",https://www.quierocasa.com/anuncio/qc6950/0/hermosa-finca-en-venta-en-managua.htm,https://www.quierocasa.com/gallery/qc6950/350/qc6950-1.jpg,12.1547116,-86.2737250,administrative
qc6734,Moderna y ámplia casa en venta en Santo Domingo,Casa,Santo Domingo,Managua,Managua,3,3.5,2,190.00,Mt²,350.00,Vrs²,280000.00,USD,"Amplia y moderna residencia disponible en una de las zonas más exclusivas y seguras de Santo Domingo. Su diseño minimalista combina elegancia y funcionalidad, brindando espacios únicos y confortabl...",https://www.quierocasa.com/anuncio/qc6734/0/moderna-y-amplia-casa-en-venta-en-santo-domingo.htm,https://www.quierocasa.com/gallery/qc6734/350/qc6734-1.jpg,12.1516383,-86.2663177,administrative
qc4155,Moderna casa en venta en Santo Domingo,Casa,Santo Domingo,Managua,Managua,4,4.5,3,409.00,Mt²,"1,077.47",Vrs²,490000.00,USD,"Esta Moderna y lujosa casa se encuentra ubicada en santo domingo, dentro de un condominio exclusivo y seguro con un agradable clima, amplias calles y bellas áreas verdes, con un total de 10 casas de ...",https://www.quierocasa.com/anuncio/qc4155/0/moderna-casa-en-venta-en-santo-domingo.htm,https://www.quierocasa.com/gallery/qc4155/350/qc4155-10.jpg,12.1516383,-86.2663177,administrative
qc6949,Casa en Venta en Altamira,Casa,Planes de Altamira,Managua,Managua,8,8,2,574.64,Mt²,"1,112.12",Vrs²,270000.00,USD,"Espaciosa y elegante casa ubicada en la exclusiva zona de Altamira, ideal para familias grandes o como inversión para renta vacacional, gracias a su excelente distribución y amplias áreas sociales....",https://www.quierocasa.com/anuncio/qc6949/0/casa-en-venta-en-altamira.htm,https://www.quierocasa.com/gallery/qc6949/350/qc6949-5.jpg,12.1152990,-86.2651231,apartments
qc6947,Casa Amueblada en Venta en San Juan del Sur,Casa,San Juan del Sur,Rivas,Rivas,3,2,2,,,,,195000.00,USD,"Hermosa casa completamente amueblada, ubicada en San Juan del Sur, ideal tanto para residencia permanente como para inversión en renta vacacional, gracias a su excelente distribución y áreas de dis...",https://www.quierocasa.com/anuncio/qc6947/0/casa-amueblada-en-venta-en-san-juan-del-sur.htm,https://www.quierocasa.com/gallery/qc6947/350/qc6947-17.jpg,11.1943967,-85.8597572,administrative
qc6946,Terreno en venta en San Juan del Sur,Terreno,San Juan del Sur,Rivas,Rivas,,,,,,500.00,Mt²,100000.00,USD,"Excelente oportunidad para invertir en lotes desde 500 mts², ubicado en una zona alta y privilegiada de San Juan del Sur, ideal para quienes buscan exclusividad, vistas espectaculares y alta plusval...",https://www.quierocasa.com/anuncio/qc6946/0/terreno-en-venta-en-san-juan-del-sur.htm,https://www.quierocasa.com/gallery/qc6946/350/qc6946-1.jpg,11.1943967,-85.8597572,administrative
qc5608,Terreno en venta en San Juan del Sur,Terreno,San Juan del Sur,Rivas,,,,,,,709.00,Vrs²,100000.00,USD,Gran oportunidad de inversión en terreno de 709 vrs2. Con ubicación exclusiva en punta diamante San Juan del Sur.,https://www.quierocasa.com/anuncio/qc5608/0/terreno-en-venta-en-san-juan-del-sur.htm,https://www.quierocasa.com/gallery/qc5608/350/qc5608-3.jpg,11.1943967,-85.8597572,administrative
qc5563,Precioso terreno en San Juan del sur,Terreno,San Juan del Sur,Rivas,Rivas,,,,,,500.00,Vrs²,29500.00,USD,"Descubre la oportunidad de adquirir el lote de tus sueños en el lugar perfecto. Tenemos lotes disponibles en una ubicación privilegiada que te ofrece la tranquilidad y belleza de la naturaleza, si...",https://www.quierocasa.com/anuncio/qc5563/0/precioso-terreno-en-san-juan-del-sur.htm,https://www.quierocasa.com/gallery/qc5563/350/qc5563-1.jpg,11.1943967,-85.8597572,administrative
qc6927,Casa en Venta en Las Colinas,Casa,Las Colinas,Managua,Managua,3,3.5,2,270.00,Mt²,,,270000.00,USD,"Descubre esta magnífica casa ubicada en Las Colinas, diseñada para ofrecer el máximo confort y un estilo de vida de lujo. Cada rincón de esta propiedad refleja elegancia y funcionalidad, ideal par...",https://www.quierocasa.com/anuncio/qc6927/0/casa-en-venta-en-las-colinas.htm,https://www.quierocasa.com/gallery/qc6927/350/qc6927-4.jpg,12.1964007,-86.3692092,village
qc6849,Precioso Apartemento en venta en Santo Domingo,Apartamento,Managua,Managua,,2,1,2,,,,,170000.00,USD,"¡Oportunidad única de vivir en una de las zonas más exclusivas y seguras de Santo Domingo! Se vende moderno apartamento en Pinares de Santo Domingo, un residencial de alto nivel que combina elegan...",https://www.quierocasa.com/anuncio/qc6849/0/precioso-apartemento-en-venta-en-santo-domingo.htm,https://www.quierocasa.com/gallery/qc6849/350/qc6849-3.jpg,12.1547116,-86.2737250,administrative
qc6940,Casa en Venta en Santo Domingo,Casa,Santo Domingo,Managua,Managua,3,2.5,4,,,,,310000.00,USD,"Descubra esta hermosa casa ubicada en una de las zonas residenciales más exclusivas y seguras de Santo Domingo, ideal para quienes buscan comodidad, privacidad y una excelente calidad de vida en un e...",https://www.quierocasa.com/anuncio/qc6940/0/casa-en-venta-en-santo-domingo.htm,https://www.quierocasa.com/gallery/qc6940/350/qc6940-3.jpg,12.1516383,-86.2663177,administrative
qc6937,Amplio Terreno en Venta en Nindirí,Terreno,Nindirí,Nindirí,Masaya,,,,,,5.40,Mz,300000.00,USD,"Se vende amplio terreno ubicado en Nindirí, ideal para inversionistas, desarrolladores o proyectos agrícolas y residenciales, gracias a su excelente extensión y topografía. La propiedad cuenta ...",https://www.quierocasa.com/anuncio/qc6937/0/amplio-terreno-en-venta-en-nindiri.htm,https://www.quierocasa.com/gallery/qc6937/350/qc6937-1.jpg,12.0030065,-86.1201997,administrative
qc6933,Hermoso Terreno en Venta en Villa Fontana,Terreno,Villa Fontana,Managua,Managua,,,,,,"3,028.00",Vrs²,272520.00,USD,"Se vende hermoso terreno ubicado en Villa Fontana, una de las zonas más exclusivas y de mayor crecimiento, ideal para desarrollar un proyecto residencial o construir la casa de tus sueños. La pro...",https://www.quierocasa.com/anuncio/qc6933/0/hermoso-terreno-en-venta-en-villa-fontana.htm,https://www.quierocasa.com/gallery/qc6933/350/qc6933-1.jpg,12.1033874,-86.2671277,administrative
qc6884,Amplio Terreno en Venta en Santo Domingo,Terreno,Santo Domingo,Managua,Managua,,,,,,"1,639.53",Vrs²,160000.00,USD,"Descubre esta excelente oportunidad de inversión en una de las zonas más exclusivas, tranquilas y de mayor plusvalía de Managua. Este amplio terreno de 1,639.53 vrs² ofrece el espacio ideal para d...",https://www.quierocasa.com/anuncio/qc6884/0/amplio-terreno-en-venta-en-santo-domingo.htm,https://www.quierocasa.com/gallery/qc6884/350/qc6884-1.jpg,12.1516383,-86.2663177,administrative
qc6930,Hermosa Casa en Venta en Santo Domingo,Casa,Altos de Santo Domingo,Managua,Managua,3,3.5,2,374.00,Mt²,"1,143.00",Vrs²,580000.00,USD,"Hermosa casa en venta ubicada en Santo Domingo, dentro de un residencial exclusivo y seguro, ideal para quienes buscan comodidad, amplitud y un estilo de vida moderno. La propiedad cuenta con 3 sal...",https://www.quierocasa.com/anuncio/qc6930/0/hermosa-casa-en-venta-en-santo-domingo.htm,https://www.quierocasa.com/gallery/qc6930/350/qc6930-7.jpg,12.0832267,-86.2465055,administrative
qc6662,Local en Venta en la Zona del Mayoreo,Local Comercial,Managua,Managua,Managua,,1,2,82.93,Mt²,,,30000.00,USD,"¡Oportunidad ideal para invertir! Te presentamos este local en venta ubicado en una de las zonas comerciales más activas y transitadas de Managua: el sector del Mayoreo, conocido por su alta afluenc...",https://www.quierocasa.com/anuncio/qc6662/0/local-en-venta-en-la-zona-del-mayoreo.htm,https://www.quierocasa.com/gallery/qc6662/350/qc6662-4.jpg,12.1547116,-86.2737250,administrative
qc6147,Preciosa residencia en venta en Santo Domingo,Casa,Santo Domingo,Managua,Managua,4,3.5,2,372.00,Mt²,486.00,Vrs²,430000.00,USD,"Ubicada en uno de los más exclusivos y seguros condominios de Santo Domingo, esta espectacular casa te ofrece la combinación perfecta de comodidad, diseño y estilo. A tan solo minutos de tiendas, r...",https://www.quierocasa.com/anuncio/qc6147/0/preciosa-residencia-en-venta-en-santo-domingo.htm,https://www.quierocasa.com/gallery/qc6147/350/qc6147-35.jpg,12.1516383,-86.2663177,administrative
qc6415,Gran oportunidad de inversion,Local Comercial,Santo Domingo,Managua,Managua,,1,27,61.00,Mt²,,,161650.00,USD,"Modulos comerciales en venta en Santo Domingo, Ubicados en moderno centro comercial de 2 niveles, su ubicación estratégica ofrece amplios estacionamientos y fácil acceso desde las principales vías...",https://www.quierocasa.com/anuncio/qc6415/0/gran-oportunidad-de-inversion.htm,https://www.quierocasa.com/gallery/qc6415/350/qc6415-23.jpg,12.1516383,-86.2663177,administrative
qc6057,Gran oportunidad de inversion,Local Comercial,Santo Domingo,Managua,Managua,,1,40,52.00,Mt²,,,136000.00,USD,"Módulos comerciales en venta en Santo Domingo, Ubicados en moderno centro comercial de 2 niveles, su ubicación estratégica ofrece amplios estacionamientos y fácil acceso desde las principales vía...",https://www.quierocasa.com/anuncio/qc6057/0/gran-oportunidad-de-inversion.htm,https://www.quierocasa.com/gallery/qc6057/350/qc6057-30.jpg,12.1516383,-86.2663177,administrative
qc6509,Oficina en Venta en Las Colinas,Oficina,Las Colinas,Managua,Managua,11,6,10,400.00,Mt²,,,550000.00,USD,"Esta propiedad está diseñada para empresas que buscan proyectar una imagen profesional y operar en un entorno cómodo, seguro y funcional. Ubicada en Las Colinas, una de las zonas más exclusivas de...",https://www.quierocasa.com/anuncio/qc6509/0/oficina-en-venta-en-las-colinas.htm,https://www.quierocasa.com/gallery/qc6509/350/qc6509-6.jpg,12.1964007,-86.3692092,village
qc6896,Ofibodega en venta en pista sub-Urbana,Bodega,Pista Sub Urbana,Managua,Managua,,1,10,295.11,Mt²,,,472172.00,USD,"Ubicada en la concurrida y estratégica Pista Suburbana, esta propiedad ofrece una ubicación privilegiada de fácil acceso y alta visibilidad, ideal para empresas, oficinas corporativas o comercios q...",https://www.quierocasa.com/anuncio/qc6896/0/ofibodega-en-venta-en-pista-sub-urbana.htm,https://www.quierocasa.com/gallery/qc6896/350/qc6896-6.jpg,12.1092791,-86.2792096,tertiary
qc6893,Preciosa residencia en venta en Santo Domingo,Casa,Santo Domingo,Managua,Managua,3,3,2,306.00,Mt²,"1,003.00",Vrs²,460000.00,USD,"Te presentamos esta hermosa residencia ubicada en Santo Domingo, una de las zonas más exclusivas y de mayor plusvalía, perfecta para quienes buscan privacidad, comodidad y un estilo de vida distingu...",https://www.quierocasa.com/anuncio/qc6893/0/preciosa-residencia-en-venta-en-santo-domingo.htm,https://www.quierocasa.com/gallery/qc6893/350/qc6893-17.jpg,12.1516383,-86.2663177,administrative
qc6890,Casa en Venta en Bolonia,Casa,Bolonia,Managua,Managua,3,2,2,300.00,Mt²,600.00,Vrs²,175000.00,USD,"Se vende cómoda y bien distribuida casa ubicada en Bolonia, una de las zonas más céntricas y tradicionales de Managua, ideal para familias que buscan vivir cerca de todo o para inversión por su al...",https://www.quierocasa.com/anuncio/qc6890/0/casa-en-venta-en-bolonia.htm,https://www.quierocasa.com/gallery/qc6890/350/qc6890-9.jpg,12.1398941,-86.2815427,administrative
qc6881,Oficina en Venta en Ofiplaza El Retiro,Oficina,Managua,Managua,Managua,10,2,3,100.00,Mt²,,,169500.00,USD,"Se vende moderna oficina ubicada en el reconocido complejo corporativo Ofiplaza El Retiro, un entorno empresarial exclusivo con diseño contemporáneo, seguridad y fácil acceso a los principales punt...",https://www.quierocasa.com/anuncio/qc6881/0/oficina-en-venta-en-ofiplaza-el-retiro.htm,https://www.quierocasa.com/gallery/qc6881/350/qc6881-4.jpg,12.1547116,-86.2737250,administrative
qc6879,Casa en Venta en Carretera Nueva a León,Casa,Carretera Nueva a León,Managua,Managua,2,1,2,,,,,58000.00,USD,"Se vende acogedora casa ubicada sobre Carretera Nueva a León, una zona con excelente conectividad hacia la ciudad y el occidente del país, ideal para familias pequeñas, parejas o inversionistas que...",https://www.quierocasa.com/anuncio/qc6879/0/casa-en-venta-en-carretera-nueva-a-leon.htm,https://www.quierocasa.com/gallery/qc6879/350/qc6879-2.jpg,12.1300698,-86.3114357,trunk
qc6873,Gran oportunidad Terreno en Venta en Esquipulas,Terreno,Esquipulas,Managua,Managua,,,,,,"37,435.31",Vrs²,935882.75,USD,"Se vende amplio terreno de 37,435.31 vrs², ubicado en el sector de Esquipulas, una zona tranquila y con alto potencial para desarrollo residencial, comercial o proyectos de inversión a gran escala. ...",https://www.quierocasa.com/anuncio/qc6873/0/gran-oportunidad-terreno-en-venta-en-esquipulas.htm,https://www.quierocasa.com/gallery/qc6873/350/qc6873-1.jpg,12.0745878,-86.2158151,neighbourhood
qc6872,Casa Tipo Finca en Venta en Esquipulas,Casa,Esquipulas,Managua,Managua,5,5,10,464.50,Mt²,"10,000.00",Vrs²,750000.00,USD,"Descubre esta espectacular casa tipo finca ubicada en Esquipulas, diseñada para quienes buscan amplitud, confort y un estilo de vida tranquilo, rodeado de naturaleza y con todas las comodidades para ...",https://www.quierocasa.com/anuncio/qc6872/0/casa-tipo-finca-en-venta-en-esquipulas.htm,https://www.quierocasa.com/gallery/qc6872/350/qc6872-33.jpg,12.0745878,-86.2158151,neighbourhood
qc6275,Elegante Casa en Venta en Santo Domingo,Casa,Santo Domingo,Managua,Managua,4,4,6,520.00,Mt²,"1,012.00",Vrs²,470000.00,USD,"Esta majestuosa propiedad combina lujo, comodidad y seguridad en un ambiente exclusivo. Diseñada con amplios espacios y acabados de primera calidad, es ideal para quienes buscan un hogar perfecto par...",https://www.quierocasa.com/anuncio/qc6275/0/elegante-casa-en-venta-en-santo-domingo.htm,https://www.quierocasa.com/gallery/qc6275/350/qc6275-1.jpg,12.1516383,-86.2663177,administrative
qc6862,Local en Venta en Managua,Local Comercial,Mercado El Mayoreo,Managua,Managua,,1,2,56.00,Mt²,,,45000.00,USD,"Se vende excelente local comercial ubicado en una zona estratégica de Managua, perfecto para emprendedores o inversionistas que buscan un espacio funcional y con gran potencial para negocios gastron...",https://www.quierocasa.com/anuncio/qc6862/0/local-en-venta-en-managua.htm,https://www.quierocasa.com/gallery/qc6862/350/qc6862-1.jpg,12.1547116,-86.2737250,administrative
qc6858,Apartamento en Venta en Pinares de Santo Domingo,Apartamento,Santo Domingo,Managua,Managua,2,2,2,,,,,180000.00,USD,"Se vende hermoso apartamento en Pinares de Santo Domingo, uno de los residenciales más exclusivos, seguros y de mayor plusvalía en Managua. Esta propiedad se entrega a puerta cerrada, completamente ...",https://www.quierocasa.com/anuncio/qc6858/0/apartamento-en-venta-en-pinares-de-santo-domingo.htm,https://www.quierocasa.com/gallery/qc6858/350/qc6858-1.jpg,12.1516383,-86.2663177,administrative
qc6843,Hotel en Venta Amueblado en Managua,Hotel,Altamira,Managua,Managua,20,20,15,"1,200.00",Mt²,,,1500000.00,USD,"Ubicado en el corazón de Managua, este hotel amueblado combina comodidad, estilo acogedor y funcionalidad, ideal tanto para inversión comercial como para uso familiar. Una propiedad que destaca por ...",https://www.quierocasa.com/anuncio/qc6843/0/hotel-en-venta-amueblado-en-managua.htm,https://www.quierocasa.com/gallery/qc6843/350/qc6843-1.jpg,12.1254717,-86.2541078,bus_stop
qc6524,Preciosa casa en venta en Santo Domingo,Casa,Santo Domingo,Managua,Managua,4,4.5,2,560.00,Mt²,"1,350.00",Vrs²,570000.00,USD,"Experimenta la perfecta fusión de la vida moderna y la belleza natural en esta preciosa residencia. Su arquitectura moderna y acabados de lujo se adaptan perfectamente a su entorno, el lugar perfecto...",https://www.quierocasa.com/anuncio/qc6524/0/preciosa-casa-en-venta-en-santo-domingo.htm,https://www.quierocasa.com/gallery/qc6524/350/qc6524-25.jpg,12.1516383,-86.2663177,administrative
qc6832,Casa en Venta en Santo Domingo,Casa,Santo Domingo,Managua,Managua,4,3.5,2,512.00,Mt²,"1,000.00",Vrs²,560000.00,USD,"Descubre esta elegante y espaciosa residencia ubicada en una de las zonas más exclusivas y seguras de Managua. Diseñada con amplios ambientes, detalles de lujo y un entorno tranquilo, esta propiedad...",https://www.quierocasa.com/anuncio/qc6832/0/casa-en-venta-en-santo-domingo.htm,https://www.quierocasa.com/gallery/qc6832/350/qc6832-1.jpg,12.1516383,-86.2663177,administrative
qc6831,Local en Venta en Bolonia,Local Comercial,Bolonia,Managua,Managua,10,3,3,360.00,Mt²,451.60,Vrs²,285000.00,USD,"Excelente oportunidad de inversión en una de las zonas más céntricas, seguras y con alta demanda comercial de Managua. Este amplio local en Bolonia es ideal para oficinas, clínicas, instituciones ...",https://www.quierocasa.com/anuncio/qc6831/0/local-en-venta-en-bolonia.htm,https://www.quierocasa.com/gallery/qc6831/350/qc6831-4.jpg,12.1398941,-86.2815427,administrative
qc6824,Casa en Venta en Altamira,Casa,Altamira,Managua,Managua,3,2,2,140.00,Mt²,250.00,Vrs²,125000.00,USD,"Te presentamos esta acogedora casa ubicada en Altamira, una de las zonas más seguras y con mejor acceso de Managua. Perfecta para familias que buscan comodidad, tranquilidad y cercanía a todo: super...",https://www.quierocasa.com/anuncio/qc6824/0/casa-en-venta-en-altamira.htm,https://www.quierocasa.com/gallery/qc6824/350/qc6824-1.jpg,12.1254717,-86.2541078,bus_stop
qc5860,Preciosa residencia en venta en Las Colinas,Casa,Las Colinas,Managua,Managua,3,3.5,2,,,,,299000.00,USD,Estratégicamente bien ubicada garantizando no solo un lugar acogedor sino también una inversión segura. Esta encantadora residencia te ofrece un diseño funcional y elegante perfecta para tu estilo...,https://www.quierocasa.com/anuncio/qc5860/0/preciosa-residencia-en-venta-en-las-colinas.htm,https://www.quierocasa.com/gallery/qc5860/350/qc5860-33.jpg,12.1964007,-86.3692092,village
qc6821,Hermosa Casa en Venta en Carretera Sur,Casa,Carretera Sur,Managua,Managua,4,3,2,331.00,Mt²,"1,318.00",Vrs²,210000.00,USD,"Descubre esta encantadora propiedad ubicada en Carretera Sur, un lugar que combina espacios amplios, naturaleza y una ubicación privilegiada. Ideal para quienes disfrutan la tranquilidad y el contact...",https://www.quierocasa.com/anuncio/qc6821/0/hermosa-casa-en-venta-en-carretera-sur.htm,https://www.quierocasa.com/gallery/qc6821/350/qc6821-1.jpg,12.1412787,-86.2953782,trunk
qc6820,Casa en Venta en Carretera Norte,Casa,Carretera Norte,Managua,Managua,3,2,2,214.66,Mt²,423.01,Vrs²,230000.00,USD,"Oportunidad de adquirir una casa en una zona estratégica, segura y de fácil acceso en Carretera Norte. Ideal para quienes buscan comodidad y cercanía a comercios, transporte y servicios esenciales....",https://www.quierocasa.com/anuncio/qc6820/0/casa-en-venta-en-carretera-norte.htm,https://www.quierocasa.com/gallery/qc6820/350/qc6820-1.jpg,12.1478489,-86.1952672,trunk
qc5883,Precioso apartamento en venta en Los Andes,Apartamento,Santo Domingo,Managua,Managua,2,2.5,2,194.04,Mt²,"3,700.00",Vrs²,290000.00,USD,"Disfruta de este precioso apartamento en Los Andes, con habitaciones luminosas y cómodas donde cada miembro encontrara su rincón de paz, perfecto para tu estilo de vida y la de tu familia, a pocas d...",https://www.quierocasa.com/anuncio/qc5883/0/precioso-apartamento-en-venta-en-los-andes.htm,https://www.quierocasa.com/gallery/qc5883/350/qc5883-15.jpg,12.1516383,-86.2663177,administrative
qc5129,Se vende casa en santo domingo,Casa,Santo Domingo,Managua,Managua,4,3,2,263.00,Mt²,"2,510.00",Vrs²,319000.00,USD,"Preciosa y amplia casa para venta en Santo Domingo, ubicada en zona exclusiva, centrica y segura, cerca de escuelas, hospitales, supermercados, restaurantes, gasolineras y bancos",https://www.quierocasa.com/anuncio/qc5129/0/se-vende-casa-en-santo-domingo.htm,https://www.quierocasa.com/gallery/qc5129/350/qc5129-31.jpg,12.1516383,-86.2663177,administrative
qc6742,Casa en Venta en Santo Domingo,Casa,Santo Domingo,Managua,Managua,3,3,2,364.00,Mt²,"1,019.00",Vrs²,350000.00,USD,"Descubre esta espectacular casa de dos plantas ubicada en una de las zonas más exclusivas y seguras de Managua: Santo Domingo. Un hogar que combina elegancia, amplitud y comodidad, ideal para familia...",https://www.quierocasa.com/anuncio/qc6742/0/casa-en-venta-en-santo-domingo.htm,https://www.quierocasa.com/gallery/qc6742/350/qc6742-12.jpg,12.1516383,-86.2663177,administrative
qc6808,Local en Venta en Altamira,Local Comercial,Altamira,Managua,Managua,3,2,2,140.00,Mt²,250.00,Vrs²,125000.00,USD,"Excelente oportunidad de inversión en Altamira, ideal para oficina, negocio o proyecto comercial. Este local combina funcionalidad y comodidad, ofreciendo espacios bien distribuidos y versátiles. ...",https://www.quierocasa.com/anuncio/qc6808/0/local-en-venta-en-altamira.htm,https://www.quierocasa.com/gallery/qc6808/350/qc6808-1.jpg,12.1254717,-86.2541078,bus_stop
qc6807,Terreno en Venta en Carretera Sur,Terreno,Carretera Sur,Managua,Managua,,,,,,"1,030.00",Vrs²,56650.00,USD,"Excelente oportunidad de inversión en una de las zonas más frescas, tranquilas y con alta plusvalía de Managua. Este terreno de 1,030 varas cuadradas se encuentra ubicado sobre la Carretera Sur, co...",https://www.quierocasa.com/anuncio/qc6807/0/terreno-en-venta-en-carretera-sur.htm,https://www.quierocasa.com/gallery/qc6807/350/qc6807-3.jpg,12.1412787,-86.2953782,trunk
qc6262,Local Comercial en venta de 916.46 mts2 en Las Colinas,Local Comercial,Las Colinas,Managua,Managua,,2,20,916.46,Mt²,,,1000000.00,USD,"Este local comercial ubicado en el segundo piso de un edificio en Las Colinas es ideal para emprendedores y negocios que buscan una ubicación estratégica, funcional y segura. Características del...",https://www.quierocasa.com/anuncio/qc6262/0/local-comercial-en-venta-de-91646-mts2-en-las-colinas.htm,https://www.quierocasa.com/gallery/qc6262/350/qc6262-10.jpg,12.1964007,-86.3692092,village
qc6800,Casa en Venta en Veracruz,Casa,Veracruz,Managua,Managua,4,2,1,145.00,Mt²,404.94,Vrs²,145000.00,USD,"Hermosa casa disponible en Veracruz, ubicada en una zona tranquila, segura y con excelente clima. Esta propiedad combina comodidad, funcionalidad y estilo moderno, ideal para disfrutar en familia. ...",https://www.quierocasa.com/anuncio/qc6800/0/casa-en-venta-en-veracruz.htm,https://www.quierocasa.com/gallery/qc6800/350/qc6800-2.jpg,11.9869063,-86.3991679,administrative
qc6799,"Terreno en Venta en Managua, cerca de Santa Ana",Terreno,Managua,Managua,Managua,,1,60,162.00,Mt²,"1,716.00",Vrs²,275000.00,USD,"Excelente oportunidad de inversión en una zona estratégica de Managua, cerca de Santa Ana, ideal para uso comercial, industrial o de oficinas. Este amplio terreno de 1,716 varas cuadradas cuenta con...",https://www.quierocasa.com/anuncio/qc6799/0/terreno-en-venta-en-managua-cerca-de-santa-ana.htm,https://www.quierocasa.com/gallery/qc6799/350/qc6799-3.jpg,12.1547116,-86.2737250,administrative
qc6798,"Local en Venta en Managua, cerca de Santa Ana",Local Comercial,Managua,Managua,Managua,,2,60,162.00,Mt²,"1,716.00",Vrs²,275000.00,USD,"Excelente oportunidad de inversión en una zona estratégica y de alto crecimiento comercial. Este amplio local en venta está ubicado en las cercanías de Santa Ana, con excelente acceso y gran visib...",https://www.quierocasa.com/anuncio/qc6798/0/local-en-venta-en-managua-cerca-de-santa-ana.htm,https://www.quierocasa.com/gallery/qc6798/350/qc6798-1.jpg,12.1547116,-86.2737250,administrative
qc6792,Hermoso Terreno en Venta en Donatello,Terreno,Las Colinas,Managua,Managua,,,,,,"1,482.00",Vrs²,163000.00,USD,"Descubre la oportunidad de construir la casa de tus sueños en uno de los condominios más exclusivos y tranquilos de la ciudad. Este hermoso terreno de 1,482 varas cuadradas se encuentra en Residenci...",https://www.quierocasa.com/anuncio/qc6792/0/hermoso-terreno-en-venta-en-donatello.htm,https://www.quierocasa.com/gallery/qc6792/350/qc6792-1.jpg,12.1964007,-86.3692092,village
qc6791,Terreno en Venta en Donatello,Terreno,Las Colinas,Managua,Managua,,,,,,782.00,Vrs²,78200.00,USD,Descubre la oportunidad perfecta para construir la casa de tus sueños en una de las zonas más exclusivas y seguras. Este hermoso terreno de 782 varas cuadradas se encuentra ubicado en el Condominio ...,https://www.quierocasa.com/anuncio/qc6791/0/terreno-en-venta-en-donatello.htm,https://www.quierocasa.com/gallery/qc6791/350/qc6791-4.jpg,12.1964007,-86.3692092,village
qc6768,Terreno en Venta en Carretera a Masaya,Terreno,Carretera a Masaya,Managua,Managua,,,,,,242.50,Vrs²,27000.00,USD,"Excelente oportunidad de venta en una de las zonas más transitadas y de mayor plusvalía de Managua: Carretera a Masaya. Este terreno es ideal para proyectos comerciales, oficinas, bodegas o negocios...",https://www.quierocasa.com/anuncio/qc6768/0/terreno-en-venta-en-carretera-a-masaya.htm,https://www.quierocasa.com/gallery/qc6768/350/qc6768-2.jpg,12.0777949,-86.2231504,trunk
qc6556,"Preciosa propiedad en venta en San Marcos, Carazo",Casa,San Marcos,San Marcos,Carazo,2,1,2,121.00,Mt²,"2,874.00",Mt²,120000.00,USD,"Ubicada en una zona segura, de fácil acceso y con un microclima privilegiado, esta hermosa propiedad es ideal para quienes buscan un ambiente cálido, acogedor y rodeado de naturaleza. La casa cue...",https://www.quierocasa.com/anuncio/qc6556/0/preciosa-propiedad-en-venta-en-san-marcos-carazo.htm,https://www.quierocasa.com/gallery/qc6556/350/qc6556-8.jpg,11.9091914,-86.2047174,administrative
qc6781,Terreno en venta en Villa Fontana,Terreno,Villa Fontana,Managua,Managua,,,,,,"2,820.00",Vrs²,287200.00,USD,"Excelente oportunidad de inversión en una de las zonas más exclusivas y seguras de Managua. Este terreno de 2,820 varas cuadradas ofrece el espacio ideal para construir la casa de tus sueños, un pr...",https://www.quierocasa.com/anuncio/qc6781/0/terreno-en-venta-en-villa-fontana.htm,https://www.quierocasa.com/gallery/qc6781/350/qc6781-1.jpg,12.1033874,-86.2671277,administrative
qc6502,Terreno en Venta en Reparto San Juan,Terreno,Reparto San Juan,Managua,Managua,,,,,,"1,686.01",Vrs²,230000.00,USD,"¿Buscas una propiedad con excelente ubicación y gran proyección de desarrollo? Este terreno de 1,686.01 varas cuadradas en venta en Reparto San Juan es una oportunidad única para inversionistas o ...",https://www.quierocasa.com/anuncio/qc6502/0/terreno-en-venta-en-reparto-san-juan.htm,https://www.quierocasa.com/gallery/qc6502/350/qc6502-4.jpg,12.1219000,-86.2697106,administrative
qc6773,Hermoso Terreno en Venta en Sabana Grande,Terreno,Sabana grande,Managua,Managua,,,,,,"80,000.00",Vrs²,2000000.00,USD,"¡Oportunidad única de inversión! Se vende amplio terreno de 80,000 varas cuadradas, ubicado en la zona de Sabana Grande, una de las áreas con mayor crecimiento y plusvalía de Managua. Este ter...",https://www.quierocasa.com/anuncio/qc6773/0/hermoso-terreno-en-venta-en-sabana-grande.htm,https://www.quierocasa.com/gallery/qc6773/350/qc6773-14.jpg,11.9099179,-86.5930635,farm
qc6771,Hermosa Casa en Venta en Gran Pacifica Resort,Casa,GRAN PACIFICA BEACH RESORT,San Rafael del Sur,Managua,3,2.5,2,,,787.15,Vrs²,349999.00,USD,"Descubre el hogar de tus sueños en Gran Pacifica Resort, un lugar donde el confort, la diversión y la naturaleza se encuentran en perfecta armonía. Esta hermosa casa de dos plantas combina espacios...",https://www.quierocasa.com/anuncio/qc6771/0/hermosa-casa-en-venta-en-gran-pacifica-resort.htm,https://www.quierocasa.com/gallery/qc6771/350/qc6771-1.jpg,11.8719408,-86.4614726,bus_stop
qc5624,Vive en la excelencia: Casa en venta en Santo Domingo,Casa,Santo Domingo,Managua,Managua,3,2.5,2,147.00,Mt²,405.00,Vrs²,180000.00,USD,Preciosa casa minimalista en venta en Santo Domingo. Bienvenido a la elegancia y versatilidad de esta preciosa residencia que te ofrece la oportunidad de personalizar tu espacio y disfrutar de la como...,https://www.quierocasa.com/anuncio/qc5624/0/vive-en-la-excelencia-casa-en-venta-en-santo-domingo.htm,https://www.quierocasa.com/gallery/qc5624/350/qc5624-4.jpg,12.1516383,-86.2663177,administrative
qc5109,Oportunidad Única: Preciosa Residencia en Venta,Casa,Villa Fontana,Managua,Managua,4,3.5,2,487.00,Mt²,"2,500.00",Vrs²,480000.00,USD,"Preciosa residencia de 2 pisos y estilo colonial en venta, ubicada en zona céntrica y segura, de fácil acceso, cerca de tiendas, supermercados, escuelas, hospitales y bancos. Ambientes: Piso d...",https://www.quierocasa.com/anuncio/qc5109/0/oportunidad-unica-preciosa-residencia-en-venta.htm,https://www.quierocasa.com/gallery/qc5109/350/qc5109-20.jpg,12.1033874,-86.2671277,administrative
qc6109,Venta de Casa Moderna en Carretera Sur,Casa,Carretera Sur,Managua,Managua,3,3.5,2,,,,,250000.00,USD,"Esta moderna casa en Carretera Sur, perfecta para familias que disfrutan de un ambiente acogedor y buscan espacios amplios para el esparcimiento de sus hijos. La casa cuenta con una cocina amplia, ide...",https://www.quierocasa.com/anuncio/qc6109/0/venta-de-casa-moderna-en-carretera-sur.htm,https://www.quierocasa.com/gallery/qc6109/350/qc6109-20.jpg,12.1412787,-86.2953782,trunk
qc6751,Casa en Venta en Managua Cerca del Parque de Ferias,Casa,Managua,Managua,Managua,3,2,2,191.00,Mt²,538.00,Vrs²,120000.00,USD,"Tu nuevo hogar te espera en una zona privilegiada de Managua, con fácil acceso a comercios, colegios, transporte y principales vías de la ciudad. Esta propiedad combina comodidad, seguridad y ubicac...",https://www.quierocasa.com/anuncio/qc6751/0/casa-en-venta-en-managua-cerca-del-parque-de-ferias.htm,https://www.quierocasa.com/gallery/qc6751/350/qc6751-2.jpg,12.1547116,-86.2737250,administrative
qc4527,Casa en venta en Santo Domingo,Casa,Santo Domingo,Managua,Managua,4,4.5,2,350.00,Mt²,"1,175.00",Vrs²,590000.00,USD,"Preciosa casa en venta en Santo Domingo, ubicada en un condominio exclusivo y seguro, con fácil acceso a las principales vías. Esta propiedad se encuentra en una zona estratégica, cerca de escuelas...",https://www.quierocasa.com/anuncio/qc4527/0/casa-en-venta-en-santo-domingo.htm,https://www.quierocasa.com/gallery/qc4527/350/qc4527-20.jpg,12.1516383,-86.2663177,administrative
qc6756,Local Amueblado en Venta en Carretera a Masaya,Local Comercial,Carretera a Masaya,Managua,Managua,5,8,6,886.86,Mt²,"5,898.47",Vrs²,1400000.00,USD,"¡La inversión ideal para tu negocio! Este local completamente amueblado ofrece espacios funcionales y bien distribuidos, listo para operar y adaptarse a diversas actividades comerciales o corporativ...",https://www.quierocasa.com/anuncio/qc6756/0/local-amueblado-en-venta-en-carretera-a-masaya.htm,https://www.quierocasa.com/gallery/qc6756/350/qc6756-9.jpg,12.0777949,-86.2231504,trunk
qc6755,Terreno en Zona Segura con Clima Fresco y Hermosas Vistas,Terreno,Villa Fontana,Managua,Managua,,,,,,"1,665.29",Vrs²,133224.00,USD,"¡Construye la casa de tus sueños en un entorno seguro y tranquilo! Este amplio terreno plano de 1,665.29 varas cuadradas ofrece la base perfecta para diseñar y construir una vivienda a tu medida. ...",https://www.quierocasa.com/anuncio/qc6755/0/terreno-en-zona-segura-con-clima-fresco-y-hermosas-vistas.htm,https://www.quierocasa.com/gallery/qc6755/350/qc6755-6.jpg,12.1033874,-86.2671277,administrative
qc6066,Terreno con Amplias Áreas Verdes Perfecto para Construir,Terreno,Villa Fontana,Managua,Managua,,,,,,"1,346.96",Vrs²,107756.00,USD,Descubre este terreno en una zona residencial que cuenta con vistas impresionantes hacia la montaña y un entorno natural único. El clima es ideal para quienes buscan disfrutar de días frescos y noc...,https://www.quierocasa.com/anuncio/qc6066/0/terreno-con-amplias-areas-verdes--perfecto-para-construir.htm,https://www.quierocasa.com/gallery/qc6066/350/qc6066-1.jpg,12.1033874,-86.2671277,administrative
qc6067,Espacioso Terreno con Vista a la Montaña y Fácil Acceso,Terreno,Villa Fontana,Managua,Managua,,,,,,"1,400.12",Vrs²,112000.00,USD,"Ubicado en una zona privilegiada, este terreno es ideal para quienes desean construir una vivienda en un entorno natural y seguro. El clima templado y agradable lo convierte en un lugar perfecto para ...",https://www.quierocasa.com/anuncio/qc6067/0/espacioso-terreno-con-vista-a-la-montana-y-facil-acceso.htm,https://www.quierocasa.com/gallery/qc6067/350/qc6067-7.jpg,12.1033874,-86.2671277,administrative
qc6068,Construye tu futuro en Villa Fontana,Terreno,Villa Fontana,Managua,Managua,,,,,,"1,355.27",Vrs²,108421.00,USD,Terreno Amplio y Seguro con Vistas Increíbles y Clima Perfecto. Este terreno ofrece el escenario perfecto para construir una casa en un entorno natural. Con vistas hacia la montaña y rodeado de ext...,https://www.quierocasa.com/anuncio/qc6068/0/construye-tu-futuro-en-villa-fontana.htm,https://www.quierocasa.com/gallery/qc6068/350/qc6068-7.jpg,12.1033874,-86.2671277,administrative
qc6069,El lugar perfecto para construir tu hogar,Terreno,Villa Fontana,Managua,Managua,,,,,,"1,217.14",Vrs²,97371.00,USD,Terreno Seguro con Amplias Áreas Verdes y Vista a la Montaña. Este terreno es una joya para quienes buscan un espacio donde construir una vivienda en contacto con la naturaleza. Rodeado de amplias ...,https://www.quierocasa.com/anuncio/qc6069/0/el-lugar-perfecto-para-construir-tu-hogar.htm,https://www.quierocasa.com/gallery/qc6069/350/qc6069-7.jpg,12.1033874,-86.2671277,administrative
qc6070,Terreno en Zona Segura con Clima Fresco y Hermosas Vistas,Terreno,Villa Fontana,Managua,Managua,,,,,,"1,143.78",Vrs²,91502.00,USD,"Este terreno amplio y plano es perfecto para la construcción de una vivienda. Disfruta de un clima agradable durante todo el año, perfecto para actividades al aire libre y el cultivo de jardines. La...",https://www.quierocasa.com/anuncio/qc6070/0/terreno-en-zona-segura-con-clima-fresco-y-hermosas-vistas.htm,https://www.quierocasa.com/gallery/qc6070/350/qc6070-7.jpg,12.1033874,-86.2671277,administrative
qc6071,Terreno con Excelente Ubicación y Vistas Panorámicas,Terreno,Villa Fontana,Managua,Managua,,,,,,"1,046.53",Vrs²,83722.00,USD,"Con vistas espectaculares hacia las montañas y un clima templado, este terreno es perfecto para la construcción de una vivienda. La zona es segura y tranquila, ideal para quienes buscan vivir rodead...",https://www.quierocasa.com/anuncio/qc6071/0/terreno-con-excelente-ubicacion-y-vistas-panoramicas.htm,https://www.quierocasa.com/gallery/qc6071/350/qc6071-7.jpg,12.1033874,-86.2671277,administrative
qc6526,Casa en Venta en Sierras Doradas,Casa,Sierras Doradas,Managua,Managua,3,2.5,2,160.00,Mt²,340.00,Vrs²,105000.00,USD,"Descubre esta hermosa casa de dos plantas ubicada en el exclusivo y seguro residencial Sierras Doradas, ideal para disfrutar en familia y con amplios espacios bien distribuidos. Planta Baja: ...",https://www.quierocasa.com/anuncio/qc6526/0/casa-en-venta-en-sierras-doradas.htm,https://www.quierocasa.com/gallery/qc6526/350/qc6526-6.jpg,12.0292163,-86.1931074,residential
qc5110,Precioso terreno en venta en el Crucero,Terreno,Las Nubes,El Crucero,Managua,,,,,,"2,152.00",Vrs²,35000.00,USD,"Precioso terreno disponible para venta en las Nubes, ubicado en zona segura y fresca, de fácil acceso, cerca de farmacias, escuelas, tiendas y gasolineras. Cuenta con calle de concreto, agua y luz...",https://www.quierocasa.com/anuncio/qc5110/0/precioso-terreno-en-venta-en-el-crucero.htm,https://www.quierocasa.com/gallery/qc5110/350/qc5110-4.jpg,12.0088001,-86.2862655,administrative
qc6748,Casa en Venta en Carretera Vieja a León,Casa,Carretera Vieja a Leon,Managua,Managua,3,2.5,4,285.00,Mt²,"1,600.00",Vrs²,285000.00,USD,"Descubre esta hermosa propiedad diseñada para brindarte confort, seguridad y un estilo de vida exclusivo. Ubicada en una zona tranquila y de fácil acceso, esta casa cuenta con espacios modernos y eq...",https://www.quierocasa.com/anuncio/qc6748/0/casa-en-venta-en-carretera-vieja-a-leon.htm,https://www.quierocasa.com/gallery/qc6748/350/qc6748-3.jpg,12.0731952,-86.4953759,trunk
qc6505,Oportunidad de Inversión en Zona Estratégica,Terreno,7 Sur,Managua,Managua,3,1,4,520.00,Mt²,"1,995.10",Vrs²,380000.00,USD,"Se vende amplio terreno esquinero ubicado en el sector de 7 Sur, una de las zonas más concurridas y con mayor movimiento comercial de la ciudad. Su excelente ubicación en esquina garantiza una alta ...",https://www.quierocasa.com/anuncio/qc6505/0/oportunidad-de-inversion-en-zona-estrategica.htm,https://www.quierocasa.com/gallery/qc6505/350/qc6505-4.jpg,12.1232392,-86.3115808,copyshop
qc5499,Vive con estilo en santo domingo,Casa,Santo Domingo,Managua,Managua,4,4,2,280.00,Mt²,980.00,Vrs²,350000.00,USD,"Preciosa residencia de dos plantas en venta, con finos acabados y espacios amplios en las diferentes áreas, cuenta con preciosa vista panorámica y tiene excelente ubicación a solo 10 minutos de Gal...",https://www.quierocasa.com/anuncio/qc5499/0/vive-con-estilo-en-santo-domingo.htm,https://www.quierocasa.com/gallery/qc5499/350/qc5499-5.jpg,12.1516383,-86.2663177,administrative
qc6735,Casa en Venta en Las Cumbres,Casa,Las Cumbres,Managua,Managua,3,4,3,250.00,Mt²,900.00,Vrs²,300000.00,USD,"Vive con estilo y comodidad en esta espectacular residencia ubicada en una de las zonas más exclusivas y seguras de la ciudad. Con excelentes acabados y un diseño moderno, esta casa ofrece todos los...",https://www.quierocasa.com/anuncio/qc6735/0/casa-en-venta-en-las-cumbres.htm,https://www.quierocasa.com/gallery/qc6735/350/qc6735-23.jpg,12.0993011,-86.2569419,administrative
qc6738,Hermosa Casa en Venta en Villa Fontana,Casa,Villa Fontana,Managua,Managua,4,4,2,375.40,Mt²,"1,018.40",Vrs²,380000.00,USD,"Vive con el confort y la exclusividad que siempre soñaste en esta hermosa casa ubicada en Villa Fontana, una de las zonas más seguras, tranquilas y de mayor prestigio de Managua. Su diseño moderno,...",https://www.quierocasa.com/anuncio/qc6738/0/hermosa-casa-en-venta-en-villa-fontana.htm,https://www.quierocasa.com/gallery/qc6738/350/qc6738-8.jpg,12.1033874,-86.2671277,administrative
qc6234,Complejo de ofibodegas en venta en carretera Masaya,Bodega,Carretera a Masaya,Managua,Managua,,2,4,340.00,Mt²,,,442000.00,USD,"¡Tu oportunidad de inversión ideal! Este moderno complejo de ofibodegas en construcción ofrece espacios diseñados para satisfacer las necesidades de tu negocio, en una ubicación céntrica, segura...",https://www.quierocasa.com/anuncio/qc6234/0/complejo-de-ofibodegas-en-venta-en-carretera-masaya.htm,https://www.quierocasa.com/gallery/qc6234/350/qc6234-36.jpg,12.0777949,-86.2231504,trunk
qc6729,Finca en Venta en Carretera Vieja a León,Finca,Carretera Vieja a Leon,Managua,Managua,,,,,,,,150000.00,USD,"¡Aprovecha esta excelente oportunidad de inversión! Se vende amplia finca de 1.5 manzanas, estratégicamente ubicada en Carretera Vieja a León, ideal para quienes buscan un espacio listo para múlt...",https://www.quierocasa.com/anuncio/qc6729/0/finca-en-venta-en-carretera-vieja-a-leon.htm,https://www.quierocasa.com/gallery/qc6729/350/qc6729-5.jpg,12.0731952,-86.4953759,trunk
qc6726,Casa en Venta en San Juan del Sur,Casa,San Juan del Sur,San Juan del Sur,Rivas,6,6,4,600.00,Mt²,"1,150.82",Vrs²,650000.00,USD,"Invierte en esta espectacular propiedad completamente amueblada, ideal para quienes buscan comodidad, lujo y un estilo de vida frente al mar o cerca de la costa. Ubicada en una zona tranquila y segura...",https://www.quierocasa.com/anuncio/qc6726/0/casa-en-venta-en-san-juan-del-sur.htm,https://www.quierocasa.com/gallery/qc6726/350/qc6726-17.jpg,11.2542297,-85.8722797,administrative
qc6725,Terreno en Venta en San Juan del Sur,Terreno,San Juan del Sur,San Juan del Sur,Rivas,,,,,,"1,257.28",Vrs²,120000.00,USD,"Aprovecha esta increíble oportunidad de inversión en una de las zonas turísticas más hermosas y exclusivas de Nicaragua. Este terreno de 1,257.28 vrs² ofrece el espacio ideal para desarrollar tu ...",https://www.quierocasa.com/anuncio/qc6725/0/terreno-en-venta-en-san-juan-del-sur.htm,https://www.quierocasa.com/gallery/qc6725/350/qc6725-2.jpg,11.2542297,-85.8722797,administrative
qc6724,Preciosa casa en venta en Villa Fontana,Casa,Villa Fontana,Managua,Managua,3,2.5,2,220.00,Mt²,,,237500.00,USD,"Hermosa casa disponible para venta en Villa Fontana, cuenta con excelente ubicación, cerca de centros de negocios, supermercados, tiendas de conveniencias, colegios, universidades, entre otras. Ca...",https://www.quierocasa.com/anuncio/qc6724/0/preciosa-casa-en-venta-en-villa-fontana.htm,https://www.quierocasa.com/gallery/qc6724/350/qc6724-1.jpg,12.1033874,-86.2671277,administrative
qc6718,Finca en Venta en Carazo Frente al Mar,Finca,San Marcos,San Marcos,Carazo,,,,,,190.00,Mz,1650000.00,USD,"¡No pierdas la oportunidad de adquirir esta impresionante finca con una ubicación privilegiada frente al océano! Una propiedad única con gran potencial de inversión, ideal para proyectos turísti...",https://www.quierocasa.com/anuncio/qc6718/0/finca-en-venta-en-carazo--frente-al-mar.htm,https://www.quierocasa.com/gallery/qc6718/350/qc6718-1.jpg,11.9091914,-86.2047174,administrative
qc6633,Casa en Venta en Villa Fontana,Casa,Villa Fontana,Managua,Managua,4,3.5,6,415.00,Mt²,"1,198.96",Vrs²,580000.00,USD,"Vive en una de las zonas más exclusivas, seguras y céntricas de Managua. Esta impresionante casa de dos plantas ubicada en Villa Fontana combina elegancia, amplitud y funcionalidad, perfecta para fa...",https://www.quierocasa.com/anuncio/qc6633/0/casa-en-venta-en-villa-fontana.htm,https://www.quierocasa.com/gallery/qc6633/350/qc6633-20.jpg,12.1033874,-86.2671277,administrative
qc6167,Se Vende Casa en Bolonia ideal para Oficina,Casa,Bolonia,Managua,Managua,4,3,2,302.00,Mt²,745.00,Vrs²,235000.00,USD,"Oportunidad única para adquirir una casa remodelada en Bolonia, perfecta para ser utilizada como oficina o para residencia familiar. Esta propiedad destaca por sus amplios espacios, diseñados para b...",https://www.quierocasa.com/anuncio/qc6167/0/se-vende-casa-en-bolonia-ideal-para-oficina.htm,https://www.quierocasa.com/gallery/qc6167/350/qc6167-1.jpg,12.1398941,-86.2815427,administrative
qc6508,Ofi-Bodega en Venta en Carretera Norte,Bodega,Carretera Norte,Managua,Managua,,1,7,900.00,Mt²,,,370000.00,USD,"Ubicada en una de las zonas más estratégicas y transitadas de Managua, esta ofigodega de 900 m² combina perfectamente áreas de oficina y almacén, ideal para empresas que buscan operar de forma ef...",https://www.quierocasa.com/anuncio/qc6508/0/ofi-bodega-en-venta-en-carretera-norte.htm,https://www.quierocasa.com/gallery/qc6508/350/qc6508-15.jpg,12.1478489,-86.1952672,trunk
qc6691,Casa en Venta en Las Colinas,Casa,Las Colinas,Managua,Managua,3,3,4,600.00,Mt²,"1,850.00",Vrs²,420000.00,USD,"Vive con comodidad y elegancia en esta hermosa propiedad ubicada en la exclusiva zona de Las Colinas. Una residencia amplia y bien diseñada, ideal para familias que buscan espacios modernos, funciona...",https://www.quierocasa.com/anuncio/qc6691/0/casa-en-venta-en-las-colinas.htm,https://www.quierocasa.com/gallery/qc6691/350/qc6691-22.jpg,12.1964007,-86.3692092,village
qc6682,Hermosa Casa en Venta en Veracruz,Casa,Veracruz,Managua,Managua,3,2,2,90.00,Mt²,580.00,Vrs²,120000.00,USD,"Descubre esta cómoda y funcional casa ubicada en la tranquila y accesible zona de Veracruz, ideal para quienes buscan un hogar familiar con todas las comodidades esenciales. - Sala - Co...",https://www.quierocasa.com/anuncio/qc6682/0/hermosa-casa-en-venta-en-veracruz.htm,https://www.quierocasa.com/gallery/qc6682/350/qc6682-4.jpg,11.9869063,-86.3991679,administrative
qc6681,Bonita Casa en Venta en Veracruz,Casa,Veracruz,Managua,Managua,3,2,2,90.00,Mt²,338.00,Vrs²,90000.00,USD,"Vive en un lugar cómodo, funcional y rodeado de un ambiente tranquilo. Esta casa en venta en Veracruz ofrece todo lo que necesitas para disfrutar de un hogar acogedor y práctico, con excelente distr...",https://www.quierocasa.com/anuncio/qc6681/0/bonita-casa-en-venta-en-veracruz.htm,https://www.quierocasa.com/gallery/qc6681/350/qc6681-1.jpg,11.9869063,-86.3991679,administrative
qc5966,Preciosa residencia en venta en Santo Domingo,Casa,Santo Domingo,Managua,Managua,4,4.5,2,350.00,Mt²,"1,063.00",Vrs²,470000.00,USD,"Preciosa y moderna casa en venta, ubicada en santo Domingo, ideal para los amantes de la privacidad, rodeado de la naturaleza y áreas verdes, en un ambiente acogedor, agradable, intimo, seguro y lujo...",https://www.quierocasa.com/anuncio/qc5966/0/preciosa-residencia-en-venta-en-santo-domingo.htm,https://www.quierocasa.com/gallery/qc5966/350/qc5966-24.jpg,12.1516383,-86.2663177,administrative
qc6678,Venta de Terreno en Esquipulas,Terreno,Esquipulas,Managua,Managua,,,,,,480.39,Vrs²,28823.40,USD,"Oportunidad única para invertir en una de las zonas con mayor proyección de crecimiento. Este terreno cuenta con 480.39 varas cuadradas, perfecto para construir la casa de tus sueños, un proyecto h...",https://www.quierocasa.com/anuncio/qc6678/0/venta-de-terreno-en-esquipulas.htm,https://www.quierocasa.com/gallery/qc6678/350/qc6678-3.jpg,12.0745878,-86.2158151,neighbourhood
qc6677,Venta de Terreno en Esquipulas,Terreno,Esquipulas,Managua,Managua,,,,,,875.92,Vrs²,52555.00,USD,Oportunidad única para invertir o construir en una de las zonas más tranquilas y de fácil acceso. Este terreno de 875.92 varas cuadradas ofrece el espacio ideal para desarrollar tu proyecto soñado...,https://www.quierocasa.com/anuncio/qc6677/0/venta-de-terreno-en-esquipulas.htm,https://www.quierocasa.com/gallery/qc6677/350/qc6677-2.jpg,12.0745878,-86.2158151,neighbourhood
qc6676,Venta de Terreno en Esquipulas,Terreno,Esquipulas,Managua,Managua,,,,,,441.57,Vrs²,26495.00,USD,"Oportunidad única de inversión en una de las zonas con mayor proyección y fácil acceso. Este terreno cuenta con 441.57 varas cuadradas, un espacio ideal para desarrollar tu proyecto soñado. Su...",https://www.quierocasa.com/anuncio/qc6676/0/venta-de-terreno-en-esquipulas.htm,https://www.quierocasa.com/gallery/qc6676/350/qc6676-1.jpg,12.0745878,-86.2158151,neighbourhood
qc6674,Casa en Venta en Carretera a Masaya,Casa,Carretera a Masaya,Managua,Managua,3,3,2,177.50,Mt²,300.24,Vrs²,148000.00,USD,"Descubre esta hermosa y espaciosa casa ubicada en una de las zonas más demandadas y de fácil acceso: Carretera a Masaya. Ideal para familias que buscan confort, seguridad y funcionalidad en un solo ...",https://www.quierocasa.com/anuncio/qc6674/0/casa-en-venta-en-carretera-a-masaya.htm,https://www.quierocasa.com/gallery/qc6674/350/qc6674-19.jpg,12.0777949,-86.2231504,trunk
qc5456,vida de lujo en Playa en Gran Pacifica Resort,Casa,GRAN PACIFICA BEACH RESORT,San Rafael del Sur,Managua,2,2,2,549.00,Mt²,778.81,Vrs²,220000.00,USD,"Preciosa casa amueblada en venta en Gran Pacifica. Explendida propiedad con toques de encanto! cuenta con diferentes espacios para disfrutar de distintos momentos, ubicación ideal para aquellos que b...",https://www.quierocasa.com/anuncio/qc5456/0/vida-de-lujo-en-playa-en-gran-pacifica-resort.htm,https://www.quierocasa.com/gallery/qc5456/350/qc5251-1.jpg,11.8719408,-86.4614726,bus_stop
qc6596,¡Casa en Venta en Veracruz!,Casa,Veracruz,Managua,Managua,3,2,2,110.00,Mt²,527.75,Vrs²,129000.00,USD,"Oportunidad de adquirir una casa cómoda, funcional y con excelente ubicación en la tranquila zona de Veracruz. Perfecta para familias que buscan un entorno seguro y accesible para vivir con calidad ...",https://www.quierocasa.com/anuncio/qc6596/0/casa-en-venta-en-veracruz.htm,https://www.quierocasa.com/gallery/qc6596/350/qc6596-1.jpg,11.9869063,-86.3991679,administrative
qc6661,Casa en Venta en Carretera a Masaya,Casa,Carretera a Masaya,Managua,Managua,3,2,2,145.00,Mt²,406.18,Vrs²,110000.00,USD,"Descubre esta hermosa casa ubicada en una de las zonas más cotizadas y accesibles de Managua: Carretera a Masaya, ideal para quienes buscan un hogar amplio, cómodo y funcional, cerca de todo. La ...",https://www.quierocasa.com/anuncio/qc6661/0/casa-en-venta-en-carretera-a-masaya.htm,https://www.quierocasa.com/gallery/qc6661/350/qc6661-5.jpg,12.0777949,-86.2231504,trunk
qc5786,Preciosa residencia en venta,Casa,Las Colinas,Managua,Managua,4,3.5,3,250.00,Mt²,"1,200.00",Vrs²,315000.00,USD,"Perfecta y moderna residencia, que te ofrece comodidad y tranquilidad en medio de la ciudad; cuenta con luminosos espacios, cómodas habitaciones, clima apropiado, bonita área verde, piscina comunal ...",https://www.quierocasa.com/anuncio/qc5786/0/preciosa-residencia-en-venta.htm,https://www.quierocasa.com/gallery/qc5786/350/qc5786-18.jpg,12.1964007,-86.3692092,village
qc6652,Oficina en Venta en Las Colinas,Oficina,Las Colinas,Managua,Managua,,2,32,550.00,Mt²,"4,331.00",Vrs²,685000.00,USD,"Te presentamos esta excelente propiedad comercial ubicada en la prestigiosa zona de Las Colinas, ideal para empresas, clínicas, centros de negocios o instituciones que buscan operar en un entorno exc...",https://www.quierocasa.com/anuncio/qc6652/0/oficina-en-venta-en-las-colinas.htm,https://www.quierocasa.com/gallery/qc6652/350/qc6652-1.jpg,12.1964007,-86.3692092,village
qc6651,¡Oportunidad Comercial en Venta en Las Colinas!,Local Comercial,Las Colinas,Managua,Managua,,2,32,560.00,Mt²,"4,331.00",Vrs²,685000.00,USD,"Ponemos a tu disposición un amplio y funcional local comercial en una de las zonas más exclusivas y seguras de Managua. Ubicado en Las Colinas, este espacio es ideal para clínicas, oficinas corpora...",https://www.quierocasa.com/anuncio/qc6651/0/oportunidad-comercial-en-venta-en-las-colinas.htm,https://www.quierocasa.com/gallery/qc6651/350/qc6651-1.jpg,12.1964007,-86.3692092,village
qc6649,Casa en venta en Los Robles,Casa,Los Robles,Managua,Managua,3,2,2,,,"1,092.18",Vrs²,360000.00,USD,"Descubre esta hermosa y amplia casa ubicada en una de las zonas más céntricas y cotizadas de Managua. Ideal para familias que buscan comodidad, seguridad y fácil acceso a servicios, comercios y ví...",https://www.quierocasa.com/anuncio/qc6649/0/casa-en-venta-en-los-robles.htm,https://www.quierocasa.com/gallery/qc6649/350/qc6649-24.jpg,12.1212007,-86.2653351,administrative
qc6611,Preciosa residencia en venta en Carretera Masaya,Casa,Carretera a Masaya,Managua,Managua,3,2.5,2,386.60,Mt²,548.00,Mt²,175000.00,USD,"Ubicada en un residencial exclusivo, tranquilo y con acceso controlado 24/7, esta hermosa propiedad ofrece el equilibrio perfecto entre privacidad, seguridad y confort. Con pocas viviendas en el condo...",https://www.quierocasa.com/anuncio/qc6611/0/preciosa-residencia-en-venta-en-carretera-masaya.htm,https://www.quierocasa.com/gallery/qc6611/350/qc6611-1.jpg,12.0777949,-86.2231504,trunk
qc6645,Amplia Casa en Venta en Las Colinas,Casa,Las Colinas,Managua,Managua,3,3,6,298.35,Mt²,"2,265.46",Vrs²,300000.00,USD,"Ubicada en una de las zonas más exclusivas y seguras de Managua, esta hermosa propiedad ofrece el equilibrio perfecto entre confort, amplitud y un ambiente natural ideal para la familia. Caracte...",https://www.quierocasa.com/anuncio/qc6645/0/amplia-casa-en-venta-en-las-colinas.htm,https://www.quierocasa.com/gallery/qc6645/350/qc6645-1.jpg,12.1964007,-86.3692092,village
qc6642,Casa en Venta en Carretera Norte,Casa,Carretera Norte,Managua,Managua,8,5,2,250.00,Mt²,617.18,Vrs²,170000.00,USD,"Ideal para familias grandes, negocios o instituciones, esta propiedad ofrece el espacio perfecto en una ubicación estratégica y de fácil acceso. La casa cuenta con: - Sala - Comedor - Co...",https://www.quierocasa.com/anuncio/qc6642/0/casa-en-venta-en-carretera-norte.htm,https://www.quierocasa.com/gallery/qc6642/350/qc6642-5.jpg,12.1478489,-86.1952672,trunk
qc6639,Terreno en Venta en Santo Domingo,Terreno,Santo Domingo,Managua,Managua,,,,,,897.00,Vrs²,92000.00,USD,"Excelente oportunidad de inversión en una de las zonas más seguras y cotizadas de Managua. Este terreno de 897 varas cuadradas se encuentra dentro de condominio privado, ideal para construir la casa...",https://www.quierocasa.com/anuncio/qc6639/0/terreno-en-venta-en-santo-domingo.htm,https://www.quierocasa.com/gallery/qc6639/350/qc6639-2.jpg,12.1516383,-86.2663177,administrative
qc6636,¡Casa en Venta en Sierras Doradas!,Casa,Sierras Doradas,Managua,Managua,3,3,2,202.00,Mt²,357.00,Vrs²,143000.00,USD,"Vive en una zona exclusiva, segura y de fácil acceso. Esta hermosa casa de dos plantas ofrece comodidad, amplitud y funcionalidad para toda la familia, ideal para quienes buscan tranquilidad sin alej...",https://www.quierocasa.com/anuncio/qc6636/0/casa-en-venta-en-sierras-doradas.htm,https://www.quierocasa.com/gallery/qc6636/350/qc6636-1.jpg,12.0292163,-86.1931074,residential
qc6634,¡Espaciosa Casa en Venta en Ticuantepe!,Casa,Ticuantepe,Managua,Managua,5,4,5,400.00,Mt²,"2,600.00",Vrs²,280000.00,USD,Descubre esta amplia y cómoda casa ideal para familias grandes o quienes buscan espacios generosos en un entorno tranquilo y natural. La propiedad cuenta con: - Sala - Comedor - Cocina ...,https://www.quierocasa.com/anuncio/qc6634/0/espaciosa-casa-en-venta-en-ticuantepe.htm,https://www.quierocasa.com/gallery/qc6634/350/qc6634-11.jpg,12.0217671,-86.2053144,administrative
qc6622,¡Local en Venta en Los Robles!,Local Comercial,Los Robles,Managua,Managua,,1,5,700.00,Mt²,"1,773.00",Vrs²,695000.00,USD,"Ubicado en una de las zonas más céntricas, transitadas y de mayor proyección comercial de Managua. La propiedad incluye: - 6 Locales amplios distribuidos en un área total de 700 m² - 1 B...",https://www.quierocasa.com/anuncio/qc6622/0/local-en-venta-en-los-robles.htm,https://www.quierocasa.com/gallery/qc6622/350/qc6622-1.jpg,12.1212007,-86.2653351,administrative
qc6614,Precioso terreno en venta en Carretera Masaya,Terreno,Carretera a Masaya,Managua,Managua,,,,,,"18,477.00",Vrs²,2309627.00,USD,"Ubicado en una de las zonas de mayor crecimiento y plusvalía de Managua, este terreno en Carretera Masaya es perfecto para construir la casa que siempre soñaste. Su excelente ubicación te permite d...",https://www.quierocasa.com/anuncio/qc6614/0/precioso-terreno-en-venta-en-carretera-masaya.htm,https://www.quierocasa.com/gallery/qc6614/350/qc6614-3.jpg,12.0777949,-86.2231504,trunk
qc6619,Terreno en venta en Masaya,Terreno,Masaya,Masaya,Masaya,,,,,,"3,521.12",Vrs²,150000.00,USD,"Ponemos a tu disposición este amplio terreno de media manzana, estratégicamente ubicado en Masaya, una de las zonas con mayor crecimiento y plusvalía en Managua. El terreno cuenta con aproximada...",https://www.quierocasa.com/anuncio/qc6619/0/terreno-en-venta-en-masaya.htm,https://www.quierocasa.com/gallery/qc6619/350/qc6619-1.jpg,11.9736474,-86.0960547,administrative
qc6617,Bonita casa en venta en Carretera Masaya,Casa,Carretera a Masaya,Managua,Managua,5,4,1,158.30,Mt²,307.00,Vrs²,99000.00,USD,Aprovecha esta increíble oportunidad de adquirir una bonita y cómoda residencia a un súper precio en una de las zonas mas seguras de Managua. Esta propiedad te brinda la combinación perfecta entr...,https://www.quierocasa.com/anuncio/qc6617/0/bonita-casa-en-venta-en-carretera-masaya.htm,https://www.quierocasa.com/gallery/qc6617/350/qc6617-1.jpg,12.0777949,-86.2231504,trunk
qc6613,Hermoso apartamento en venta en Santo Domingo,Apartamento,Santo Domingo,Managua,Managua,3,2.5,2,155.46,Mt²,,,300000.00,USD,"Ubicado en una de las zonas más exclusivas y seguras de Managua, este hermoso apartamento en Santo Domingo ofrece la combinación perfecta de comodidad, estilo de vida y excelente ubicación. Ideal p...",https://www.quierocasa.com/anuncio/qc6613/0/hermoso-apartamento-en-venta-en-santo-domingo.htm,https://www.quierocasa.com/gallery/qc6613/350/qc6613-6.jpg,12.1516383,-86.2663177,administrative
qc6606,¡Amplia Casa en Venta en Motastepe!,Casa,Managua,Managua,Managua,5,5,3,300.00,Mt²,"1,000.00",Mt²,150000.00,USD,"Disfruta de un entorno tranquilo, rodeado de naturaleza y con todos los espacios que tu familia necesita. Esta propiedad combina comodidad, funcionalidad y áreas verdes, ideal para quienes desean viv...",https://www.quierocasa.com/anuncio/qc6606/0/amplia-casa-en-venta-en-motastepe.htm,https://www.quierocasa.com/gallery/qc6606/350/qc6606-1.jpg,12.1547116,-86.2737250,administrative
qc6605,¡Casa en Venta en Carretera Sur!,Casa,Carretera Sur,Managua,Managua,3,4,2,504.77,Mt²,"2,427.69",Vrs²,190000.00,USD,"Vive rodeado de tranquilidad, seguridad y naturaleza en esta hermosa y amplia casa ubicada en una de las zonas más frescas y privadas de Managua. Ideal para familias que buscan comodidad, privacidad ...",https://www.quierocasa.com/anuncio/qc6605/0/casa-en-venta-en-carretera-sur.htm,https://www.quierocasa.com/gallery/qc6605/350/qc6605-3.jpg,12.1412787,-86.2953782,trunk
qc6604,"¡Terreno en Venta en Los Balcones, Santo Domingo!",Terreno,Santo Domingo,Managua,Managua,,,,,,"18,799.94",Vrs²,1128008.00,USD,"Oportunidad única de inversión en una de las zonas más exclusivas y cotizadas de Managua. Este amplio terreno de 18,799.94 varas cuadradas ofrece el espacio ideal para desarrollar la residencia de ...",https://www.quierocasa.com/anuncio/qc6604/0/terreno-en-venta-en-los-balcones-santo-domingo.htm,https://www.quierocasa.com/gallery/qc6604/350/qc6604-2.jpg,12.1516383,-86.2663177,administrative
qc6603,¡Exclusiva Casa en Venta en Villa Fontana!,Casa,Villa Fontana,Managua,Managua,7,7,13,961.22,Mt²,"3,700.00",Vrs²,1300000.00,USD,"Ubicada en una de las zonas más prestigiosas y seguras de Managua, esta propiedad de amplios espacios y elegante diseño es ideal para familias grandes o inversionistas que buscan comodidad, privacid...",https://www.quierocasa.com/anuncio/qc6603/0/exclusiva-casa-en-venta-en-villa-fontana.htm,https://www.quierocasa.com/gallery/qc6603/350/qc6603-13.jpg,12.1033874,-86.2671277,administrative
qc6601,¡Gran Oportunidad! Finca en Venta en San Francisco Libre,Finca,Managua,Managua,Managua,,,,,,173.00,Mz,516000.00,USD,"Se vende amplia finca de 173 manzanas, ubicada en el municipio de San Francisco Libre, una zona con alto potencial agrícola y ganadero. Esta propiedad representa una excelente oportunidad para quiene...",https://www.quierocasa.com/anuncio/qc6601/0/gran-oportunidad-finca-en-venta-en-san-francisco-libre.htm,https://www.quierocasa.com/gallery/qc6601/350/qc6601-13.jpg,12.1547116,-86.2737250,administrative
qc6595,¡Hermosa Casa en Venta en Santo Domingo!,Casa,Santo Domingo,Managua,Managua,3,3.5,4,466.21,Mt²,"2,263.00",Vrs²,550000.00,USD,"Descubre esta hermosa y amplia casa ubicada en una de las zonas más exclusivas y cotizadas de Managua. Diseñada para brindar comodidad, funcionalidad y elegancia en cada espacio, perfecta para famil...",https://www.quierocasa.com/anuncio/qc6595/0/hermosa-casa-en-venta-en-santo-domingo.htm,https://www.quierocasa.com/gallery/qc6595/350/qc6595-3.jpg,12.1516383,-86.2663177,administrative
qc6594,Terreno en Venta en Las Jagüitas,Terreno,Las Jaguitas,Managua,Managua,,,,,,"27,150.00",Vrs²,488000.00,USD,"Amplio terreno de 27,150 varas², ideal para el desarrollo de proyectos industriales o comerciales como bodegas, centros de distribución o plantel de camiones. Su ubicación estratégica ofrece fáci...",https://www.quierocasa.com/anuncio/qc6594/0/terreno-en-venta-en-las-jaguitas.htm,https://www.quierocasa.com/gallery/qc6594/350/qc6594-1.jpg,12.1000000,-86.2130000,locality
qc4485,Preciosa Propiedad en venta en Las Colinas,Casa,Las Colinas,Managua,Managua,5,5.5,14,800.00,Mt²,"5,000.00",Vrs²,1400000.00,USD,"Preciosa y amplia casa en venta en las colinas, ubicada en zona exclusiva, centrica y segura, cerca de escuelas, hospitales, supermercados, restaurantes, gasolineras y bancos. La propiedad cuenta c...",https://www.quierocasa.com/anuncio/qc4485/0/preciosa-propiedad-en-venta-en-las-colinas.htm,https://www.quierocasa.com/gallery/qc4485/350/qc4485-1.jpg,12.1964007,-86.3692092,village
qc6586,Casa en Venta en Bolonia,Casa,Bolonia,Managua,Managua,3,3,4,245.00,Mt²,700.00,Vrs²,175000.00,USD,"Oportunidad ideal para vivir en el corazón de Managua. Esta cómoda y segura casa en venta en Bolonia ofrece el espacio perfecto para familias o negocios, con fácil acceso a centros comerciales, hos...",https://www.quierocasa.com/anuncio/qc6586/0/casa-en-venta-en-bolonia.htm,https://www.quierocasa.com/gallery/qc6586/350/qc6586-3.jpg,12.1398941,-86.2815427,administrative
qc6585,Terreno en Venta en Carretera a Masaya,Terreno,Carretera a Masaya,Managua,Managua,,,,,,"1,800.00",Vrs²,135000.00,USD,"Oportunidad única de inversión en una de las zonas con mayor plusvalía de Managua. Se vende terreno de 1,800 varas², ubicado dentro de un condominio privado sobre Carretera a Masaya, una ubicació...",https://www.quierocasa.com/anuncio/qc6585/0/terreno-en-venta-en-carretera-a-masaya.htm,https://www.quierocasa.com/gallery/qc6585/350/qc6585-2.jpg,12.0777949,-86.2231504,trunk
qc6547,Hermoso Terreno en Venta en Carretera a Masaya,Terreno,Carretera a Masaya,Managua,Managua,,,,,,"2,500.00",Vrs²,187500.00,USD,"Excelente oportunidad de inversión en una de las zonas con mayor crecimiento y plusvalía de Managua. Este terreno de 2,500 varas cuadradas se encuentra sobre Carretera a Masaya, una vía altamente t...",https://www.quierocasa.com/anuncio/qc6547/0/hermoso-terreno-en-venta-en-carretera-a-masaya.htm,https://www.quierocasa.com/gallery/qc6547/350/qc6547-2.jpg,12.0777949,-86.2231504,trunk
qc6584,Residencia de Lujo en Venta en Santo Domingo,Casa,Santo Domingo,Managua,Managua,5,7,8,750.00,Mt²,"1,500.00",Vrs²,1125000.00,USD,"Descubrí esta exclusiva casa en venta ubicada en el corazón de Santo Domingo, dentro de un residencial de alta plusvalía, con seguridad 24 horas, acceso controlado y un entorno natural que te brind...",https://www.quierocasa.com/anuncio/qc6584/0/residencia-de-lujo-en-venta-en-santo-domingo.htm,https://www.quierocasa.com/gallery/qc6584/350/qc6584-17.jpg,12.1516383,-86.2663177,administrative
qc6583,Amplio Terreno en Venta en Masaya,Terreno,Masaya,Masaya,Masaya,,,,,,,,125000.00,USD,"Se vende amplio terreno de 1.5 manzanas en la ciudad de Masaya, una zona con alto potencial de crecimiento y desarrollo, ideal para proyectos residenciales, comerciales o agrícolas. Ubicación est...",https://www.quierocasa.com/anuncio/qc6583/0/amplio-terreno-en-venta-en-masaya.htm,https://www.quierocasa.com/gallery/qc6583/350/qc6583-4.jpg,11.9736474,-86.0960547,administrative
qc6580,¡Apartamento en Venta en Las Cumbres!,Apartamento,Las Cumbres,Managua,Managua,2,2,2,96.00,Mt²,,,185000.00,USD,"Disfrutá de la tranquilidad y el confort que te ofrece este hermoso apartamento ubicado en el exclusivo residencial Las Cumbres, una zona segura, céntrica y rodeada de naturaleza. Característi...",https://www.quierocasa.com/anuncio/qc6580/0/apartamento-en-venta-en-las-cumbres.htm,https://www.quierocasa.com/gallery/qc6580/350/qc6580-3.jpg,12.0993011,-86.2569419,administrative
qc6563,¡Oportunidad de inversión en San Juan del Sur!,Terreno,San Juan del Sur,San Juan del Sur,Rivas,,,,,,"1,024.33",Mt²,129000.00,USD,"Ponemos a tu disposición un hermoso terreno en venta de 1,024.33 metros cuadrados, ubicado en una de las zonas más atractivas del Pacífico nicaragüense. Este terreno es ideal para construir la cas...",https://www.quierocasa.com/anuncio/qc6563/0/oportunidad-de-inversion-en-san-juan-del-sur.htm,https://www.quierocasa.com/gallery/qc6563/350/qc6563-3.jpg,11.2542297,-85.8722797,administrative
qc6560,Casa en Venta en Sierras Doradas,Casa,Sierras Doradas,Managua,Managua,3,2,2,209.00,Mt²,549.00,Vrs²,140000.00,USD,"Vive en una zona residencial segura y en crecimiento. Esta hermosa casa ubicada en Sierras Doradas te ofrece un ambiente familiar, cómodo y con fácil acceso a centros comerciales, colegios, supermer...",https://www.quierocasa.com/anuncio/qc6560/0/casa-en-venta-en-sierras-doradas.htm,https://www.quierocasa.com/gallery/qc6560/350/qc6560-2.jpg,12.0292163,-86.1931074,residential
qc6555,¡Oportunidad de inversión! Módulo comercial en Roberto Huembes,Local Comercial,Managua,Managua,Managua,,,2,,,45.00,Mt²,45000.00,USD,"Ubicado en una zona estratégica, este módulo comercial es ideal para establecer todo tipo de negocio: desde tiendas de conveniencia, barberías, hasta servicios profesionales o ventas al por menor. ...",https://www.quierocasa.com/anuncio/qc6555/0/oportunidad-de-inversion-modulo-comercial-en-roberto-huembes.htm,https://www.quierocasa.com/gallery/qc6555/350/qc6555-6.jpg,12.1547116,-86.2737250,administrative
qc6549,Terreno en Venta en Carretera a Masaya,Terreno,Carretera a Masaya,Managua,Managua,,,,,,625.00,Vrs²,46875.00,USD,Oportunidad ideal para construir la casa de tus sueños o desarrollar un proyecto en una de las zonas con mayor crecimiento y plusvalía de Managua. Este terreno de 625 varas cuadradas se encuentra so...,https://www.quierocasa.com/anuncio/qc6549/0/terreno-en-venta-en-carretera-a-masaya.htm,https://www.quierocasa.com/gallery/qc6549/350/qc6549-1.jpg,12.0777949,-86.2231504,trunk
qc6548,Aprovecha Terreno en Venta en Carretera a Masaya,Terreno,Carretera a Masaya,Managua,Managua,,,,,,"1,250.00",Vrs²,93750.00,USD,"Excelente oportunidad de inversión en una de las zonas con mayor crecimiento y plusvalía de Managua. Este terreno de 1,250 varas cuadradas ofrece el espacio perfecto para desarrollar tu proyecto res...",https://www.quierocasa.com/anuncio/qc6548/0/aprovecha-terreno-en-venta-en-carretera-a-masaya.htm,https://www.quierocasa.com/gallery/qc6548/350/qc6548-3.jpg,12.0777949,-86.2231504,trunk
qc6431,¡En venta hermosa finca en Carretera Sur!,Finca,Carretera Sur,Managua,Managua,,,,,,70.00,Mz,495000.00,USD,"Oportunidad única de inversión a pocos minutos de Managua. Esta espectacular finca de 70 manzanas ubicada en una zona fresca y de fácil acceso en Carretera Sur, combina producción agrícola en mar...",https://www.quierocasa.com/anuncio/qc6431/0/en-venta-hermosa-finca-en-carretera-sur.htm,https://www.quierocasa.com/gallery/qc6431/350/qc6431-1.jpg,12.1412787,-86.2953782,trunk
qc6544,Hotel en venta en Masaya,Hotel,Masaya,Masaya,Masaya,20,20,20,"2,500.00",Mt²,"3,578.00",Vrs²,650000.00,USD,"Hermoso hotel disponible para venta. Ubicado en el centro de la ciudad de Masaya la ciudad tiene gran Turismo por su Volcán, mayor atractivo en Nicaragua. Se esta dando con todo lo que necesita pa...",https://www.quierocasa.com/anuncio/qc6544/0/hotel-en-venta-en-masaya.htm,https://www.quierocasa.com/gallery/qc6544/350/qc6544-10.jpg,11.9736474,-86.0960547,administrative
qc4720,Hermoso local comericial en venta,Local Comercial,Metrocentro,Managua,Managua,,5,24,"1,100.00",Mt²,"1,525.00",Vrs²,1500000.00,USD,"Hermoso local de 2 pisos disponible para venta, ubicado en zona céntrica, segura y de fácil acceso, cerca de comercios, restaurantes, supermercados, gasolineras, bancos y plazas comerciales.",https://www.quierocasa.com/anuncio/qc4720/0/hermoso-local-comericial-en-venta.htm,https://www.quierocasa.com/gallery/qc4720/350/qc4720-1.jpg,12.1279620,-86.2648812,mall
qc5031,Oficina en venta en Edificio Ofiplaza,Oficina,Ofiplaza,Managua,Managua,,2,3,140.73,Mt²,,,149800.00,USD,"Ubicada en el reconocido Edificio Ofiplaza, esta amplia y bien distribuida oficina es una excelente oportunidad para empresas, consultorios médicos, firmas legales o cualquier negocio que requiera un...",https://www.quierocasa.com/anuncio/qc5031/0/oficina-en-venta-en-edificio-ofiplaza.htm,https://www.quierocasa.com/gallery/qc5031/350/qc5031-16.jpg,12.1224416,-86.2843253,administrative
qc6517,Casa en venta en Santo Domingo,Casa,Santo Domingo,Managua,Managua,3,3.5,2,217.86,Mt²,268.53,Vrs²,240000.00,USD,"Preciosa casa disponible para venta en Santo Domingo. Propiedad se encuentra en condominio Seguro, de 2 plantas cuenta con 3 habitaciones mas la habitación de servicio, 3.5 baños, tiene ampliaciones...",https://www.quierocasa.com/anuncio/qc6517/0/casa-en-venta-en-santo-domingo.htm,https://www.quierocasa.com/gallery/qc6517/350/qc6517-18.jpg,12.1516383,-86.2663177,administrative
qc6543,Casa en Venta en Carretera Sur,Casa,Carretera Sur,Managua,Managua,5,4,3,300.00,Mt²,"1,800.00",Vrs²,350000.00,USD,"Descubre esta excelente propiedad ubicada en la tranquila y fresca zona de Carretera Sur, ideal para familias que buscan comodidad, amplitud y un ambiente seguro y accesible. La casa cuenta con una...",https://www.quierocasa.com/anuncio/qc6543/0/casa-en-venta-en-carretera-sur.htm,https://www.quierocasa.com/gallery/qc6543/350/qc6543-2.jpg,12.1412787,-86.2953782,trunk
qc6538,Local en Venta en Las Colinas,Local Comercial,Las Colinas,Managua,Managua,,1,45,146.00,Mt²,,,321200.00,USD,"Ubicado en una de las zonas más exclusivas y de mayor crecimiento en la ciudad, este local es una excelente oportunidad para emprendedores e inversionistas que buscan un espacio versátil en un área...",https://www.quierocasa.com/anuncio/qc6538/0/local-en-venta-en-las-colinas.htm,https://www.quierocasa.com/gallery/qc6538/350/qc6538-3.jpg,12.1964007,-86.3692092,village
qc6320,Local en Venta en Las Colinas,Local Comercial,Las Colinas,Managua,Managua,,1,45,75.00,Mt²,,,150000.00,USD,"Ubicado en una de las zonas más exclusivas y de mayor crecimiento en la ciudad, este local es una excelente oportunidad para emprendedores e inversionistas que buscan un espacio versátil en un área...",https://www.quierocasa.com/anuncio/qc6320/0/local-en-venta-en-las-colinas.htm,https://www.quierocasa.com/gallery/qc6320/350/qc6320-3.jpg,12.1964007,-86.3692092,village
qc853,Se vende casa en Gran pacifica Resort con hermosa piscina,Casa,GRAN PACIFICA BEACH RESORT,San Rafael del Sur,Managua,3,2.5,2,312.62,Mt²,,,299500.00,USD,"Casa cuenta con Area de servicio con baño completo. Incluye una bodega, Cantidad de dormitorios 3, Cantidad de baños 2.5, Area total de construcción 312.62M2 Area bajo techo 212.62M2 Incluye ...",https://www.quierocasa.com/anuncio/qc853/0/se-vende-casa-en-gran-pacifica-resort-con-hermosa-piscina.htm,https://www.quierocasa.com/gallery/qc853/350/qc853-1.jpg,11.8719408,-86.4614726,bus_stop
qc6531,Casa Amueblada en Venta en Veracruz,Casa,Veracruz,Managua,Managua,3,2,2,,,,,130000.00,USD,"¿Buscas comodidad, seguridad y un ambiente listo para mudarte? Esta hermosa casa amueblada es ideal para quienes desean vivir tranquilos y con estilo en una zona accesible y agradable como Veracruz. ...",https://www.quierocasa.com/anuncio/qc6531/0/casa-amueblada-en-venta-en-veracruz.htm,https://www.quierocasa.com/gallery/qc6531/350/qc6531-1.jpg,11.9869063,-86.3991679,administrative
qc6529,Terreno en Venta en Esquipulas,Terreno,Esquipulas,Managua,Managua,,,,,,686.50,Vrs²,27500.00,USD,"¡Invertí en una zona tranquila, accesible y con excelente proyección de crecimiento! Este terreno de 686.5 varas cuadradas te ofrece el espacio ideal para construir tu hogar o desarrollar un proyec...",https://www.quierocasa.com/anuncio/qc6529/0/terreno-en-venta-en-esquipulas.htm,https://www.quierocasa.com/gallery/qc6529/350/qc6529-8.jpg,12.0745878,-86.2158151,neighbourhood
qc6413,Hermosa Casa para Venta: ¡Hazla Tuya!,Casa,Santo Domingo,Managua,Managua,3,3.5,2,,,,,250000.00,USD,"Venta de bonita y amplia casa con piscina en condominio privado y exclusivo, cuenta con seguridad las 24 horas. Casa Cuenta con 3 habitaciones, habitación principal con walking closets y terraza c...",https://www.quierocasa.com/anuncio/qc6413/0/hermosa-casa-para-venta-hazla-tuya.htm,https://www.quierocasa.com/gallery/qc6413/350/qc6413-12.jpg,12.1516383,-86.2663177,administrative
qc916,Precioso apartamento amueblado en Las Colinas,Apartamento,Las Colinas,Managua,Managua,2,1,2,85.00,Mt²,,,85000.00,USD,"Venta de precioso apartamento con acabados de primera calidad, totalmente amueblado, ubicado en las colinas. cuenta con fácil acceso. Acabados de primera. Precio incluye: seguridad las 24 hora...",https://www.quierocasa.com/anuncio/qc916/0/precioso-apartamento-amueblado-en-las-colinas.htm,https://www.quierocasa.com/gallery/qc916/350/qc916-1.jpg,12.1964007,-86.3692092,village
qc5041,Espectacular casa en venta en Carretera Sur,Casa,Carretera Sur,Managua,Managua,5,5.5,4,756.00,Mt²,"3,517.00",Vrs²,675000.00,USD,"Preciosa residencia con vista panorámica en venta en Carretera Sur, ubicada en zona exclusiva, segura y silenciosa, de fácil acceso, a pocos minutos de supermercados, tiendas, gasolineras, escuelas ...",https://www.quierocasa.com/anuncio/qc5041/0/espectacular-casa-en-venta-en-carretera-sur.htm,https://www.quierocasa.com/gallery/qc5041/350/qc5041-21.jpg,12.1412787,-86.2953782,trunk
qc6501,Casa en Venta cerca del Colegio Americano,Casa,Managua,Managua,Managua,3,3,2,,,,,180000.00,USD,"Oportunidad única de adquirir una hermosa casa ubicada en una de las zonas más demandadas de Managua, a pocos minutos del Colegio Americano. Esta propiedad combina funcionalidad, confort y un entorn...",https://www.quierocasa.com/anuncio/qc6501/0/casa-en-venta-cerca-del-colegio-americano.htm,https://www.quierocasa.com/gallery/qc6501/350/qc6501-15.jpg,12.1547116,-86.2737250,administrative
qc6493,Casa Amueblada en Venta en Pochomil,Casa,POCHOMIL,San Rafael del Sur,Managua,4,4,2,326.00,Mt²,"1,480.00",Vrs²,180000.00,USD,"Vive la experiencia de tener tu propio paraíso frente al océano. Se vende espectacular casa amueblada frente al mar en Pochomil, diseñada para disfrutar de la brisa marina, el sonido de las olas...",https://www.quierocasa.com/anuncio/qc6493/0/casa-amueblada-en-venta-en-pochomil.htm,https://www.quierocasa.com/gallery/qc6493/350/qc6493-1.jpg,11.7700648,-86.5018237,residential
qc6490,Terreno en Venta en Diriamba,Terreno,Managua,Managua,Managua,,,,,,338.00,Vrs²,45000.00,USD,"Ubicado en una de las zonas con mayor proyección de crecimiento en Diriamba, este terreno de 338 varas cuadradas es una excelente oportunidad para construir la casa de tus sueños o desarrollar un pe...",https://www.quierocasa.com/anuncio/qc6490/0/terreno-en-venta-en-diriamba.htm,https://www.quierocasa.com/gallery/qc6490/350/qc6490-1.jpg,12.1547116,-86.2737250,administrative
qc6488,Terreno en Venta en Entrada a Xiloá,Terreno,Xiloa,Managua,Managua,,,,,,"60,000.00",Vrs²,1020000.00,USD,"Este amplio terreno ubicado en la entrada a Xiloá, una zona en constante desarrollo y de fácil acceso, representa una excelente oportunidad para inversionistas o desarrolladores que buscan espacios ...",https://www.quierocasa.com/anuncio/qc6488/0/terreno-en-venta-en-entrada-a-xiloa.htm,https://www.quierocasa.com/gallery/qc6488/350/qc6488-1.jpg,12.2123915,-86.3131523,administrative
qc6481,Terreno en Venta en Carretera a Masaya,Terreno,Carretera a Masaya,Managua,Managua,,,,,,"3,370.98",Vrs²,168549.00,USD,"Oportunidad ideal para invertir en una de las zonas con mayor desarrollo y plusvalía de Managua. Este amplio terreno de 3,370.98 varas cuadradas, ubicado sobre la Carretera a Masaya, ofrece el espaci...",https://www.quierocasa.com/anuncio/qc6481/0/terreno-en-venta-en-carretera-a-masaya.htm,https://www.quierocasa.com/gallery/qc6481/350/qc6481-2.jpg,12.0777949,-86.2231504,trunk
qc6439,Casa en venta en Altagracia,Casa,Altagracia,Managua,Managua,4,4.5,2,280.00,Mt²,,,88000.00,USD,"Si buscás una propiedad espaciosa y bien ubicada, esta casa en Altagracia es ideal para vos y tu familia. Con un diseño funcional y ambientes bien distribuidos, ofrece comodidad, privacidad y áreas...",https://www.quierocasa.com/anuncio/qc6439/0/casa-en-venta-en-altagracia.htm,https://www.quierocasa.com/gallery/qc6439/350/qc6439-3.jpg,12.1378154,-86.2917389,pharmacy
qc6462,Locales Comerciales en Venta en Preconstrucción Plaza Puntaldía,Local Comercial,Las Cumbres,Managua,Managua,,2,22,95.44,Mt²,,,229056.00,USD,"Oportunidad única de inversión en una de las zonas de mayor desarrollo y plusvalía de Managua. Plaza Puntaldía, ubicada en Las Cumbres, se proyecta como un punto estratégico para negocios que bus...",https://www.quierocasa.com/anuncio/qc6462/0/locales-comerciales-en-venta-en-preconstruccion-plaza-puntaldia.htm,https://www.quierocasa.com/gallery/qc6462/350/qc6462-20.jpg,12.0993011,-86.2569419,administrative
qc6459,Casa amueblada en venta en Las Colinas,Casa,Las Colinas,Managua,Managua,3,3.5,2,470.00,Mt²,860.00,Vrs²,470000.00,USD,"Descubre esta espectacular residencia totalmente amueblada, ubicada en el corazón de Las Colinas, una zona segura, tranquila y rodeada de naturaleza, ideal para vivir con comodidad y elegancia. ...",https://www.quierocasa.com/anuncio/qc6459/0/casa-amueblada-en-venta-en-las-colinas.htm,https://www.quierocasa.com/gallery/qc6459/350/qc6459-20.jpg,12.1964007,-86.3692092,village
qc6456,Precioso Terreno en Venta en Santo Domingo,Terreno,Santo Domingo,Managua,Managua,,,,,,"1,839.17",Vrs²,180000.00,USD,"Se vende amplio terreno de 1,839.17 varas cuadradas ubicado en la prestigiosa zona de Santo Domingo, uno de los sectores más seguros, tranquilos y con mayor crecimiento residencial de Managua. Ide...",https://www.quierocasa.com/anuncio/qc6456/0/precioso-terreno-en-venta-en-santo-domingo.htm,https://www.quierocasa.com/gallery/qc6456/350/qc6456-1.jpg,12.1516383,-86.2663177,administrative
qc5784,Preciosa residencia en venta en Santo Domingo,Casa,Santo Domingo,Managua,Managua,6,6,8,550.00,Mt²,"2,200.00",Vrs²,495000.00,USD,"Experimenta la perfecta fusión de la vida moderna y la belleza natural en esta preciosa residencia. Su arquitectura moderna y acabados de lujo se adaptan perfectamente a su su entorno, el lugar perfe...",https://www.quierocasa.com/anuncio/qc5784/0/preciosa-residencia-en-venta-en-santo-domingo.htm,https://www.quierocasa.com/gallery/qc5784/350/qc5784-25.jpg,12.1516383,-86.2663177,administrative
qc4735,Preciosa casa en La estancia Santo Domingo,Casa,Santo Domingo,Managua,Managua,3,3.5,2,,,,,260000.00,USD,"Se vende bonita y comoda casa ubicada en una de las zonas de mayor plusvalía de Managua, Estancia santo domingo, dentro de un pequeño condominio, con seguridad las 24 horas. Zona con clima agradable...",https://www.quierocasa.com/anuncio/qc4735/0/preciosa-casa-en-la-estancia-santo-domingo.htm,https://www.quierocasa.com/gallery/qc4735/350/qc4735-47.jpg,12.1516383,-86.2663177,administrative
qc6451,Bodega en venta en preconstrucción en Pista Suburbana,Bodega,Pista Sub Urbana,Managua,Managua,,1,3,559.13,Mt²,,,670956.00,USD,"Se vende funcional bodega en preconstrucción ubicada en la Pista Suburbana, una de las zonas con mayor desarrollo comercial e industrial de la ciudad. Este proyecto está pensado para brindar solucio...",https://www.quierocasa.com/anuncio/qc6451/0/bodega-en-venta-en-preconstruccion-en-pista-suburbana.htm,https://www.quierocasa.com/gallery/qc6451/350/qc6451-3.jpg,12.1092791,-86.2792096,tertiary
qc6450,Venta de Bodega en preconstrucción en Pista Suburbana,Bodega,Pista Sub Urbana,Managua,Managua,,1,3,486.74,Mt²,,,584088.00,USD,"Descubre esta excelente oportunidad de inversión en una zona de alto crecimiento. Se vende bodega en preconstrucción ubicada sobre la Pista Suburbana, una vía estratégica con alto flujo vehicular ...",https://www.quierocasa.com/anuncio/qc6450/0/venta-de-bodega-en-preconstruccion-en-pista-suburbana.htm,https://www.quierocasa.com/gallery/qc6450/350/qc6450-1.jpg,12.1092791,-86.2792096,tertiary
qc6449,Bodega en venta en preconstrucción en Pista Suburbana,Bodega,Pista Sub Urbana,Managua,Managua,,1,3,"1,373.09",Mt²,,,1647708.00,USD,"Se vende amplia bodega en preconstrucción ubicada estratégicamente sobre la Pista Suburbana, una zona de alto desarrollo y fácil acceso. Esta propiedad representa una excelente oportunidad para qui...",https://www.quierocasa.com/anuncio/qc6449/0/bodega-en-venta-en-preconstruccion-en-pista-suburbana.htm,https://www.quierocasa.com/gallery/qc6449/350/qc6449-4.jpg,12.1092791,-86.2792096,tertiary
qc6448,Bodega en Venta en Preconstrucción en Pista Suburbana,Bodega,Pista Sub Urbana,Managua,Managua,,1,3,400.00,Mt²,,,480000.00,USD,"¿Buscás expandir tu operación o invertir en una propiedad comercial estratégica? Esta bodega de 400 m² en preconstrucción es ideal para almacenamiento, distribución o actividades industriales l...",https://www.quierocasa.com/anuncio/qc6448/0/bodega-en-venta-en-preconstruccion-en-pista-suburbana.htm,https://www.quierocasa.com/gallery/qc6448/350/qc6448-2.jpg,12.1092791,-86.2792096,tertiary
qc6443,Casa en Venta en Las Colinas,Casa,Las Colinas,Managua,Managua,4,4,6,380.00,Mt²,"2,625.00",Vrs²,500000.00,USD,"Descubrí el hogar de tus sueños en una de las zonas más exclusivas y seguras de Managua. Esta hermosa casa en Las Colinas ofrece un diseño amplio y funcional, ideal para disfrutar de una vida cóm...",https://www.quierocasa.com/anuncio/qc6443/0/casa-en-venta-en-las-colinas.htm,https://www.quierocasa.com/gallery/qc6443/350/qc6443-29.jpg,12.1964007,-86.3692092,village
qc6425,Terreno en Venta en Sabana Grande,Terreno,Sabana grande,Managua,Managua,,,,,,"20,000.00",Vrs²,180000.00,USD,"Descubre esta excelente oportunidad de inversión en una de las zonas con mayor proyección de crecimiento: Sabana Grande. Este amplio terreno de 20,000 varas cuadradas te ofrece el espacio perfecto p...",https://www.quierocasa.com/anuncio/qc6425/0/terreno-en-venta-en-sabana-grande.htm,https://www.quierocasa.com/gallery/qc6425/350/qc6425-4.jpg,11.9099179,-86.5930635,farm
qc6422,Casa en Venta en Carretera a Masaya,Casa,Carretera a Masaya,Managua,Managua,3,3.5,2,256.00,Mt²,745.00,Vrs²,300000.00,USD,"Te presentamos esta excelente opción de vivienda ubicada en una de las zonas con mayor plusvalía de Managua: Carretera a Masaya. Una propiedad diseñada para brindarte confort, funcionalidad y segur...",https://www.quierocasa.com/anuncio/qc6422/0/casa-en-venta-en-carretera-a-masaya.htm,https://www.quierocasa.com/gallery/qc6422/350/qc6422-1.jpg,12.0777949,-86.2231504,trunk
qc4622,Bonita casa disponible para venta,Casa,Carretera a Masaya,Managua,Managua,3,2,1,77.90,Mt²,359.57,Vrs²,80000.00,USD,"Bonita casa disponible para venta en Sierras Doradas, ubicada en zona segura y silenciosa, de fácil acceso, a pocos minutos de centro de compras, escuelas, hospitales, supermercados y bancos. Cuen...",https://www.quierocasa.com/anuncio/qc4622/0/bonita-casa-disponible-para-venta.htm,https://www.quierocasa.com/gallery/qc4622/350/qc4622-30.jpg,12.0777949,-86.2231504,trunk
qc6273,Casa en Venta en Las Colinas,Casa,Las Colinas,Managua,Managua,3,3.5,6,345.00,Mt²,"1,009.00",Vrs²,235000.00,USD,"Descubre esta hermosa propiedad ubicada en una de las zonas más exclusivas y tranquilas de Las Colinas, diseñada para ofrecer comodidad, lujo y un ambiente perfecto para disfrutar con tu familia. ...",https://www.quierocasa.com/anuncio/qc6273/0/casa-en-venta-en-las-colinas.htm,https://www.quierocasa.com/gallery/qc6273/350/qc6273-2.jpg,12.1964007,-86.3692092,village
qc6397,Casa en Venta en Las Colinas,Casa,Las Colinas,Managua,Managua,5,5.5,2,440.00,Mt²,,,345000.00,USD,"Ubicada en una zona privilegiada, esta impresionante casa ofrece un diseño moderno con acabados de alta calidad, ideal para quienes buscan confort, amplitud y seguridad. La propiedad cuenta con una d...",https://www.quierocasa.com/anuncio/qc6397/0/casa-en-venta-en-las-colinas.htm,https://www.quierocasa.com/gallery/qc6397/350/qc6397-21.jpg,12.1964007,-86.3692092,village
qc6403,Casa en Venta en Gran Pacífica,Casa,GRAN PACIFICA BEACH RESORT,San Rafael del Sur,Managua,3,2,2,,,,,210000.00,USD,"Disfruta del confort y la exclusividad en esta hermosa casa en Gran Pacífica Resort, una de las comunidades más privilegiadas para vivir o invertir en la costa. Con una ubicación inmejorable, a sol...",https://www.quierocasa.com/anuncio/qc6403/0/casa-en-venta-en-gran-pacifica.htm,https://www.quierocasa.com/gallery/qc6403/350/qc6403-1.jpg,11.8719408,-86.4614726,bus_stop
qc6402,Preciosa Casa en Venta en Gran Pacífica,Casa,GRAN PACIFICA BEACH RESORT,San Rafael del Sur,Managua,2,2,2,95.32,Mt²,,,155000.00,USD,"Descubre esta increíble oportunidad de vivir en el paraíso con esta hermosa casa en venta en Gran Pacífica, ubicada a pocos metros de la espectacular Playa Asuchillo, reconocida por su belleza y ol...",https://www.quierocasa.com/anuncio/qc6402/0/preciosa-casa-en-venta-en-gran-pacifica.htm,https://www.quierocasa.com/gallery/qc6402/350/qc6402-1.jpg,11.8719408,-86.4614726,bus_stop
qc6401,Casa en Venta en Gran Pacífica,Casa,GRAN PACIFICA BEACH RESORT,San Rafael del Sur,Managua,4,3.5,2,371.00,Mt²,"1,331.69",Vrs²,395000.00,USD,"Disfruta del lujo y la tranquilidad en esta espectacular casa en venta en Gran Pacífica, una de las zonas más exclusivas y paradisíacas para vivir o vacacionar. A solo unos minutos caminando de la ...",https://www.quierocasa.com/anuncio/qc6401/0/casa-en-venta-en-gran-pacifica.htm,https://www.quierocasa.com/gallery/qc6401/350/qc6401-1.jpg,11.8719408,-86.4614726,bus_stop
qc6393,Terreno en Venta en Santo Domingo,Terreno,Santo Domingo,Managua,Managua,,,,,,"1,243.00",Vrs²,150974.00,USD,"Ubicado en una de las zonas más exclusivas y de mayor plusvalía, este terreno de 1,243 varas² es la oportunidad perfecta para construir tu hogar o desarrollar un proyecto de inversión. Caracte...",https://www.quierocasa.com/anuncio/qc6393/0/terreno-en-venta-en-santo-domingo.htm,https://www.quierocasa.com/gallery/qc6393/350/qc6393-5.jpg,12.1516383,-86.2663177,administrative
qc6392,Precioso Terreno en Venta en Santo Domingo,Terreno,Santo Domingo,Managua,Managua,,,,,,"1,450.00",Vrs²,176092.00,USD,"Este terreno de 1,450 vrs² es una excelente oportunidad para construir en una de las zonas más exclusivas y de mayor plusvalía de Santo Domingo. - Servicios disponibles: Agua potable y energí...",https://www.quierocasa.com/anuncio/qc6392/0/precioso-terreno-en-venta-en-santo-domingo.htm,https://www.quierocasa.com/gallery/qc6392/350/qc6392-1.jpg,12.1516383,-86.2663177,administrative
qc6391,Terreno en Venta en Santo Domingo,Terreno,Santo Domingo,Managua,Managua,,,,,,"1,499.00",Vrs²,182094.00,USD,"Descubre este magnífico terreno de 1,499 vrs² en una de las zonas más privilegiadas de Santo Domingo, ideal para construir la casa de tus sueños o un proyecto exclusivo. Características dest...",https://www.quierocasa.com/anuncio/qc6391/0/terreno-en-venta-en-santo-domingo.htm,https://www.quierocasa.com/gallery/qc6391/350/qc6391-7.jpg,12.1516383,-86.2663177,administrative
qc6390,Venta de Terreno en Santo Domingo,Terreno,Santo Domingo,Managua,Managua,,,,,,"1,504.00",Vrs²,182682.00,USD,"Oportunidad única para invertir en una de las zonas más exclusivas y seguras de Santo Domingo! Este terreno de 1,504 vrs² cuenta con todas las comodidades para desarrollar tu proyecto ideal: - ...",https://www.quierocasa.com/anuncio/qc6390/0/venta-de-terreno-en-santo-domingo.htm,https://www.quierocasa.com/gallery/qc6390/350/qc6390-5.jpg,12.1516383,-86.2663177,administrative
qc6389,Terreno en Venta en Santo Domingo,Terreno,Santo Domingo,Managua,Managua,,,,,,"1,653.00",Vrs²,200771.00,USD,"Se vende terreno de 1,653 varas² en una de las zonas más exclusivas y de mayor plusvalía en Santo Domingo. Ideal para construir una residencia de lujo o un proyecto de inversión, este terreno ofre...",https://www.quierocasa.com/anuncio/qc6389/0/terreno-en-venta-en-santo-domingo.htm,https://www.quierocasa.com/gallery/qc6389/350/qc6389-3.jpg,12.1516383,-86.2663177,administrative
qc6382,Terreno en venta en Altos de Santo Domingo,Terreno,Altos de Santo Domingo,Managua,Managua,,,,,,"1,094.00",Vrs²,64000.00,USD,"Se vende terreno de 1,094 vrs² en una de las zonas más exclusivas y de alta plusvalía de Managua. Ubicado fuera de residencial. - Zona fresca y tranquila - Fácil acceso y excelente ubi...",https://www.quierocasa.com/anuncio/qc6382/0/terreno-en-venta-en-altos-de-santo-domingo.htm,https://www.quierocasa.com/gallery/qc6382/350/qc6382-2.jpg,12.0832267,-86.2465055,administrative
qc4679,Casa con encanto en la zona exclusiva de Las Cumbres,Casa,Las Cumbres,Managua,Managua,4,4.5,2,408.00,Mt²,670.00,Vrs²,420000.00,USD,"Preciosa casa en venta en Las Cumbres, condominio centirco, seguro y silencioso, de facil acceso, cerca de centro de compras, escuelas y hospitales.",https://www.quierocasa.com/anuncio/qc4679/0/casa-con-encanto-en-la-zona-exclusiva-de-las-cumbres.htm,https://www.quierocasa.com/gallery/qc4679/350/qc4679-2.jpg,12.0993011,-86.2569419,administrative
qc6372,Exclusiva Casa en Venta en Santo Domingo,Casa,Santo Domingo,Managua,Managua,4,5,2,550.00,Mt²,"4,900.00",Vrs²,790000.00,USD,"Descubre esta espectacular residencia de 2 pisos en una de las zonas más privilegiadas y seguras de Santo Domingo. Con un diseño elegante, amplios espacios y amenidades de primer nivel, esta propied...",https://www.quierocasa.com/anuncio/qc6372/0/exclusiva-casa-en-venta-en-santo-domingo.htm,https://www.quierocasa.com/gallery/qc6372/350/qc6372-19.jpg,12.1516383,-86.2663177,administrative
qc6371,Terreno en Venta en Sabana Grande,Terreno,Sabana grande,Managua,Managua,,,,,,"140,000.00",Vrs²,1120000.00,USD,"¡Oportunidad única para inversión! Este extenso terreno de 140,000 varas² en Sabana Grande es ideal para el desarrollo de una zona franca, fábrica o parque industrial, gracias a su ubicación est...",https://www.quierocasa.com/anuncio/qc6371/0/terreno-en-venta-en-sabana-grande.htm,https://www.quierocasa.com/gallery/qc6371/350/qc6371-2.jpg,11.9099179,-86.5930635,farm
qc6108,Moderna casa en venta en villa fontana,Casa,Villa Fontana,Managua,Managua,3,2.5,2,214.00,Mt²,400.00,Vrs²,268900.00,USD,"Descubre esta encantadora casa en Condominio Acacia Eco Living, diseñada para ofrecer comodidad y estilo en cada rincón. La sala es amplia y luminosa, proporcionando un ambiente acogedor para disfru...",https://www.quierocasa.com/anuncio/qc6108/0/moderna-casa-en-venta-en-villa-fontana.htm,https://www.quierocasa.com/gallery/qc6108/350/qc6108-1.jpg,12.1033874,-86.2671277,administrative
qc6366,Terreno en Venta en Balcones de Santo Domingo,Terreno,Santo Domingo,Managua,Managua,,,,,,"2,395.40",Vrs²,155701.00,USD,"Descubre esta excelente oportunidad de inversión en una de las zonas más exclusivas y frescas de Managua. Este terreno de 2,395.40 vrs² es ideal para construir la casa de tus sueños en un entorno ...",https://www.quierocasa.com/anuncio/qc6366/0/terreno-en-venta-en-balcones-de-santo-domingo.htm,https://www.quierocasa.com/gallery/qc6366/350/qc6366-3.jpg,12.1516383,-86.2663177,administrative
qc6364,Terreno en Venta en Sabana Grande,Terreno,Sabana grande,Managua,Managua,,,,,,"7,056.00",Vrs²,63504.00,USD,"Oportunidad única para invertir en Sabana Grande, una zona con gran potencial de crecimiento y excelente acceso. Este terreno de 7,056 varas² es ideal para la construcción de bodegas, naves industr...",https://www.quierocasa.com/anuncio/qc6364/0/terreno-en-venta-en-sabana-grande.htm,https://www.quierocasa.com/gallery/qc6364/350/qc6364-1.jpg,11.9099179,-86.5930635,farm
qc6363,Terreno en Venta en Sabana Grande,Terreno,Sabana grande,Managua,Managua,,,,,,"17,241.00",Vrs²,155169.00,USD,"Oportunidad única para invertir en Sabana Grande, una zona en constante crecimiento con excelente conectividad. Este amplio terreno de 17,241 varas² es perfecto para el desarrollo de bodegas, naves ...",https://www.quierocasa.com/anuncio/qc6363/0/terreno-en-venta-en-sabana-grande.htm,https://www.quierocasa.com/gallery/qc6363/350/qc6363-1.jpg,11.9099179,-86.5930635,farm
qc6362,Gran Terreno en Venta en Sabana Grande,Terreno,Sabana grande,Managua,Managua,,,,,,"25,000.00",Vrs²,225000.00,USD,"Oportunidad única de inversión en Sabana Grande, una zona estratégica con fácil acceso y alto potencial de desarrollo. Con 25,000 varas², este amplio terreno es perfecto para la construcción de ...",https://www.quierocasa.com/anuncio/qc6362/0/gran-terreno-en-venta-en-sabana-grande.htm,https://www.quierocasa.com/gallery/qc6362/350/qc6362-1.jpg,11.9099179,-86.5930635,farm
qc6160,Amplia bodega en renta en masaya,Bodega,Masaya,Masaya,Masaya,,,2,"1,350.00",Mt²,,,620000.00,USD,"Amplia bodega en renta ubicada en Carretera Masaya, ideal para operaciones industriales y logísticas. Esta nave cuenta con excelente ventilación natural, gracias a sus tragaluces en el techo, lo que...",https://www.quierocasa.com/anuncio/qc6160/0/amplia-bodega-en-renta-en--masaya.htm,https://www.quierocasa.com/gallery/qc6160/350/qc6160-3.jpg,11.9736474,-86.0960547,administrative
qc6192,Preciosa casa en venta en Gran Pacifica,Casa,GRAN PACIFICA BEACH RESORT,San Rafael del Sur,Managua,3,3.5,2,184.97,Mt²,449.60,Vrs²,310000.00,USD,"¡Descubre el paraíso en Gran Pacifica Resort con esta hermosa casa de playa en venta! Esta casa nueva y de dos plantas ha sido diseñada con acabados de primera calidad, ofreciendo confort en cada r...",https://www.quierocasa.com/anuncio/qc6192/0/preciosa-casa-en-venta-en-gran-pacifica.htm,https://www.quierocasa.com/gallery/qc6192/350/qc6192-1.jpg,11.8719408,-86.4614726,bus_stop
qc6353,Oficina en Venta en Ofiplaza El Retiro,Oficina,Managua,Managua,Managua,,1,1,100.00,Mt²,,,175000.00,USD,"Oportunidad única para adquirir una oficina en venta ubicada en Ofiplaza El Retiro, un complejo empresarial moderno y seguro, ideal para empresas que buscan un espacio profesional, cómodo y accesibl...",https://www.quierocasa.com/anuncio/qc6353/0/oficina-en-venta-en-ofiplaza-el-retiro.htm,https://www.quierocasa.com/gallery/qc6353/350/qc6353-1.jpg,12.1547116,-86.2737250,administrative
qc6294,Casa en Venta en Carretera a Masaya,Casa,Carretera a Masaya,Managua,Managua,3,2.5,2,182.00,Mt²,851.04,Vrs²,233000.00,USD,"Amplia y cómoda casa ubicada en un condominio exclusivo sobre Carretera a Masaya, perfecta para quienes buscan seguridad y un ambiente tranquilo para la familia. Distribución y Características: ...",https://www.quierocasa.com/anuncio/qc6294/0/casa-en-venta-en-carretera-a-masaya.htm,https://www.quierocasa.com/gallery/qc6294/350/qc6294-8.jpg,12.0777949,-86.2231504,trunk
qc6350,Apartamento en Venta en Villa Fontana,Apartamento,Villa Fontana,Managua,Managua,3,2,2,115.00,Mt²,110.00,Vrs²,120000.00,USD,"Descubre este hermoso apartamento en venta en la exclusiva zona de Villa Fontana, ideal para quienes buscan comodidad, seguridad y una excelente ubicación. Distribución: Sala Comed...",https://www.quierocasa.com/anuncio/qc6350/0/apartamento-en-venta-en-villa-fontana.htm,https://www.quierocasa.com/gallery/qc6350/350/qc6350-12.jpg,12.1033874,-86.2671277,administrative
qc6349,Casa en Venta en Carretera Sur,Casa,Carretera Sur,Managua,Managua,6,5,3,750.00,Mt²,"11,500.00",Vrs²,750000.00,USD,"Descubre esta espectacular casa en venta en Carretera Sur, ideal para quienes buscan amplitud, comodidad y una excelente ubicación en un entorno tranquilo y fresco. Distribución y espacios: ...",https://www.quierocasa.com/anuncio/qc6349/0/casa-en-venta-en-carretera-sur.htm,https://www.quierocasa.com/gallery/qc6349/350/qc6349-31.jpg,12.1412787,-86.2953782,trunk
qc6345,Precioso terreno en venta en Villa Fontana,Terreno,Villa Fontana,Managua,Managua,,,,,,"2,700.00",Vrs²,200000.00,USD,"Descubre la oportunidad perfecta para desarrollar tus sueños en este magnífico terreno, ubicado en una zona segura y de fácil acceso. Su privilegiada ubicación te sitúa a solo minutos de centros ...",https://www.quierocasa.com/anuncio/qc6345/0/precioso-terreno-en-venta-en-villa-fontana.htm,https://www.quierocasa.com/gallery/qc6345/350/qc6345-2.jpg,12.1033874,-86.2671277,administrative
qc6341,Bodega en Venta en San Judas,Bodega,San Judas,Managua,Managua,,,2,"1,600.00",Mt²,,,1328000.00,USD,"¡Optimiza la operatividad de tu empresa con esta amplia bodega en San Judas! Con 1,600 m² de espacio funcional, ofrece las condiciones ideales para almacenamiento, distribución o producción, garan...",https://www.quierocasa.com/anuncio/qc6341/0/bodega-en-venta-en-san-judas.htm,https://www.quierocasa.com/gallery/qc6341/350/qc6341-4.jpg,12.2188232,-86.0619691,administrative
qc6339,"Se Vende Bodega de 1,028 mts² en San Judas",Bodega,San Judas,Managua,Managua,,,4,"1,028.00",Mt²,,,853240.00,USD,"¡Ideal para almacenamiento, distribución o producción! Esta bodega de 1,028 m² en San Judas ofrece la seguridad, comodidad y funcionalidad que tu empresa necesita para operar eficientemente. ...",https://www.quierocasa.com/anuncio/qc6339/0/se-vende-bodega-de-1028-mts-en-san-judas.htm,https://www.quierocasa.com/gallery/qc6339/350/qc6339-6.jpg,12.2188232,-86.0619691,administrative
qc6337,Bodega en venta en San Judas,Bodega,San Judas,Managua,Managua,,,4,651.00,Mt²,,,540330.00,USD,"Si buscas un espacio ideal para almacenamiento, distribución o producción, esta bodega de 651 m² en San Judas es perfecta para tu negocio. Con una ubicación estratégica y características que fac...",https://www.quierocasa.com/anuncio/qc6337/0/bodega-en-venta-en-san-judas.htm,https://www.quierocasa.com/gallery/qc6337/350/qc6337-5.jpg,12.2188232,-86.0619691,administrative
qc6334,Casa en Venta en Bolonia,Casa,Bolonia,Managua,Managua,3,4.5,1,350.00,Mt²,640.00,Vrs²,120000.00,USD,"Si buscas una casa espaciosa, funcional y con una excelente ubicación, esta propiedad en Bolonia es perfecta para ti. Su diseño ofrece amplios espacios interiores y exteriores, ideal para una famili...",https://www.quierocasa.com/anuncio/qc6334/0/casa-en-venta-en-bolonia.htm,https://www.quierocasa.com/gallery/qc6334/350/qc6334-1.jpg,12.1398941,-86.2815427,administrative
qc6329,Oficina en venta en Carretera a Masaya,Oficina,Carretera a Masaya,Managua,Managua,,6,12,315.00,Mt²,,,724500.00,USD,"Ubicada en una zona estratégica, esta oficina ofrece un espacio moderno, amplio y funcional, ideal para empresas que buscan comodidad, seguridad y accesibilidad. Condiciones de entrega: Esp...",https://www.quierocasa.com/anuncio/qc6329/0/oficina-en-venta-en-carretera-a-masaya.htm,https://www.quierocasa.com/gallery/qc6329/350/qc6329-9.jpg,12.0777949,-86.2231504,trunk
qc6324,Casa en Venta en Bolonia,Casa,Bolonia,Managua,Managua,4,5.5,6,387.70,Mt²,"1,750.00",Vrs²,330000.00,USD,"¡Descubre esta amplia y cómoda casa en Bolonia, una de las zonas más céntricas y seguras de Managua! Con espacios bien distribuidos y todas las comodidades necesarias, esta propiedad es ideal para...",https://www.quierocasa.com/anuncio/qc6324/0/casa-en-venta-en-bolonia.htm,https://www.quierocasa.com/gallery/qc6324/350/qc6324-6.jpg,12.1398941,-86.2815427,administrative
qc6323,Terreno en Venta en Ticuantepe,Terreno,Ticuantepe,Managua,Managua,,,,,,"2,235.00",Vrs²,37000.00,USD,"¡Haz realidad tu proyecto con este increíble terreno en venta en Ticuantepe! Con una extensión de 2,235 varas², este espacio es ideal para construir la casa de tus sueños, un desarrollo turístic...",https://www.quierocasa.com/anuncio/qc6323/0/terreno-en-venta-en-ticuantepe.htm,https://www.quierocasa.com/gallery/qc6323/350/qc6323-4.jpg,12.0217671,-86.2053144,administrative
qc6322,Terreno en Venta en Santo Domingo,Terreno,Santo Domingo,Managua,Managua,,,,,,"2,620.00",Vrs²,144100.00,USD,"¡Oportunidad única! Se vende terreno completamente plano dentro de un exclusivo residencial en Santo Domingo. Con una extensión de 2,620 varas², esta propiedad es ideal para construir la casa de t...",https://www.quierocasa.com/anuncio/qc6322/0/terreno-en-venta-en-santo-domingo.htm,https://www.quierocasa.com/gallery/qc6322/350/qc6322-1.jpg,12.1516383,-86.2663177,administrative
qc6311,Casa en Venta en Carretera a Masaya,Casa,Carretera a Masaya,Managua,Managua,4,2,2,250.00,Mt²,"1,200.00",Vrs²,250000.00,USD,"Descubre esta hermosa casa en venta en Villas del Prado, una zona segura y tranquila, ideal para disfrutar en familia. Con un diseño amplio y funcional, esta propiedad ofrece: Sala espaciosa con ...",https://www.quierocasa.com/anuncio/qc6311/0/casa-en-venta-en-carretera-a-masaya.htm,https://www.quierocasa.com/gallery/qc6311/350/qc6311-1.jpg,12.0777949,-86.2231504,trunk
qc3216,Amplia casa en venta en Las colinas,Casa,Las Colinas,Managua,Managua,2,2.5,2,163.00,Mt²,"1,123.98",Vrs²,208000.00,USD,"preciosa casa con amplios espacios en venta en Las Colinas, Ubicada en un residencial seguro y exclusivo, este hogar es el lugar perfecto para crear recuerdos inolvidables con tu familia.",https://www.quierocasa.com/anuncio/qc3216/0/amplia-casa-en-venta-en-las-colinas.htm,https://www.quierocasa.com/gallery/qc3216/350/qc3216-1.jpg,12.1964007,-86.3692092,village
qc6036,Preciosa residencia en venta en Carretera Masaya,Casa,Carretera a Masaya,Managua,Managua,4,3.5,4,254.00,Mt²,879.85,Vrs²,215000.00,USD,"Esta propiedad te presenta una oportunidad incomparable para disfrutar la vida, con sus hábiles espacios y bien diseñados. Su ubicación privilegiada te ofrece una combinación encantadora de comodi...",https://www.quierocasa.com/anuncio/qc6036/0/preciosa-residencia-en-venta-en-carretera-masaya.htm,https://www.quierocasa.com/gallery/qc6036/350/qc6036-1.jpg,12.0777949,-86.2231504,trunk
qc6016,Casa Amueblada en Venta en Santo Domingo,Casa,Santo Domingo,Managua,Managua,4,3.5,12,578.29,Mt²,"2,363.23",Vrs²,650000.00,USD,"Descubre esta espectacular casa amueblada en Santo Domingo, diseñada para brindar el máximo confort, lujo y privacidad. Ubicada en una de las zonas más exclusivas, esta propiedad combina amplios es...",https://www.quierocasa.com/anuncio/qc6016/0/casa-amueblada-en-venta-en-santo-domingo.htm,https://www.quierocasa.com/gallery/qc6016/350/qc6016-59.jpg,12.1516383,-86.2663177,administrative
qc6312,Bodega en venta en Carretera Norte,Bodega,Carretera Norte,Managua,Managua,,,2,240.92,Mt²,341.73,Vrs²,215000.00,USD,"Ponemos a tu disposición esta Bodega en venta, ubicada en Carretera Norte, una de las zonas comerciales e industriales más importantes de la ciudad. Con una extensión de 240.92 m² (341.73 varas²)...",https://www.quierocasa.com/anuncio/qc6312/0/bodega-en-venta-en-carretera-norte.htm,https://www.quierocasa.com/gallery/qc6312/350/qc6312-5.jpg,12.1478489,-86.1952672,trunk
qc6309,Terreno en Venta en Villa Fontana,Terreno,Villa Fontana,Managua,Managua,,,,,,"2,500.00",Vrs²,200000.00,USD,"Se vende amplio terreno de 2,500 varas cuadradas en Villa Fontana, una de las zonas más exclusivas y de mayor plusvalía en Managua. Ideal para la construcción de una residencia de lujo, un complejo...",https://www.quierocasa.com/anuncio/qc6309/0/terreno-en-venta-en-villa-fontana.htm,https://www.quierocasa.com/gallery/qc6309/350/qc6309-1.jpg,12.1033874,-86.2671277,administrative
qc6308,Terreno en Venta en Santo Domingo,Terreno,Santo Domingo,Managua,Managua,,,,,,"2,500.00",Mt²,175000.00,USD,"Oportunidad única! Se vende terreno de 2,500 varas cuadradas en una de las zonas más exclusivas y de mayor plusvalía de Santo Domingo. Su ubicación privilegiada y su excelente extensión lo hacen ...",https://www.quierocasa.com/anuncio/qc6308/0/terreno-en-venta-en-santo-domingo.htm,https://www.quierocasa.com/gallery/qc6308/350/qc6308-1.jpg,12.1516383,-86.2663177,administrative
qc6307,Terreno en Venta en Carretera a Masaya,Terreno,Carretera a Masaya,Managua,Managua,,,,,,"4,738.00",Vrs²,852840.00,USD,"¡Excelente oportunidad de inversión! Se vende amplio terreno de 4,738 varas cuadradas en una de las zonas de mayor crecimiento y plusvalía en Carretera a Masaya. Su ubicación estratégica lo hace ...",https://www.quierocasa.com/anuncio/qc6307/0/terreno-en-venta-en-carretera-a-masaya.htm,https://www.quierocasa.com/gallery/qc6307/350/qc6307-6.jpg,12.0777949,-86.2231504,trunk
qc4857,Increíble Oportunidad: Apartamento en Venta con Encanto,Apartamento,Las Colinas,Managua,Managua,2,2.5,2,156.92,Mt²,140.74,Vrs²,139000.00,USD,"Descubre la comodidad y exclusividad de este hermoso apartamento en venta en una de las zonas más privilegiadas de Las Colinas. Diseñado con espacios amplios y funcionales, este hogar ofrece una dis...",https://www.quierocasa.com/anuncio/qc4857/0/increible-oportunidad-apartamento-en-venta-con-encanto.htm,https://www.quierocasa.com/gallery/qc4857/350/qc4857-12.jpg,12.1964007,-86.3692092,village
qc6252,Gran Oportunidad de Inversión en Altos de Santo Domingo,Casa,Altos de Santo Domingo,Managua,Managua,3,2.5,5,340.64,Mt²,"1,834.84",Vrs²,235000.00,USD,"Aprovecha esta preciosa casa para remodelar, ubicada en una de las zonas más exclusivas y seguras de la ciudad. Esta propiedad ofrece una excelente distribución y potencial para convertirla en el ho...",https://www.quierocasa.com/anuncio/qc6252/0/gran-oportunidad-de-inversion-en-altos-de-santo-domingo.htm,https://www.quierocasa.com/gallery/qc6252/350/qc6252-1.jpg,12.0832267,-86.2465055,administrative
qc3949,Inmueble para oficinas en Bolonia,Oficina,Bolonia,Managua,Managua,,8,8,,,,,250000.00,USD,"Amplia propiedad en venta apta para oficinas, ubicada en zona céntrica, segura y de fácil acceso, cerca de supermercados, farmacias, gasolineras, bancos y tiendas. La propiedad cuenta con 1 recepc...",https://www.quierocasa.com/anuncio/qc3949/0/inmueble-para-oficinas-en-bolonia.htm,https://www.quierocasa.com/gallery/qc3949/350/qc3949-10.jpg,12.1398941,-86.2815427,administrative
qc6293,Casa en Venta en Carretera Vieja a León,Casa,Carretera Vieja a Leon,Managua,Managua,3,2,2,175.17,Mt²,614.75,Vrs²,100000.00,USD,"Hermosa casa ubicada en un entorno tranquilo y de fácil acceso sobre Carretera Vieja a León, ideal para quienes buscan comodidad y espacios bien distribuidos. Esta propiedad combina funcionalidad y ...",https://www.quierocasa.com/anuncio/qc6293/0/casa-en-venta-en-carretera-vieja-a-leon.htm,https://www.quierocasa.com/gallery/qc6293/350/qc6293-1.jpg,12.0731952,-86.4953759,trunk
qc6289,Casa en Venta en Las Cumbres,Casa,Las Cumbres,Managua,Managua,3,2.5,2,,,,,205000.00,USD,"Esta encantadora casa, ubicada dentro de un exclusivo condominio en Las Cumbres, ofrece comodidad, seguridad y una ubicación privilegiada para quienes buscan un estilo de vida práctico y tranquilo. ...",https://www.quierocasa.com/anuncio/qc6289/0/casa-en-venta-en-las-cumbres.htm,https://www.quierocasa.com/gallery/qc6289/350/qc6289-3.jpg,12.0993011,-86.2569419,administrative
qc6260,Casa en Venta en Carretera a Masaya,Casa,Carretera a Masaya,Managua,Managua,3,2.5,2,130.00,Mt²,340.00,Vrs²,105000.00,USD,"Esta hermosa casa, ubicada en una zona accesible y tranquila de Carretera a Masaya, es ideal para disfrutar de la comodidad y el espacio que tu familia necesita. Sala y comedor amplios, perfect...",https://www.quierocasa.com/anuncio/qc6260/0/casa-en-venta-en-carretera-a-masaya.htm,https://www.quierocasa.com/gallery/qc6260/350/qc6260-12.jpg,12.0777949,-86.2231504,trunk
qc6285,Hermosa casa en venta en Poneloya,Casa,Poneloya,León,León,7,7,4,,,,,260000.00,USD,"Esta espectacular propiedad frente al mar te brinda el refugio perfecto para disfrutar de la tranquilidad y belleza de la playa. Con un diseño pensado para el confort y la comodidad, la casa cuenta c...",https://www.quierocasa.com/anuncio/qc6285/0/hermosa-casa-en-venta-en-poneloya.htm,https://www.quierocasa.com/gallery/qc6285/350/qc6285-9.jpg,12.3783023,-87.0422310,administrative
qc5801,Ecuentra tu oasis en carretera Masaya,Casa,Carretera a Masaya,Managua,Managua,3,3.5,2,,,,,320000.00,USD,Quieres vivir con grandes comodidades para tu descanso y desempeño profesional sin necesidad de salir de casa? Disfruta de la tranquilidad de vivir en esta hermosa residencia ubicada con zona céntri...,https://www.quierocasa.com/anuncio/qc5801/0/ecuentra-tu-oasis-en-carretera-masaya.htm,https://www.quierocasa.com/gallery/qc5801/350/qc5801-7.jpg,12.0777949,-86.2231504,trunk
qc5192,Hermosa residencia lista para ser habitada,Casa,Santo Domingo,Managua,Managua,4,3.5,2,220.00,Mt²,397.00,Mt²,259000.00,USD,"Hermosa casa de dos plantas en venta, cerca de galería Santo Domingo, ubicada en zona segura y silenciosa, de fácil acceso, cerca de centro de compras, hospitales, escuelas y estaciones de servicio....",https://www.quierocasa.com/anuncio/qc5192/0/hermosa-residencia-lista-para-ser-habitada.htm,https://www.quierocasa.com/gallery/qc5192/350/qc5192-11.jpg,12.1516383,-86.2663177,administrative
qc6050,Moderna residencia en venta en Santo Domingo,Casa,Santo Domingo,Managua,Managua,3,3.5,4,280.00,Mt²,815.00,Vrs²,290000.00,USD,Tu refugio perfecto: Esta amplia residencia en Santo Domingo combina acabados finos con una distribución inteligente. Disfruta de un hogar donde el confort y el estilo se encuentran. La casa te ofrec...,https://www.quierocasa.com/anuncio/qc6050/0/moderna-residencia-en-venta-en-santo-domingo.htm,https://www.quierocasa.com/gallery/qc6050/350/qc6050-27.jpg,12.1516383,-86.2663177,administrative
qc5434,Hermosa y moderna casa en venta,Casa,Santo Domingo,Managua,Managua,4,4.5,2,375.00,Mt²,900.00,Vrs²,430000.00,USD,"Descubre esta espectacular propiedad con dos platas, ubicada en Santo Domingo, diseñada para ofrecer lujo, confort y un estilo de vida único en una de las zonas más exclusivas y seguras de la ciuda...",https://www.quierocasa.com/anuncio/qc5434/0/hermosa-y-moderna-casa-en-venta.htm,https://www.quierocasa.com/gallery/qc5434/350/qc5434-21.jpg,12.1516383,-86.2663177,administrative
qc5091,Construye la vida que deseas: Terreno en venta,Terreno,Santo Domingo,Managua,Managua,,,,,,"5,300.00",Vrs²,500000.00,USD,"Precioso terreno disponible para venta en Santo Domingo, ubicado en zona exclusiva, céntrica y segura, cerca de centro de compras, escuelas, hospitales, supermercados, gasolineras y bancos.",https://www.quierocasa.com/anuncio/qc5091/0/construye-la-vida-que-deseas-terreno-en-venta.htm,https://www.quierocasa.com/gallery/qc5091/350/qc5091-5.jpg,12.1516383,-86.2663177,administrative
qc6235,Haz crecer tu negocio en el lugar ideal,Local Comercial,Las Colinas,Managua,Managua,,1,6,110.00,Mt²,,,280000.00,USD,"Se vende local comercial nuevo en una de las mejores ubicaciones de Las Colinas, ideal para emprendedores y empresarios que buscan comodidad, modernidad y funcionalidad. Este local comercial es el es...",https://www.quierocasa.com/anuncio/qc6235/0/haz-crecer-tu-negocio-en-el-lugar-ideal.htm,https://www.quierocasa.com/gallery/qc6235/350/qc6235-6.jpg,12.1964007,-86.3692092,village
qc4603,Apartamento de Ensueño en Venta: Descubre tu Nuevo Hogar,Apartamento,Villa Fontana,Managua,Managua,3,2.5,2,223.00,Mt²,,,270000.00,USD,"Descubre un espacio diseñado para elevar tu calidad de vida, donde cada detalle ha sido pensado para ofrecerte confort, seguridad y una experiencia única. Características principales: -Espaci...",https://www.quierocasa.com/anuncio/qc4603/0/apartamento-de-ensueno-en-venta-descubre-tu-nuevo-hogar.htm,https://www.quierocasa.com/gallery/qc4603/350/qc4603-13.jpg,12.1033874,-86.2671277,administrative
qc4604,Oportunidad Única: Hermoso Apartamento en Venta,Apartamento,Villa Fontana,Managua,Managua,2,2.5,2,203.00,Mt²,,,240000.00,USD,"Descubre este espectacular apartamento en Villa Fontana, ubicado en un residencial seguro y estratégico que te coloca cerca de comercios, tiendas, y todo lo necesario para tu día a día. Esta propie...",https://www.quierocasa.com/anuncio/qc4604/0/oportunidad-unica-hermoso-apartamento-en-venta.htm,https://www.quierocasa.com/gallery/qc4604/350/qc4604-1.jpg,12.1033874,-86.2671277,administrative
qc6121,Venta de Bodega en Zona Comercial,Bodega,Mercado Oriental,Managua,Managua,,1,4,320.00,Mt²,370.00,Vrs²,130000.00,USD,"Gran oportunidad de adquirir bodega de dos plantas en una excelente área comercial rodeado de empresas y otras bodegas, a solo 600 metros del Mercado Oriental, uno de los centros comerciales más gra...",https://www.quierocasa.com/anuncio/qc6121/0/venta-de-bodega-en-zona-comercial.htm,https://www.quierocasa.com/gallery/qc6121/350/qc6121-1.jpg,12.1485742,-86.2601307,commercial
qc6238,"Elegancia, Confort y Seguridad en Las Cumbres",Casa,Las Cumbres,Managua,Managua,3,2,2,,,,,195000.00,USD,"Descubre esta hermosa casa ubicada en el prestigioso residencial Las Cumbres, diseñado para brindarte a ti y a tu familia un hogar donde la elegancia, funcionalidad y confort se fusionan a la perfecc...",https://www.quierocasa.com/anuncio/qc6238/0/elegancia-confort-y-seguridad-en-las-cumbres.htm,https://www.quierocasa.com/gallery/qc6238/350/qc6238-14.jpg,12.0993011,-86.2569419,administrative
qc6232,Ofibodega en venta en Las Colinas,Bodega,Las Colinas,Managua,Managua,,,2,204.93,Mt²,,,245916.00,USD,Centro logístico diseñado para satisfacer las necesidades de tu empresa en una ubicación estratégica y con características excepcionales. Este proyecto de ofi-bodegas modernas y funcionales ofrec...,https://www.quierocasa.com/anuncio/qc6232/0/ofibodega-en-venta-en-las-colinas.htm,https://www.quierocasa.com/gallery/qc6232/350/qc6232-1.jpg,12.1964007,-86.3692092,village
qc5813,Hermosa propiedad para hotel en venta,Hotel,Bolonia,Managua,Managua,10,10.5,4,260.73,Mt²,448.47,Vrs²,205000.00,USD,Hermosa propiedad para Hotel! Oportunidad única para inversionistas visionarios con ubicación estratégica y gran potencial Totalmente remodelada (Sistema Eléctrico y Fontanería Nuevo) a solo 3 m...,https://www.quierocasa.com/anuncio/qc5813/0/hermosa-propiedad-para-hotel-en-venta.htm,https://www.quierocasa.com/gallery/qc5813/350/qc5813-1.jpg,12.1398941,-86.2815427,administrative
qc4477,Preciosa casa en venta en Santo Domingo,Casa,Santo Domingo,Managua,Managua,3,3.5,2,260.00,Mt²,"1,100.00",Vrs²,400000.00,USD,"Esta espectacular propiedad está ubicada dentro de un condominio exclusivo y seguro en Santo Domingo, una de las zonas más frescas y codiciadas de la ciudad. Diseñada para quienes buscan un hogar e...",https://www.quierocasa.com/anuncio/qc4477/0/preciosa-casa-en-venta-en-santo-domingo.htm,https://www.quierocasa.com/gallery/qc4477/350/qc4477-9.jpg,12.1516383,-86.2663177,administrative
qc6228,Bonita residencia en venta,Casa,Veracruz,Managua,Managua,3,2,2,100.00,Mt²,382.97,Vrs²,85000.00,USD,"Descubre esta encantadora casa en una zona fresca y segura, ideal para disfrutar de la tranquilidad y el confort que tu familia merece. Su ubicación privilegiada te acerca a los mejores comercios, re...",https://www.quierocasa.com/anuncio/qc6228/0/bonita-residencia-en-venta.htm,https://www.quierocasa.com/gallery/qc6228/350/qc6228-1.jpg,11.9869063,-86.3991679,administrative
qc5778,Complejo de bodegas en venta,Bodega,San Judas,Managua,Managua,,,2,236.00,Mt²,,,200600.00,USD,"Bodegas para todo tipo de empresas Logística, diseñados y desarrollados con las mejores técnicas constructivas. Centro Logístico San Judas tiene un área de 5 Manzanas, ubicado estratégicamente e...",https://www.quierocasa.com/anuncio/qc5778/0/complejo-de-bodegas-en-venta.htm,https://www.quierocasa.com/gallery/qc5778/350/qc5778-12.jpg,12.2188232,-86.0619691,administrative
qc6216,Venta de Terreno en Santo Domingo,Terreno,Santo Domingo,Managua,Managua,,,,,,"2,500.00",Vrs²,137500.00,USD,"Descubre este exclusivo terreno de 2,500 varas², ubicado en un residencial de alto valor ecológico, perfecto para quienes buscan una vida tranquila y rodeada de naturaleza. Características desta...",https://www.quierocasa.com/anuncio/qc6216/0/venta-de-terreno-en-santo-domingo.htm,https://www.quierocasa.com/gallery/qc6216/350/qc6216-5.jpg,12.1516383,-86.2663177,administrative
qc5707,Preciosa residencia en la mejor zona de managua,Casa,Santo Domingo,Managua,Managua,3,2.5,2,152.00,Mt²,508.00,Vrs²,199200.00,USD,"Excelente opción en venta en una inmejorable ubicación en Santo Domingo! con finos acabados y todas las comodidades para ti y tu familia, a pocos minutos de supermercados, restaurantes, farmacias, b...",https://www.quierocasa.com/anuncio/qc5707/0/preciosa-residencia-en-la-mejor-zona-de-managua.htm,https://www.quierocasa.com/gallery/qc5707/350/qc5707-2.jpg,12.1516383,-86.2663177,administrative
qc4492,Preciosa propiedad en venta en Villa Fontana,Casa,Villa Fontana,Managua,Managua,4,3.5,2,384.22,Mt²,"2,976.40",Vrs²,490000.00,USD,"Venta de Hermosa casa en Villa Fontana. Ubicada en condominio exclusivo, céntrico y seguro, de fácil acceso, cerca de centros comerciales, supermercados, gasolineras, hospitales y escuelas. Esta ...",https://www.quierocasa.com/anuncio/qc4492/0/preciosa-propiedad-en-venta-en-villa-fontana.htm,https://www.quierocasa.com/gallery/qc4492/350/qc4492-18.jpg,12.1033874,-86.2671277,administrative
qc6206,Preciosa casa en venta en Gran Pacifica,Casa,GRAN PACIFICA BEACH RESORT,San Rafael del Sur,Managua,2,2,2,95.32,Mt²,,,175000.00,USD,"¡Tu hogar de ensueño te espera! Esta preciosa casa, ubicada en Gran Pacífica Resort Beach, combina comodidad, tranquilidad y un diseño pensado para disfrutar cada momento de tus días de descanso....",https://www.quierocasa.com/anuncio/qc6206/0/preciosa-casa-en-venta-en-gran-pacifica.htm,https://www.quierocasa.com/gallery/qc6206/350/qc6206-14.jpg,11.8719408,-86.4614726,bus_stop
qc4270,Preciosa y moderna casa en venta en villa Fontana,Casa,Villa Fontana,Managua,Managua,3,4,6,400.00,Mt²,"1,598.00",Vrs²,440000.00,USD,"Preciosa y moderna casa en venta en Villa fontana, ubicada en condominio céntrico, seguro y silencioso, de fácil acceso, cerca de supermercados, tiendas, restaurantes, escuelas, hospitales y bancos....",https://www.quierocasa.com/anuncio/qc4270/0/preciosa-y-moderna-casa-en-venta-en-villa-fontana.htm,https://www.quierocasa.com/gallery/qc4270/350/qc4270-14.jpg,12.1033874,-86.2671277,administrative
qc6024,Hermosa residencia en venta en Ticuantepe,Casa,Ticuantepe,Managua,Managua,2,2,4,,,,,180000.00,USD,"Te ofrecemos tu nuevo hogar, ubicado en una zona tranquila y segura, la propiedad cuenta con abundante luz natural, este inmueble se destaca por su cuidado y elegante diseño. Los interiores tienen un...",https://www.quierocasa.com/anuncio/qc6024/0/hermosa-residencia-en-venta-en-ticuantepe.htm,https://www.quierocasa.com/gallery/qc6024/350/qc6024-16.jpg,12.0217671,-86.2053144,administrative
qc5845,Espectacular casa amueblada en carretera sur,Casa,Carretera Sur,Managua,Managua,5,4.5,10,,,"4,791.00",Vrs²,700000.00,USD,"Una verdadera joya que te ofrece un oasis de tranquilidad para ti y tu familia! Una de sus características mas impresionantes es su generoso espacio con áreas verdes y abiertas, que te invitan a la ...",https://www.quierocasa.com/anuncio/qc5845/0/espectacular-casa-amueblada-en-carretera-sur.htm,https://www.quierocasa.com/gallery/qc5845/350/qc5845-32.jpg,12.1412787,-86.2953782,trunk
qc4783,"Preciosa y Moderna Casa en Venta en Donatello, Las Colinas",Casa,Las Colinas,Managua,Managua,3,3.5,3,300.00,Mt²,863.00,Vrs²,385000.00,USD,"Ubicada en una zona exclusiva, segura y tranquila, esta hermosa casa en Donatello, Las Colinas, ofrece el refugio perfecto para quienes buscan comodidad, modernidad y proximidad a servicios esenciales...",https://www.quierocasa.com/anuncio/qc4783/0/preciosa-y-moderna-casa-en-venta-en-donatello-las-colinas.htm,https://www.quierocasa.com/gallery/qc4783/350/qc4783-14.jpg,12.1964007,-86.3692092,village
qc6062,Casa con ubicación Estratégica en Las Colinas,Casa,Las Colinas,Managua,Managua,3,2.5,2,212.00,Mt²,735.00,Vrs²,275000.00,USD,"Preciosa y amplia casa en venta en Las Colinas, esta casa es la opción ideal si buscas un hogar listo para entrar a vivir y disfrutar de todas sus comodidades, lista para que te sientas en casa desde...",https://www.quierocasa.com/anuncio/qc6062/0/casa-con-ubicacion-estrategica-en-las-colinas.htm,https://www.quierocasa.com/gallery/qc6062/350/qc6062-8.jpg,12.1964007,-86.3692092,village
qc5492,Amplia y moderna residencia en venta,Casa,Las Colinas,Managua,Managua,4,4.5,2,285.00,Mt²,500.00,Vrs²,185000.00,USD,"Amplia y moderna residencia en venta ubicada en Las Colinas en zona segura y tranquila. Su distribución cuenta con habitaciones sala, comedor, cocina, baños, terraza, jardín, área de estacionamien...",https://www.quierocasa.com/anuncio/qc5492/0/amplia-y-moderna-residencia-en-venta.htm,https://www.quierocasa.com/gallery/qc5492/350/qc5492-6.jpg,12.1964007,-86.3692092,village
qc5785,Precioso terreno en venta,Terreno,Carretera a Masaya,Managua,Managua,,,4,,,"2,228.00",Vrs²,155000.00,USD,"Precioso terreno en venta dentro de condominio. ¡Ideal para construir! ofreciéndote las medidas perfectas, cuenta con muros perimetrales, parque aledaños, calles anchas, situado en zona de alta plu...",https://www.quierocasa.com/anuncio/qc5785/0/precioso-terreno-en-venta.htm,https://www.quierocasa.com/gallery/qc5785/350/qc5785-3.jpg,12.0777949,-86.2231504,trunk
qc3492,Se vende Terreno en Lomas de Veracruz,Terreno,Veracruz,Managua,Managua,,,,,,"2,329.43",Mt²,58235.00,USD,"Ganga se vende terreno totalmente plano, documentos en regla, acceso a todos los servicios. Ubicado a 100 metros de la garita. Excelente oportunidad como inversión. Documentos en regla.",https://www.quierocasa.com/anuncio/qc3492/0/se-vende-terreno-en-lomas-de-veracruz.htm,https://www.quierocasa.com/gallery/qc3492/350/qc3492-1.jpg,11.9869063,-86.3991679,administrative
qc4550,Descubre esta espectacular casa en Santo Domingo,Casa,Santo Domingo,Managua,Managua,4,4,8,300.00,Mt²,"2,550.00",Vrs²,315000.00,USD,"Preciosa casa en venta en Santo Domingo, ubicada en zona exclusiva, céntrica y segura, de fácil acceso, cerca de supermercados, centro de compras, escuelas, hospitales, restaurantes, gasolineras y b...",https://www.quierocasa.com/anuncio/qc4550/0/descubre-esta-espectacular-casa-en-santo-domingo.htm,https://www.quierocasa.com/gallery/qc4550/350/qc4550-1.jpg,12.1516383,-86.2663177,administrative
qc4551,Hermoso terreno en venta en Santo Domingo,Terreno,Santo Domingo,Managua,Managua,,,,,,"2,365.00",Vrs²,120000.00,USD,"Hermoso terreno listo para construir la casa de tus sueños, ubicado en Santo Domingo, excelente clima de fácil acceso, cerca de centros comerciales, hospitales, escuelas, restaurantes, bancos y esta...",https://www.quierocasa.com/anuncio/qc4551/0/hermoso-terreno-en-venta-en-santo-domingo.htm,https://www.quierocasa.com/gallery/qc4551/350/qc4551-1.jpg,12.1516383,-86.2663177,administrative
qc3107,Moderna Oficina en los Robles,Oficina,Los Robles,Managua,Managua,2,1,2,240.00,Mt²,,,240000.00,USD,"¡Lleva tu negocio al próximo nivel! Estas modernas oficinas, ubicadas en la prestigiosa y céntrica zona de Los Robles, ofrecen un entorno ideal para operar con comodidad y eficiencia. Listas para s...",https://www.quierocasa.com/anuncio/qc3107/0/moderna-oficina-en-los-robles.htm,https://www.quierocasa.com/gallery/qc3107/350/qc3107-9.jpg,12.1212007,-86.2653351,administrative
qc4331,Espectacular casa estilo colonial en venta,Casa,Villa Fontana,Managua,Managua,5,3.5,10,"1,000.00",Mt²,"7,500.00",Vrs²,850000.00,USD,"Descubre esta hermosa propiedad ubicada en Villa Fontana, una zona céntrica y segura, con fácil acceso y a pocos minutos de cafés, tiendas, y servicios esenciales para cubrir todas tus necesidades ...",https://www.quierocasa.com/anuncio/qc4331/0/espectacular-casa-estilo-colonial-en-venta.htm,https://www.quierocasa.com/gallery/qc4331/350/qc4331-43.jpg,12.1033874,-86.2671277,administrative
qc6177,Moderno local comercial en venta,Local Comercial,Villa Fontana,Managua,Managua,4,5.5,6,300.00,Mt²,"1,200.00",Vrs²,400000.00,USD,"Disponible local comercial con ubicación exclusiva y estratégica, accesible al movimiento cotidiano, a cortas distancias encontramos centros comerciales, restaurantes, cafés, estaciones de servicio...",https://www.quierocasa.com/anuncio/qc6177/0/moderno-local-comercial-en-venta.htm,https://www.quierocasa.com/gallery/qc6177/350/qc6177-4.jpg,12.1033874,-86.2671277,administrative
qc4533,Espacio y confort en esta casa en Las Cumbres,Casa,Las Cumbres,Managua,Managua,2,2,4,197.89,Mt²,"1,898.00",Vrs²,245000.00,USD,"Hermosa casa en venta en las cumbres, ubicada en zona céntrica, segura, y silenciosa, de facil acceso, cerca de centro de compras, escuelas, gasolineras, bancos y farmacias. Esta propiedad cuenta ...",https://www.quierocasa.com/anuncio/qc4533/0/espacio-y-confort-en-esta-casa-en-las-cumbres.htm,https://www.quierocasa.com/gallery/qc4533/350/qc4533-1.jpg,12.0993011,-86.2569419,administrative
qc5957,Local comercial de 146 mts2 en venta,Local Comercial,Las Colinas,Managua,Managua,,1,2,146.00,Mt²,,,306600.00,USD,"Local comercial disponible para venta en Plaza en pre construcción en las Colinas, ubicado en zona segura y de fácil acceso, cerca de estaciones de servicio, hospitales, restaurantes y bancos. Cu...",https://www.quierocasa.com/anuncio/qc5957/0/local-comercial-de-146-mts2-en-venta.htm,https://www.quierocasa.com/gallery/qc5957/350/qc5957-2.jpg,12.1964007,-86.3692092,village
qc6165,Preciosa residencia en venta en Santo Domingo,Casa,Santo Domingo,Managua,Managua,4,4.5,2,432.44,Mt²,800.00,Vrs²,560000.00,USD,"Esta espectacular casa en Santo Domingo, ubicada en un exclusivo condominio céntrico y seguro, te ofrece la combinación perfecta de confort y elegancia. Su ubicación privilegiada te coloca cerca de...",https://www.quierocasa.com/anuncio/qc6165/0/preciosa-residencia-en-venta-en-santo-domingo.htm,https://www.quierocasa.com/gallery/qc6165/350/qc6165-21.jpg,12.1516383,-86.2663177,administrative
qc6166,Casa moderna con amplios espacios en venta,Casa,Santo Domingo,Managua,Managua,3,3.5,2,350.00,Mt²,810.00,Vrs²,520000.00,USD,"Preciosa y moderna residencia ubicada en un exclusivo condominio con seguridad las 24 horas, ideal para quienes buscan comodidad y tranquilidad. Esta espectacular propiedad se encuentra a poca distanc...",https://www.quierocasa.com/anuncio/qc6166/0/casa-moderna-con-amplios-espacios-en-venta.htm,https://www.quierocasa.com/gallery/qc6166/350/qc6166-1.jpg,12.1516383,-86.2663177,administrative
qc5566,Perfecto para desarrollar,Terreno,Esquipulas,Managua,Managua,,,,,,"2,000.00",Vrs²,59000.00,USD,"¡Tu sueño hecho realidad! crea tu casa perfecta con medidas apropiadas en este amplio terreno disponible en venta. Ubicado en zona segura y de fácil acceso a pocos minutos de centros comerciales, b...",https://www.quierocasa.com/anuncio/qc5566/0/perfecto-para-desarrollar.htm,https://www.quierocasa.com/gallery/qc5566/350/qc5566-2.jpg,12.0745878,-86.2158151,neighbourhood
qc6159,Espectacular Terreno en venta,Terreno,Santo Domingo,Managua,Managua,,,,190.00,Mt²,"3,000.00",Vrs²,235000.00,USD,"Esta precioso terreno es una excelente oportunidad de inversión, ubicado en Mirador de Santo Domingo, ideal para quienes buscan un espacio versátil con gran potencial. Con 190 metros de construcci...",https://www.quierocasa.com/anuncio/qc6159/0/espectacular-terreno-en-venta.htm,https://www.quierocasa.com/gallery/qc6159/350/qc6159-11.jpg,12.1516383,-86.2663177,administrative
qc6158,Terreno en venta en Santo Domingo,Terreno,Santo Domingo,Managua,Managua,,,,,,"1,150.00",Vrs²,80500.00,USD,"Este precioso terreno de 1,150 vrs² está ubicado en un condominio privado en Jardines de Santo Domingo, un espacio ideal para desarrollar el hogar o proyecto que siempre has deseado. Rodeado de un a...",https://www.quierocasa.com/anuncio/qc6158/0/terreno-en-venta-en-santo-domingo.htm,https://www.quierocasa.com/gallery/qc6158/350/qc6158-1.jpg,12.1516383,-86.2663177,administrative
qc5198,Bienvenido a tu Nuevo Hogar en Las Colinas,Casa,Las Colinas,Managua,Managua,3,2.5,15,475.00,Mt²,"2,200.00",Mt²,260000.00,USD,"Preciosa casa disponible para venta en Las colinas, ubicada en zona segura y tranquila, de fácil acceso, cerca de supermercados, escuelas, hospitales y estaciones de servicio. La propiedad cuenta ...",https://www.quierocasa.com/anuncio/qc5198/0/bienvenido-a-tu-nuevo-hogar-en-las-colinas.htm,https://www.quierocasa.com/gallery/qc5198/350/qc5198-1.jpg,12.1964007,-86.3692092,village
qc5421,Exclusividad y confort: Residencia en venta en Santo Domingo,Casa,Santo Domingo,Managua,Managua,3,3,2,235.00,Mt²,789.00,Vrs²,265000.00,USD,"Preciosa residencia disponible para venta. Esta espectacular propiedad te ofrece un estilo de vida único y sofisticado, en una ubicación privilegiada, la vivienda se caracteriza por tener una excele...",https://www.quierocasa.com/anuncio/qc5421/0/exclusividad-y-confort-residencia-en-venta-en-santo-domingo.htm,https://www.quierocasa.com/gallery/qc5421/350/qc5216-1.jpg,12.1516383,-86.2663177,administrative
qc4833,Casa en venta en La Estancia Santo Domingo,Casa,Santo Domingo,Managua,Managua,3,2.5,2,235.00,Mt²,690.00,Vrs²,250000.00,USD,"Desarrollo urbanístico con diez casas, con diseño compacto, funcional y versátil, dando así respuesta a una demanda de mercado de este tipo de vivienda para familias que buscan confort, comodidad ...",https://www.quierocasa.com/anuncio/qc4833/0/casa-en-venta-en-la-estancia-santo-domingo.htm,https://www.quierocasa.com/gallery/qc4833/350/qc4833-1.jpg,12.1516383,-86.2663177,administrative
qc6026,Preciosa residencia disponible para venta,Casa,Santo Domingo,Managua,Managua,3,3.5,2,300.00,Mt²,705.00,Vrs²,340000.00,USD,"Preciosa y moderna residencia en venta en La Estancia de Santo Domingo, ubicada en una de las zonas con mas ambiente de la ciudad, con una gran oferta e servicios disponibles en el entorno como superm...",https://www.quierocasa.com/anuncio/qc6026/0/preciosa-residencia-disponible-para-venta.htm,https://www.quierocasa.com/gallery/qc6026/350/qc6026-23.jpg,12.1516383,-86.2663177,administrative
qc4525,¡Tu nuevo hogar te espera en Santo Domingo!,Casa,Santo Domingo,Managua,Managua,4,4.5,6,429.00,Mt²,"1,125.00",Vrs²,600000.00,USD,"Preciosa y moderna casa en venta en Santa Lucía, Santo Domingo, ubicada en condominio exclusivo, céntrico y seguro, de fácil acceso, cerca de supermercado, centro de compras, escuelas, hospitales, ...",https://www.quierocasa.com/anuncio/qc4525/0/tu-nuevo-hogar-te-espera-en-santo-domingo.htm,https://www.quierocasa.com/gallery/qc4525/350/qc4525-1.jpg,12.1516383,-86.2663177,administrative
qc6136,Casa con amplio terreno y excelentes acabados,Casa,Las Colinas,Managua,Managua,7,4,6,343.66,Mt²,"4,496.26",Vrs²,490859.00,USD,"Ubicada en una de las zonas más exclusivas y seguras de Las Colinas, esta hermosa propiedad destaca por su diseño espacioso, ideal para familias que buscan comodidad y tranquilidad. La casa está...",https://www.quierocasa.com/anuncio/qc6136/0/casa-con-amplio-terreno-y-excelentes-acabados.htm,https://www.quierocasa.com/gallery/qc6136/350/qc6136-1.jpg,12.1964007,-86.3692092,village
qc5187,Hermosa casa en venta en Sierras Doradas,Casa,Carretera a Masaya,Managua,Managua,3,3,3,,,,,128000.00,USD,"Hermosa casa disponible para venta en carretera masaya, ubicada en zona segura y silenciosa, de fácil acceso, cerca de supermercados, hospitales, escuelas centro de compras, gasolineras y bancos. ...",https://www.quierocasa.com/anuncio/qc5187/0/hermosa-casa-en-venta-en-sierras-doradas.htm,https://www.quierocasa.com/gallery/qc5187/350/qc5187-26.jpg,12.0777949,-86.2231504,trunk
qc6130,Hermosa casa en venta en las colinas,Casa,Las Colinas,Managua,Managua,5,6,10,800.00,Mt²,"3,000.00",Vrs²,805000.00,USD,"Descubre esta propiedad ubicada en Las Colinas, una de los lugares exclusivo y seguro de la ciudad. Esta casa se destaca por su diseño amplio y funcional, ideal para quienes buscan espacios, comodida...",https://www.quierocasa.com/anuncio/qc6130/0/hermosa-casa-en-venta-en-las-colinas.htm,https://www.quierocasa.com/gallery/qc6130/350/qc6130-3.jpg,12.1964007,-86.3692092,village
qc5583,Oportunidad única: Hermosa residencia disponible,Casa,Carretera a Masaya,Managua,Managua,3,3.5,2,,,,,125000.00,USD,"Esta bonita residencia se destaca por su ubicación lo que permita un mejor aprovechamiento de sus espacios, con finos acabados y muy buena iluminación. Lista para mudarse! la casa te ofrece una expe...",https://www.quierocasa.com/anuncio/qc5583/0/oportunidad-unica-hermosa-residencia-disponible.htm,https://www.quierocasa.com/gallery/qc5583/350/qc5583-1.jpg,12.0777949,-86.2231504,trunk
qc6055,Precioso terreno en venta,Terreno,Santo Domingo,Managua,Managua,,,,,,"4,205.72",Vrs²,462629.20,USD,"Venta de precioso terreno en Estancia de Santo Domingo. Ubicación céntrica y segura, dentro de residencial de alta plusvalía en el corazón de Managua. Cerca de escuelas, plazas comerciales, restau...",https://www.quierocasa.com/anuncio/qc6055/0/precioso-terreno-en-venta.htm,https://www.quierocasa.com/gallery/qc6055/350/qc6055-3.jpg,12.1516383,-86.2663177,administrative
qc6119,Venta de terreno Pista Sub Urbana,Terreno,Los Ladinos,Managua,Managua,,,,,,"12,000.00",Vrs²,540000.00,USD,"Si estas buscando una inversión solida y estratégica esta es tu oportunidad. Precioso terreno de 12,000 vrs2 en venta en los Ladinos, un lugar ideal en un entorno muy privilegiado, ubicado en Pista ...",https://www.quierocasa.com/anuncio/qc6119/0/venta-de-terreno-pista-sub-urbana.htm,https://www.quierocasa.com/gallery/qc6119/350/qc6119-10.jpg,12.1015000,-86.2809000,locality
qc6120,Terreno en venta Carretera Masaya,Terreno,Carretera a Masaya,Managua,Managua,,,,,,,,115000.00,USD,"Ubicado fuera de residencial, este terreno ofrece una ubicación estratégica con fácil acceso. La propiedad cuenta con un muro perimetral, brindando seguridad y privacidad. Con un gran potencial de ...",https://www.quierocasa.com/anuncio/qc6120/0/terreno-en-venta-carretera-masaya.htm,https://www.quierocasa.com/gallery/qc6120/350/qc6120-4.jpg,12.0777949,-86.2231504,trunk
qc6115,Desarolla tus Proyectos,Terreno,Los Brasiles,Managua,Managua,,,,,,60.00,Mz,300000.00,USD,Terreno con topografía regular ideal para desarrollos industriales o residenciales. Ubicado a 15 minutos de la carretera nueva a León.,https://www.quierocasa.com/anuncio/qc6115/0/desarolla-tus-proyectos.htm,https://www.quierocasa.com/gallery/qc6115/350/qc6115-1.jpg,12.1865186,-86.3623571,village
qc6112,Hermosa casa en venta,Casa,Carretera a Masaya,Managua,Managua,3,2.5,2,145.00,Mt²,700.00,Vrs²,120000.00,USD,"Descubre el confort y la seguridad en esta encantadora casa en Carretera a Masaya. Este hogar cuenta con una amplia sala que proporciona un espacio luminoso y acogedor, ideal para reuniones familiares...",https://www.quierocasa.com/anuncio/qc6112/0/hermosa-casa-en-venta.htm,https://www.quierocasa.com/gallery/qc6112/350/qc6112-1.jpg,12.0777949,-86.2231504,trunk
qc6105,Venta de Oficina en Bolonia,Oficina,Bolonia,Managua,Managua,13,7,8,713.00,Mt²,"1,011.00",Vrs²,300000.00,USD,"Descubre esta oficina en venta en Bolonia, diseñada para ofrecer un ambiente de trabajo cómodo y funcional. Los espacios son amplios y luminosos, creando un entorno ideal para la productividad. La o...",https://www.quierocasa.com/anuncio/qc6105/0/venta-de-oficina-en-bolonia.htm,https://www.quierocasa.com/gallery/qc6105/350/qc6105-8.jpg,12.1398941,-86.2815427,administrative
qc6080,Estilo de vida exclusivo en Carretera Masaya,Casa,Carretera a Masaya,Managua,Managua,3,5,2,,,"1,871.00",Vrs²,250000.00,USD,"Amplia casa en venta en Carretera Masaya, ubicación céntrica y segura, accesible al movimiento cotidiano cerca de supermercados, tiendas, estaciones de servicio y hospitales. Cuenta con espacios ll...",https://www.quierocasa.com/anuncio/qc6080/0/estilo-de-vida-exclusivo-en-carretera-masaya.htm,https://www.quierocasa.com/gallery/qc6080/350/qc6080-16.jpg,12.0777949,-86.2231504,trunk
qc4791,Hermosa casa en venta en Santo Domingo,Casa,Santo Domingo,Managua,Managua,4,3.5,2,290.00,Mt²,915.00,Vrs²,380000.00,USD,"Hermosa casa en venta en Altos de Santo Domingo, ubicada en zona exclusiva, céntrica y segura, de fácil acceso, cerca de centro de compras, escuelas y hospitales,con amplio jardín y piscina. La ca...",https://www.quierocasa.com/anuncio/qc4791/0/hermosa-casa-en-venta-en-santo-domingo.htm,https://www.quierocasa.com/gallery/qc4791/350/qc4791-27.jpg,12.1516383,-86.2663177,administrative
qc6094,Venta de casa en Bolonia,Casa,Bolonia,Managua,Managua,6,4,2,525.75,Mt²,"1,068.00",Vrs²,160000.00,USD,Descubre esta amplia propiedad ubicada en uno de las zonas más tradicionales y convenientes de la ciudad. Esta casa cuenta con corredores amplios que ofrecen una sensación de libertad y frescura en ...,https://www.quierocasa.com/anuncio/qc6094/0/venta-de-casa-en-bolonia.htm,https://www.quierocasa.com/gallery/qc6094/350/qc6094-8.jpg,12.1398941,-86.2815427,administrative
qc6093,Hermosa residencia en venta carretera masaya,Casa,Carretera a Masaya,Managua,Managua,2,1,2,203.00,Mt²,280.00,Vrs²,75000.00,USD,"Esta impresionante casa en venta, ubicada en residencial de Carretera Masaya, ofrece todo lo necesario para disfrutar de un estilo de vida cómodo y seguro. La propiedad cuenta con habitaciones amplia...",https://www.quierocasa.com/anuncio/qc6093/0/hermosa-residencia-en-venta-carretera-masaya.htm,https://www.quierocasa.com/gallery/qc6093/350/qc6093-1.jpg,12.0777949,-86.2231504,trunk
qc6087,Hermosa y comoda casa en venta,Casa,Villas Italianas,Managua,Managua,4,4,6,430.00,Mt²,,,220000.00,USD,"Ubicada en una de las zonas más exclusivas y seguras, esta impresionante casa está diseñada para quienes buscan un estilo de vida de comodidad y confort. Al ingresar, te recibirán detalles exquisi...",https://www.quierocasa.com/anuncio/qc6087/0/hermosa-y-comoda-casa-en-venta.htm,https://www.quierocasa.com/gallery/qc6087/350/qc6087-1.jpg,12.1045556,-86.2581378,administrative
qc6084,Casa de campo en El Crucero,Casa,El Crucero,El Crucero,Managua,4,2,4,244.12,Mt²,"2,639.00",Vrs²,175000.00,USD,"¡Descubre el hogar perfecto para tu familia! Esta hermosa casa de campo, ubicada en el privilegiado clima cálido y fresco de El Crucero, ofrece el equilibrio ideal entre la serenidad del campo y la ...",https://www.quierocasa.com/anuncio/qc6084/0/casa-de-campo-en-el-crucero.htm,https://www.quierocasa.com/gallery/qc6084/350/qc6084-15.jpg,11.9888853,-86.3103503,administrative
qc2574,Venta de Hermosa Casa en las Colinas,Casa,Las Colinas,Managua,Managua,8,7.5,6,"1,000.00",Mt²,"2,260.00",Vrs²,700000.00,USD,"Venta de Hermosa Casa en las Colinas Con amplios espacios y Piscina. Ubicada en zona exclusiva, céntrica y segura, de fácil acceso, cerca de plazas comerciales, restaurantes, supermercados, hospital...",https://www.quierocasa.com/anuncio/qc2574/0/venta-de-hermosa-casa-en-las-colinas.htm,https://www.quierocasa.com/gallery/qc2574/350/qc2574-4.jpg,12.1964007,-86.3692092,village
qc6082,Estilo de vida exclusivo en Carretera Masaya,Casa,Carretera a Masaya,Managua,Managua,2,2,2,85.00,Mt²,,,80000.00,USD,"Preciosa casa en venta en Carretera Masaya. Esta propiedad no solo es un hogar, sino también una inversión inteligente para aquellos que buscan una propiedad de alto nivel adquisitivo. Ubicación pr...",https://www.quierocasa.com/anuncio/qc6082/0/estilo-de-vida-exclusivo-en-carretera-masaya.htm,https://www.quierocasa.com/gallery/qc6082/350/qc6082-1.jpg,12.0777949,-86.2231504,trunk
qc6076,Terreno Ideal en Veracruz,Terreno,Veracruz,Managua,Managua,,,,,,"1,378.14",Vrs²,65000.00,USD,"Disfruta de la tranquilidad y frescura de esta zona segura. Con fácil acceso, es el lugar perfecto para construir la casa de tus sueños o iniciar tu negocio. Cerca de escuelas, hospitales, gasoliner...",https://www.quierocasa.com/anuncio/qc6076/0/terreno-ideal-en-veracruz.htm,https://www.quierocasa.com/gallery/qc6076/350/qc6076-1.jpg,11.9869063,-86.3991679,administrative
qc6074,Preciosos terreno en venta en Carretera Masaya,Terreno,Carretera a Masaya,Managua,Managua,,,,,,"2,500.00",Mt²,112500.00,USD,"Haz realidad tus sueños en este preciso terreno con una superficie de 2,500 vrs2. Esta propiedad te ofrece una oportunidad excepcional para crear el hogar o el proyecto perfecto, su ubicación privil...",https://www.quierocasa.com/anuncio/qc6074/0/preciosos-terreno-en-venta-en-carretera-masaya.htm,https://www.quierocasa.com/gallery/qc6074/350/qc6074-2.jpg,12.0777949,-86.2231504,trunk
qc1281,Venta de Finca en Km. 30 Carr. Masaya,Finca,Carretera a Masaya,Managua,Managua,,,,,,6.00,Mz,20.00,USD,Hermosa Finca con casa tiene 500 árboles de guayaba taiwanesa. Terreno de 6 manzanas Precio: $ 20 por vrs,https://www.quierocasa.com/anuncio/qc1281/0/venta-de-finca-en-km-30-carr-masaya.htm,https://www.quierocasa.com/gallery/qc1281/350/qc1281-1.jpg,12.0777949,-86.2231504,trunk
qc4084,Preciosa casa estilo mexicano en venta,Casa,Santo Domingo,Managua,Managua,4,3,4,383.00,Mt²,"2,127.00",Vrs²,400000.00,USD,"Preciosa y amplia casa en venta en Santo Domingo, ubicada en zona exclusiva, céntrica y segura, de fácil acceso, cerca de centro de compras, supermercados, tiendas, restaurantes, hospitales, escuela...",https://www.quierocasa.com/anuncio/qc4084/0/preciosa-casa-estilo-mexicano-en-venta.htm,https://www.quierocasa.com/gallery/qc4084/350/qc4084-1.jpg,12.1516383,-86.2663177,administrative
qc5802,Preciosa residencia en venta en Villa Fontana,Casa,Villa Fontana,Managua,Managua,3,3.5,2,237.00,Mt²,400.00,Vrs²,220000.00,USD,"Preciosa y cómoda casa en venta en Villa Fontana Sur, ubicada en condominio seguro, céntrico y silencioso, de fácil acceso, cerca de colegios, hospitales, gasolineras, supermercados, centro de comp...",https://www.quierocasa.com/anuncio/qc5802/0/preciosa-residencia-en-venta-en-villa-fontana.htm,https://www.quierocasa.com/gallery/qc5802/350/qc5802-12.jpg,12.1033874,-86.2671277,administrative
qc6045,Hogar seguro y tranquilo para familias,Casa,Santo Domingo,Managua,Managua,4,3,2,305.60,Mt²,557.67,Vrs²,370000.00,USD,"Experimenta el esplendor de tu residencia ideal en la encantadora zona de Santo Domingo y prepárate para ser cautivado por esta propiedad extraordinaria que muestra un diseño acogedor y funcional, d...",https://www.quierocasa.com/anuncio/qc6045/0/hogar-seguro-y-tranquilo-para-familias.htm,https://www.quierocasa.com/gallery/qc6045/350/qc6045-10.jpg,12.1516383,-86.2663177,administrative
qc4284,Moderna casa nueva con finos acabados.,Casa,Managua,Managua,,3,3.5,2,380.00,Mt²,"1,500.00",Vrs²,420000.00,USD,"Lista para ser estrenada en zona céntrica y segura de fácil acceso, accesible al movimiento cotidiano, cerca de escuelas, hospitales, centro de compras y estaciones de servicio.",https://www.quierocasa.com/anuncio/qc4284/0/moderna-casa-nueva-con-finos-acabados.htm,https://www.quierocasa.com/gallery/qc4284/350/qc4284-1.jpg,12.1547116,-86.2737250,administrative
qc4147,Oportunidad única: Casa en venta en carretera Masaya,Casa,Carretera a Masaya,Managua,Managua,5,5.5,4,600.00,Mt²,"2,500.00",Vrs²,320000.00,USD,"Venta de Hermosa casa en el km 12 carretera a Masaya, ubicada en zona segura y tranquila de fácil acceso, cerca de centro de compras, supermercados, escuelas, hospitales y gasolineras. La propiedad c...",https://www.quierocasa.com/anuncio/qc4147/0/oportunidad-unica-casa-en-venta-en-carretera-masaya.htm,https://www.quierocasa.com/gallery/qc4147/350/qc4147-1.jpg,12.0777949,-86.2231504,trunk
qc5804,Hermosa casa disponible en venta,Oficina,Bolonia,Managua,Managua,5,4,2,300.00,Mt²,"1,200.00",Vrs²,190000.00,USD,"Hermosa casa en venta ideal para oficina, Ubicada en zona segura, silenciosa y de facial acceso; a pocos minutos de centros comerciales, tiendas de la zona, súper mercados, colegios, bancos y estacio...",https://www.quierocasa.com/anuncio/qc5804/0/hermosa-casa-disponible-en-venta.htm,https://www.quierocasa.com/gallery/qc5804/350/qc5804-1.jpg,12.1398941,-86.2815427,administrative
qc4913,Preciosa residencia en venta por Colegio Americano,Casa,Villa Fontana,Managua,Managua,5,4,2,,,,,260000.00,USD,"Preciosa y amplia residencia con piscina en venta por Colegio Americano, ubicada dentro de residencial seguro y silencioso, de fácil acceso, cerca de plaza natura, escuelas, hospitales, restaurantes,...",https://www.quierocasa.com/anuncio/qc4913/0/preciosa-residencia-en-venta-por-colegio-americano.htm,https://www.quierocasa.com/gallery/qc4913/350/qc4913-1.jpg,12.1033874,-86.2671277,administrative
qc4541,Hermosa quinta en venta en Veracruz,Casa,Veracruz,Managua,Managua,3,2,5,,,,,400000.00,USD,"Hermosa quinta llena de árboles frutales en Veracruz, zona de fácil acceso, con calle amplias. La quinta cuanta con casa principal amplia con finos acabados y concepto abierto. 3 habitaciones c...",https://www.quierocasa.com/anuncio/qc4541/0/hermosa-quinta-en-venta-en-veracruz.htm,https://www.quierocasa.com/gallery/qc4541/350/qc4541-1.jpg,11.9869063,-86.3991679,administrative
qc5790,Casa hospedaje en venta,Casa,Ciudad Sandino,Managua,Managua,8,8,5,458.00,Mt²,544.00,Vrs²,270000.00,USD,"Excelente opción en venta de esta amplia casa hospedaje de 2 plantas en venta, cuenta con iluminación apropiada, cálidas habitaciones, cocina funcional y baños completos. Ubicada en zona de fáci...",https://www.quierocasa.com/anuncio/qc5790/0/casa-hospedaje-en-venta.htm,https://www.quierocasa.com/gallery/qc5790/350/qc5790-10.jpg,12.1619379,-86.3498119,administrative
qc5955,Única Oportunidad de Inversión,Terreno,Carretera a Masaya,Managua,Managua,,,,,,"30,000.00",Vrs²,450000.00,USD,Única oportunidad de inversión en terreno exclusivo; Ubicado sobre calle adoquinada. Cuenta con una topografía perfecta para desarrollo de proyectos. Acceso a servicios públicos (agua y energía e...,https://www.quierocasa.com/anuncio/qc5955/0/unica-oportunidad-de-inversion.htm,https://www.quierocasa.com/gallery/qc5955/350/qc5955-1.jpg,12.0777949,-86.2231504,trunk
qc5993,Construye Tu Sueño,Terreno,Santo Domingo,Managua,Managua,,,,,,"1,322.58",Vrs²,89000.00,USD,"Precioso terreno en venta. ¡Ideal para construir tu sueño! ofreciéndote las medidas perfectas para proyectos habitacionales. Ubicado en reparto con seguridad 24/7 con control de acceso, calle de ac...",https://www.quierocasa.com/anuncio/qc5993/0/construye-tu-sueno.htm,https://www.quierocasa.com/gallery/qc5993/350/qc5993-2.jpg,12.1516383,-86.2663177,administrative
qc6028,Disponibles 4 preciosas casas Las Colinas,Casa,Las Colinas,Managua,Managua,3,3.5,2,340.00,Mt²,484.00,Vrs²,720000.00,USD,"Visión estratégica en Las Colinas, descubre la oportunidad de estar dentro de este enclave estratégico conformado de 4 casas, en residencial exclusivo y seguro, enfocado en inversiones que buscan e...",https://www.quierocasa.com/anuncio/qc6028/0/disponibles-4-preciosas-casas-las-colinas.htm,https://www.quierocasa.com/gallery/qc6028/350/qc6028-14.jpg,12.1964007,-86.3692092,village
qc6027,En venta 2 preciosas casas en Las Colinas,Casa,Las Colinas,Managua,Managua,3,3.5,2,340.00,Mt²,484.00,Vrs²,360000.00,USD,"Preciosas casas en venta en Las Colinas mejor zona de managua, en condominio privado con finos acabados y buena iluminación, impecable, moderna, amplios ambientes y exclusiva zona cerrada. de fácil ...",https://www.quierocasa.com/anuncio/qc6027/0/en-venta-2-preciosas-casas-en-las-colinas.htm,https://www.quierocasa.com/gallery/qc6027/350/qc6027-4.jpg,12.1964007,-86.3692092,village
qc6041,Hermosa residencia en venta en Carretera Masaya,Casa,Carretera a Masaya,Managua,Managua,4,4,2,,,,,380000.00,USD,"Esta preciosa casa de dos plantas cuenta con un generoso espacio para actividades al aire libre, jardinería o posibles ampliaciones que se adaptan a tu vida personal. Su amplia piscina en medio de un...",https://www.quierocasa.com/anuncio/qc6041/0/hermosa-residencia-en-venta-en-carretera-masaya.htm,https://www.quierocasa.com/gallery/qc6041/350/qc6041-1.jpg,12.0777949,-86.2231504,trunk
qc3652,¡Tu Nuevo Hogar en Carretera a Masaya!,Casa,Carretera a Masaya,Managua,Managua,5,4,4,350.00,Mt²,"3,000.00",Vrs²,275000.00,USD,"Preciosa casa en venta en carretera Masaya, ubicada en ambiente seguro, exclusivo y ecologico, espectacular vista, centrica, privada y de facil acceso. A pocos minutos de centro de compras, escuelas y...",https://www.quierocasa.com/anuncio/qc3652/0/tu-nuevo-hogar-en-carretera-a-masaya.htm,https://www.quierocasa.com/gallery/qc3652/350/qc3652-36.jpg,12.0777949,-86.2231504,trunk
qc6030,Preciosa casa en venta en Veracruz,Casa,Veracruz,Managua,Managua,4,2.5,15,,,"3,178.84",Vrs²,295800.00,USD,"Preciosa casa en venta en Veracruz, zona fresca , accesible al movimiento cotidiano, el extenso jardín complementa perfectamente el estilo de vida al aire libre proporcionando un espacio sereno y aco...",https://www.quierocasa.com/anuncio/qc6030/0/preciosa-casa-en-venta-en-veracruz.htm,https://www.quierocasa.com/gallery/qc6030/350/qc6030-4.jpg,11.9869063,-86.3991679,administrative
qc5879,Preciosa residencia disponibe para venta,Casa,Santo Domingo,Managua,Managua,3,3.5,4,260.00,Mt²,870.00,Vrs²,290000.00,USD,"Preciosa residencia en venta en Santo Domingo, estratégicamente bien ubicada, garantizando no solo un lugar seguro sino también una inversión segura. Esta encantadora residencia te ofrece un diseñ...",https://www.quierocasa.com/anuncio/qc5879/0/preciosa-residencia-disponibe-para-venta.htm,https://www.quierocasa.com/gallery/qc5879/350/qc5879-5.jpg,12.1516383,-86.2663177,administrative
qc4184,Invierte en tu futuro: Propiedad en venta en Santo Domingo,Casa,Santo Domingo,Managua,Managua,4,4,10,459.00,Mt²,"2,257.00",Vrs²,535000.00,USD,"Preciosa y moderna propiedad en venta en altos de santo Domingo, ubicada en zona privilegiada, centrica segura y de fácil acceso, cerca de centro de compras, supermercados, escuelas, hospitales, est...",https://www.quierocasa.com/anuncio/qc4184/0/invierte-en-tu-futuro-propiedad-en-venta-en-santo-domingo.htm,https://www.quierocasa.com/gallery/qc4184/350/qc4184-47.jpg,12.1516383,-86.2663177,administrative
qc6019,Precioso terreno en venta en Veracruz,Terreno,Veracruz,Managua,Managua,,,,,,"2,025.84",Vrs²,55900.00,USD,"Este precioso terreno es ideal para construir la casa de tus sueños, disfruta de un entorno inmejorable y vive todo el año en esta buena zona o utiliza esta propiedad como segunda residencia. No pie...",https://www.quierocasa.com/anuncio/qc6019/0/precioso-terreno-en-venta-en-veracruz.htm,https://www.quierocasa.com/gallery/qc6019/350/qc6019-1.jpg,11.9869063,-86.3991679,administrative
qc6014,Preciosa casa en venta en Santo Domingo,Casa,Santo Domingo,Managua,Managua,3,2.5,2,252.99,Mt²,724.98,Vrs²,230000.00,USD,"Oportunidad única de adquirir hermosa residencia en venta en La estancia de Santo Domingo, te ofrece un espacio excepcional para aquellos que buscan el equilibrio perfecto entre el lujo y la comodida...",https://www.quierocasa.com/anuncio/qc6014/0/preciosa-casa-en-venta-en-santo-domingo.htm,https://www.quierocasa.com/gallery/qc6014/350/qc6014-19.jpg,12.1516383,-86.2663177,administrative
qc4984,Precioso apartamento de lujo en Santo Domingo,Apartamento,Santo Domingo,Managua,Managua,2,1.5,2,75.00,Mt²,,,170000.00,USD,"Precioso apartamento disponible para venta en Santo Domingo, ubicado en condominio centrico, seguro y de facil acceso cerca de centro de compras, supermercados, tiendas, escuelas y hospitales. 2 ...",https://www.quierocasa.com/anuncio/qc4984/0/precioso-apartamento-de-lujo-en-santo-domingo.htm,https://www.quierocasa.com/gallery/qc4984/350/qc4984-22.jpg,12.1516383,-86.2663177,administrative
qc5189,Local comercial de 195 mts2 en venta,Local Comercial,Las Colinas,Managua,Managua,,,2,195.00,Mt²,,,409500.00,USD,"Local comercial disponible para venta en Plaza en pre construcción en las Colinas, ubicado en zona segura y de fácil acceso, cerca de estaciones de servicio, hospitales, restaurantes y bancos. Cu...",https://www.quierocasa.com/anuncio/qc5189/0/local-comercial-de-195-mts2-en-venta.htm,https://www.quierocasa.com/gallery/qc5189/350/qc5189-7.jpg,12.1964007,-86.3692092,village
qc5959,Local comercial de 135 mts2 en venta,Local Comercial,Las Colinas,Managua,Managua,,1,2,135.00,Mt²,,,283500.00,USD,"Local comercial disponible para venta en Plaza en pre construcción en las Colinas, ubicado en zona segura y de fácil acceso, cerca de estaciones de servicio, hospitales, restaurantes y bancos. Cu...",https://www.quierocasa.com/anuncio/qc5959/0/local-comercial-de-135-mts2-en-venta.htm,https://www.quierocasa.com/gallery/qc5959/350/qc5959-3.jpg,12.1964007,-86.3692092,village
qc5958,Local comercial de 161 mts2 en venta,Local Comercial,Las Colinas,Managua,Managua,,1,2,161.00,Mt²,,,338100.00,USD,"Local comercial disponible para venta en Plaza en pre construcción en las Colinas, ubicado en zona segura y de fácil acceso, cerca de estaciones de servicio, hospitales, restaurantes y bancos. Cu...",https://www.quierocasa.com/anuncio/qc5958/0/local-comercial-de-161-mts2-en-venta.htm,https://www.quierocasa.com/gallery/qc5958/350/qc5958-2.jpg,12.1964007,-86.3692092,village
qc6011,Preciosa casa en venta en Puntaldia,Casa,Residencial Puntaldia,Managua,Managua,3,2.5,4,,,,,219000.00,USD,"Tu nuevo hogar te espera en Residencial Puntaldia. Esta impresionante residencia se destaca desde su ubicación lo que permite un mejor aprovechamiento de sus espacios, es por ello su inmejorable dist...",https://www.quierocasa.com/anuncio/qc6011/0/preciosa-casa-en-venta-en-puntaldia.htm,https://www.quierocasa.com/gallery/qc6011/350/qc6011-10.jpg,12.1064354,-86.2561156,administrative
qc4000,Hermoso local comercial en venta en calle Xolotlan,Local Comercial,Managua,Managua,Managua,,2,2,211.00,Mt²,253.23,Vrs²,90000.00,USD,"Amplio y espacioso local en venta ideal para todo tipo de negocio, en pista principal, ubicado en zona de centrica y de alto trafico vehicular, de fácil acceso, cerca de supermercdos, tiendas, banco...",https://www.quierocasa.com/anuncio/qc4000/0/hermoso-local-comercial-en-venta-en-calle-xolotlan.htm,https://www.quierocasa.com/gallery/qc4000/350/qc4000-17.jpg,12.1547116,-86.2737250,administrative
qc6004,Bonita casa en venta en Managua,Casa,Barrio Rene Cisnero,Managua,Managua,3,1,1,99.39,Mt²,185.85,Vrs²,70000.00,USD,"Bonita casa disponible para venta en Barrio Rene Cisneros, ubicada en zona segura y tranquila de fácil acceso, cerca de centro de compras, gasolineras y escuelas. La casa cuenta con bodega.",https://www.quierocasa.com/anuncio/qc6004/0/bonita-casa-en-venta-en-managua.htm,https://www.quierocasa.com/gallery/qc6004/350/qc6004-11.jpg,12.1547116,-86.2737250,administrative
qc5995,Preciosa casa en venta en Los Robles,Casa,Los Robles,Managua,Managua,4,4,12,387.00,Mt²,"1,494.78",Vrs²,380000.00,USD,"Experimenta la perfecta fusión de la vida tranquila y la belleza natural en esta preciosa residencia, su arquitectura y acabados de madera se adaptan perfectamente a su entorno, el lugar perfecto par...",https://www.quierocasa.com/anuncio/qc5995/0/preciosa-casa-en-venta-en-los-robles.htm,https://www.quierocasa.com/gallery/qc5995/350/qc5995-8.jpg,12.1212007,-86.2653351,administrative
qc5985,Amplio local comercial en venta,Local Comercial,Mercado Oriental,Managua,Managua,,2,2,300.00,Mt²,,,435000.00,USD,Aprovecha la oportunidad de invertir en esta excepcional propiedad ubicada en el mercado oriental. Este Local ofrece un notable potencial para inversores ofreciendo espacio personalizable incluyendo 3...,https://www.quierocasa.com/anuncio/qc5985/0/amplio-local-comercial-en-venta.htm,https://www.quierocasa.com/gallery/qc5985/350/qc5985-4.jpg,12.1485742,-86.2601307,commercial
qc3430,Se vende lote en Gran pacifica,Terreno,San Rafael del Sur,Managua,,,,,,,924.77,Vrs²,33000.00,USD,"hermoso terreno disponible para venta en Gran Pacifica Resort, junto a campo de golf y a 300 mts de la playa. ¡Crea tu retiro costero en la libertad! Este precioso terreno te brinda un oasis de tranq...",https://www.quierocasa.com/anuncio/qc3430/0/se-vende-lote-en-gran-pacifica.htm,https://www.quierocasa.com/gallery/qc3430/350/qc3430-1.jpg,11.7637351,-86.5943729,administrative
qc4704,Descubre el paraíso: Casa en venta en Santo Domingo,Casa,Santo Domingo,Managua,Managua,3,3.5,2,335.00,Mt²,"1,063.00",Vrs²,445000.00,USD,"Preciosa y moderna casa en venta, ubicada en santo Domingo, ideal para los amantes de la privacidad, rodeado de la naturaleza y áreas verdes, en un ambiente acogedor, agradable, intimo, seguro y lujo...",https://www.quierocasa.com/anuncio/qc4704/0/descubre-el-paraiso-casa-en-venta-en-santo-domingo.htm,https://www.quierocasa.com/gallery/qc4704/350/qc4704-1.jpg,12.1516383,-86.2663177,administrative
qc5961,Preciosa casa en venta en Santo Domingo,Casa,Santo Domingo,Managua,Managua,4,3.5,2,314.00,Mt²,981.00,Vrs²,350000.00,USD,"Encantadora casa en zona residencial donde se encuentran varios comercios y cerca de cafés y tiendas de la zona. El arquitecto que construyo esta acogedora casa optimizo muy bien todos los espacios, ...",https://www.quierocasa.com/anuncio/qc5961/0/preciosa-casa-en-venta-en-santo-domingo.htm,https://www.quierocasa.com/gallery/qc5961/350/qc5961-16.jpg,12.1516383,-86.2663177,administrative
qc5190,Local comercial de 500 mts2 en venta,Local Comercial,Las Colinas,Managua,Managua,,,2,500.00,Mt²,,,1100000.00,USD,"Local comercial disponible para venta en Plaza en pre construcción en las Colinas, ubicado en zona segura y de fácil acceso, cerca de estaciones de servicio, hospitales, restaurantes y bancos. Cu...",https://www.quierocasa.com/anuncio/qc5190/0/local-comercial--de-500-mts2-en-venta.htm,https://www.quierocasa.com/gallery/qc5190/350/qc5190-6.jpg,12.1964007,-86.3692092,village
qc4245,Preciosa casa en venta en Intermezo del Bosque,Casa,Villa Fontana,Managua,Managua,4,4,2,336.00,Mt²,"1,318.00",Vrs²,375000.00,USD,"Preciosa casa estilo colonial en venta en Intermezo del Bosque. ubicada en zona exclusiva, céntrica y segura, de fácil acceso, cerca de centro de compras, escuelas, hospitales, gasolineras, restaura...",https://www.quierocasa.com/anuncio/qc4245/0/preciosa-casa-en-venta-en-intermezo-del-bosque.htm,https://www.quierocasa.com/gallery/qc4245/350/qc4245-24.jpg,12.1033874,-86.2671277,administrative
qc5749,Preciosa residencia en venta,Casa,Carretera a Masaya,Managua,Managua,3,2.5,2,154.89,Mt²,179.24,Mt²,180000.00,USD,"Experimenta la comodidad en esta preciosa residencia disponible en renta, cuenta con modernas habitaciones, piscina comunal, bonitas áreas verdes y ubicación privilegiada dentro de condominio; ¡Ide...",https://www.quierocasa.com/anuncio/qc5749/0/preciosa-residencia-en-venta.htm,https://www.quierocasa.com/gallery/qc5749/350/qc5749-6.jpg,12.0777949,-86.2231504,trunk
qc4886,Preciosa casa en venta en EL Cortijo,Casa,Carretera a Masaya,Managua,Managua,4,2.5,2,217.48,Mt²,233.31,Mt²,210000.00,USD,"Preciosa residencia en venta en El Cortijo de La Sierra. Ubicada en condominio exclusivo, seguro y silencioso. de fácil acceso, a pocos minutos de comercios, restaurantes, hospitales, escuelas, estac...",https://www.quierocasa.com/anuncio/qc4886/0/preciosa-casa-en-venta-en-el-cortijo.htm,https://www.quierocasa.com/gallery/qc4886/350/qc4886-1.jpg,12.0777949,-86.2231504,trunk
qc5944,Preciosa residencia en venta en Carretera Sur,Casa,Carretera Sur,Managua,Managua,4,4.5,4,,,,,310000.00,USD,"Esta joya arquitectónica te espera con los brazos abiertos para brindarte el máximo confort y seguridad. Esta casa no solo es un lugar acogedor para vivir, sino el espacio donde tus sueños toman fo...",https://www.quierocasa.com/anuncio/qc5944/0/preciosa-residencia-en-venta-en-carretera-sur.htm,https://www.quierocasa.com/gallery/qc5944/350/qc5944-1.jpg,12.1412787,-86.2953782,trunk
qc5942,Hermosa casa en venta en Valle Sandino,Casa,Carretera Nueva a León,Managua,Managua,2,1,1,,,,,55000.00,USD,"Hermosa y cómoda casa amueblada disponible para venta, ubicada en zona segura y tranquila de fácil acceso, a pocos minutos de centro de compras, escuelas, farmacias y estaciones de servicio. Cuen...",https://www.quierocasa.com/anuncio/qc5942/0/hermosa-casa-en-venta-en-valle-sandino.htm,https://www.quierocasa.com/gallery/qc5942/350/qc5942-1.jpg,12.1300698,-86.3114357,trunk
qc5686,Perfecto para desarrollos comerciales e industriales.,Terreno,Sabana grande,Managua,Managua,,,,,,"70,000.00",Vrs²,2240000.00,USD,"Venta de terreno de 7 manzanas, perfecto para desarrollar grandes proyectos! Este terreno representa una oportunidad única para inversionistas visionarios con ubicación estratégica y gran potencial...",https://www.quierocasa.com/anuncio/qc5686/0/perfecto-para-desarrollos-comerciales-e-industriales.htm,https://www.quierocasa.com/gallery/qc5686/350/qc5686-3.jpg,11.9099179,-86.5930635,farm
qc5067,Local comercial en venta,Local Comercial,Monseñor Lezcano,Managua,Managua,,,2,111.69,Mt²,224.00,Vrs²,60000.00,USD,"Este local comercial es una excelente oportunidad de inversión. Cuenta con una excelente ubicación, sobre la pista principal de monseñor Lezcano. Ideal para cualquier tipo de comercio. Dentro de su...",https://www.quierocasa.com/anuncio/qc5067/0/local-comercial-en-venta.htm,https://www.quierocasa.com/gallery/qc5067/350/qc5067-5.jpg,12.1497547,-86.2987362,administrative
qc5938,Hermosa casa disponible en venta,Casa,Carretera Sur,Managua,Managua,7,5,2,560.92,Mt²,"2,972.66",Vrs²,700000.00,USD,"Descubre en esta hermosa casa disponible en venta el lugar perfecto para vivir. Cuenta con amplias habitaciones, luminosos espacios, amplia cocina, clima agradable y precioso jardín. Esta ubicada en ...",https://www.quierocasa.com/anuncio/qc5938/0/hermosa-casa-disponible-en-venta.htm,https://www.quierocasa.com/gallery/qc5938/350/qc5938-19.jpg,12.1412787,-86.2953782,trunk
qc5940,Hermosa casa en venta en Las Colinas,Casa,Las Colinas,Managua,Managua,4,4.5,3,,,,,380000.00,USD,"Preciosa y amplia casa con piscina en Las Colinas, ubicada en zona exclusiva, céntrica y segura, de fácil acceso, cerca de colegios, universidades, centros comerciales, tiendas, farmacias, entre otr...",https://www.quierocasa.com/anuncio/qc5940/0/hermosa-casa-en-venta-en-las-colinas.htm,https://www.quierocasa.com/gallery/qc5940/350/qc5940-9.jpg,12.1964007,-86.3692092,village
qc5843,Oprtunidad de inversion,Terreno,Tipitapa,Tipitapa,Managua,,,,,,9.70,Mz,315250.00,USD,"Este Hermosos terreno representa una oportunidad única para inversionistas visionarios con ubicación estratégica y gran potencial, perfecto para Lotificacion, Agricultura, ganadería Zonas francas ...",https://www.quierocasa.com/anuncio/qc5843/0/oprtunidad-de-inversion.htm,https://www.quierocasa.com/gallery/qc5843/350/qc5843-1.jpg,12.1962432,-86.0963720,administrative
qc5550,Un escape a la tranquilidad: Terreno en venta,Terreno,Carretera a Masaya,Managua,Managua,,,2,,,637.00,Vrs²,55000.00,USD,"Precioso terreno disponible para venta en carretera masaya, ubicado en zona exclusiva y segura, de fácil acceso a pocos minutos de centro de compras, escuelas, restaurantes y bancos. Cuenta con mu...",https://www.quierocasa.com/anuncio/qc5550/0/un-escape-a-la-tranquilidad-terreno-en-venta.htm,https://www.quierocasa.com/gallery/qc5550/350/qc5550-2.jpg,12.0777949,-86.2231504,trunk
qc5552,Precioso terreno en venta en Tipitapa,Terreno,Tipitapa,Managua,Managua,,,,,,10.00,Mz,500000.00,USD,"Tu sueño echo realidad! Hermoso terreno en Tipitapa, de 10 manzanas crea la casa perfecta con medidas ideales para ti y tu familia. ubicación segura y tranquila, a pocos minutos de supermercados, es...",https://www.quierocasa.com/anuncio/qc5552/0/precioso-terreno-en-venta-en-tipitapa.htm,https://www.quierocasa.com/gallery/qc5552/350/qc5552-1.jpg,12.3633024,-86.0253010,administrative
qc5922,Preciosa residencia en venta,Casa,Santo Domingo,Managua,Managua,3,3.5,2,,,,,330000.00,USD,"Disfruta de un amplio espacio para tu familia, con habitaciones luminosas y cómodas, donde cada miembro encontrara su rincón de paz. Ubicación estratégica y céntrica, accesible al movimiento coti...",https://www.quierocasa.com/anuncio/qc5922/0/preciosa-residencia-en-venta.htm,https://www.quierocasa.com/gallery/qc5922/350/qc5922-9.jpg,12.1516383,-86.2663177,administrative
qc5081,Crea tu propio paraíso: Terreno en venta,Terreno,Villa Fontana,Managua,Managua,,,,,,670.00,Vrs²,60000.00,USD,"Precioso terreno disponible para venta en Villa Fontana, ubicado dentro de residencial con seguridad las 24 horas y piscina comunal, de fácil acceso cerca de centro de compras, escuelas, hospitales y...",https://www.quierocasa.com/anuncio/qc5081/0/crea-tu-propio-paraiso-terreno-en-venta.htm,https://www.quierocasa.com/gallery/qc5081/350/qc5081-1.jpg,12.1033874,-86.2671277,administrative
qc5769,"Ideal para Plaza Comercial, Oficina, showroom",Terreno,Los Robles,Managua,Managua,,,,,,"1,420.00",Vrs²,399000.00,USD,"Espectacular terreno ubicado en la zona más céntrica de managua, con acceso a dos calles principales a tan solo 3 minutos de metrocentro y de centro financiero BAC. Cuenta con 1,420 Varas2, donde pu...",https://www.quierocasa.com/anuncio/qc5769/0/ideal-para-plaza-comercial-oficina-showroom.htm,https://www.quierocasa.com/gallery/qc5769/350/qc5769-10.jpg,12.1212007,-86.2653351,administrative
qc5886,Ideal para construir tus sueños,Terreno,Villa Fontana Sur,Managua,Managua,,,,,,"2,000.00",Vrs²,120000.00,USD,"Precioso terreno de 2000 Vrs2 con excelente ambiente, zona fresca, servicio de agua y luz, calles de todo tiempo. Cerca de centros comerciales, restaurantes, colegios, bancos, estaciones de servicio, ...",https://www.quierocasa.com/anuncio/qc5886/0/ideal-para-construir-tus-suenos.htm,https://www.quierocasa.com/gallery/qc5886/350/qc5886-3.jpg,12.1033874,-86.2671277,administrative
qc4964,Perfecta para desarrollo de proyectos habitacionales,Terreno,Esquipulas,Managua,Managua,,,,,,"20,000.00",Vrs²,480000.00,USD,"Este amplio terreno se encuentra disponible para desarrollar proyectos residenciales. Se ubica en una zona agradable, segura y con fácil acceso. A pocos minutos de varias plazas comerciales, centros ...",https://www.quierocasa.com/anuncio/qc4964/0/perfecta-para-desarrollo-de-proyectos-habitacionales.htm,https://www.quierocasa.com/gallery/qc4964/350/qc4964-1.jpg,12.0745878,-86.2158151,neighbourhood
qc5903,Bodega en venta en calle Xolotlan,Bodega,Managua,Managua,Managua,,2,2,211.00,Mt²,253.23,Vrs²,100000.00,USD,"Gran oportunidad de adquirir esta amplia bodega disponible en venta, ideal para todo tipo de negocio, en pista principal, ubicado en zona de céntrica y de alto trafico vehicular, de fácil acceso, ce...",https://www.quierocasa.com/anuncio/qc5903/0/bodega-en-venta-en-calle-xolotlan.htm,https://www.quierocasa.com/gallery/qc5903/350/qc5903-9.jpg,12.1547116,-86.2737250,administrative
qc5690,Amplia y hermosa casa en venta,Casa,Las Cumbres,Managua,Managua,3,2.5,2,230.00,Mt²,620.00,Vrs²,250000.00,USD,"Oportunidad única de adquirir hermosa residencia en Portal el Carmen, ofrece un espacio excepcional para aquellos que buscan el equilibrio perfecto entre la seguridad y comodidad! Cada rincón ha sid...",https://www.quierocasa.com/anuncio/qc5690/0/amplia-y-hermosa-casa-en-venta.htm,https://www.quierocasa.com/gallery/qc5690/350/qc5690-1.jpg,12.0993011,-86.2569419,administrative
qc1272,Venta de Terreno por la Pista Sub urbana,Terreno,Pista Sub Urbana,Managua,Managua,,,,,,"4,388.24",Vrs²,162365.00,USD,"Precioso terreno con excelente ubicación a tan solo 200 metros de la pista suburbana, cuenta con dos accesos, en el mismo se encuentra la construcción de una bodega y una terraza, ideal para restaur...",https://www.quierocasa.com/anuncio/qc1272/0/venta-de-terreno--por-la-pista-sub-urbana.htm,https://www.quierocasa.com/gallery/qc1272/350/qc1272-17.jpg,12.1092791,-86.2792096,tertiary
qc5865,Preciosa residencia en venta en Carretera Masaya,Casa,Carretera a Masaya,Managua,Managua,3,2,1,90.00,Mt²,375.00,Vrs²,125000.00,USD,"¡Te ofrecemos tu nuevo hogar! Ubicado en zona tranquila y segura, con abundante luz natural esta casa se destaca por su cuidado, elegante diseño y acabados espectaculares, a pocos minutos de comerci...",https://www.quierocasa.com/anuncio/qc5865/0/preciosa-residencia-en-venta-en-carretera-masaya.htm,https://www.quierocasa.com/gallery/qc5865/350/qc5865-1.jpg,12.0777949,-86.2231504,trunk
qc5856,Hermosa residencia en venta,Casa,Villa Fontana,Managua,Managua,5,4.5,2,350.00,Mt²,"1,800.00",Mt²,350000.00,USD,"Disfruta de esta hermosa y amplia residencia ¡Lista para mudarte!, dispone de cálidos espacios, apropiada iluminación, hermoso patio. Situada en zona segura, céntrica y de fácil acceso; a pocos m...",https://www.quierocasa.com/anuncio/qc5856/0/hermosa-residencia-en-venta.htm,https://www.quierocasa.com/gallery/qc5856/350/qc5856-9.jpg,12.1033874,-86.2671277,administrative
qc5711,Espectacular residencia en venta,Casa,Santo Domingo,Managua,Managua,3,3.5,4,405.00,Mt²,"1,065.00",Vrs²,450000.00,USD,"Si buscas tu casa soñada, Te presento esta espectacular residencia disponible en venta; brinda seguridad, comodidad y el confort que tu necesitas, amplias habitaciones, luminosos espacios, hermosa á...",https://www.quierocasa.com/anuncio/qc5711/0/espectacular-residencia-en-venta.htm,https://www.quierocasa.com/gallery/qc5711/350/qc5711-6.jpg,12.1516383,-86.2663177,administrative
qc4994,Excelente oportunidad de inversión,Terreno,Santo Domingo,Managua,Managua,,,,,,"1,749.16",Vrs²,110200.00,USD,"Hermoso terreno en venta en Santo Domingo, ubicado en zona exclusiva, céntrica y segura, de fácil acceso, cerca de centro de compras, supermercados, escuelas, hospitales y gasolineras.",https://www.quierocasa.com/anuncio/qc4994/0/excelente-oportunidad-de-inversion.htm,https://www.quierocasa.com/gallery/qc4994/350/qc4994-2.jpg,12.1516383,-86.2663177,administrative
qc5000,¡Descubre la belleza! Terreno en venta,Terreno,Santo Domingo,Managua,Managua,,,,,,"3,451.05",Vrs²,189807.00,USD,"Precioso terreno disponible para venta en Santo Domingo ubicado en una de las zonas mas exclusivas y con mayor plusvalia de Managua, ambiente fresco y areas verdes; de fácil acceso a las vías princ...",https://www.quierocasa.com/anuncio/qc5000/0/descubre-la-belleza-terreno-en-venta.htm,https://www.quierocasa.com/gallery/qc5000/350/qc5000-2.jpg,12.1516383,-86.2663177,administrative
qc5859,Preciosa residencia en venta en Carretera Sur,Casa,Carretera Sur,Managua,Managua,3,3.5,8,544.00,Mt²,"5,190.00",Vrs²,650000.00,USD,"Bienvenido a la elegancia y versatilidad en esta extraordinaria propiedad, los techos altos y detalles de madera confieren a esta casa un carácter único y acogedor. Refleja tu nuevo estilo de vida e...",https://www.quierocasa.com/anuncio/qc5859/0/preciosa-residencia-en-venta-en-carretera-sur.htm,https://www.quierocasa.com/gallery/qc5859/350/qc5859-3.jpg,12.1412787,-86.2953782,trunk
qc5858,Plaza comercial en venta en Villa Fontana,Local Comercial,Villa Fontana,Managua,Managua,,10,50,"1,258.00",Mt²,"17,360.00",Vrs²,2300000.00,USD,"Enfocado en inversiones que buscan estabilizar su capital de manera segura y simple, con un potencial inmenso en cubrir las necesidades de profesionales en busca de espacios y áreas comunes equipadas...",https://www.quierocasa.com/anuncio/qc5858/0/plaza-comercial-en-venta-en-villa-fontana.htm,https://www.quierocasa.com/gallery/qc5858/350/qc5858-1.jpg,12.1033874,-86.2671277,administrative
qc5830,Amplia Bodega en venta en San Judas,Bodega,San Judas,Managua,Managua,,,10,856.00,Mt²,,,727600.00,USD,"Excelente opción de adquirir esta amplia bodega de techo curvo disponible en venta, ¡Ideal para tu negocio! Ubicada en zona segura y de fácil acceso a pocos minutos de gasolineras y negocios.",https://www.quierocasa.com/anuncio/qc5830/0/amplia-bodega-en-venta-en-san-judas.htm,https://www.quierocasa.com/gallery/qc5830/350/qc5830-1.jpg,12.2188232,-86.0619691,administrative
qc5692,Ideal para construir tu hogar!,Terreno,Villa Fontana,Managua,Managua,,,,,,822.00,Vrs²,32880.00,USD,"Precioso terreno disponible para venta en Villa Fontana! ubicación estratégica, céntrica y segura, de fácil acceso a pocos minutos de supermercados, restaurantes, estaciones de servicio y bancos.",https://www.quierocasa.com/anuncio/qc5692/0/ideal-para-construir-tu-hogar.htm,https://www.quierocasa.com/gallery/qc5692/350/qc5692-4.jpg,12.1033874,-86.2671277,administrative
qc5752,Espectacular residencia en venta en carretera vieja a Leon,Casa,Carretera Vieja a Leon,Managua,Managua,4,4,8,555.00,Mt²,"2,000.00",Vrs²,328000.00,USD,"Preciosa residencia en venta, con amplios y hermosos jardines, ubicada en zona segura y fácil acceso. Cuenta con una acogedora iluminación y ventilación natural. Con amplios y armoniosos espacios q...",https://www.quierocasa.com/anuncio/qc5752/0/espectacular-residencia-en-venta-en-carretera-vieja-a-leon.htm,https://www.quierocasa.com/gallery/qc5752/350/qc5752-1.jpg,12.0731952,-86.4953759,trunk
qc5851,Casa nueva disponible para venta,Casa,Carretera a Masaya,Managua,Managua,3,3.5,2,172.00,Mt²,530.00,Vrs²,191000.00,USD,"Viviendas de una planta diseñadas y construidas con calidad para una larga vida, múltiples rutas de acceso y gran cantidad de comercios cercanos contribuyen al retorno de su inversión. Amplios y ...",https://www.quierocasa.com/anuncio/qc5851/0/casa-nueva-disponible-para-venta.htm,https://www.quierocasa.com/gallery/qc5851/350/qc5851-5.jpg,12.0777949,-86.2231504,trunk
qc5844,Hermosa residencia en venta,Casa,Esquipulas Km 12,Managua,Managua,3,2,2,155.00,Mt²,408.50,Vrs²,115000.00,USD,"Te ofrecemos tu nuevo hogar con una exclusiva ubicación en Alamedas Esquipulas; con espacios amplios y acogedores ¡Ideales para tu estilo de vida!. A tan solo minutos de centros comerciales, superme...",https://www.quierocasa.com/anuncio/qc5844/0/hermosa-residencia-en-venta.htm,https://www.quierocasa.com/gallery/qc5844/350/qc5844-16.jpg,12.0745878,-86.2158151,neighbourhood
qc5436,Preciosa y moderna residencia en venta,Casa,Santo Domingo,Managua,Managua,3,3.5,3,355.00,Mt²,870.00,Vrs²,550000.00,USD,Quieres vivir con grandes comodidades para tu descanso y desempeño profesional sin necesidad de salir de casa? Disfruta de la tranquilidad de vivir en una hermosa residencia con las mejores zonas com...,https://www.quierocasa.com/anuncio/qc5436/0/preciosa-y-moderna-residencia-en-venta.htm,https://www.quierocasa.com/gallery/qc5436/350/qc5436-30.jpg,12.1516383,-86.2663177,administrative
qc5826,Hermosa residencia disponible en venta,Casa,Carretera Sur,Managua,Managua,4,4.5,6,573.00,Mt²,"2,500.00",Vrs²,650000.00,USD,"El hogar perfecto para disfrutar en familia; experimenta la fusión de la vida moderna y la belleza natural de esta preciosa residencia con diseño único y acogedor. Ubicada en zona exclusiva, segura...",https://www.quierocasa.com/anuncio/qc5826/0/hermosa-residencia-disponible-en-venta.htm,https://www.quierocasa.com/gallery/qc5826/350/qc5826-8.jpg,12.1412787,-86.2953782,trunk
qc5450,Preciosa casa en venta en San Juan del sur,Casa,San Juan del Sur,San Juan del Sur,Rivas,3,3.5,2,,,,,220000.00,USD,"Moderna y nueva residencia en venta en San juan del sur, cómoda, segura y de fácil acceso, ubicada en zona tranquila y silenciosa. cuenta con una espectacular doble altura en la sala que te dará un...",https://www.quierocasa.com/anuncio/qc5450/0/preciosa-casa-en-venta-en-san-juan-del-sur.htm,https://www.quierocasa.com/gallery/qc5450/350/qc5245-12.jpg,11.2542297,-85.8722797,administrative
qc4246,Preciosa casa en venta en Intermezo del Bosque,Casa,Villa Fontana,Managua,Managua,4,4,4,375.00,Mt²,"1,300.00",Vrs²,450000.00,USD,"Amplia y hermosa residencia de dos plantas en venta. Ubicada en la zona más exclusiva de la capital. Cuenta con un micro clima muy agradable. También goza de lindas áreas verdes. De fácil acceso, ...",https://www.quierocasa.com/anuncio/qc4246/0/preciosa-casa-en-venta-en-intermezo-del-bosque.htm,https://www.quierocasa.com/gallery/qc4246/350/qc4246-1.jpg,12.1033874,-86.2671277,administrative
qc5824,Hermosa residencia en venta,Casa,Esquipulas,Managua,Managua,4,3.5,2,618.32,Mt²,"2,464.00",Vrs²,320000.00,USD,"Hermosa residencia de dos plantas en venta en Esquipulas, ubicada en zona segura y de fácil acceso Una ideal opción para vivir en familia, la cual le brinda estabilidad y tranquilidad con acceso a ...",https://www.quierocasa.com/anuncio/qc5824/0/hermosa-residencia-en-venta.htm,https://www.quierocasa.com/gallery/qc5824/350/qc5824-1.jpg,12.0745878,-86.2158151,neighbourhood
qc3518,Se vende Casa en Esquipulas,Casa,Esquipulas,Managua,Managua,2,2,2,249.74,Mt²,"1,500.00",Vrs²,180600.00,USD,"Bonita y cómoda casa en venta en Esquipulas, en un ambiente acogedor y seguro, a escasos minutos de centros comerciales, escuelas, gasolineras y bancos.",https://www.quierocasa.com/anuncio/qc3518/0/se-vende-casa-en-esquipulas.htm,https://www.quierocasa.com/gallery/qc3518/350/qc3518-15.jpg,12.0745878,-86.2158151,neighbourhood
qc5820,Construye la casa de tus sueños,Terreno,Veracruz,Managua,Managua,,,,,,"1,840.19",Vrs²,49685.13,USD,"Amplio terreno en Veracruz; Ideal para construir La Casa de tus Sueños. Esta ubicado en urbanización Puertas de Alicante, accesible al movimiento cotidiano a cortas distancias de centros recreativos...",https://www.quierocasa.com/anuncio/qc5820/0/construye-la-casa-de-tus-suenos.htm,https://www.quierocasa.com/gallery/qc5820/350/qc5820-2.jpg,11.9869063,-86.3991679,administrative
qc5489,Bonita y comoda casa en venta en Veracruz,Casa,Veracruz,Managua,Managua,2,1,1,60.00,Mt²,228.00,Vrs²,62000.00,USD,Esta casa mas que una vivienda es un refugio acogedor y funcional donde cada detalle se ha pensado para brindar confort y comodidad a sus habitantes! No pierdas la oportunidad de vivir en un lugar que...,https://www.quierocasa.com/anuncio/qc5489/0/bonita-y-comoda-casa-en-venta-en-veracruz.htm,https://www.quierocasa.com/gallery/qc5489/350/qc5489-19.jpg,11.9869063,-86.3991679,administrative
qc4513,Vive con comodidad: Casa en venta en Santo Domingo,Casa,Santo Domingo,Managua,Managua,4,4.5,5,625.00,Mt²,"1,286.00",Vrs²,700000.00,USD,"Moderna y espaciosa casa en venta en Santo Domingo, ubicada en zona exclusiva y segura, de fácil acceso, cerca de tiendas, supermercados, restaurantes, gasolineras, hospitales, escuelas y bancos. ...",https://www.quierocasa.com/anuncio/qc4513/0/vive-con-comodidad-casa-en-venta-en-santo-domingo.htm,https://www.quierocasa.com/gallery/qc4513/350/qc4513-5.jpg,12.1516383,-86.2663177,administrative
qc5431,Belleza y Funcionalidad en esta Residencia en Venta,Casa,Santo Domingo,Managua,Managua,3,2,2,,,,,220000.00,USD,"Preciosa residencia disponible para venta en Santo domingo, ubicada en zona exclusiva y tranquila de fácil acceso, cerca de centro de compras, escuelas, gasolineras y bancos.",https://www.quierocasa.com/anuncio/qc5431/0/belleza-y-funcionalidad-en-esta-residencia-en-venta.htm,https://www.quierocasa.com/gallery/qc5431/350/qc5226-3.jpg,12.1516383,-86.2663177,administrative
qc4980,La casa perfecta para tu familia,Casa,Santo Domingo,Managua,Managua,3,2.5,3,380.00,Mt²,879.70,Vrs²,290000.00,USD,"Preciosa residencia en venta en La Estancia de Santo Domingo, ubicada en condominio exclusivo y seguro, de fácil acceso, cerca de escuelas, hospitales, gasolineras, restaurantes, supermercados y cent...",https://www.quierocasa.com/anuncio/qc4980/0/la-casa-perfecta-para-tu-familia.htm,https://www.quierocasa.com/gallery/qc4980/350/qc4980-20.jpg,12.1516383,-86.2663177,administrative
qc5788,Preciosa casa disponible para venta,Casa,7 Sur,Managua,Managua,5,5.5,5,391.00,Mt²,"2,021.00",Vrs²,240000.00,USD,"Preciosa residencia disponible para venta en la zona del 7 Sur, ubicada en zona segura y tranquila, de fácil acceso, cerca de comercios, supermercados y escuelas. La propiedad cuenta con abundante lu...",https://www.quierocasa.com/anuncio/qc5788/0/preciosa-casa-disponible-para-venta.htm,https://www.quierocasa.com/gallery/qc5788/350/qc5788-15.jpg,12.1232392,-86.3115808,copyshop
qc5776,Gran oportunidad de inversión,Terreno,Carretera a Masaya,Managua,Managua,,,,"18,555.00",Mt²,"26,320.00",Vrs²,658000.00,USD,"Amplio terreno de 26320 varas2, excelentes medidas para construir, cuenta con fácil acceso, ubicado en zona de alta plusvalía y a pocos minutos de una serie de ambientes necesarios como centros com...",https://www.quierocasa.com/anuncio/qc5776/0/gran-oportunidad-de-inversion.htm,https://www.quierocasa.com/gallery/qc5776/350/qc5776-3.jpg,12.0777949,-86.2231504,trunk
qc5770,Precioso Terreno en Planes de Altamira,Terreno,Planes de Altamira,Managua,Managua,,,,,,"1,656.69",Vrs²,197000.00,USD,Aprovecha esta oportunidad de invertir en este precioso terreno ubicado en zona exclusiva; disponible en venta. ¡Ideal para oficina!,https://www.quierocasa.com/anuncio/qc5770/0/precioso-terreno-en-planes-de-altamira.htm,https://www.quierocasa.com/gallery/qc5770/350/qc5770-2.jpg,12.1152990,-86.2651231,apartments
qc5751,Preciosa residencia en venta en La Estancia de Santo Domigno,Casa,Santo Domingo,Managua,Managua,3,3.5,4,210.00,Mt²,945.52,Vrs²,245000.00,USD,"Experimenta la perfecta fusión de la vida moderna y la belleza natural en esta preciosa residencia. Su arquitectura moderna y acabados de lujo se adaptan perfectamente a su entorno, el lugar perfecto...",https://www.quierocasa.com/anuncio/qc5751/0/preciosa-residencia-en-venta-en-la-estancia-de-santo-domigno.htm,https://www.quierocasa.com/gallery/qc5751/350/qc5751-2.jpg,12.1516383,-86.2663177,administrative
qc5764,Precioso terreno en venta en Santo Domingo,Terreno,Santo Domingo,Managua,Managua,,,,,,4.00,Mz,1080000.00,USD,"Tu sueño echo realidad en santo domingo! crea la casa perfecta con medidas ideales, aquí no solo construyes creas tu hogar! No esperes mas contactanos y se parte de esta experiencia. Ubicación excl...",https://www.quierocasa.com/anuncio/qc5764/0/precioso-terreno-en-venta-en-santo-domingo.htm,https://www.quierocasa.com/gallery/qc5764/350/qc5764-1.jpg,12.1516383,-86.2663177,administrative
qc4238,Hermoso terreno en venta en carretera vieja a León,Terreno,Carretera Vieja a Leon,Managua,Managua,,,,,,"1,000.00",Vrs²,22000.00,USD,"Amplio terreno en venta, ubicado en carretera vieja a León. Fácil acceso en zona agradable y tranquila, clima fresco, a pocos minutos de supermercados, tiendas, gasolineras, escuelas y farmacias.",https://www.quierocasa.com/anuncio/qc4238/0/hermoso-terreno-en-venta-en-carretera-vieja-a-leon.htm,https://www.quierocasa.com/gallery/qc4238/350/qc4238-1.jpg,12.0731952,-86.4953759,trunk
qc4686,Moderna casa en venta en Santo Domingo,Casa,Santo Domingo,Managua,Managua,3,3.5,2,217.00,Mt²,400.00,Vrs²,240000.00,USD,"Moderna propiedad disponible para venta en Santo Domingo, ubicada en condominio exclusivo, céntrico y seguro, de fácil acceso, cerca de centro de compras, escuelas, hospitales, supermercados, gasoli...",https://www.quierocasa.com/anuncio/qc4686/0/moderna-casa-en-venta-en-santo-domingo.htm,https://www.quierocasa.com/gallery/qc4686/350/qc4686-1.jpg,12.1516383,-86.2663177,administrative
qc5746,Terreno en venta en Villa Fontana,Terreno,Villa Fontana,Managua,Managua,,,,,,"8,672.00",Vrs²,242000.00,USD,"Aprovecha esta oportunidad y conviértete en el dueño exclusivo de este amplio terreno disponible en venta; te ofrece las medidas ideales para construir, cuenta con una excelente ubicación, calle ad...",https://www.quierocasa.com/anuncio/qc5746/0/terreno-en-venta-en-villa-fontana.htm,https://www.quierocasa.com/gallery/qc5746/350/qc5746-4.jpg,12.1033874,-86.2671277,administrative
qc5744,Ofibodega en venta en Carretera a Masaya,Oficina,Carretera a Masaya,Managua,Managua,,2,4,,,351.08,Mt²,456300.00,USD,"Oportunidad única de adquirir esta moderna y amplia ofibodega en venta, te ofrece el espacio ¡Ideal para tu negocio!, cada espacio ah sido diseñado para el optimo funcionamiento empresarial, cuenta...",https://www.quierocasa.com/anuncio/qc5744/0/ofibodega-en-venta-en--carretera-a-masaya.htm,https://www.quierocasa.com/gallery/qc5744/350/qc5744-5.jpg,12.0777949,-86.2231504,trunk
qc5743,Ofibodegas en venta en Suburbana,Bodega,Pista Sub Urbana,Managua,Managua,,,20,"2,982.82",Mt²,,,425775.00,USD,Enfocado en inversiones que buscan estabilizar su capital de manera segura y simple! con un potencial inmenso en cubrir las necesidades de profesionales en busca de espacios y áreas comunes equipadas...,https://www.quierocasa.com/anuncio/qc5743/0/ofibodegas-en-venta-en-suburbana.htm,https://www.quierocasa.com/gallery/qc5743/350/qc5743-2.jpg,12.1092791,-86.2792096,tertiary
qc4616,Local en venta en carretera vieja a León,Local Comercial,Carretera Sur,Managua,Managua,,3,10,240.27,Mt²,784.13,Mt²,265000.00,USD,"Venta de hermoso local comercial en el km 11 carretera vieja a Leon sobre la carretera. Ubicacado en zona segura y tranquila de fácil acceso, a pocos minutos de escuelas, supermercados, gasolineras y...",https://www.quierocasa.com/anuncio/qc4616/0/local-en-venta-en-carretera-vieja-a-leon.htm,https://www.quierocasa.com/gallery/qc4616/350/qc4616-1.jpg,12.1412787,-86.2953782,trunk
qc4990,Perfecto para construir tus sueños,Terreno,Villa Fontana,Managua,Managua,,,,,,"5,200.00",Vrs²,182000.00,USD,"Este hermoso terreno rodeado de naturaleza con un clima inigualable, está disponible para venta. Ubicado en una de más zonas de mayor plusvalía de la capital. A tan solo 15 minutos de las mejores p...",https://www.quierocasa.com/anuncio/qc4990/0/perfecto-para-construir-tus-suenos.htm,https://www.quierocasa.com/gallery/qc4990/350/qc4990-1.jpg,12.1033874,-86.2671277,administrative
qc5720,Residencia de ensueño en venta: ¡Haz tus sueños realidad!,Casa,Las Cumbres,Managua,Managua,3,3.5,3,,,,,300000.00,USD,"Disfruta de momentos únicos en esta hermosa residencia con estilo moderno, luz cálida, y cómodas habitaciones ¡Perfecta para disfrutar en familia!. Ubicada en zona segura, tranquila y de fácil ac...",https://www.quierocasa.com/anuncio/qc5720/0/residencia-de-ensueno-en-venta-haz-tus-suenos-realidad.htm,https://www.quierocasa.com/gallery/qc5720/350/qc5720-8.jpg,12.0993011,-86.2569419,administrative
qc5717,Local comercial en venta en Las Palmas,Local Comercial,Las palmas,Managua,Managua,,,5,500.00,Mt²,"1,060.00",Vrs²,189000.00,USD,"Ubicación estratégica, céntrica, accesible al movimiento cotidiano a pocas distancias de centros comerciales, bancos y una serie de ambientes necesarios para el buen desarollo y funcionamiento de s...",https://www.quierocasa.com/anuncio/qc5717/0/local-comercial-en-venta-en-las-palmas.htm,https://www.quierocasa.com/gallery/qc5717/350/qc5717-1.jpg,12.1446009,-86.2942696,administrative
qc5712,Local comercial en venta,Local Comercial,Mercado Oriental,Managua,Managua,3,3,6,,,665.00,Vrs²,450000.00,USD,"Local comercial con amplio espacio, disponible en venta con ubicación estratégica y accesible al movimiento cotidiano, ¡Ideal para tu negocio!. Cuenta con todo tipo de ambientes necesarios para el ...",https://www.quierocasa.com/anuncio/qc5712/0/local-comercial-en-venta.htm,https://www.quierocasa.com/gallery/qc5712/350/qc5712-4.jpg,12.1485742,-86.2601307,commercial
qc5701,Moderno apartamento en venta,Apartamento,Santo Domingo,Managua,Managua,3,2,2,,,,,395000.00,USD,"Precioso apartamento con estilo moderno, finos acabados, cómodas habitaciones, apropiada iluminación.¡Perfecto para mudarte! Ubicado en zona exclusiva, segura, silenciosa y de fácil acceso; a poco...",https://www.quierocasa.com/anuncio/qc5701/0/moderno-apartamento-en-venta.htm,https://www.quierocasa.com/gallery/qc5701/350/qc5701-19.jpg,12.1516383,-86.2663177,administrative
qc5697,Moderna casa en venta en Carretera Masaya,Casa,Carretera a Masaya,Managua,Managua,3,2,2,165.00,Mt²,,,147000.00,USD,"Estas buscando tu casa soñada? disfrutar con tu familia y amigos en un lugar acogedor y que te brinde seguridad , comodidad y confort? ya no busques mas! Te presento esta hermosa residencia con finos...",https://www.quierocasa.com/anuncio/qc5697/0/moderna-casa-en-venta-en-carretera-masaya.htm,https://www.quierocasa.com/gallery/qc5697/350/qc5697-1.jpg,12.0777949,-86.2231504,trunk
qc5698,Preciosa casa en venta en Carretera a Masaya,Casa,Carretera a Masaya,Managua,Managua,3,2,2,,,165.00,Mt²,145000.00,USD,"¿Estas buscando tu casa soñada? disfrutar con tu familia y amigos en un lugar acogedor y que te brinde seguridad, comodidad y confort? ya no busques más! ¡Te presento esta hermosa residencia con f...",https://www.quierocasa.com/anuncio/qc5698/0/preciosa--casa-en-venta-en-carretera-a-masaya.htm,https://www.quierocasa.com/gallery/qc5698/350/qc5698-1.jpg,12.0777949,-86.2231504,trunk
qc5703,Preciosa residencia en venta,Casa,Carretera Sur,Managua,Managua,3,3.5,2,,,,,550000.00,USD,"Encantadora residencia disponible en venta, finos acabados de madera, cómodas habitaciones, apropiada iluminación y precioso jardín; cuenta con una inmejorable distribución en cada uno de sus espa...",https://www.quierocasa.com/anuncio/qc5703/0/preciosa-residencia-en-venta.htm,https://www.quierocasa.com/gallery/qc5703/350/qc5703-2.jpg,12.1412787,-86.2953782,trunk
qc2855,Preciosa casa en venta en Santo Domingo,Casa,Santo Domingo,Managua,Managua,5,4.5,1,405.00,Mt²,935.25,Vrs²,330000.00,USD,"Esta hermosa propiedad cuenta con aire acondicionado y abanicos de techo en todas las habitaciones, bodegas y alacenas. Además se encuentra en una zona muy segura y con un ambiente familiar muy agrad...",https://www.quierocasa.com/anuncio/qc2855/0/preciosa-casa-en-venta-en-santo-domingo.htm,https://www.quierocasa.com/gallery/qc2855/350/qc2855-21.jpg,12.1516383,-86.2663177,administrative
qc5687,Hermosa casa en venta en Reparto Mirasol,Casa,Reparto Mirasol,Managua,Managua,3,2.5,2,190.00,Mt²,840.00,Vrs²,245000.00,USD,"Hermosa casa en venta en Reparto Mirasol, estratégicamente bien ubicada, segura y de fácil acceso, cerca de hospitales, centros comerciales, restaurantes y estaciones de servicio. Contactanos para c...",https://www.quierocasa.com/anuncio/qc5687/0/hermosa-casa-en-venta-en-reparto-mirasol.htm,https://www.quierocasa.com/gallery/qc5687/350/qc5687-1.jpg,12.1036641,-86.2594265,administrative
qc5672,Acogedora casa disponible en venta,Casa,Los Robles,Managua,Managua,4,2,2,400.00,Mt²,,,280000.00,USD,"Disfruta de esta hermosa y acogedora casa con piscina incluida, cómodas habitaciones y abundante iluminación; disponible en venta. ¡Ideal para tu estilo de vida!. Ubicada en zona segura, silenciosa...",https://www.quierocasa.com/anuncio/qc5672/0/acogedora-casa-disponible-en-venta.htm,https://www.quierocasa.com/gallery/qc5672/350/qc5672-20.jpg,12.1212007,-86.2653351,administrative
qc5439,Bienvenido a tu Nuevo Hogar: Preciosa Residencia en Venta,Casa,Santo Domingo,Managua,Managua,3,2,2,200.00,Mt²,"1,320.00",Vrs²,200000.00,USD,"Te ofrecemos tu nuevo hogar! ubicado en zona tranquila y silenciosa, la propiedad cuenta con abundante luz natural, se destaca por su cuidado y bonito diseño, en una de las mejores zonas de la ciudad...",https://www.quierocasa.com/anuncio/qc5439/0/bienvenido-a-tu-nuevo-hogar-preciosa-residencia-en-venta.htm,https://www.quierocasa.com/gallery/qc5439/350/qc5234-20.jpg,12.1516383,-86.2663177,administrative
qc3656,Hermosa casa en Santo Domingo,Casa,Santo Domingo,Managua,Managua,4,4.5,10,600.00,Mt²,"1,945.00",Vrs²,290000.00,USD,"hermosa casa con piscina en Santo Domingo, ubicada en zona centrica y segura, de facil acceso, cerca de centro de compras, escuelas y hospitales. Posee Rancho, amplio jardin, porton electrico y caseta...",https://www.quierocasa.com/anuncio/qc3656/0/hermosa-casa-en-santo-domingo.htm,https://www.quierocasa.com/gallery/qc3656/350/qc3656-3.jpg,12.1516383,-86.2663177,administrative
qc5440,Residencia de Lujo en Venta: Preciosa Oportunidad,Casa,Santo Domingo,Managua,Managua,3,2,2,200.00,Mt²,"1,320.00",Vrs²,200000.00,USD,"Te ofrecemos tu nuevo hogar! ubicado en zona tranquila y silenciosa, la propiedad cuenta con abundante luz natural, se destaca por su cuidado y bonito diseño, en una de las mejores zonas de la ciudad...",https://www.quierocasa.com/anuncio/qc5440/0/residencia-de-lujo-en-venta-preciosa-oportunidad.htm,https://www.quierocasa.com/gallery/qc5440/350/qc5235-15.jpg,12.1516383,-86.2663177,administrative
qc5656,Preciosa y amplia residencia en venta,Casa,Villa Fontana,Managua,Managua,5,2,2,363.22,Mt²,"2,159.95",Vrs²,280000.00,USD,"Amplia y acogedora residencia en venta; con perfecto diseño, luz natural, amplias habitaciones; hermoso jardín. Ubicada en zona segura, silenciosa y de fácil acceso en Villa Fontana; a pocos minuto...",https://www.quierocasa.com/anuncio/qc5656/0/preciosa-y-amplia-residencia-en-venta.htm,https://www.quierocasa.com/gallery/qc5656/350/qc5656-5.jpg,12.1033874,-86.2671277,administrative
qc3659,Lote en venta en Gran Pacifica Resort,Terreno,GRAN PACIFICA BEACH RESORT,San Rafael del Sur,Managua,,,,,,517.00,Vrs²,33000.00,USD,Vendo terreno de playa en Gran Pacifica Resort. Lote esquinero frente al campo de golf y a 300 metros de la playa. Precio un poco negociable.,https://www.quierocasa.com/anuncio/qc3659/0/lote-en-venta-en-gran-pacifica-resort.htm,https://www.quierocasa.com/gallery/qc3659/350/qc3659-1.jpg,11.8719408,-86.4614726,bus_stop
qc5635,Oficina en venta en Los Robles,Oficina,Los Robles,Managua,Managua,,6,8,137.00,Mt²,,,295000.00,USD,"Oficina disponible para venta en Los robles, estratégicamente bien ubicada cuenta con varias vías de acceso cerca de Call Centers, Centro de compras, Metro centro, Farmacia y Restaurantes. Muro...",https://www.quierocasa.com/anuncio/qc5635/0/oficina-en-venta-en-los-robles.htm,https://www.quierocasa.com/gallery/qc5635/350/qc5635-15.jpg,12.1212007,-86.2653351,administrative
qc3800,Casa en venta en Villa Fontana,Casa,Villa Fontana,Managua,Managua,5,6,10,546.50,Mt²,"1,662.00",Mt²,500000.00,USD,"Preciosa casa de 2 plantas en venta en Villa Fontana Sur, Zona segura, tranquila y de facil acceso, cerca de supermercados, hospitales, escuelas, estaciones de servicio y bancos. La propiedad cuenta c...",https://www.quierocasa.com/anuncio/qc3800/0/casa-en-venta-en-villa-fontana.htm,https://www.quierocasa.com/gallery/qc3800/350/qc3800-1.jpg,12.1033874,-86.2671277,administrative
qc5602,Amplia casa en venta,Casa,Las Colinas,Managua,Managua,4,4,10,400.00,Mt²,"3,500.00",Vrs²,380000.00,USD,"¿Quieres vivir en una zona tranquila y segura ? Esta propiedad es para ti. Ubicada en zona céntrica y de fácil acceso a pocos minutos de centros comerciales, bancos, restaurantes, parques, farmaci...",https://www.quierocasa.com/anuncio/qc5602/0/amplia-casa-en-venta.htm,https://www.quierocasa.com/gallery/qc5602/350/qc5602-2.jpg,12.1964007,-86.3692092,village
qc4648,Preciosa casa en venta en carretera sur,Casa,Carretera Sur,Managua,Managua,3,3,2,300.00,Mt²,"1,500.00",Vrs²,250000.00,USD,"Preciosa casa disponible para venta en carretera Sur, ubicada en zona segura y silenciosa, de fácil acceso, a pocos minutos de supermercados, tiendas, escuelas, hospitales, gasolineras y bancos. L...",https://www.quierocasa.com/anuncio/qc4648/0/preciosa-casa-en-venta-en-carretera-sur.htm,https://www.quierocasa.com/gallery/qc4648/350/qc4648-1.jpg,12.1412787,-86.2953782,trunk
qc5613,Amplia y moderna casa en venta,Casa,San Juan del Sur,Rivas,Rivas,4,3,2,170.00,Mt²,350.00,Vrs²,195000.00,USD,"Disfruta de esta hermosa propiedad en zona tranquila con excelente clima, amplia terraza, techos altos, buena iluminación y exclusiva ubicación en San Juan del Sur; Ideal para tu estilo de vida. La...",https://www.quierocasa.com/anuncio/qc5613/0/amplia-y-moderna-casa-en-venta.htm,https://www.quierocasa.com/gallery/qc5613/350/qc5613-2.jpg,11.1943967,-85.8597572,administrative
qc5610,Amplia casa en venta,Casa,Bolonia,Managua,Managua,6,5.5,3,,,,,500000.00,USD,"Excelente opción de casa en Bolonia. Ideal para oficinas, clínicas, centros estéticos, escuelas. Ubicada en zona segura, silenciosa y de fácil acceso a pocos minutos de centros comerciales, restau...",https://www.quierocasa.com/anuncio/qc5610/0/amplia-casa-en-venta.htm,https://www.quierocasa.com/gallery/qc5610/350/qc5610-18.jpg,12.1398941,-86.2815427,administrative
qc5605,Preciosa y amplia casa en venta,Casa,Santo Domingo,Managua,Managua,3,3.5,1,345.00,Mt²,800.00,Vrs²,348000.00,USD,Preciosa residencia en venta; dispone de cómodas habitaciones y acogedores espacios donde encontraras el lienzo de paz que te mereces. Cuenta con una inmejorable ubicación en zona segura céntrica y...,https://www.quierocasa.com/anuncio/qc5605/0/preciosa-y-amplia-casa-en-venta.htm,https://www.quierocasa.com/gallery/qc5605/350/qc5605-5.jpg,12.1516383,-86.2663177,administrative
qc3665,Casa en venta en Gran Pacifica resort,Casa,GRAN PACIFICA BEACH RESORT,San Rafael del Sur,Managua,3,2,2,,,,,239000.00,USD,"Preciosa Casa de Playa en venta en Gran Pacifica Resort, espaciosa y comoda. Ubicada a pocos minutos de la playa, cuenta con piscina.",https://www.quierocasa.com/anuncio/qc3665/0/casa-en-venta-en-gran-pacifica-resort.htm,https://www.quierocasa.com/gallery/qc3665/350/qc3665-1.jpg,11.8719408,-86.4614726,bus_stop
qc5206,Oportunidad de invertir en Gran Pacifica Resort,Terreno,GRAN PACIFICA BEACH RESORT,San Rafael del Sur,Managua,,,,,,"7,142.54",Vrs²,379000.00,USD,"Precioso lote de playa disponible para venta en Gran Pacifica resort, ubicado en zona exclusiva frente a la playa.",https://www.quierocasa.com/anuncio/qc5206/0/oportunidad-de-invertir-en-gran-pacifica-resort.htm,https://www.quierocasa.com/gallery/qc5206/350/qc5206-6.jpg,11.8719408,-86.4614726,bus_stop
qc5205,Hermosa Venta de Casa de Playa en Gran Pacifica Resort,Casa,GRAN PACIFICA BEACH RESORT,San Rafael del Sur,Managua,2,2,2,,,,,220000.00,USD,"Hermosa casa disponible para venta en Gran pacifica, ubicada en zona segura y tranquila, de fácil acceso a pocos minutos de gasolineras y farmacias. Hay pocos lugares en este mundo que verdaderame...",https://www.quierocasa.com/anuncio/qc5205/0/hermosa-venta-de-casa-de-playa-en-gran-pacifica-resort.htm,https://www.quierocasa.com/gallery/qc5205/350/qc5205-1.jpg,11.8719408,-86.4614726,bus_stop
qc5459,Venta de Casa de Playa en Gran Pacifica Resort,Casa,GRAN PACIFICA BEACH RESORT,San Rafael del Sur,Managua,3,2,2,,,,,187900.00,USD,"Preciosa casa amueblada en venta en Gran Pacifica! Sumérgete a la vibrante energía de esta casa, no pierdas la oportunidad de disfrutar la vida costera. Estratégicamente bien ubicada, garantizando...",https://www.quierocasa.com/anuncio/qc5459/0/venta-de-casa-de-playa-en-gran-pacifica-resort.htm,https://www.quierocasa.com/gallery/qc5459/350/qc5254-9.jpg,11.8719408,-86.4614726,bus_stop
qc5482,Disfruta de la Serenidad en tu Nueva Residencia en Venta,Casa,Santo Domingo,Managua,Managua,4,4,2,360.00,Mt²,"1,204.00",Mt²,305000.00,USD,"Preciosa residencia en venta en Santo Domingo, Bienvenido a la elegancia y versatibilidad en esta extraordinaria propiedad que te ofrece la oportunidad de personalizar tu espacio y disfrutar de la com...",https://www.quierocasa.com/anuncio/qc5482/0/disfruta-de-la-serenidad-en-tu-nueva-residencia-en-venta.htm,https://www.quierocasa.com/gallery/qc5482/350/qc5277-1.jpg,12.1516383,-86.2663177,administrative
qc5589,Hogar perfecto: Casa preciosa lista para ser tuya,Casa,Las Colinas,Managua,Managua,3,3,1,252.70,Mt²,359.30,Vrs²,199999.00,USD,"Moderna y acogedora residencia ¡Ideal para tu estilo de vida!, con habitaciones luminosas y cómodos espacios donde cada miembro encontrará su espacio de paz. Ubicada en zona segura y tranquila de...",https://www.quierocasa.com/anuncio/qc5589/0/hogar-perfecto-casa-preciosa-lista-para-ser-tuya.htm,https://www.quierocasa.com/gallery/qc5589/350/qc5589-1.jpg,12.1964007,-86.3692092,village
qc5544,Amplio local comercial en venta,Local Comercial,Centro,Masaya,Masaya,1,4,1,,,300.00,Mt²,200000.00,USD,"Oportunidad única de adquirir este amplio local en venta, con estratégica ubicación en zona segura y accesible al movimiento cotidiano, a pocos minutos de bancos, restaurantes, estaciones de servic...",https://www.quierocasa.com/anuncio/qc5544/0/amplio-local-comercial-en-venta.htm,https://www.quierocasa.com/gallery/qc5544/350/qc5544-6.jpg,12.0650379,-86.2105425,commercial
qc5574,Amplia y moderna casa en venta,Casa,Santo Domingo,Managua,Managua,3,3.5,2,,,,,220000.00,USD,"Disfruta de esta impresionante residencia disponible en venta en Santo Domingo; la cual se destaca por su inmejorable distribución donde encontraras la seguridad, comodidad y confort que tu te merec...",https://www.quierocasa.com/anuncio/qc5574/0/amplia-y-moderna-casa-en-venta.htm,https://www.quierocasa.com/gallery/qc5574/350/qc5574-13.jpg,12.1516383,-86.2663177,administrative
qc2916,Venta de preciosa casa en Condominio Pacific Marlin,Casa,Pacific Marlin,San Juan del Sur,Rivas,4,6,2,,,,,850000.00,USD,Esta bellisima casa cuenta con 5 plantas Primer nivel: Área de 397.90 mts2 Garaje Bodega Servicio sanitario Segundo nivel: Sala de estar Pasillo Comedor Cocina Bodega Sala de es...,https://www.quierocasa.com/anuncio/qc2916/0/venta-de-preciosa-casa-en-condominio-pacific-marlin.htm,https://www.quierocasa.com/gallery/qc2916/350/qc2916-1.jpg,11.2634772,-85.8828840,suburb
qc5571,Preciosa y moderna residencia en venta,Casa,Santo Domingo,Managua,Managua,3,4,5,387.00,Mt²,990.00,Vrs²,395000.00,USD,Esta preciosa y moderna propiedad te proporciona un lienzo espacioso para dar vida a tus visiones y crear un hogar a tu medida! cada espacio ofrece una experiencia única y cómoda para sus ocupantes....,https://www.quierocasa.com/anuncio/qc5571/0/preciosa-y-moderna-residencia-en-venta.htm,https://www.quierocasa.com/gallery/qc5571/350/qc5571-1.jpg,12.1516383,-86.2663177,administrative
qc5559,Invierte en tu futuro: Terreno en venta,Terreno,Rivas,Rivas,Rivas,,,,,,3.00,Mz,140000.00,USD,"Precioso terreno de 3 mz en venta en Rivas! Si estás buscando una inversión sólida y estratégica, esta es tu oportunidad. Tenemos a la venta una propiedad de 3 manzanas con 50 metros de frente a ...",https://www.quierocasa.com/anuncio/qc5559/0/invierte-en-tu-futuro-terreno-en-venta.htm,https://www.quierocasa.com/gallery/qc5559/350/qc5559-3.jpg,11.4389392,-85.8287394,administrative
qc3814,Preciosa casa en venta en San juan del sur,Casa,San Juan del Sur,Rivas,,6,6,2,400.00,Mt²,,,950000.00,USD,"Preciosa casa en venta en san Juan del Sur, con terraza cubierta al aire libre, un lugar ideal para actividades familiares o simplemente para relajarse y disfrutar de la vista. Cada uno de los 6...",https://www.quierocasa.com/anuncio/qc3814/0/preciosa-casa-en-venta-en-san-juan-del-sur.htm,https://www.quierocasa.com/gallery/qc3814/350/qc3814-1.jpg,11.1943967,-85.8597572,administrative
qc5554,Precioso terreno disponible para venta,Terreno,Tipitapa,Managua,Managua,,,,,,5.00,Mz,250000.00,USD,"Precioso terreno en venta en Tipitapa, construye la casa de tus sueños y a tu medida en este precioso lugar, céntrico, seguro y de fácil acceso, cerca de comercios y estaciones de servicio.",https://www.quierocasa.com/anuncio/qc5554/0/precioso-terreno-disponible-para-venta.htm,https://www.quierocasa.com/gallery/qc5554/350/qc5554-1.jpg,12.3633024,-86.0253010,administrative
qc5553,El comienzo de una nueva aventura: Terreno en venta,Terreno,Tipitapa,Managua,Managua,,,,,,5.00,Mz,250000.00,USD,"Precioso terreno en venta en Tipitapa, construye la casa de tus sueños y a tu medida en este precioso lugar, céntrico, seguro y de fácil acceso, cerca de comercios y estaciones de servicio.",https://www.quierocasa.com/anuncio/qc5553/0/el-comienzo-de-una-nueva-aventura-terreno-en-venta.htm,https://www.quierocasa.com/gallery/qc5553/350/qc5553-1.jpg,12.3633024,-86.0253010,administrative
qc5551,Precioso terreno en venta en Tipitapa,Terreno,Tipitapa,Managua,Managua,,,,,,27.00,Mz,1350000.00,USD,"Precioso terreno de 27 manzanas disponible para venta en Tipitapa, Ubicación segura y de fácil acceso, cerca de farmacias, escuelas y estaciones de servicio.",https://www.quierocasa.com/anuncio/qc5551/0/precioso-terreno-en-venta-en-tipitapa.htm,https://www.quierocasa.com/gallery/qc5551/350/qc5551-1.jpg,12.3633024,-86.0253010,administrative
qc5522,Tranquilidad asegurada: Casa preciosa lista para ser habitada,Casa,Carretera Sur,Managua,Managua,3,2,2,204.00,Mt²,"1,000.00",Vrs²,240000.00,USD,"Excelente opción de propiedad disponible en venta, de techos altos, cómodas habitaciones, y muy buena iluminación; con una inmejorable ubicación en Carretera Sur, en zona segura, silenciosa y de f...",https://www.quierocasa.com/anuncio/qc5522/0/tranquilidad-asegurada-casa-preciosa-lista-para-ser-habitada.htm,https://www.quierocasa.com/gallery/qc5522/350/qc5522-16.jpg,12.1412787,-86.2953782,trunk
qc5500,Bonita y amplia casa en venta,Casa,Carretera a Masaya,Managua,Managua,2,2,2,,,,,166500.00,USD,"Disfruta de esta acogedora propiedad que cuenta con acogedoras habitaciones, clima agradable, abundante luz natural. Ubicada en zona tranquila, segura y silenciosa de fácil acceso a pocos minutos de ...",https://www.quierocasa.com/anuncio/qc5500/0/bonita-y-amplia-casa-en-venta.htm,https://www.quierocasa.com/gallery/qc5500/350/qc5500-6.jpg,12.0777949,-86.2231504,trunk
qc5497,Espectacular casa en venta,Casa,Carretera a Masaya,Managua,Managua,4,3,2,256.60,Mt²,290.40,Vrs²,260000.00,USD,"Encantadora propiedad con un exclusivo diseño y finos acabados, habitaciones luminosas y espaciosas en donde podrás compartir los mejores momentos en familia. Situada en zona segura y silenciosa a p...",https://www.quierocasa.com/anuncio/qc5497/0/espectacular-casa-en-venta.htm,https://www.quierocasa.com/gallery/qc5497/350/qc5497-14.jpg,12.0777949,-86.2231504,trunk
qc5483,Descubre tu próximo hogar en esta hermosa casa,Casa,Diriamba,Diriamba,Carazo,4,4.5,2,475.00,Mt²,"1,600.00",Mt²,350000.00,USD,"Te presento esta encantadora propiedad la cual te ofrece un estilo de vida único y satisfactorio con una ubicación privilegiada, segura y silenciosa; la propiedad se caracteriza por su excelente dis...",https://www.quierocasa.com/anuncio/qc5483/0/descubre-tu-proximo-hogar-en-esta-hermosa-casa.htm,https://www.quierocasa.com/gallery/qc5483/350/qc5278-11.jpg,11.8561449,-86.2403037,administrative
qc5474,Preciosa casa en venta en Los Robles,Casa,Los Robles,Managua,Managua,5,4,2,440.00,Mt²,"2,400.00",Vrs²,250000.00,USD,Quieres vivir con grandes comodidades para tu descanso y desempeño profesional sin necesidad de salir de casa? Esta propiedad te proporciona un lienzo espacioso para dar vida a tus visiones y crear ...,https://www.quierocasa.com/anuncio/qc5474/0/preciosa-casa-en-venta-en-los-robles.htm,https://www.quierocasa.com/gallery/qc5474/350/qc5269-6.jpg,12.1212007,-86.2653351,administrative
qc5470,Diseño Impresionante: Preciosa Residencia en Venta,Casa,Santo Domingo,Managua,Managua,4,3.5,2,250.00,Mt²,"5,100.00",Vrs²,480000.00,USD,Atesora momentos inolvidables con tus seres queridos en una residencia rodeada de verdes espacios donde sus esplendidos jardines te ofrecen el relax pleno para sus propietarios. Los interiores tienen ...,https://www.quierocasa.com/anuncio/qc5470/0/diseno-impresionante-preciosa-residencia-en-venta.htm,https://www.quierocasa.com/gallery/qc5470/350/qc5265-5.jpg,12.1516383,-86.2663177,administrative
qc5451,Amplia y hermosa casa en venta,Casa,Las Cumbres,Managua,Managua,3,2,2,185.28,Mt²,481.14,Vrs²,185000.00,USD,"Disfruta de esta hermosa propiedad en venta el cual ofrece un espacio único y excepcional para aquellos que buscan el equilibrio perfecto. Ubicada en zona segura , silenciosa y de fácil acceso a po...",https://www.quierocasa.com/anuncio/qc5451/0/amplia-y-hermosa-casa-en-venta.htm,https://www.quierocasa.com/gallery/qc5451/350/qc5246-5.jpg,12.0993011,-86.2569419,administrative
qc5452,Tu Sueño Hecho Realidad: Apartamento en Venta Esperándote,Apartamento,San Juan del Sur,San Juan del Sur,Rivas,2,2,2,,,,,199000.00,USD,"Descubre una oportunidad única en villas de San Juan! En una de las playas mas paradisíacas donde se fusiona la armonía de la naturaleza, rodeada por un entorno único que te brinda tranquilidad y ...",https://www.quierocasa.com/anuncio/qc5452/0/tu-sueno-hecho-realidad-apartamento-en-venta-esperandote.htm,https://www.quierocasa.com/gallery/qc5452/350/qc5247-10.jpg,11.2542297,-85.8722797,administrative
qc5442,Espectacular residencia en venta,Casa,Santo Domingo,Managua,Managua,4,4.5,2,300.00,Mt²,615.00,Vrs²,380000.00,USD,"Atesora momentos inolvidables con tus seres queridos en una residencia rodeada de verdes espacios, que te ofrecen el relax pleno para sus propietarios, los interiores tienen una decoración cómoda, l...",https://www.quierocasa.com/anuncio/qc5442/0/espectacular-residencia-en-venta.htm,https://www.quierocasa.com/gallery/qc5442/350/qc5237-11.jpg,12.1516383,-86.2663177,administrative
qc5445,Preciosa casa en venta en San Juan del sur,Casa,San Juan del Sur,Rivas,Rivas,3,2,2,129.00,Mt²,248.00,Mt²,159000.00,USD,"En una de las playas mas paradisíacas, una vivienda que se fusiona con armonía, rodeada por un entorno único que te brinda tranquilidad y libertad! Estratégicamente bien ubicada, crea tu retiro co...",https://www.quierocasa.com/anuncio/qc5445/0/preciosa-casa-en-venta-en-san-juan-del-sur.htm,https://www.quierocasa.com/gallery/qc5445/350/qc5240-18.jpg,11.1943967,-85.8597572,administrative
qc5438,Bonita casa en venta,Casa,Carretera a Masaya,Managua,Managua,3,2.5,2,95.00,Mt²,,,105000.00,USD,"Bonita casa en venta para disfrutar en familia, con habitaciones luminosas y cómodas donde cada miembro encontrara su espacio de paz. Ubicada en Carretera a Masaya en zona segura y silenciosa a poc...",https://www.quierocasa.com/anuncio/qc5438/0/bonita-casa-en-venta.htm,https://www.quierocasa.com/gallery/qc5438/350/qc5233-1.jpg,12.0777949,-86.2231504,trunk
qc5433,Propiedad Comercial para Emprendedores Gastronómicos,Casa,Los Robles,Managua,Managua,2,2,2,410.96,Mt²,850.11,Vrs²,370000.00,USD,"Excelente opción en venta, ideal para restaurante, local comercial o bar. ubicado en los robles en zona céntrica y segura de fácil acceso. Esta propiedad cuenta con terraza, cocina, bodega, sal...",https://www.quierocasa.com/anuncio/qc5433/0/propiedad-comercial-para-emprendedores-gastronomicos.htm,https://www.quierocasa.com/gallery/qc5433/350/qc5228-9.jpg,12.1212007,-86.2653351,administrative
qc5432,Descubre tu nuevo hogar en la carretera Masaya,Casa,Carretera a Masaya,Managua,Managua,3,2.5,2,,,,,180000.00,USD,Bienvenido a la elegancia y la comodidad en esta extraordinaria propiedad que te ofrece la oportunidad única para personalizar tu espacio y disfrutar de la comodidad y privacidad que siempre has dese...,https://www.quierocasa.com/anuncio/qc5432/0/descubre-tu-nuevo-hogar-en-la-carretera-masaya.htm,https://www.quierocasa.com/gallery/qc5432/350/qc5227-5.jpg,12.0777949,-86.2231504,trunk
qc5429,Espectacular residencia en venta,Casa,Santo Domingo,Managua,Managua,4,4.5,2,,,,,525000.00,USD,"Experimenta la perfecta fusión de la vida moderna y la belleza natural en esta preciosa residencia. Su arquitectura moderna y acabados de lujo se adaptan perfectamente a tu entorno, el lugar perfecto...",https://www.quierocasa.com/anuncio/qc5429/0/espectacular-residencia-en-venta.htm,https://www.quierocasa.com/gallery/qc5429/350/qc5224-16.jpg,12.1516383,-86.2663177,administrative
qc5424,Hermosa residencia en venta: Vive el estilo de vida que mereces,Casa,Santo Domingo,Managua,Managua,4,4.5,2,,,,,550000.00,USD,"Una verdadera joya que combina historia, amplitud y comodidades modernas, te ofrece un oasis de tranquilidad en medio de la ciudad, una de las características mas impresionantes es su generoso espaci...",https://www.quierocasa.com/anuncio/qc5424/0/hermosa-residencia-en-venta-vive-el-estilo-de-vida-que-mereces.htm,https://www.quierocasa.com/gallery/qc5424/350/qc5219-16.jpg,12.1516383,-86.2663177,administrative
qc5422,Precioso apartmaento en venta,Apartamento,Las Colinas,Managua,Managua,3,2,2,,,,,135000.00,USD,"Precioso apartamento disponible para venta en Las colinas, ubicado en zona segura tranquila y silenciosa, de fácil acceso, cerca de escuelas, hospitales y gasolineras.",https://www.quierocasa.com/anuncio/qc5422/0/precioso-apartmaento-en-venta.htm,https://www.quierocasa.com/gallery/qc5422/350/qc5217-10.jpg,12.1964007,-86.3692092,village
qc5419,Encanto y Funcionalidad: Apartamento en Venta Ideal para Ti,Apartamento,Las Colinas,Managua,Managua,3,2,2,,,,,150000.00,USD,"Precioso apartamento disponible para venta en frascati las colinas, ubicado en zona céntrica y segura, de fácil acceso, cerca de supermercados, tiendas, escuelas y hospitales. 3 cuartos arriba ,...",https://www.quierocasa.com/anuncio/qc5419/0/encanto-y-funcionalidad-apartamento-en-venta-ideal-para-ti.htm,https://www.quierocasa.com/gallery/qc5419/350/qc5214-13.jpg,12.1964007,-86.3692092,village
qc2576,"Nueva, exclusiva y moderna carretera masaya",Casa,Managua,,,3,2.5,2,127.21,Mt²,450.00,Vrs²,143500.00,USD,"Viviendas de una planta diseñadas y construidas con calidad para una larga vida, múltiples rutas de acceso y gran cantidad de comercios cercanos contribuyen al retorno de su inversión. Amplios y ...",https://www.quierocasa.com/anuncio/qc2576/0/nueva-exclusiva-y-moderna-carretera-masaya.htm,https://www.quierocasa.com/gallery/qc2576/350/qc2576-1.jpg,12.1547116,-86.2737250,administrative
qc5194,"Oportunidad de oro: Terreno en venta, belleza única",Terreno,Villa Fontana,Managua,Managua,,,,,,811.98,Vrs²,80000.00,USD,"Hermoso terreno disponible para venta en Condominio Monte Carlo. ubicado en zona segura y silenciosa, de fácil acceso, a pocos minutos de supermercados, tiendas, restaurantes, hospitales y estaciones...",https://www.quierocasa.com/anuncio/qc5194/0/oportunidad-de-oro-terreno-en-venta-belleza-unica.htm,https://www.quierocasa.com/gallery/qc5194/350/qc5194-2.jpg,12.1033874,-86.2671277,administrative
qc4179,Lote perfecto para construir la casa de tus sueños!,Terreno,Santo Domingo,Managua,Managua,,,,,,"1,159.00",Vrs²,90000.00,USD,"Hermoso terreno listo para construir la casa de tus sueños, ubicado dentro de exclusivo condominio, excelente clima de fácil acceso, cerca de centros comerciales, hospitales, escuelas, restaurantes,...",https://www.quierocasa.com/anuncio/qc4179/0/lote-perfecto-para-construir-la-casa-de-tus-suenos.htm,https://www.quierocasa.com/gallery/qc4179/350/qc4179-1.jpg,12.1516383,-86.2663177,administrative
qc5172,Elegancia y Estilo: Apartamento en Venta para los Más Exigentes,Apartamento,Las Colinas,Managua,Managua,3,2.5,2,,,,,155000.00,USD,"Precioso apartamento disponible para venta en Frascati las Colinas, ubicado en zona céntrica y segura, de fácil acceso, cerca de supermercados, tiendas, hospitales y estaciones de servicio.",https://www.quierocasa.com/anuncio/qc5172/0/elegancia-y-estilo-apartamento-en-venta-para-los-mas-exigentes.htm,https://www.quierocasa.com/gallery/qc5172/350/qc5172-1.jpg,12.1964007,-86.3692092,village
qc5157,Vive la Exclusividad: Residencia en Venta,Casa,Carretera a Masaya,Managua,Managua,3,2.5,2,,,,,225000.00,USD,"Hermosa residencia disponible para venta en Carretera a Masaya, ubicada en residencial seguro y silencioso, de fácil acceso, cerca de supermercados, restaurantes, hospitales y bancos. 3 dormitorio...",https://www.quierocasa.com/anuncio/qc5157/0/vive-la-exclusividad-residencia-en-venta.htm,https://www.quierocasa.com/gallery/qc5157/350/qc5157-1.jpg,12.0777949,-86.2231504,trunk
qc5102,Se vende Finca en Nindiri,Finca,Carretera Masaya-Nindiri,Nindirí,Masaya,,,,,,33.00,Mz,2640000.00,USD,"Hermosa finca en venta en Nindirî, ideal para zona franca, lotificación o complejo industrial, ubicada en zona segura.",https://www.quierocasa.com/anuncio/qc5102/0/se-vende-finca-en-nindiri.htm,https://www.quierocasa.com/gallery/qc5102/350/qc5102-4.jpg,12.0040557,-86.1049653,industrial
qc2349,Venta de casa en Sierras Doradas,Casa,ALTOS DE SIERRAS DORADAS,Ticuantepe,Managua,3,2,2,164.00,Mt²,365.00,Vrs²,89000.00,USD,"Se vende amplia y cómoda casa ubicada en residencial Sierras Doradas. Tiene 4 años de construcción y esta ubicada en la tercer etapa a media cuadta del parque. Cuenta con excelente ubicación, fá...",https://www.quierocasa.com/anuncio/qc2349/0/venta-de-casa-en-sierras-doradas.htm,https://www.quierocasa.com/gallery/qc2349/350/qc2349-43.jpg,12.0638643,-86.2105045,trunk
qc3108,Espaciosa Oficina en los Robles,Oficina,Los Robles,Managua,Managua,6,2,2,120.00,Mt²,,,240000.00,USD,"oficinas ubicada en zona céntrica, con amplios espacios con excelentes condiciones todos ambientados y listos para ser ocupados. las oficinas cuentas con recepción, baños, área de lavado y pati...",https://www.quierocasa.com/anuncio/qc3108/0/espaciosa-oficina-en-los-robles.htm,https://www.quierocasa.com/gallery/qc3108/350/qc3108-11.jpg,12.1212007,-86.2653351,administrative
qc5124,Un Espacio para Llamar Hogar: Residencia en Venta,Casa,Santo Domingo,Managua,Managua,3,3,2,230.00,Mt²,680.00,Vrs²,320000.00,USD,"Preciosa residencia disponible para venta en La Estancia de Santo Domingo, ubicada en zona exclusiva y segura, de fácil acceso, cerca de supermercados, restaurantes, hospitales, escuelas y estaciones...",https://www.quierocasa.com/anuncio/qc5124/0/un-espacio-para-llamar-hogar-residencia-en-venta.htm,https://www.quierocasa.com/gallery/qc5124/350/qc5124-1.jpg,12.1516383,-86.2663177,administrative
qc5095,Un tesoro por descubrir: Terreno en venta,Terreno,Villa Fontana,Managua,Managua,,,,,,"1,351.00",Vrs²,120000.00,USD,"Precioso terreno disponible para venta en Villa Fontana, ubicado dentro de residencial con seguridad las 24 horas y piscina comunal, de fácil acceso cerca de centro de compras, escuelas, hospitales y...",https://www.quierocasa.com/anuncio/qc5095/0/un-tesoro-por-descubrir-terreno-en-venta.htm,https://www.quierocasa.com/gallery/qc5095/350/qc5095-1.jpg,12.1033874,-86.2671277,administrative
qc5100,Preciosa propiedad en venta,Apartamento,Rivas,Rivas,Rivas,3,3,2,220.00,Mt²,,,400000.00,USD,Precioso apartemento en venta en Guacalito de la Isla. ubicada en zona segura y silenciosa. 3 Habitaciones 3 baños Cuarto de servicio Aire acondicionado central Split en...,https://www.quierocasa.com/anuncio/qc5100/0/preciosa-propiedad-en-venta.htm,https://www.quierocasa.com/gallery/qc5100/350/qc5100-1.jpg,11.4389392,-85.8287394,administrative
qc5099,Hermosa casa en venta en Masaya,Casa,Masaya,Masaya,Masaya,4,3,3,254.00,Mt²,300.00,Vrs²,130000.00,USD,"Hermosa casa esquinera en venta en Masaya, ubicada en zona segura y tranquila, de facil acceso, cerca de gasolineras, escuelas, farmacias, tiendas y mercados. Sala con techos altos y de caña de C...",https://www.quierocasa.com/anuncio/qc5099/0/hermosa-casa-en-venta-en-masaya.htm,https://www.quierocasa.com/gallery/qc5099/350/qc5099-1.jpg,11.9736474,-86.0960547,administrative
qc4076,Disfruta una vida de ensueño,Casa,Carazo,,,4,4,5,696.00,Mt²,"2,500.00",Vrs²,299000.00,USD,"Preciosa y amplia residencia en venta en Carazo. Cuenta con una excelente ubicación y clima muy agradable. 4 dormitorios, 4 baño, vestíbulo, sala, antesala, comedor, cocina y terrazas amplias. Esta...",https://www.quierocasa.com/anuncio/qc4076/0/disfruta-una-vida-de-ensueno.htm,https://www.quierocasa.com/gallery/qc4076/350/qc4076-22.jpg,11.6619985,-86.3125697,administrative
qc5086,Hermoso terreno en venta en Rivas,Terreno,Rivas,Rivas,Rivas,,,,,,"30,000.00",Vrs²,45000.00,USD,"Hermoso terreno disponible para venta en Rivas, ideal para urbanizar, ubicado en zona segura y de facil acceso, cerca de tiendas, farmacias, escuelas y gasolineras.",https://www.quierocasa.com/anuncio/qc5086/0/hermoso-terreno-en-venta-en-rivas.htm,https://www.quierocasa.com/gallery/qc5086/350/qc5086-1.jpg,11.4389392,-85.8287394,administrative
qc5085,Haz realidad tu visión: Terreno en venta,Terreno,Mateare,Mateare,Managua,,,,,,"100,000.00",Vrs²,200000.00,USD,"Precioso terreno disponible para venta en Mateare, ideal para urbanizar, zona segura y silenciosa, de fácil acceso,",https://www.quierocasa.com/anuncio/qc5085/0/haz-realidad-tu-vision-terreno-en-venta.htm,https://www.quierocasa.com/gallery/qc5085/350/qc5085-1.jpg,12.2363025,-86.4305105,administrative
qc5084,Un espacio para tus sueños: Terreno en venta,Terreno,Masatepe,Masatepe,Masaya,,,,,,"70,000.00",Vrs²,140000.00,USD,"Precioso terreno disponible para venta en Masatepe, ideal para urbanizar, céntrico, seguro y de fácil acceso.",https://www.quierocasa.com/anuncio/qc5084/0/un-espacio-para-tus-suenos-terreno-en-venta.htm,https://www.quierocasa.com/gallery/qc5084/350/qc5084-1.jpg,11.9156473,-86.1438044,administrative
qc3228,Se vende finca de 17 manzanas en Litle corn Island,Finca,Little Corn Island,Corn Island,RAAS,,,,,,17.00,Mz,4500000.00,USD,"La siguiente propiedad está ubicada en la pequeña isla de maíz, ya de por sí importante, o como es conocida por los lugareños, la pequeña isla. A 70km de la costa Caribeña, frente a la costa de...",https://www.quierocasa.com/anuncio/qc3228/0/se-vende-finca-de-17-manzanas-en-litle-corn-island.htm,https://www.quierocasa.com/gallery/qc3228/350/qc3228-9.jpg,,,
qc3751,Haz realidad tus sueños! Casa en venta en Santo Domingo,Casa,Santo Domingo,Managua,Managua,2,2.5,2,130.00,Mt²,250.00,Mt²,125000.00,USD,"Preciosa casa amueblada en venta en Santo Domingo, zona exclusiva, segura y silenciosa, de facil acceso, cerca de centro de compras, gasolineras, bancos, escuelas y hospitales.",https://www.quierocasa.com/anuncio/qc3751/0/haz-realidad-tus-suenos-casa-en-venta-en-santo-domingo.htm,https://www.quierocasa.com/gallery/qc3751/350/qc3751-1.jpg,12.1516383,-86.2663177,administrative
qc5075,Preciosa residencia disponible para venta,Casa,Las Cumbres,Managua,Managua,3,3.5,2,,,,,385000.00,USD,"Preciosa residencia en venta en Las Cumbres, ubicada en zona exclusiva y segura, de fácil acceso, cerca de supermercados, tiendas, escuelas, hospitales, gasolineras y restaurantes.",https://www.quierocasa.com/anuncio/qc5075/0/preciosa-residencia-disponible-para-venta.htm,https://www.quierocasa.com/gallery/qc5075/350/qc5075-1.jpg,12.0993011,-86.2569419,administrative
qc5064,Hogar Perfecto: Preciosa Residencia en Venta,Casa,Santo Domingo,Managua,Managua,4,5,8,900.00,Mt²,"3,600.00",Vrs²,800000.00,USD,"Preciosa y moderna residencia en venta en Santo Domingo, ubicada en zona exclusiva y segura, de fácil acceso, cerca de centro de compras, supermercados, tiendas, restaurantes, hospitales, gasolineras...",https://www.quierocasa.com/anuncio/qc5064/0/hogar-perfecto-preciosa-residencia-en-venta.htm,https://www.quierocasa.com/gallery/qc5064/350/qc5064-1.jpg,12.1516383,-86.2663177,administrative
qc4805,Descubre el confort de esta casa en Santo Domingo,Casa,Santo Domingo,Managua,Managua,4,3,5,270.00,Mt²,"1,300.00",Vrs²,290000.00,USD,"Preciosa casa en venta en el Mirador Santo Domingo, ubicada en zona céntrica segura y de fácil acceso, cerca a Galería, Supermercados, Hospitales y Escuelas Sala Comedor Cocina Cubierta de...",https://www.quierocasa.com/anuncio/qc4805/0/descubre-el-confort-de-esta-casa-en-santo-domingo.htm,https://www.quierocasa.com/gallery/qc4805/350/qc4805-1.jpg,12.1516383,-86.2663177,administrative
qc5057,Terreno en venta: ¡un paisaje impresionante te espera!,Terreno,Carretera Nueva a León,Managua,Managua,,,,,,"44,999.85",Vrs²,693000.00,USD,"Hermoso terreno disponible para venta en carretera nueva a Leòn. ubicado en zona de desarrollo industrial, acceso a carretera pavimentada, cerca de residenciales, establecimientos comerciales, superm...",https://www.quierocasa.com/anuncio/qc5057/0/terreno-en-venta-un-paisaje-impresionante-te-espera.htm,https://www.quierocasa.com/gallery/qc5057/350/qc5057-1.jpg,12.1300698,-86.3114357,trunk
qc5023,Amplia oficina en venta en Batahola norte,Oficina,Batahola Norte,Managua,Managua,,,4,517.21,Mt²,681.78,Mt²,156000.00,USD,"Amplia oficina disponible para venta en Batahola norte, ubicada en zona segura y tranquila, de fácil acceso, cerca de supermercados, tiendas, farmacias, gasolineras y bancos. Recepción Lobby Sa...",https://www.quierocasa.com/anuncio/qc5023/0/amplia-oficina-en-venta-en-batahola-norte.htm,https://www.quierocasa.com/gallery/qc5023/350/qc5023-1.jpg,12.1410700,-86.3038781,administrative
qc4473,Preciosa casa en venta en La Estancia,Casa,Santo Domingo,Managua,Managua,4,4.5,2,330.00,Mt²,"1,040.00",Vrs²,300000.00,USD,"Hermosa casa con finos acabados en venta en La Estancia de Santo Domingo, ubicada en zona centrica y segura, de fácil acceso, cerca de centro de compras, escuelas, hospitales, gasolineras y bancos. ...",https://www.quierocasa.com/anuncio/qc4473/0/preciosa-casa-en-venta-en-la-estancia.htm,https://www.quierocasa.com/gallery/qc4473/350/qc4473-1.jpg,12.1516383,-86.2663177,administrative
qc5046,Preciosa residencia disponible para venta,Casa,Villa Fontana,Managua,Managua,4,4.5,10,500.00,Mt²,"5,000.00",Vrs²,650000.00,USD,"Preciosa residencia en venta en Villa Fontana, ubicada en condominio exclusivo con acceso restringido y vigilancia, con microclima, de fácil acceso, cerca de centro de compras, supermercados, tiendas...",https://www.quierocasa.com/anuncio/qc5046/0/preciosa-residencia-disponible-para-venta.htm,https://www.quierocasa.com/gallery/qc5046/350/qc5046-1.jpg,12.1033874,-86.2671277,administrative
qc5002,Precioso terreno en venta en Ticuantepe,Terreno,Ticuantepe,Managua,Managua,,,,,,"2,500.00",Vrs²,59000.00,USD,"Precioso terreno disponible para venta en Ticuantepe, ubicado en zona segura y silenciosa, de fácil acceso, cerca de supermercados, tiendas, centro de compras, escuelas y hospitales.",https://www.quierocasa.com/anuncio/qc5002/0/precioso-terreno-en-venta-en-ticuantepe.htm,https://www.quierocasa.com/gallery/qc5002/350/qc5002-1.jpg,12.0217671,-86.2053144,administrative
qc5001,Terreno en venta: belleza natural garantizada,Terreno,Santo Domingo,Managua,Managua,,,,,,"1,725.50",Vrs²,94902.00,USD,"Precioso terreno disponible para venta en Santo Domingo ubicado en una de las zonas mas exclusivas y con mayor plusvalía de Managua, ambiente fresco y áreas verdes; de fácil acceso a las vías pri...",https://www.quierocasa.com/anuncio/qc5001/0/terreno-en-venta-belleza-natural-garantizada.htm,https://www.quierocasa.com/gallery/qc5001/350/qc5001-2.jpg,12.1516383,-86.2663177,administrative
qc3280,"Se vende casa en Malibu, San Juan del Sur",Casa,San Juan del Sur,Rivas,,4,4,2,330.00,Mt²,,,369900.00,USD,"CASA MALIBU Superficie habitable total 3767 pies cuadrados 4 dormitorios y 4 baños completos, 3 pisos, terraza en la azotea Características generales: Gabinetes y puertas de madera dura a medida ...",https://www.quierocasa.com/anuncio/qc3280/0/se-vende-casa-en-malibu-san-juan-del-sur.htm,https://www.quierocasa.com/gallery/qc3280/350/qc3280-11.jpg,11.1943967,-85.8597572,administrative
qc4796,Hogar de ensueño en Santo Domingo: ¡A la venta ahora!,Casa,Santo Domingo,Managua,Managua,4,4.5,4,900.00,Mt²,"2,800.00",Vrs²,950000.00,USD,"Preciosa residencia en venta en Santo Domingo, ubicada en la mejor zona de managua, segura y de fácil acceso, cerca de supermercados, tiendas, gasolineras, escuelas y hospitales. Cuenta con un exc...",https://www.quierocasa.com/anuncio/qc4796/0/hogar-de-ensueno-en-santo-domingo-a-la-venta-ahora.htm,https://www.quierocasa.com/gallery/qc4796/350/qc4796-1.jpg,12.1516383,-86.2663177,administrative
qc4931,Santo Domingo te espera: Residencia en venta con todas las comodidades,Casa,Santo Domingo,Managua,Managua,5,6,4,700.00,Mt²,"2,000.00",Vrs²,650000.00,USD,"Preciosa casa de dos plantas en venta en Santo Domingo, ubicada en zona céntrica, segura y silenciosa, cerca de centro de compras, escuelas, gasolineras y hospitales.",https://www.quierocasa.com/anuncio/qc4931/0/santo-domingo-te-espera-residencia-en-venta-con-todas-las-comodidades.htm,https://www.quierocasa.com/gallery/qc4931/350/qc4931-3.jpg,12.1516383,-86.2663177,administrative
qc4958,complejo de bodega y oficinas en venta,Bodega,Carretera Norte,Managua,Managua,,,2,,,,,2500000.00,USD,"complejo de bodega y oficinas en venta en carretera Norte, ubicado en zona segura y de fácil acceso, En 1.5 manzanas de terreno, calles adoquinado cerradas con mallas metálicas, 2500mt de bodega, m...",https://www.quierocasa.com/anuncio/qc4958/0/complejo-de-bodega-y-oficinas-en-venta.htm,https://www.quierocasa.com/gallery/qc4958/350/qc4958-1.jpg,12.1478489,-86.1952672,trunk
qc4868,Tu oasis privado: Residencia en venta en Santo Domingo,Casa,Santo Domingo,Managua,Managua,3,3,3,320.00,Mt²,,,450000.00,USD,"Espectacular residencia en venta en condominio exclusivo en Santo Domingo. Ubicada en una de las zonas más privilegiadas en Managua, con modernos y lujosos acabos. Este diseño modificado hacen de la...",https://www.quierocasa.com/anuncio/qc4868/0/tu-oasis-privado-residencia-en-venta-en-santo-domingo.htm,https://www.quierocasa.com/gallery/qc4868/350/qc4868-1.jpg,12.1516383,-86.2663177,administrative
qc4836,Hermosa casa en venta en Santa Lucia,Casa,Santo Domingo,Managua,Managua,3,3.5,2,400.00,Mt²,,,470000.00,USD,"Hermosa casa disponible para venta en Santa Lucía, Santo Domingo, ubicada en condominio seguro y silencioso, de fácil acceso, cerca de centro de compras, escuelas, hospitales, gasolineras, restauran...",https://www.quierocasa.com/anuncio/qc4836/0/hermosa-casa-en-venta-en-santa-lucia.htm,https://www.quierocasa.com/gallery/qc4836/350/qc4836-1.jpg,12.1516383,-86.2663177,administrative
qc4948,Construye tu futuro aquí: Terreno en venta,Terreno,Villa Fontana,Managua,Managua,,,,,,780.00,Vrs²,59000.00,USD,"Precioso terreno disponible para venta en Villa fontana, ubicado en Condominio seguro y silencioso de facil acceso, cerca de centro de compras, escuelas, hospitales, gasolineras y bancos. ofrece ca...",https://www.quierocasa.com/anuncio/qc4948/0/construye-tu-futuro-aqui-terreno-en-venta.htm,https://www.quierocasa.com/gallery/qc4948/350/qc4948-1.jpg,12.1033874,-86.2671277,administrative
qc4664,Moderna casa en venta en Carretera Masaya,Casa,Carretera a Masaya,Managua,Managua,3,2.5,2,133.00,Mt²,350.00,Vrs²,127900.00,USD,"Preciosa y moderna casa nueva en venta en Carretera masaya, ubicada en zona segura y tranquila, de fácil acceso, cerca de centro de compras, escuelas, hospitales, bancos, gasolineras y supermercados.",https://www.quierocasa.com/anuncio/qc4664/0/moderna-casa-en-venta-en-carretera-masaya.htm,https://www.quierocasa.com/gallery/qc4664/350/qc4664-13.jpg,12.0777949,-86.2231504,trunk
qc4911,Precioso penthouse en venta,Apartamento,Santo Domingo,Managua,Managua,3,3.5,4,324.00,Mt²,460.00,Vrs²,399900.00,USD,"Precioso Penthouse en venta con preciosa vista panoramica en Santo Domingo, ubicado en zona exclusiva, céntrica y segura, de fácil acceso, cerca de centro de compras, escuelas, tiendas, gasolineras,...",https://www.quierocasa.com/anuncio/qc4911/0/precioso-penthouse-en-venta.htm,https://www.quierocasa.com/gallery/qc4911/350/qc4911-1.jpg,12.1516383,-86.2663177,administrative
qc4856,Complejo de apartamentos en venta,Apartamento,Carretera a Masaya,Managua,Managua,2,1.5,2,,,"2,571.08",Vrs²,500000.00,USD,"Precioso Complejo de apartamentos en venta en Carretera Masaya, ubicados en zona segura y silenciosa, de fácil acceso, a pocos minutos de supermercados, centro de compras, restaurantes, gasolineras, ...",https://www.quierocasa.com/anuncio/qc4856/0/complejo-de-apartamentos-en-venta.htm,https://www.quierocasa.com/gallery/qc4856/350/qc4856-1.jpg,12.0777949,-86.2231504,trunk
qc3583,Se vende apartamento en Pinares de Santo Domingo,Apartamento,Santo Domingo,Managua,Managua,3,3,2,324.84,Mt²,,,850000.00,USD,"Lindo apartamento en venta en Pinares de Santo Domingo piso 8, cerca de centros comerciales, escuelas y hospitales.",https://www.quierocasa.com/anuncio/qc3583/0/se-vende-apartamento-en-pinares-de-santo-domingo.htm,https://www.quierocasa.com/gallery/qc3583/350/qc3583-18.jpg,12.1516383,-86.2663177,administrative
qc4007,Precioso apartamento en venta en Puntaldia,Apartamento,Pundaldia,Managua,Managua,3,2.5,2,135.78,Mt²,192.23,Vrs²,130000.00,USD,"Hermoso apartamento en venta en puntaldia, ubicado en zona céntrica y segura de fácil acceso, cerca de escuelas, hospitales, supermercados, tiendas y gasolineras. Cuenta con 3 habitaciones dos de...",https://www.quierocasa.com/anuncio/qc4007/0/precioso-apartamento-en-venta-en-puntaldia.htm,https://www.quierocasa.com/gallery/qc4007/350/qc4007-1.jpg,12.1547116,-86.2737250,administrative
qc4904,Precioso apartameto en venta,Apartamento,Las Colinas,Managua,Managua,3,2.5,2,146.13,Mt²,137.30,Vrs²,166000.00,USD,"Precioso apartamento disponible para venta en Frascati las Colinas, ubicado en zona centrica, segura y silenicosa, de fácil acceso, cerca de centro de compras, escuelas, hospitales, gasolineras y ban...",https://www.quierocasa.com/anuncio/qc4904/0/precioso-apartameto-en-venta.htm,https://www.quierocasa.com/gallery/qc4904/350/qc4904-1.jpg,12.1964007,-86.3692092,village
qc4912,Moderno y Acogedor: Apartamento en Venta Esperando por Ti,Apartamento,Santo Domingo,Managua,Managua,4,3.5,2,324.00,Mt²,460.00,Vrs²,349900.00,USD,"Precioso apartamento disponible para renta en Santo Domingo, ubicado en zona exclusiva, céntrica y segura, cerca de centro de compras, supermercados, tiendas, hospitales, estaciones de servicio y ban...",https://www.quierocasa.com/anuncio/qc4912/0/moderno-y-acogedor-apartamento-en-venta-esperando-por-ti.htm,https://www.quierocasa.com/gallery/qc4912/350/qc4912-1.jpg,12.1516383,-86.2663177,administrative
qc3608,Apartamento en venta en Pinares,Apartamento,Santo Domingo,Managua,Managua,2,1.5,2,75.00,Mt²,,,155000.00,USD,"Espacioso y moderno apartamento en venta en Pinares de Santo Domingo, con todas las comodidades del area urbana en una zona relajada y exclusiva de la capital. Vista panoramica desde el 3 piso, aires ...",https://www.quierocasa.com/anuncio/qc3608/0/apartamento-en-venta-en-pinares.htm,https://www.quierocasa.com/gallery/qc3608/350/qc3608-1.jpg,12.1516383,-86.2663177,administrative
qc4407,Complejo de apartamentos en venta,Apartamento,Las Colinas,Managua,Managua,18,18,18,,,,,900000.00,USD,"Precioso complejo de apartamentos en venta en Las colinas, ubicado en zona céntrica y segura, de fácil acceso, cerca de supermercados, tiendas, hospitales, escuelas, estaciones de servicio y bancos....",https://www.quierocasa.com/anuncio/qc4407/0/complejo-de-apartamentos-en-venta.htm,https://www.quierocasa.com/gallery/qc4407/350/qc4407-1.jpg,12.1964007,-86.3692092,village
qc4057,Apartamento de Ensueño en Venta: Descubre tu Nuevo Hogar,Apartamento,Villa Fontana,Managua,Managua,2,2.5,2,,,,,230000.00,USD,"Precioso apartamento en venta en Acacia Villa fontana, ubicado en zona exclusiva, céntrica y segura, de fácil acceso, cerca de centro de compras, supermercados, escuelas, hospitales y bancos.",https://www.quierocasa.com/anuncio/qc4057/0/apartamento-de-ensueno-en-venta-descubre-tu-nuevo-hogar.htm,https://www.quierocasa.com/gallery/qc4057/350/qc4057-1.jpg,12.1033874,-86.2671277,administrative
qc4928,Preciosa casa en venta en Montelimar,Casa,POCHOMIL,San Rafael del Sur,Managua,4,4.5,10,450.00,Mt²,"1,133.00",Vrs²,320000.00,USD,"Preciosa casa amueblada en venta en Montelimar, ubicada en condominio seguro y silencioso, de fácil acceso, a pocos minutos de gasolineras, tiendas, farmacias y negocios. El condominio cuenta con ...",https://www.quierocasa.com/anuncio/qc4928/0/preciosa-casa-en-venta-en-montelimar.htm,https://www.quierocasa.com/gallery/qc4928/350/qc4928-1.jpg,11.7700648,-86.5018237,residential
qc4127,"moderno apartamento con acabados de primera, Acacia",Apartamento,Club Terraza,Managua,Managua,2,2.5,2,,,,,189000.00,USD,"Condominio con fácil acceso y con ambiente familiar agradable, ademas cuenta con cocina amueblada. precio incluye muebles",https://www.quierocasa.com/anuncio/qc4127/0/moderno-apartamento-con-acabados-de-primera-acacia.htm,https://www.quierocasa.com/gallery/qc4127/350/qc4127-8.jpg,12.1016537,-86.2619225,community_centre
qc4923,Moderna Propiedad en Venta: Preciosa Residencia,Casa,Santo Domingo,Managua,Managua,4,4.5,2,365.00,Mt²,"1,100.00",Vrs²,400000.00,USD,"Preciosa residencia en venta en Santo domingo, ubicada en condominio de 4 casas, seguro y de fácil acceso, cerca de centro de compras, supermercados, escuelas, hospitales, gasolineras y bancos. To...",https://www.quierocasa.com/anuncio/qc4923/0/moderna-propiedad-en-venta-preciosa-residencia.htm,https://www.quierocasa.com/gallery/qc4923/350/qc4923-1.jpg,12.1516383,-86.2663177,administrative
qc4896,Un paraíso esperando por ti: Terreno en venta,Terreno,Santo Domingo,Managua,Managua,,,,,,"10,259.91",Vrs²,872092.35,USD,"Precioso y amplio terreno disponible para venta en Santo Domingo, ubicado en zona exclusiva, céntrica y segura, de fácil acceso, a pocos minutos de supermercados, tiendas, restaurantes, escuelas, h...",https://www.quierocasa.com/anuncio/qc4896/0/un-paraiso-esperando-por-ti-terreno-en-venta.htm,https://www.quierocasa.com/gallery/qc4896/350/qc4896-1.jpg,12.1516383,-86.2663177,administrative
qc3775,Terreno en venta en Los Robles,Terreno,Los Robles,Managua,Managua,,,,,,"1,450.73",Vrs²,385000.00,USD,"Este precioso terreno está ubicado en la zona más céntrica y segura de Managua, ocupada en un 100% tanto de casas de habitación como de edificios de oficinas, hoteles, bancos y restaurantes, por l...",https://www.quierocasa.com/anuncio/qc3775/0/terreno-en-venta-en-los-robles.htm,https://www.quierocasa.com/gallery/qc3775/350/qc3775-1.jpg,12.1212007,-86.2653351,administrative
qc4906,Oportunidad única: Hermoso terreno en venta,Terreno,Carretera a Masaya,Managua,Managua,,,,,,19.00,Vrs²,3400000.00,USD,"Precioso terreno en venta en Carretera Masaya, ideal para plaza comercial, edificio de oficinas, bodegas y ofibodegas, ubicado en zona exclusiva, céntrica y segura, de fácil acceso, cerca de princip...",https://www.quierocasa.com/anuncio/qc4906/0/oportunidad-unica-hermoso-terreno-en-venta.htm,https://www.quierocasa.com/gallery/qc4906/350/qc4906-1.jpg,12.0777949,-86.2231504,trunk
qc4332,Casas modernas en pre-construccion en venta,Casa,Santo Domingo,Managua,Managua,3,3.5,2,260.00,Mt²,735.00,Vrs²,300000.00,USD,"Modernas casa en pre-construccion en venta en Santo Domingo, ubicadas en condominio exclusivo con cuatro residencias. Cénticas, seguras y de fácil acceso, a pocos minutos de centro de compras, supe...",https://www.quierocasa.com/anuncio/qc4332/0/casas-modernas-en-pre-construccion-en-venta.htm,https://www.quierocasa.com/gallery/qc4332/350/qc4332-1.jpg,12.1516383,-86.2663177,administrative
qc4903,Vive el Lujo: Residencia en Venta,Casa,Santo Domingo,Managua,Managua,3,3,2,228.00,Mt²,684.85,Vrs²,250000.00,USD,"Preciosa residencia con estilo moderno disponible para venta en Santo Domingo, ubicada en zona exclusiva y segura, de fácil acceso, cerca de centro de compras, supermercados, restaurantes, escuelas, ...",https://www.quierocasa.com/anuncio/qc4903/0/vive-el-lujo-residencia-en-venta.htm,https://www.quierocasa.com/gallery/qc4903/350/qc4903-21.jpg,12.1516383,-86.2663177,administrative
qc4905,Bonita casa en venta en Sierras Doradas,Casa,Carretera a Masaya,Managua,Managua,3,3,3,252.00,Mt²,720.00,Vrs²,128000.00,USD,"Bonita casa disponible para venta en sierras Doradas, carretera a Masaya, ubicada en residencial seguro y silencioso, de fácil acceso, a pocos minutos de centro de compras, escuelas, hospitales, gaso...",https://www.quierocasa.com/anuncio/qc4905/0/bonita-casa-en-venta-en-sierras-doradas.htm,https://www.quierocasa.com/gallery/qc4905/350/qc4905-1.jpg,12.0777949,-86.2231504,trunk
qc4902,Descubre esta Fabulosa Residencia en Venta,Casa,Santo Domingo,Managua,Managua,4,3,2,553.00,Mt²,"1,725.00",Vrs²,620000.00,USD,"Preciosa residencia disponible para venta en Santo Domingo, ubicada en zona exclusiva, céntrica y segura, a pocos minutos de centros de compras, supermercados, plazas comerciales, hospitales, escuela...",https://www.quierocasa.com/anuncio/qc4902/0/descubre-esta-fabulosa-residencia-en-venta.htm,https://www.quierocasa.com/gallery/qc4902/350/qc4902-1.jpg,12.1516383,-86.2663177,administrative
qc4728,Oportunidad única: Casa en venta en Santo Domingo,Casa,Santo Domingo,Managua,Managua,4,4.5,2,345.00,Mt²,"1,000.00",Mt²,461500.00,USD,"Preciosa y elegante propiedad disponible para venta en Santo Domingo. Ubicada en la zona más exclusiva de Managua, segura y céntrica, de fácil acceso cerca de supermercados, tiendas, hospitales, ba...",https://www.quierocasa.com/anuncio/qc4728/0/oportunidad-unica-casa-en-venta-en-santo-domingo.htm,https://www.quierocasa.com/gallery/qc4728/350/qc4728-1.jpg,12.1516383,-86.2663177,administrative
qc4555,Preciosa casa en venta en San Juan del sur,Casa,San Juan del Sur,Rivas,,3,3,2,157.00,Mt²,585.00,Mt²,380000.00,USD,"Espectacular casa en venta en San juan del Sur, ubicada a solo cinco minutos del centro, comunidad tranquila y familiar. Las grandes puertas corredizas de vidrio crean un gran espacio interior y e...",https://www.quierocasa.com/anuncio/qc4555/0/preciosa-casa-en-venta-en-san-juan-del-sur.htm,https://www.quierocasa.com/gallery/qc4555/350/qc4555-1.jpg,11.1943967,-85.8597572,administrative
qc4895,Preciosa residencia en venta en La Rioja,Casa,Las Cumbres,Managua,Managua,3,3.5,2,400.00,Mt²,"1,284.93",Vrs²,500000.00,USD,"Preciosa residencia en venta en La Rioja, ubicada en zona exclusiva, céntrica y segura, de fácil acceso, a pocos minutos de centro de compras, restaurantes, escuelas y hospitales. Sala, sala tv, ...",https://www.quierocasa.com/anuncio/qc4895/0/preciosa-residencia-en-venta-en-la-rioja.htm,https://www.quierocasa.com/gallery/qc4895/350/qc4895-1.jpg,12.0993011,-86.2569419,administrative
qc4878,Casa de ensueño en busca de su nuevo propietario,Casa,Carretera a Masaya,Managua,Managua,3,2,1,162.19,Mt²,317.16,Vrs²,175712.00,USD,"Hermosa casa en venta en carretera masaya, ubicada en condominio seguro y silencioso, zona de alta plusvalía, cerca de restaurantes, colegios, hospitales.",https://www.quierocasa.com/anuncio/qc4878/0/casa-de-ensueno-en-busca-de-su-nuevo-propietario.htm,https://www.quierocasa.com/gallery/qc4878/350/qc4878-1.jpg,12.0777949,-86.2231504,trunk
qc4875,Preciosa residencia en venta en Carretera Sur,Casa,Carretera Sur,Managua,Managua,4,4,12,465.22,Mt²,"2,756.31",Vrs²,500000.00,USD,"Preciosa residencia en venta ubicada en carretera Sur. Esta Hermosa propiedad esta ubicada a 400vrs de la carretera. A pocos minutos de supermercados, gasolineras, colegios, tiendas de conveniencia, c...",https://www.quierocasa.com/anuncio/qc4875/0/preciosa-residencia-en-venta-en-carretera-sur.htm,https://www.quierocasa.com/gallery/qc4875/350/qc4875-1.jpg,12.1412787,-86.2953782,trunk
qc4213,Hermosa casa en venta en Santo Domingo,Casa,Santo Domingo,Managua,Managua,4,4,2,350.00,Mt²,,,259000.00,USD,"Hermosa y amplia casa en venta en Santo Domingo, ubicada en zona segura, céntrica y de fácil acceso, a pocos minutos de centro de compras, supermercados, tiendas, estaciones de servicio, escuelas y ...",https://www.quierocasa.com/anuncio/qc4213/0/hermosa-casa-en-venta-en-santo-domingo.htm,https://www.quierocasa.com/gallery/qc4213/350/qc4213-1.jpg,12.1516383,-86.2663177,administrative
qc4865,Experiencia de vida exclusiva: Residencia en venta en Santo Domingo,Casa,Santo Domingo,Managua,Managua,4,3.5,4,374.51,Mt²,"2,021.94",Vrs²,589000.00,USD,"Preciosa residencia en venta en santo Domingo. ubicada en zona residencial seguro y silencioso, de fácil acceso, cerca de centro de compras, escuelas, hospitales, estaciones de servicio, restaurantes...",https://www.quierocasa.com/anuncio/qc4865/0/experiencia-de-vida-exclusiva-residencia-en-venta-en-santo-domingo.htm,https://www.quierocasa.com/gallery/qc4865/350/qc4865-1.jpg,12.1516383,-86.2663177,administrative
qc4862,Locales comerciales en venta en carretera Masaya,Local Comercial,Carretera a Masaya,Managua,Managua,,,12,261.75,Mt²,827.46,Vrs²,470000.00,USD,"Se venden locales comerciales a orillas de Carretera Masaya. Ubicada en zona de alto flujo comercial. Cerca de hospital, bancos, colegios, plazas comerciales, restaurantes y supermercados. La prop...",https://www.quierocasa.com/anuncio/qc4862/0/locales-comerciales-en-venta-en-carretera-masaya.htm,https://www.quierocasa.com/gallery/qc4862/350/qc4862-1.jpg,12.0777949,-86.2231504,trunk
qc4730,Precioso terreno en venta en Carretera Masaya,Terreno,Carretera a Masaya,Managua,Managua,,,,,,670.00,Vrs²,25000.00,USD,"Precioso terreno disponible para venta en Carretera Masaya, ubicado en el km 20 zona segura y tranquila, a 1 cuadra de la carretera.",https://www.quierocasa.com/anuncio/qc4730/0/precioso-terreno-en-venta-en-carretera-masaya.htm,https://www.quierocasa.com/gallery/qc4730/350/qc4730-1.jpg,12.0777949,-86.2231504,trunk
qc4852,Preciosa casa y apartamento en venta,Casa,Carretera Sur,Managua,Managua,3,4.5,3,360.00,Mt²,,,660000.00,USD,"Preciosa casa con apartamento de dos plantas en venta en Carretera Sur, ubicado en zona segura y silenciosa, de fácil acceso, cerca de supermercados, tiendas, hospitales, escuelas, gasolineras y banc...",https://www.quierocasa.com/anuncio/qc4852/0/preciosa-casa-y-apartamento-en-venta.htm,https://www.quierocasa.com/gallery/qc4852/350/qc4852-1.jpg,12.1412787,-86.2953782,trunk
qc4834,Vive la elegancia: Casa en venta en Santo Domingo,Casa,Santo Domingo,Managua,Managua,3,3.5,2,228.00,Mt²,530.00,Vrs²,230000.00,USD,"Preciosa y amplia residencia disponible para venta en santo Domingo. Ubicada en zona céntrica, segura y silenciosa, de fácil acceso, cerca de supermercados, restaurantes, hospitales, escuelas, gasol...",https://www.quierocasa.com/anuncio/qc4834/0/vive-la-elegancia-casa-en-venta-en-santo-domingo.htm,https://www.quierocasa.com/gallery/qc4834/350/qc4834-1.jpg,12.1516383,-86.2663177,administrative
qc4828,Casa en venta en Santo Domingo: ¡Tu oportunidad de oro!,Casa,Santo Domingo,Managua,Managua,4,3.5,4,203.00,Mt²,"1,944.00",Vrs²,250000.00,USD,"Preciosa casa disponible para venta en Mirador de Santo Domingo! Ubicada en zona exclusiva, céntrica y silenciosa, cerca del colegio Hispano Nicaragüense, supermercados, restaurantes, tiendas, hospi...",https://www.quierocasa.com/anuncio/qc4828/0/casa-en-venta-en-santo-domingo-tu-oportunidad-de-oro.htm,https://www.quierocasa.com/gallery/qc4828/350/qc4828-1.jpg,12.1516383,-86.2663177,administrative
qc1362,Exquisita Residencia en Venta,Casa,Carretera a Masaya,Managua,Managua,3,3.5,2,145.00,Mt²,328.00,Vrs²,149000.00,USD,"Se vende Moderna Casa con acabados de lujo, dentro de condominio con seguridad las 24 horas. El condominio posee casa club, piscina, gimnasio, área de juegos, portón de acceso con vigilancia, Muro p...",https://www.quierocasa.com/anuncio/qc1362/0/exquisita-residencia-en-venta.htm,https://www.quierocasa.com/gallery/qc1362/350/qc1362-11.jpg,12.0777949,-86.2231504,trunk
qc4785,Moderna casa en venta en Las colinas,Casa,Las Colinas,Managua,Managua,3,3,2,181.00,Mt²,328.00,Vrs²,181000.00,USD,"Moderna casa disponible para venta en Las Colinas, ubicada en zona exclusiva, céntrica y segura, de fácil acceso, cerca de centro de compras, escuelas, supermercados, hospitales y bancos. Modelo ...",https://www.quierocasa.com/anuncio/qc4785/0/moderna-casa-en-venta-en-las-colinas.htm,https://www.quierocasa.com/gallery/qc4785/350/qc4785-1.jpg,12.1964007,-86.3692092,village
qc4789,Preciosa casa en venta en Donatello Las colinas,Casa,Las Colinas,Managua,Managua,3,3.5,2,250.00,Mt²,743.64,Vrs²,300000.00,USD,"Preciosa y moderna casa en venta en Donatello Las colinas, ubicada en residencial exclusivo y seguro, de fácil acceso, cerca de centro de compras, escuelas, hospitales, gasolineras y bancos. Con f...",https://www.quierocasa.com/anuncio/qc4789/0/preciosa-casa-en-venta-en-donatello-las-colinas.htm,https://www.quierocasa.com/gallery/qc4789/350/qc4789-1.jpg,12.1964007,-86.3692092,village
qc4792,"Nueva, exclusiva y moderna carretera masaya",Casa,Santo Domingo,Managua,Managua,3,2,2,127.21,Mt²,450.00,Vrs²,143500.00,USD,"Viviendas de una planta diseñadas y construidas con calidad para una larga vida, múltiples rutas de acceso y gran cantidad de comercios cercanos contribuyen al retorno de su inversión. Amplios y l...",https://www.quierocasa.com/anuncio/qc4792/0/nueva-exclusiva-y-moderna-carretera-masaya.htm,https://www.quierocasa.com/gallery/qc4792/350/qc4792-1.jpg,12.1516383,-86.2663177,administrative
qc4788,Casa en venta en Santo Domingo: ¡Una verdadera joya!,Casa,Santo Domingo,Managua,Managua,5,3.5,3,640.95,Mt²,"9,691.89",Vrs²,750000.00,USD,"Preciosa casa de 2 plantas en venta en Balcones de Santo Domingo, ubicada en zona segura y silenciosa, de fácil acceso, a pocos minutos de supermercados, hospitales, escuelas y estaciones de servicio...",https://www.quierocasa.com/anuncio/qc4788/0/casa-en-venta-en-santo-domingo-una-verdadera-joya.htm,https://www.quierocasa.com/gallery/qc4788/350/qc4788-1.jpg,12.1516383,-86.2663177,administrative
qc4784,Un Espacio para Llamar Hogar en Las Colinas,Casa,Las Colinas,Managua,Managua,4,4,2,320.00,Mt²,"1,100.00",Vrs²,350000.00,USD,"Hermosa residencia en venta en Donatello Las Colinas. Esta hermosa residencia se destaca por su hermoso patio y areas verdes, rodeando todo el exterior de la casa, ubicada en zona exclusiva, segura y ...",https://www.quierocasa.com/anuncio/qc4784/0/un-espacio-para-llamar-hogar-en-las-colinas.htm,https://www.quierocasa.com/gallery/qc4784/350/qc4784-1.jpg,12.1964007,-86.3692092,village
qc4775,Bella residencia en venta en Santo Domingo,Casa,Santo Domingo,Managua,Managua,3,3,2,245.70,Mt²,614.00,Vrs²,350000.00,USD,"preciosa casa en venta en Finca santo Domingo, ubicada en condominio exclusivo, céntrico y silencioso, de fácil acceso, cerca de centro de compras, hospitales, escuelas, supermercados, gasolineras y...",https://www.quierocasa.com/anuncio/qc4775/0/bella-residencia-en-venta-en-santo-domingo.htm,https://www.quierocasa.com/gallery/qc4775/350/qc4775-1.jpg,12.1516383,-86.2663177,administrative
qc2571,Preciosa casa nueva en exclusivo condominio,Casa,Carretera a Masaya,Managua,Managua,3,2.5,2,152.60,Mt²,450.00,Vrs²,159900.00,USD,"Viviendas de una planta diseñadas y construidas con calidad para una larga vida, múltiples rutas de acceso y gran cantidad de comercios cercanos contribuyen al retorno de su inversión. Amplios y ...",https://www.quierocasa.com/anuncio/qc2571/0/preciosa-casa-nueva-en-exclusivo-condominio.htm,https://www.quierocasa.com/gallery/qc2571/350/qc2571-1.png,12.0777949,-86.2231504,trunk
qc2581,Preciosa casa condominio Santa Lucia.,Casa,Santo Domingo,Managua,Managua,3,3.5,2,,,,,425000.00,USD,Bella y moderna casa dentro de condominio exclusivo.,https://www.quierocasa.com/anuncio/qc2581/0/preciosa-casa-condominio-santa-lucia.htm,https://www.quierocasa.com/gallery/qc2581/350/qc2581-9.png,12.1516383,-86.2663177,administrative
qc1169,Se vende/renta casa en Km 11 Carretera a Masaya,Casa,Carretera a Masaya,Managua,Managua,3,2.5,2,176.00,Mt²,,,180000.00,USD,Características de la casa: 176m2 de construcción 3 cuartos (1 principal con walk-in-closet y servicio sanitarios. 2 secundarios con closet y con servicio sanitario compartido) Cuarto de servicio...,https://www.quierocasa.com/anuncio/qc1169/0/se-venderenta-casa-en-km-11-carretera-a-masaya.htm,https://www.quierocasa.com/gallery/qc1169/350/qc1169-1.jpg,12.0777949,-86.2231504,trunk
qc2397,Hermosa Casa en La Estancia Santo Domingo,Casa,Managua,,,4,4.5,2,340.00,Mt²,,,280000.00,USD,"Se vende o alquila preciosa casa en Condominio privado y seguro, La Estancia Santo Domingo. Casa cuenta con excelente ubicación, fácil acceso, cerca de colegios, universidades, centros de compras, e...",https://www.quierocasa.com/anuncio/qc2397/0/hermosa-casa-en-la-estancia-santo-domingo.htm,https://www.quierocasa.com/gallery/qc2397/350/qc2397-1.jpg,12.1547116,-86.2737250,administrative
qc4763,"Tesoro natural: Terreno en venta, ¡imperdible!",Terreno,Santo Domingo,Managua,Managua,,,,,,"2,618.00",Vrs²,115000.00,USD,"Precioso terreno en venta en Santo Domingo, ubicado en zona exclusiva, céntrica y segura, de fácil acceso, cerca de centro de compras, hospitales, escuelas, gasolineras y bancos. 43 varas de fr...",https://www.quierocasa.com/anuncio/qc4763/0/tesoro-natural-terreno-en-venta-imperdible.htm,https://www.quierocasa.com/gallery/qc4763/350/qc4763-3.jpg,12.1516383,-86.2663177,administrative
qc4757,Hermoso terreno en venta en veracruz,Terreno,Veracruz,Managua,Managua,,,,,,"1,056.00",Vrs²,75000.00,USD,"Precioso terreno disponible para venta en veracruz, ubicada en zona segura y tranquila, de fácil acceso a pocos minutos de centro de compras.",https://www.quierocasa.com/anuncio/qc4757/0/hermoso-terreno-en-venta-en-veracruz.htm,https://www.quierocasa.com/gallery/qc4757/350/qc4757-1.jpg,11.9869063,-86.3991679,administrative
qc3493,Se vende terreno en Lomas de Veracruz,Terreno,Veracruz,Managua,Managua,,,,,,"2,028.00",Vrs²,60840.00,USD,"Se vende Hermoso lote, totalmente plano, documentos en regla, acceso a todos los servicios. Ubicado a 100 metros de la garita. Excelente oportunidad como inversión. Documentos en regla.",https://www.quierocasa.com/anuncio/qc3493/0/se-vende-terreno-en-lomas-de-veracruz.htm,https://www.quierocasa.com/gallery/qc3493/350/qc3493-1.jpg,11.9869063,-86.3991679,administrative
qc4742,Bonita finca en venta en Veracruz,Finca,Veracruz,Managua,Managua,,,,,,"53,200.00",Vrs²,352240.00,USD,"Bonita finca en venta en Veracruz, ubicada a tan solo 500 vrs de Veracruz, en zona segura y silenciosa, con clima fresco, de fácil acceso a pocos minutos de centro, con siembros de cítricos, plátan...",https://www.quierocasa.com/anuncio/qc4742/0/bonita-finca-en-venta-en-veracruz.htm,https://www.quierocasa.com/gallery/qc4742/350/qc4742-7.jpg,11.9869063,-86.3991679,administrative
qc4741,Negocio familiar en venta,Local Comercial,León,León,,,2,5,,,,,570000.00,USD,"Hermoso negocio familiar en venta en León, una excelente oportunidad de inversion con negocio establecido, con capacidad de mas de 100 personas, ubicado en esquina estratégica en el bypass a la oril...",https://www.quierocasa.com/anuncio/qc4741/0/negocio-familiar-en-venta.htm,https://www.quierocasa.com/gallery/qc4741/350/qc4741-5.jpg,12.3021275,-86.9679698,administrative
qc4738,Hermosa casa en venta en Gran Pacífica,Casa,GRAN PACIFICA BEACH RESORT,San Rafael del Sur,Managua,3,2,2,136.00,Mt²,858.00,Vrs²,179900.00,USD,"Hermosa casa de playa en venta en Gran Pacífica, ubicada en zona segura y de fácil acceso, a pocos minutos de la playa, gasolineras, tiendas y farmacias.",https://www.quierocasa.com/anuncio/qc4738/0/hermosa-casa-en-venta-en-gran-pacifica.htm,https://www.quierocasa.com/gallery/qc4738/350/qc4738-1.jpg,11.8719408,-86.4614726,bus_stop
qc4737,Preciosa casa en venta en Gran Pacífica,Casa,GRAN PACIFICA BEACH RESORT,San Rafael del Sur,Managua,2,2,2,100.00,Mt²,840.53,Vrs²,168500.00,USD,"Preciosa casa disponible para venta en Gran Pacífica, ubicada en zona segura y tranquila, a pocos minutos de la capital, cuenta con los mas altos estándares de calidad incluyendo: Acabados interi...",https://www.quierocasa.com/anuncio/qc4737/0/preciosa-casa-en-venta-en-gran-pacifica.htm,https://www.quierocasa.com/gallery/qc4737/350/qc4737-1.jpg,11.8719408,-86.4614726,bus_stop
qc4726,Hermosa casa en venta en Villa Fontana,Casa,Villa Fontana,Managua,Managua,4,4.5,3,740.00,Mt²,"2,778.16",Vrs²,950000.00,USD,"Bella casa estilo 2 plantas disponible para venta, ubicada en condominio cerrado con alta plusvalía, con buena ubicación y fácil acceso, además de contar con un excelente clima fresco, garita de ...",https://www.quierocasa.com/anuncio/qc4726/0/hermosa-casa-en-venta-en-villa-fontana.htm,https://www.quierocasa.com/gallery/qc4726/350/qc4726-10.jpg,12.1033874,-86.2671277,administrative
qc4719,Amplia y espaciosa casa en venta,Casa,Plaza España,Managua,Managua,3,3.5,2,401.00,Mt²,"1,375.05",Vrs²,268500.00,USD,"Amplia y hermosa propiedad disponible para venta, ubicada en una de las mejores zonas comerciales de la ciudad. En sus alrededores encontrará una variedad de establecimientos comerciales, financieros...",https://www.quierocasa.com/anuncio/qc4719/0/amplia-y-espaciosa-casa-en-venta.htm,https://www.quierocasa.com/gallery/qc4719/350/qc4719-1.jpg,12.1351387,-86.2810555,grass
qc4715,Preciosa casa en venta en Gran Pacifica,Casa,GRAN PACIFICA BEACH RESORT,San Rafael del Sur,Managua,4,3,2,863.50,Mt²,"1,224.80",Vrs²,208500.00,USD,"Preciosa casa de 2 plantas en venta en Gran Pacifica, ubicada cerca de la playa en zona segura y silenciosa, de fácil acceso, a pocos minutos de gasolineras, tiendas y supermercados. Fee de mant...",https://www.quierocasa.com/anuncio/qc4715/0/preciosa-casa-en-venta-en-gran-pacifica.htm,https://www.quierocasa.com/gallery/qc4715/350/qc4715-1.jpg,11.8719408,-86.4614726,bus_stop
qc4226,Espectacular casa en venta,Casa,Carretera Sur,Managua,Managua,4,4,2,,,,,500000.00,USD,"Preciosa casa con impresionante vista en venta en Carretera sur, residencia estilo colonial con acabados en fina madera y majestuosa vista panorámica a la capital, ubicada en zona exclusiva, céntric...",https://www.quierocasa.com/anuncio/qc4226/0/espectacular-casa-en-venta.htm,https://www.quierocasa.com/gallery/qc4226/350/qc4226-1.jpg,12.1412787,-86.2953782,trunk
qc4708,Belleza Natural y Elegancia: Casa en Venta en Las Colinas,Casa,Las Colinas,Managua,Managua,3,2.5,1,227.00,Mt²,249.00,Mt²,225000.00,USD,"Preciosa casa disponible para venta en Villas Barcelona, Las Colinas, ubicada en condominio seguro, céntrico y de fácil acceso, cerca de supermercados, centro de compras, escuelas, hospitales, resta...",https://www.quierocasa.com/anuncio/qc4708/0/belleza-natural-y-elegancia-casa-en-venta-en-las-colinas.htm,https://www.quierocasa.com/gallery/qc4708/350/qc4708-1.jpg,12.1964007,-86.3692092,village
qc4567,Tu Refugio Ideal: Casa en Venta en Las Colinas,Casa,Las Colinas,Managua,Managua,3,3.5,2,261.00,Mt²,900.00,Vrs²,300000.00,USD,"Preciosa y moderna casa en venta en Condominio Frascati Las Colinas, Ubicada en zona exclusiva, segura y silenciosa, de fácil acceso, a pocos minutos de centro de compras, estaciones de servicio, sup...",https://www.quierocasa.com/anuncio/qc4567/0/tu-refugio-ideal-casa-en-venta-en-las-colinas.htm,https://www.quierocasa.com/gallery/qc4567/350/qc4567-1.jpg,12.1964007,-86.3692092,village
qc3988,Preciosa propiedad en venta en Villa fontana,Casa,Villa Fontana,Managua,Managua,4,4.5,2,222.00,Mt²,320.00,Vrs²,285000.00,USD,"Preciosa y moderna propiedad en venta en Villa Fontana. Ubicada en zona exclusiva, centrica y segura, de fácil acceso, cerca de escuelas, hospitales, tiendas, supermercados, estaciones de servicio y ...",https://www.quierocasa.com/anuncio/qc3988/0/preciosa-propiedad-en-venta-en-villa-fontana.htm,https://www.quierocasa.com/gallery/qc3988/350/qc3988-6.jpg,12.1033874,-86.2671277,administrative
qc4027,Se vende casa en Estancia Santo Domingo,Casa,Santo Domingo,Managua,Managua,3,3.5,2,250.35,Mt²,770.00,Mt²,275000.00,USD,"Preciosa propiedad en venta en La Estancia de santo Domingo ubicada en condominio seguro y de fácil acceso, cerca de centro de compras, escuelas, hospitales, estaciones de servicio, supermerados y ba...",https://www.quierocasa.com/anuncio/qc4027/0/se-vende-casa-en-estancia-santo-domingo.htm,https://www.quierocasa.com/gallery/qc4027/350/qc4027-2.jpg,12.1516383,-86.2663177,administrative
qc4676,Propiedad única en venta en Santo Domingo,Casa,Santo Domingo,Managua,Managua,3,3.5,2,170.00,Mt²,257.00,Vrs²,200000.00,USD,"Preciosa casa de dos plantas en venta en terrazas de Santo Domingo, ubicada en zona exclusiva, céntrica y segura, de fácil acceso, cerca de supermercados, tiendas, restaurantes, escuelas, hospitales...",https://www.quierocasa.com/anuncio/qc4676/0/propiedad-unica-en-venta-en-santo-domingo.htm,https://www.quierocasa.com/gallery/qc4676/350/qc4676-1.jpg,12.1516383,-86.2663177,administrative
qc3690,Casa en Venta en Las Colinas: Disfruta de la Comodidad y la Belleza,Casa,Las Colinas,Managua,Managua,4,4.5,4,400.00,Mt²,"1,239.00",Vrs²,365000.00,USD,"Preciosa casa de dos plantas en venta en Las Colinas, zona exclusiva, tranquila y silenciosa, cerca de centros comerciales, gasolineras, bancos y farmacias. Cuenta con hermosos espacios y acabados de...",https://www.quierocasa.com/anuncio/qc3690/0/casa-en-venta-en-las-colinas-disfruta-de-la-comodidad-y-la-belleza.htm,https://www.quierocasa.com/gallery/qc3690/350/qc3690-24.jpg,12.1964007,-86.3692092,village
qc4565,Tu sueño hecho realidad: Terreno espectacular en venta,Terreno,Carretera a Diriamba,Diriamba,Carazo,,,,,,10.00,Vrs²,350257.95,USD,"Precioso terreno ubicado en las orillas de la carretera panamericana Diriamba, jinotepe. Excelente ubicacion, seguro y tranquilo de fácil acceso, a pocos minutos de gasolineras, centro de compras, fa...",https://www.quierocasa.com/anuncio/qc4565/0/tu-sueno-hecho-realidad-terreno-espectacular-en-venta.htm,https://www.quierocasa.com/gallery/qc4565/350/qc4565-1.jpg,11.7959292,-86.3821205,tertiary
qc3914,Bonita casa en venta en villa Fontana,Casa,Villa Fontana,Managua,Managua,3,3.5,4,330.00,Mt²,,,310000.00,USD,"Se vende preciosa casa en Villa Fontana, ubicada en zona tranquila, segura y silenciosa, de fácil acceso, cerca de centro de compras, supermercados, escuelas, hospitales y bancos. La propiedad cuent...",https://www.quierocasa.com/anuncio/qc3914/0/bonita-casa-en-venta-en-villa-fontana.htm,https://www.quierocasa.com/gallery/qc3914/350/qc3914-1.jpg,12.1033874,-86.2671277,administrative
qc4663,Descubre el confort en Santo Domingo: Casa en venta,Casa,Santo Domingo,Managua,Managua,4,4,2,800.00,Mt²,"2,300.00",Vrs²,780000.00,USD,"Preciosa propiedad disponible para venta en Santo Domingo, ubicada en zona exclusiva, céntrica y segura, de fácil acceso, cerca de centro de compras, escuelas, hospitales, supermercados, gasosineras...",https://www.quierocasa.com/anuncio/qc4663/0/descubre-el-confort-en-santo-domingo-casa-en-venta.htm,https://www.quierocasa.com/gallery/qc4663/350/qc4663-1.jpg,12.1516383,-86.2663177,administrative
qc4175,El terreno ideal para la casa de tus sueños,Terreno,Las Colinas,Managua,Managua,,,,,,744.00,Vrs²,60000.00,USD,"Increible oportunidad en exclusivo condominios de managua, ubicado en zona céntrica, segura y de fácil acceso, cerca de centros comerciales, escuelas, hospitales, gasolneras y centros de recreación...",https://www.quierocasa.com/anuncio/qc4175/0/el-terreno-ideal-para-la-casa-de-tus-suenos.htm,https://www.quierocasa.com/gallery/qc4175/350/qc4175-2.jpg,12.1964007,-86.3692092,village
qc4451,Hermosa casa en venta por Colegio Americano,Casa,Colegio Americano,Managua,Managua,3,3.5,2,215.07,Mt²,318.36,Vrs²,200000.00,USD,"Hermosa y moderna casa en venta en Condominio Montesol, ubicada en zona céntrica, segura y de fácil acceso, cerca de escuelas, hospitales, supermercados, restaurantes, tiendas, gasolineras y bancos....",https://www.quierocasa.com/anuncio/qc4451/0/hermosa-casa-en-venta-por-colegio-americano.htm,https://www.quierocasa.com/gallery/qc4451/350/qc4451-1.jpg,12.1120237,-86.2777957,school
qc4584,Precioso local comercial en venta,Local Comercial,Masaya,Masaya,Masaya,,3,16,800.00,Mt²,"1,300.00",Vrs²,500000.00,USD,"Se Vende Elegante e Imponente Edificio en el Centro de la Ciudad de Masaya. ubicado en zona céntrica, segura y de fácil acceso, cerca de centro de compras, tiendas, escuelas, hospitales, gasolinera...",https://www.quierocasa.com/anuncio/qc4584/0/precioso-local-comercial-en-venta.htm,https://www.quierocasa.com/gallery/qc4584/350/qc4584-1.jpg,11.9736474,-86.0960547,administrative
qc4634,Preciosa propiedad en venta en la Estancia de Santo Domingo,Casa,Santo Domingo,Managua,Managua,3,3,5,375.00,Mt²,"3,000.00",Vrs²,570000.00,USD,"Preciosa casa estilo colonial en venta en La Estancia de Santo Domingo. Ubicada en zona exclusiva, céntrica y segura, de fácil acceso, cerca de centros comerciales, escuelas, hospitales, gasolinera...",https://www.quierocasa.com/anuncio/qc4634/0/preciosa-propiedad-en-venta-en-la-estancia-de-santo-domingo.htm,https://www.quierocasa.com/gallery/qc4634/350/qc4634-1.jpg,12.1516383,-86.2663177,administrative
qc4173,Moderna casa en venta en Santo Domingo,Casa,Santo Domingo,Managua,Managua,3,3.5,2,330.00,Mt²,"1,207.00",Vrs²,430000.00,USD,"Moderna y espaciosa casa en venta en Santo Domingo, ubicada en zona exclusiva, céntrica y segura, a pocos minutos de centro de compras, restaurantes, supermercados, estaciones de servicio, escuelas y...",https://www.quierocasa.com/anuncio/qc4173/0/moderna-casa-en-venta-en-santo-domingo.htm,https://www.quierocasa.com/gallery/qc4173/350/qc4173-1.jpg,12.1516383,-86.2663177,administrative
qc3316,Venta de terreno en las Colinas,Terreno,Esquipulas,Managua,Managua,,,,,,180.00,Vrs²,75000.00,USD,Bonito terreno en Esquipulas sobre la calle. 1980 ves de terreno.,https://www.quierocasa.com/anuncio/qc3316/0/venta-de-terreno-en-las-colinas.htm,https://www.quierocasa.com/gallery/qc3316/350/qc3316-1.jpg,12.0745878,-86.2158151,neighbourhood
qc3255,Terreno en venta en Esquipulas,Terreno,Esquipulas Km 12,Managua,Managua,,,,,,"1,900.00",Vrs²,75000.00,USD,"Hermoso terreno en venta en esquipulas, ubicado en zona centrica, segura y de fácil acceso",https://www.quierocasa.com/anuncio/qc3255/0/terreno-en-venta-en-esquipulas.htm,https://www.quierocasa.com/gallery/qc3255/350/qc3255-1.jpg,12.0745878,-86.2158151,neighbourhood
qc4410,Precioso terreno en venta en Las colinas,Terreno,Las Colinas,Managua,Managua,,,,,,974.00,Vrs²,58440.00,USD,"Precioso terreno disponible para venta en las colinas, ubicado dentro de residencial céntrico, seguro y silencioso, de fácil acceso, a pocos minutos de centro de compras, escuelas, hospitales, gaso...",https://www.quierocasa.com/anuncio/qc4410/0/precioso-terreno-en-venta-en-las-colinas.htm,https://www.quierocasa.com/gallery/qc4410/350/qc4410-1.jpg,12.1964007,-86.3692092,village
qc3498,Se vende Terreno en Altos de Santo Domingo,Terreno,Santo Domingo,Managua,Managua,,,,,,"1,731.00",Vrs²,95205.00,USD,Hermoso terreno ideal para complejo de apartamentos o bien para construir una hermosa casa.,https://www.quierocasa.com/anuncio/qc3498/0/se-vende-terreno-en-altos-de-santo-domingo.htm,https://www.quierocasa.com/gallery/qc3498/350/qc3498-1.jpg,12.1516383,-86.2663177,administrative
qc4469,Preciosa propiedad en venta en Villa Fontana,Casa,Villa Fontana,Managua,Managua,4,4,10,700.00,Mt²,"3,304.00",Vrs²,950000.00,USD,"Preciosa y moderna propiedad en venta en Villa fontana, ubicada en zona exclusiva, céntrica y segura, de fácil accso, cerca de centro de compras, escuelas, hospitales, restaurantes, gasolineras, tie...",https://www.quierocasa.com/anuncio/qc4469/0/preciosa-propiedad-en-venta-en-villa-fontana.htm,https://www.quierocasa.com/gallery/qc4469/350/qc4469-1.jpg,12.1033874,-86.2671277,administrative
qc4476,Casa en venta en carretera a Masaya,Casa,Carretera a Masaya,Managua,Managua,3,2.5,4,235.00,Mt²,600.00,Vrs²,210000.00,USD,"Amplia casa en venta en Km 12 carretera hacia masaya, excelente ubicacion, residencial seguro, centrico y silencioso, ambiente fresco, con parque y amplio patio seguro, cerca de centro de compras escu...",https://www.quierocasa.com/anuncio/qc4476/0/casa-en-venta-en-carretera-a-masaya.htm,https://www.quierocasa.com/gallery/qc4476/350/qc4476-2.jpg,12.0777949,-86.2231504,trunk
qc4479,Preciosa casa en venta en Gran Pacifica,Casa,GRAN PACIFICA BEACH RESORT,San Rafael del Sur,Managua,3,3,2,,,,,189900.00,USD,"Preciosa y cómoda casa de playa en venta en Gran Pacifica Resort. Ubicada en zona segura y tranquila a tan solo una hora de la ciudad , el complejo más cercano a la ciudad principal Costo especia...",https://www.quierocasa.com/anuncio/qc4479/0/preciosa-casa-en-venta-en-gran-pacifica.htm,https://www.quierocasa.com/gallery/qc4479/350/qc4479-1.jpg,11.8719408,-86.4614726,bus_stop
qc4311,Preciosa casa en venta en San Juan del sur,Casa,San Juan del Sur,Rivas,,4,3.5,2,220.00,Mt²,450.00,Vrs²,350000.00,USD,"Preciosa y moderna casa en venta en San juan del Sur, ubicada en zona exclusiva con excelente vista al mar, de fácil acceso, a pocos minutos de gasolineras, tiendas y farmacias. Sala Comedor Co...",https://www.quierocasa.com/anuncio/qc4311/0/preciosa-casa-en-venta-en-san-juan-del-sur.htm,https://www.quierocasa.com/gallery/qc4311/350/qc4311-1.jpg,11.1943967,-85.8597572,administrative
qc4444,Vive en estilo: Casa en venta con encanto en la carretera Masaya,Casa,Carretera a Masaya,Managua,Managua,3,3.5,10,230.00,Mt²,"3,900.00",Vrs²,275000.00,USD,"Amplia y hermosa propiedad en venta, ubicada a solo 40 metros de carretera Masaya, en zona céntrica, segura y silenciosa, de fácil acceso, cerca de centro de compras, hospitales, escuelas, supermerc...",https://www.quierocasa.com/anuncio/qc4444/0/vive-en-estilo-casa-en-venta-con-encanto-en-la-carretera-masaya.htm,https://www.quierocasa.com/gallery/qc4444/350/qc4444-1.jpg,12.0777949,-86.2231504,trunk
qc3928,Casa en venta en Gran Pacifica,Casa,GRAN PACIFICA BEACH RESORT,San Rafael del Sur,Managua,3,2.5,2,312.62,Mt²,918.76,Vrs²,346500.00,USD,"Preciosa casa en venta en Gran Pacifica Beach Resort. ubicada en zona de fácil acceso, a pocos minutos de gasolineras farmacias y tiendas.",https://www.quierocasa.com/anuncio/qc3928/0/casa-en-venta-en-gran-pacifica.htm,https://www.quierocasa.com/gallery/qc3928/350/qc3928-1.jpg,11.8719408,-86.4614726,bus_stop
qc3992,Complejo de oficinas en venta en carretera sur,Oficina,Carretera Sur,Managua,Managua,,3,10,680.00,Mt²,"2,232.24",Vrs²,189000.00,USD,"Espaciosas y modernas oficinas en venta en carretera Sur, con amplias bodegas y estacionamiento. ubicada en zona céntrica y de fácil acceso, cerca de farmacias, estaciones de servicio, bancos y tien...",https://www.quierocasa.com/anuncio/qc3992/0/complejo-de-oficinas-en-venta-en-carretera-sur.htm,https://www.quierocasa.com/gallery/qc3992/350/qc3992-2.jpg,12.1412787,-86.2953782,trunk
qc4426,Moderna y minimalista casa en venta,Casa,Colegio Americano,Managua,Managua,3,3.5,2,210.00,Mt²,,,184000.00,USD,"Moderna y minimalista casa en venta por colegio Americano, ubicada dentro de condominio seguro, centrico y tranquilo, de fácil acceso, cerca de centro de compras, hospitales, escuelas, tiendas, resta...",https://www.quierocasa.com/anuncio/qc4426/0/moderna-y-minimalista-casa-en-venta.htm,https://www.quierocasa.com/gallery/qc4426/350/qc4426-1.jpg,12.1120237,-86.2777957,school
qc4174,Precioso terreno dentro de condominio en las colinas,Terreno,Las Colinas,Managua,Managua,,,,,,739.00,Vrs²,60000.00,USD,"Hermoso terreno listo para construir la casa de tus sueños! Eeste bello terreno esta ubicado en uno de los mejores condominios de managua, mismo que cuenta con piscina, areas verdes y juegos infantil...",https://www.quierocasa.com/anuncio/qc4174/0/precioso-terreno-dentro-de-condominio-en-las-colinas.htm,https://www.quierocasa.com/gallery/qc4174/350/qc4174-1.jpg,12.1964007,-86.3692092,village
qc4389,Preciosa propiedad en venta en Carretera Sur,Casa,Carretera Sur,Managua,Managua,5,5,2,"1,050.00",Mt²,"10,500.00",Vrs²,1350000.00,USD,"Preciosa propiedad en venta en Carretera Sur, ideal para embajadas, residencial familiar o proyecto ubicada en zona segura y de fácil acceso, a pocos minutos de supermercados, hospitales, escuelas, g...",https://www.quierocasa.com/anuncio/qc4389/0/preciosa-propiedad-en-venta-en-carretera-sur.htm,https://www.quierocasa.com/gallery/qc4389/350/qc4389-1.jpg,12.1412787,-86.2953782,trunk
qc4095,Preciosa casa en venta en Lomas de Monserrat,Casa,Lomas de Montserrat,Managua,Managua,4,4,5,326.00,Mt²,,,450000.00,USD,"Preciosa casa de lujo en venta en Lomas de Monserrat, ubicada en zona céntrica, segura y de fácil acceso, cerca de centro de compras, restaurantes, supermercados, estaciones de servicio, hospitales,...",https://www.quierocasa.com/anuncio/qc4095/0/preciosa-casa-en-venta-en-lomas-de-monserrat.htm,https://www.quierocasa.com/gallery/qc4095/350/qc4095-1.jpg,12.1547116,-86.2737250,administrative
qc4352,Preciosa finca de 5 manzanas en venta,Finca,Nindirí,Nindirí,Masaya,,,,,,"50,000.00",Vrs²,150000.00,USD,"Preciosa finca disponible para venta en Carretera Veracruz Nindiri, ubicada en zona Segura y silenciosa de fácil acceso, a pocos minutos de centro de compras, estaciones de servicio, escuelas, hospit...",https://www.quierocasa.com/anuncio/qc4352/0/preciosa-finca-de-5-manzanas-en-venta.htm,https://www.quierocasa.com/gallery/qc4352/350/qc4352-1.jpg,12.0030065,-86.1201997,administrative
qc4309,Casa perfecta en venta en Santo Domingo,Casa,Santo Domingo,Managua,Managua,4,4.5,2,275.00,Mt²,627.94,Vrs²,365000.00,USD,"Se vende hermosa casa dentro de condominio seguro, ubicada en zona de alta plusvalía, a pocos minutos del centro de Managua, cerca de centros de comerciales, supermercados, tiendas de conveniencias, ...",https://www.quierocasa.com/anuncio/qc4309/0/casa-perfecta-en-venta-en-santo-domingo.htm,https://www.quierocasa.com/gallery/qc4309/350/qc4309-1.jpg,12.1516383,-86.2663177,administrative
qc4307,Encantadora propiedad en Santo Domingo esperando por ti,Casa,Santo Domingo,Managua,Managua,3,3.5,2,303.00,Mt²,848.00,Vrs²,404000.00,USD,lujosa y moderna casa nueva. hechas a la medida y con los mejores acabados del mercado. 18 lotes disponibles con diferentes áreas. Pueden unirse dos lotes y hacer modificación en la construcción....,https://www.quierocasa.com/anuncio/qc4307/0/encantadora-propiedad-en-santo-domingo-esperando-por-ti.htm,https://www.quierocasa.com/gallery/qc4307/350/qc4307-1.jpg,12.1516383,-86.2663177,administrative
qc4280,Preciosa y moderna casa en venta en carretera Sur,Casa,Carretera Sur,Managua,Managua,4,3,5,260.00,Mt²,"2,400.00",Vrs²,275000.00,USD,"Preciosa casa en venta en Carretera sur, ubicada en zona exclusiva, céntrica y segura, de fácil acceso, cerca de supermercados, hospitales, escuelas, gasolineras, tiendas y bancos. Sala. comed...",https://www.quierocasa.com/anuncio/qc4280/0/preciosa-y-moderna-casa-en-venta-en-carretera-sur.htm,https://www.quierocasa.com/gallery/qc4280/350/qc4280-1.jpg,12.1412787,-86.2953782,trunk
qc2753,Preciosos módulos en carretera masaya,Local Comercial,Carretera a Masaya,Managua,Managua,,,2,,,64.00,Mt²,140800.00,USD,"Excelente oportunidad de inversion plaza llena al 100% El edificio consta de 2 pisos, en el primer piso hay 6 módulos para renta o venta, acera, escalera, pasillos, baños, bodega, área de parqu...",https://www.quierocasa.com/anuncio/qc2753/0/preciosos-modulos-en-carretera-masaya.htm,https://www.quierocasa.com/gallery/qc2753/350/qc2753-2.jpg,12.0777949,-86.2231504,trunk
qc4224,Moderna oficina en venta en Bolonia,Oficina,Bolonia,Managua,Managua,4,3,10,423.00,Mt²,"2,649.00",Vrs²,380000.00,USD,"Moderno y ámplio edificio en venta en Bolonia, ideal para oficina, ubicado en zona céntrica, segura y de fácil acceso, cerca de gasolineras, tiendas, supermercados, farmacias, bancos y comercios va...",https://www.quierocasa.com/anuncio/qc4224/0/moderna-oficina-en-venta-en-bolonia.htm,https://www.quierocasa.com/gallery/qc4224/350/qc4224-1.jpg,12.1398941,-86.2815427,administrative
qc4199,Exclusiva propiedad en Santo Domingo: ¡Una oportunidad de inversión in,Casa,Santo Domingo,Managua,Managua,4,3.5,4,420.00,Mt²,"2,500.00",Vrs²,419000.00,USD,"Preciosa propiedad en venta en Santo Domingo, ubicada en zona exclusiva, céntrica y segura, de fácil acceso, cerca de estaciones de servicio, supermercados, tiendas, escuelas y hospitales. Cuenta...",https://www.quierocasa.com/anuncio/qc4199/0/exclusiva-propiedad-en-santo-domingo-una-oportunidad-de-inversion-in.htm,https://www.quierocasa.com/gallery/qc4199/350/qc4199-1.jpg,12.1516383,-86.2663177,administrative
qc3441,Se vende casa en San Juan del sur,Casa,San Juan del Sur,Rivas,,4,5,2,227.00,Mt²,,,369000.00,USD,Gran Oportunidad hermosa casa en Colinas de Miramar,https://www.quierocasa.com/anuncio/qc3441/0/se-vende-casa-en-san-juan-del-sur.htm,https://www.quierocasa.com/gallery/qc3441/350/qc3441-1.jpg,11.1943967,-85.8597572,administrative
qc4143,Hermosa casa en venta en Lomas de Santa Lucia,Casa,Santo Domingo,Managua,Managua,3,3.5,2,,,,,450000.00,USD,"hermosa casa en venta en condominio Lomas de santa Lucia, ubicado en Santo Domingo. Cuenta con seguridad las 24 horas, fácil acceso, cerca de colegios, universidad, hospital, farmacias, centros comer...",https://www.quierocasa.com/anuncio/qc4143/0/hermosa-casa-en-venta-en-lomas-de-santa-lucia.htm,https://www.quierocasa.com/gallery/qc4143/350/qc4143-1.jpg,12.1516383,-86.2663177,administrative
qc4138,Terreno de 470 manzanas en venta en Rivas,Terreno,Rivas,Rivas,Rivas,,,,,,,,1175000.00,USD,"Hermoso terreno de 470 manzanas en Cardenas Rivas, ubicado en zona segura y de fácil acceso a pocs mintos de gasolineras, farmacias, escuelas y tiendas. 1.3 kms de costa al lago",https://www.quierocasa.com/anuncio/qc4138/0/terreno-de-470-manzanas-en-venta-en-rivas.htm,https://www.quierocasa.com/gallery/qc4138/350/qc4138-1.jpg,11.4389392,-85.8287394,administrative
qc3482,Se vende terreno en Santo Domingo,Terreno,Santo Domingo,Managua,Managua,,,,,,"2,280.00",Vrs²,100000.00,USD,"Se vende Hermoso terreno en zona exclusiva en los balcones de santo domingo, el residencial cuenta con calle pavimentada",https://www.quierocasa.com/anuncio/qc3482/0/se-vende-terreno-en-santo-domingo.htm,https://www.quierocasa.com/gallery/qc3482/350/qc3482-1.jpg,12.1516383,-86.2663177,administrative
qc4112,Hermoso terreno en venta en San Juan del Sur,Terreno,San Juan del Sur,San Juan del Sur,Rivas,,,,,,"2,144.00",Mt²,79000.00,USD,"Hermoso terreno disponible para venta en Rancho Papayal, San Juan del Sur, ubicado en zona de gran plusvalía, centrico y de fácil acceso, a pocos minutos de Estaciones de servicio, restaurantes, far...",https://www.quierocasa.com/anuncio/qc4112/0/hermoso-terreno-en-venta-en-san-juan-del-sur.htm,https://www.quierocasa.com/gallery/qc4112/350/qc4112-1.jpg,11.2542297,-85.8722797,administrative
qc4106,Local comercial en venta en Altagracia,Local Comercial,Altagracia,Managua,Managua,,,2,597.81,Mt²,,,150000.00,USD,"Bonito y amplio local en venta en Altagracia, zona centrica, segura y de facil acceso, cerca de estaciones de servicio, bancos, farmacias y escuelas. Ideal para almacenamiento de mercaderia",https://www.quierocasa.com/anuncio/qc4106/0/local-comercial-en-venta-en-altagracia.htm,https://www.quierocasa.com/gallery/qc4106/350/qc4106-1.jpg,12.1378154,-86.2917389,pharmacy
qc2074,Venta de casa en Estancia Santo Domingo,Casa,Santo Domingo,Managua,Managua,3,3.5,2,254.78,Mt²,700.00,Vrs²,297600.00,USD,"Preciosa casa ubicada en condominio privado, con seguridad las 24 horas, fácil acceso, cerca de supermercados, tiendas, colegios, universidades, hospital, farmacias, entre otros. Preciosa casa con...",https://www.quierocasa.com/anuncio/qc2074/0/venta-de-casa-en-estancia-santo-domingo.htm,https://www.quierocasa.com/gallery/qc2074/350/qc2074-1.jpg,12.1516383,-86.2663177,administrative
qc4035,Hermosa residencia en venta en Carretera Masaya,Casa,Carretera a Masaya,Managua,Managua,3,2,1,130.78,Mt²,503.57,Vrs²,150000.00,USD,"Preciosa casa amueblada en venta en Residencial Palmetto, km 15 carretera a Masaya, ubicada en zona centrica y segura, de fácil acceso, cerca de centro de compras, supermercados, escuelas, hospitales...",https://www.quierocasa.com/anuncio/qc4035/0/hermosa-residencia-en-venta-en-carretera-masaya.htm,https://www.quierocasa.com/gallery/qc4035/350/qc4035-1.jpg,12.0777949,-86.2231504,trunk
qc3985,Proyecto de 4 casas en pre-construccion en Altos de Santo Domingo,Casa,Santo Domingo,Managua,Managua,4,4,1,360.00,Mt²,687.00,Vrs²,336000.00,USD,"Condominio exclusivo con 4 residencias en venta en Altos de Santo Domingo, zona céntrica, tranquila y silenciosa, de fácil acceso, cerca de centro de compras, supermercados, estaciones de servicio, ...",https://www.quierocasa.com/anuncio/qc3985/0/proyecto-de-4-casas-en-pre-construccion-en-altos-de-santo-domingo.htm,https://www.quierocasa.com/gallery/qc3985/350/qc3985-1.jpg,12.1516383,-86.2663177,administrative
qc3053,Venta de terreneo km11.5 carr. Masaya,Terreno,Carretera a Masaya,Managua,Managua,,,,,,"5,000.00",Vrs²,225000.00,USD,Venta de terreno a 1 cuadra de Pricemart carretera Masaya. Son 50000vrs de terreno plano a 45 dólares la vara negociables. Ideal para construir apartamentos.,https://www.quierocasa.com/anuncio/qc3053/0/venta-de-terreneo-km115-carr-masaya.htm,https://www.quierocasa.com/gallery/qc3053/350/qc3053-5.jpg,12.0777949,-86.2231504,trunk
qc3976,Preciosa propiedad en venta en San juan del Sur,Casa,San Juan del Sur,Rivas,Rivas,3,4.5,2,,,,,299000.00,USD,"Preciosa propiedad en venta en San juan del Sur, con espectacular vista al mar, zona segura y de fácil acceso, a pocos minutos del centro de la ciudad, cerca de estaciones de servicio, farmacias, tie...",https://www.quierocasa.com/anuncio/qc3976/0/preciosa-propiedad-en-venta-en-san-juan-del-sur.htm,https://www.quierocasa.com/gallery/qc3976/350/qc3976-1.jpg,11.1943967,-85.8597572,administrative
c331g,Venta de casa en carretera Masaya,Casa,Managua,,,5,4.5,2,240.00,Mt²,340.00,Vrs²,110000.00,USD,"Bonita casa en residencial seguro y fresco, casa ideal para familias grandes. La casa cue ta con 2 plantas y esta distribuida de la siguiente manera: la planta baja tiene sala, comedor, baño de vis...",https://www.quierocasa.com/anuncio/c331g/0/venta-de-casa-en-carretera-masaya.htm,https://www.quierocasa.com/gallery/c331g/350/c331g-8.jpg,12.1547116,-86.2737250,administrative
qc3917,Se vende finca de 100 mananas en Rivas,Finca,Rivas,Rivas,Rivas,,,,,,,,600000.00,USD,"Hermosa propiedad en venta en Sapoa Rivas, ubicada en zona segura y tranquila, de facil acceso, a pocos minutos de gasolineras, farmacias y tiendas. La Propiedad cuenta con: -Casa de cuidador. -E...",https://www.quierocasa.com/anuncio/qc3917/0/se-vende-finca-de-100-mananas-en-rivas.htm,https://www.quierocasa.com/gallery/qc3917/350/qc3917-1.jpg,11.4389392,-85.8287394,administrative
qc3588,Tu nuevo hogar te espera: Casa en venta en Santo Domingo,Casa,Santo Domingo,Managua,Managua,5,6,4,648.00,Mt²,"1,450.00",Vrs²,420000.00,USD,"Preciosa casa de dos plantas en Santo Domingo, ubicada en zona centrica, segura y silenciosa, cerca de centro de compras, escuelas, gasolineras y hospitales, sala principal con fuente integrada, sala ...",https://www.quierocasa.com/anuncio/qc3588/0/tu-nuevo-hogar-te-espera-casa-en-venta-en-santo-domingo.htm,https://www.quierocasa.com/gallery/qc3588/350/qc3588-1.jpg,12.1516383,-86.2663177,administrative
qc1121,Módulo comerciales en la Centroamérica,Local Comercial,Centroamerica,Managua,Managua,,1,4,320.00,Mt²,540.00,Mt²,265000.00,USD,"Módulo nuevo de 85 mts de construcción en alquiler con acabados de primera calidad, cuenta con baño propio, área de lavandería, estacionamiento para 9 vehículos. Se vende el complejo comer...",https://www.quierocasa.com/anuncio/qc1121/0/modulo-comerciales-en-la-centroamerica.htm,https://www.quierocasa.com/gallery/qc1121/350/qc1121-1.jpg,12.1140728,-86.2500635,neighbourhood
qc3721,Venta de Edificio de Apartamentos,Hotel,Santo Domingo,Managua,Managua,12,12,14,"1,200.00",Mt²,,,980000.00,USD,"Casa hotel en venta en zona de Galerias de Santo Domingo, ubicado en zona centrica, segura y de facil acceso, cerca de bancos y avenida principal. Propiedad cuenta con 12 Apartamentos de Lujo, cocina...",https://www.quierocasa.com/anuncio/qc3721/0/venta-de--edificio-de-apartamentos.htm,https://www.quierocasa.com/gallery/qc3721/350/qc3721-3.jpg,12.1516383,-86.2663177,administrative
qc3863,Terreno en venta en Carretera Masaya,Terreno,Carretera a Masaya,Managua,Managua,,,,,,"2,625.00",Vrs²,130000.00,USD,"Hermoso terreno en venta en Carretera Masaya, ubicacion céntrica, segura y de facil acceso, a tan solo 300 mts de Pricemart cerca de centros comerciales, estaciones de servicio, escuelas, hospitales ...",https://www.quierocasa.com/anuncio/qc3863/0/terreno-en-venta-en-carretera-masaya.htm,https://www.quierocasa.com/gallery/qc3863/350/qc3863-1.jpg,12.0777949,-86.2231504,trunk
qc3182,Hermosa casa en venta por Colegio Americano,Casa,Colegio Americano,Managua,Managua,3,2.5,2,160.00,Mt²,,,200000.00,USD,"Hermosa y espaciosa casa en venta. Dos plantas. 3 dormitorios, 2.5. baños, sala, comedor, cocina, amplia terraza, área de lavandería y de servicio. Estacionamiento para dos vehículos.",https://www.quierocasa.com/anuncio/qc3182/0/hermosa-casa-en-venta-por-colegio-americano.htm,https://www.quierocasa.com/gallery/qc3182/350/qc3182-2.jpg,12.1120237,-86.2777957,school
qc3271,Moderna casa con amplios espacios,Casa,Las Colinas,Managua,Managua,4,4,2,365.00,Mt²,780.00,Vrs²,285000.00,USD,ubicada dentro de bello y exclusivo condominio,https://www.quierocasa.com/anuncio/qc3271/0/moderna-casa-con-amplios-espacios.htm,https://www.quierocasa.com/gallery/qc3271/350/qc3271-8.jpg,12.1964007,-86.3692092,village
qc3785,Casa en venta en Gran pacifica,Casa,GRAN PACIFICA BEACH RESORT,San Rafael del Sur,Managua,2,2,2,160.00,Mt²,,,229999.00,USD,"Precioso condomininio en venta en Gran pacifica Resort, uno de los mas grandes, ubicado en zona segura y tranquila con espectacular vista al mar, de facil acceso, a pocos minutos de estaciones de serv...",https://www.quierocasa.com/anuncio/qc3785/0/casa-en-venta-en-gran-pacifica.htm,https://www.quierocasa.com/gallery/qc3785/350/qc3785-1.jpg,11.8719408,-86.4614726,bus_stop
qc3240,Lujosa casa en venta en San Juan del Sur,Casa,San Juan del Sur,Rivas,,4,4.5,2,,,,,420000.00,USD,"Brisas del Pacifico es un Desarrollo ubicado a tan solo 5 min de el centro de san juan del sur, es una oportunidad única para comprar una casa dentro de un desarrollo que cuenta con todos los benefic...",https://www.quierocasa.com/anuncio/qc3240/0/lujosa-casa-en-venta-en-san-juan-del-sur.htm,https://www.quierocasa.com/gallery/qc3240/350/qc3240-1.jpg,11.1943967,-85.8597572,administrative
qc3019,Venta de preciosa casa en San Juan del Sur,Casa,San Juan del Sur,San Juan del Sur,Rivas,3,2,1,,,,,97000.00,USD,Preciosa casa nueva situada a minutos del pueblo de San Juan del Sur y playas vecinas! Amplia área de cocina con tops de granito y luz natural que llena el espacio abierto con techos elevados. Una ca...,https://www.quierocasa.com/anuncio/qc3019/0/venta-de-preciosa-casa--en-san-juan-del-sur.htm,https://www.quierocasa.com/gallery/qc3019/350/qc3019-1.jpg,11.2542297,-85.8722797,administrative
qc3762,Terreno en venta en Niquinomo,Terreno,Niquinomo,Masaya,,,,,,,"11,700.00",Vrs²,46800.00,USD,"Hermoso terreno en venta en Niquinomo, ubicado en zona segura y tranquila, excelente clima, de facil acceso, cerca de centro de compras, gasolineras y farmacias.",https://www.quierocasa.com/anuncio/qc3762/0/terreno-en-venta-en-niquinomo.htm,https://www.quierocasa.com/gallery/qc3762/350/qc3762-1.jpg,11.9736474,-86.0960547,administrative
qc3281,Se vende precioso duplex con vista al mar,Casa,San Juan del Sur,Rivas,,3,3,2,,,,,289000.00,USD,"DUPLEX MALIBU Superficie total 2000Sf 3 dormitorios y 3 baños completos, piscina privada y vista al mar Características generales: Gabinetes y puertas de madera dura a medida Totalmente amueblado...",https://www.quierocasa.com/anuncio/qc3281/0/se-vende-precioso-duplex-con-vista-al-mar.htm,https://www.quierocasa.com/gallery/qc3281/350/qc3281-3.jpg,11.1943967,-85.8597572,administrative
qc1794,Preciosa casa en venta en Estancia de Santo Domingo,Casa,Santo Domingo,Managua,Managua,5,6,6,735.00,Mt²,"2,100.00",Vrs²,1200000.00,USD,"Se vende espectacular casa ubicada en una de las mejores zonas de Managua, Estancia de Santo Domingo, cuenta con fácil acceso, a tan solo minutos de la carretera a Masaya, centros comerciales, hospit...",https://www.quierocasa.com/anuncio/qc1794/0/preciosa-casa-en-venta-en-estancia-de-santo-domingo.htm,https://www.quierocasa.com/gallery/qc1794/350/qc1794-21.jpg,12.1516383,-86.2663177,administrative
qc3673,Se vende Local Comercial en San Marcos,Local Comercial,Las Esquinas,San Marcos,Carazo,,,2,"1,802.48",Mt²,"30,456.31",Mt²,450000.00,USD,"Se vende amplio local en Km 38 carretera a San Marcos, zona segura y de facil acceso, a pocos minutos de gasolineras, centro de compras y farmacias.",https://www.quierocasa.com/anuncio/qc3673/0/se-vende-local-comercial-en-san-marcos.htm,https://www.quierocasa.com/gallery/qc3673/350/qc3673-1.jpg,11.8962331,-86.2498295,guest_house
qc3666,Vive el estilo de vida que deseas: Casa en venta en Santo Domingo,Casa,Santo Domingo,Managua,Managua,3,2,2,,,,,180000.00,USD,"Hermosa casa en venta en Santo Domingo, zona centrica, segura y silenciosa, cerca de centros comerciales, escuelas y hospitales. Esta propiedad tiene las siguientes características: Sala, Comedor, Co...",https://www.quierocasa.com/anuncio/qc3666/0/vive-el-estilo-de-vida-que-deseas-casa-en-venta-en-santo-domingo.htm,https://www.quierocasa.com/gallery/qc3666/350/qc3666-1.jpg,12.1516383,-86.2663177,administrative
qc3661,Propiedad en venta en Gran Pacifica,Terreno,GRAN PACIFICA BEACH RESORT,San Rafael del Sur,Managua,,,,,,"1,335.72",Vrs²,49000.00,USD,Vendo lote en Gran Pacifica Resort. Ubicado a 3 minutos caminando desde la playa.,https://www.quierocasa.com/anuncio/qc3661/0/propiedad-en-venta-en-gran-pacifica.htm,https://www.quierocasa.com/gallery/qc3661/350/qc3661-1.jpg,11.8719408,-86.4614726,bus_stop
qc3648,Local en venta en Masaya,Local Comercial,Masaya,Masaya,Masaya,,,2,"1,246.12",Mt²,"1,288.80",Vrs²,306180.00,USD,"Amplio local comercial en venta en Km 28.60 carretera Managua-Masaya, zona tranquila, centrica y de facil acceso, a pocos minutos de centros comerciales, escuelas y hospitales. Cuenta con 2 plantas, o...",https://www.quierocasa.com/anuncio/qc3648/0/local-en-venta-en-masaya.htm,https://www.quierocasa.com/gallery/qc3648/350/qc3648-1.jpg,11.9736474,-86.0960547,administrative
qc3647,Venta de Local en Los Robles,Local Comercial,Los Robles,Managua,Managua,,,2,258.88,Mt²,447.81,Vrs²,160100.00,USD,"Espacioso local comercial en venta en colonial Los Robles, zona centrica, segura y de facil acceso, cerca de bancos, gasolineras y diversos comercios. La propiedad cuenta con parqueo, sala, cocina, ba...",https://www.quierocasa.com/anuncio/qc3647/0/venta-de-local-en-los-robles.htm,https://www.quierocasa.com/gallery/qc3647/350/qc3647-1.jpg,12.1212007,-86.2653351,administrative
qc3646,Local comercial en venta en Managua,Local Comercial,Managua,Managua,Managua,10,4,2,637.00,Mt²,"1,792.22",Vrs²,508970.00,USD,"Espacioso y elegante local en venta en el sector del Hotel Seminole, zona centrica, segura y de facil acceso, cerca de centros comerciales, hoteles, gasolineras y diversos comercios. Cuenta con área ...",https://www.quierocasa.com/anuncio/qc3646/0/local-comercial-en-venta-en-managua.htm,https://www.quierocasa.com/gallery/qc3646/350/qc3646-1.jpg,12.1547116,-86.2737250,administrative
qc3637,venta de modulos en Centro Comercial Managua,Local Comercial,Centroamerica,Managua,Managua,,,2,280.78,Mt²,401.26,Vrs²,203000.00,USD,"Módulos en venta en centro comercial Managua, con acceso a todos los servicios básicos. ideal para cualquier negocio, zona centrica y segura.",https://www.quierocasa.com/anuncio/qc3637/0/venta-de-modulos-en-centro-comercial-managua.htm,https://www.quierocasa.com/gallery/qc3637/350/qc3637-1.jpg,12.1140728,-86.2500635,neighbourhood
qc3443,Casa nueva en estancia de santo Domingo,Casa,Santo Domingo,Managua,Managua,3,3.5,2,250.00,Mt²,"1,084.00",Vrs²,295000.00,USD,"Preciosa Casa de 2 pisos tipo Loft Moderna, incluye muros laterales y traseros Hecha a la medida y gustos del cliente. No incluye piscina",https://www.quierocasa.com/anuncio/qc3443/0/casa-nueva-en-estancia-de-santo-domingo.htm,https://www.quierocasa.com/gallery/qc3443/350/qc3443-1.jpg,12.1516383,-86.2663177,administrative
qc3590,Se vende casa en Lomas de Ticomo,Casa,Carretera Sur,Managua,Managua,3,3,3,208.00,Mt²,"1,396.00",Vrs²,230000.00,USD,"Hermosa casa en venta en Lomas de Ticomo, residencial centrico, seguro y silencioso, cerca de centro de compras, escuelas, gasolineras y hospitales.",https://www.quierocasa.com/anuncio/qc3590/0/se-vende-casa-en-lomas-de-ticomo.htm,https://www.quierocasa.com/gallery/qc3590/350/qc3590-1.jpg,12.1412787,-86.2953782,trunk
qc3566,Se vende hotel amueblado en carretera Sur,Hotel,Carretera Sur,Managua,Managua,9,9,5,900.00,Mt²,"2,500.00",Vrs²,750000.00,USD,"Hermoso hotel disponible para venta, totalmente amueblado, ubicado en privilegiada zona rodeada de un exclusivo ambiente natural con espacios amplios y comodos para los visitantes, cerca de centros co...",https://www.quierocasa.com/anuncio/qc3566/0/se-vende-hotel-amueblado-en-carretera-sur.htm,https://www.quierocasa.com/gallery/qc3566/350/qc3566-1.jpg,12.1412787,-86.2953782,trunk
qc3491,Se venden 2 Lotes en Lomas de Veracruz,Terreno,Veracruz,Managua,Managua,,,,,,2.00,Vrs²,80000.00,USD,"Ganga se venden 2 lotes preferiblemente juntos, totalmente planos, documentos en regla, acceso a todos los servicios. Medida de los lotes, lote no.1.- 2,329.43 v2 , y el lote No.2, mide 2.028 v2. a m...",https://www.quierocasa.com/anuncio/qc3491/0/se-venden-2-lotes-en-lomas-de-veracruz.htm,https://www.quierocasa.com/gallery/qc3491/350/qc3491-1.jpg,11.9869063,-86.3991679,administrative
qc3408,vendo hermosa casa en san juan del sur,Casa,San Juan del Sur,Rivas,,,,2,,,,,360000.00,USD,"4 cuartos y tres banos. 1 cuarto de servicio con su baño. Planta electrica , calentador de agua, linea blanca. Aire acondicionados en todos los cuartos y aire central en cocina sala y comedor. Inc...",https://www.quierocasa.com/anuncio/qc3408/0/vendo-hermosa-casa-en-san-juan-del-sur.htm,https://www.quierocasa.com/gallery/qc3408/350/qc3408-10.jpg,11.1943967,-85.8597572,administrative
qc3227,"Se vende lote de 1,037 mts2 en Playa El Remanso",Terreno,El Remanso,Rivas,Rivas,,,,,,"1,037.00",Mt²,133000.00,USD,"precioso lote con vista al mar de 1,037 mts2",https://www.quierocasa.com/anuncio/qc3227/0/se-vende-lote-de-1037-mts2-en-playa-el-remanso.htm,https://www.quierocasa.com/gallery/qc3227/350/qc3227-1.jpg,11.2208117,-85.8477729,beach
qc3226,Se vende lote de 330 mts2 Playa El Remanso,Terreno,El Remanso,San Juan del Sur,Rivas,,,,,,330.00,Mt²,55000.00,USD,Precioso lote con vista al mar de 330 mts2,https://www.quierocasa.com/anuncio/qc3226/0/se-vende-lote-de-330-mts2-playa-el-remanso.htm,https://www.quierocasa.com/gallery/qc3226/350/qc3226-1.jpg,11.2208117,-85.8477729,beach
qc3278,Terrenos con vista en Tola,Terreno,Bucaneros Point,Tola,Rivas,,,,,,400.00,Mt²,89000.00,USD,"preciosos terrenos con vista en tola, en Bucaneros Point, el terreno mide 400 mts2",https://www.quierocasa.com/anuncio/qc3278/0/terrenos-con-vista-en-tola.htm,https://www.quierocasa.com/gallery/qc3278/350/qc3278-9.jpg,11.4374240,-85.9333472,secondary
qc3283,Lujoso Hotel en venta en San Juan del Sur,Hotel,San Juan del Sur,Rivas,,12,,2,,,,,850000.00,USD,"Se vende precioso hotel ubicado en San Juan del Sur, el precio es con todo el mobiliario, la propiedad tiene una impresionante vista al mar y se encuentra ubicados a unos pasos de la bahía ventaja qu...",https://www.quierocasa.com/anuncio/qc3283/0/lujoso-hotel-en-venta-en-san-juan-del-sur.htm,https://www.quierocasa.com/gallery/qc3283/350/qc3283-1.jpg,11.1943967,-85.8597572,administrative
qc3276,Hotel en ganga en San Juan del Sur,Hotel,San Juan del Sur,Rivas,,9,9,2,802.00,Mt²,,,600000.00,USD,"Ubicado en el centro de la hermosa Bahía de San Juan del Sur, Rivas a tan solo 200 metros de la costa. cuenta: ? 9 habitaciones ?9 baños ?cocina ?desayunador ?pis...",https://www.quierocasa.com/anuncio/qc3276/0/hotel-en-ganga-en-san-juan-del-sur.htm,https://www.quierocasa.com/gallery/qc3276/350/qc3276-1.jpg,11.1943967,-85.8597572,administrative
qc3272,Hotel San Juan del Sur,Hotel,San Juan del Sur,Rivas,,,,15,"1,454.00",Mt²,"17,604.00",Vrs²,750000.00,USD,"Area construida: 1,454 metros cuadrado (Mtrs)2 1) EDIFICIO GRANDE HOTEL Planta Baja: 303.36 (mtrs)2 4 cuartos 3 baños 1 Oficina 1 Sala de est...",https://www.quierocasa.com/anuncio/qc3272/0/hotel-san-juan-del-sur.htm,https://www.quierocasa.com/gallery/qc3272/350/qc3272-1.jpg,11.1943967,-85.8597572,administrative
qc3268,Preciosa casa en Carretera sur,Casa,Managua,,,4,3.5,4,450.00,Mt²,"1,790.00",Vrs²,295000.00,USD,"Bella , con finos acabados y el mejor clima de managua",https://www.quierocasa.com/anuncio/qc3268/0/preciosa-casa-en-carretera-sur.htm,https://www.quierocasa.com/gallery/qc3268/350/qc3268-1.jpg,12.1547116,-86.2737250,administrative
qc3263,Terreno frente a la carretera en San Juan del Sur,Terreno,San Juan del Sur,Rivas,,,,,,,375.00,Mt²,14000.00,USD,"Lote de 15x25 bonito en las delicias a orilla de la calle, entre el cruce a remanso y carretera playa hermosa , cerca de El Coyol",https://www.quierocasa.com/anuncio/qc3263/0/terreno-frente-a-la-carretera-en-san-juan-del-sur.htm,https://www.quierocasa.com/gallery/qc3263/350/qc3263-2.jpg,11.1943967,-85.8597572,administrative
qc3262,Se vende Hotel en San Juan del Sur,Hotel,San Juan del Sur,Rivas,,7,7.5,3,300.00,Mt²,,,350000.00,USD,"El establecimiento cuenta con 7 habitaciones totalmente equipadas con aire acondicionado y baño privado. Está ubicado en la calle principal de San Juan del Sur, a una cuadra de la playa. El edific...",https://www.quierocasa.com/anuncio/qc3262/0/se-vende-hotel-en-san-juan-del-sur.htm,https://www.quierocasa.com/gallery/qc3262/350/qc3262-12.jpg,11.1943967,-85.8597572,administrative
qc3229,Se vende propiedad de 3 casas con 6 apartamentos,Casa,El Raizon,Managua,Managua,3,3,20,,,3.70,Mz,738000.00,USD,"Ajuste de precios Gran oportunidad $ 738,000 antes $ 820,000 La propiedad está compuesta por una casa principal con tres dormitorios y tres baños. Cocina con área de desayuno. Comedor. Cuart...",https://www.quierocasa.com/anuncio/qc3229/0/se-vende-propiedad-de-3-casas-con-6-apartamentos.htm,https://www.quierocasa.com/gallery/qc3229/350/qc3229-1.jpg,12.1547116,-86.2737250,administrative
qc3222,Se vende lujosa casa en Playa El Remanso,Casa,El Remanso,San Juan del Sur,Rivas,6,6,2,,,,,680000.00,USD,"Esta hermosa Casa cuenta con 6 habitaciones con sus baños, walking closet, todas las habitaciones poseen balcon y la casa tiene vista panoramica al oceano, la habitación master cuenta con dos terr...",https://www.quierocasa.com/anuncio/qc3222/0/se-vende-lujosa-casa-en-playa-el-remanso.htm,https://www.quierocasa.com/gallery/qc3222/350/qc3222-1.jpg,11.2208117,-85.8477729,beach
qc600,Terreno sobre pista Carretera Masaya,Terreno,Carretera a Masaya,Managua,Managua,,,,,,"15,000.00",Vrs²,2775000.00,USD,"Terreno en venta de 15,000 vrs2 en Carretera Masaya Km. 10.8. Amurallado con infraestructura. 134 metros de frente con la carretera masaya. $185 dólares / Vrs2.",https://www.quierocasa.com/anuncio/qc600/0/terreno-sobre-pista-carretera--masaya.htm,https://www.quierocasa.com/gallery/qc600/350/qc600-1.jpg,12.0777949,-86.2231504,trunk
qc3169,"Se vende lote de 1,700 vrs2 en playa Guasacate",Terreno,Playa Guasacate,Rivas,Rivas,,,,,,"1,700.00",Vrs²,130000.00,USD,"Se vende lote expetacular en guasacate tiene 20 mts2 de frente al mar, el lote mide 1,700 vrs2",https://www.quierocasa.com/anuncio/qc3169/0/se-vende-lote-de-1700-vrs2-en--playa-guasacate.htm,https://www.quierocasa.com/gallery/qc3169/350/qc3169-7.jpg,11.4687243,-86.1219795,beach
qc3168,"Se vende terreno de 1,017 m2 en San Juan del Sur",Terreno,San Juan del Sur,Rivas,Rivas,,,,,,"1,017.00",Mt²,55000.00,USD,"se vende lote de 1,017 m2, con acceso a energía electrica y agua potable, cuenta con una increible vista al mar de 180 grados y el campo circundante. El terreno ha sido despejado y nivelado para a...",https://www.quierocasa.com/anuncio/qc3168/0/se-vende-terreno-de-1017-m2-en-san-juan-del-sur.htm,https://www.quierocasa.com/gallery/qc3168/350/qc3168-1.jpg,11.1943967,-85.8597572,administrative
c245j,Preciosa casa en Las Colinas con piscina,Casa,Las Colinas,Managua,Managua,3,3.5,2,425.00,Mt²,"2,500.00",Vrs²,425000.00,USD,"Hermosa casa con amplio terreno y acabados de primera calidad, ubicada en las Colinas. Cuenta con fácil acceso, cerca de hospital, farmacias, colegios, universidades, supermercado, centros comercial...",https://www.quierocasa.com/anuncio/c245j/0/preciosa-casa-en-las-colinas-con-piscina.htm,https://www.quierocasa.com/gallery/c245j/350/c245j-1.jpg,12.1964007,-86.3692092,village
qc3164,Precioso terreno en santo domingo,Terreno,Managua,,,,,,,,546.00,Vrs²,78000.00,USD,Exclusivo condominio ideal para tu familia.,https://www.quierocasa.com/anuncio/qc3164/0/precioso-terreno-en-santo-domingo.htm,https://www.quierocasa.com/gallery/qc3164/350/qc3164-3.jpg,12.1547116,-86.2737250,administrative
qc3162,Precioso Terreno en Santo domingo dentro de condominio,Terreno,Managua,,,,,,,,775.85,Vrs²,58000.00,USD,Precioso terreno listo para construir tu casa. ya cuenta con muro perimetral,https://www.quierocasa.com/anuncio/qc3162/0/precioso-terreno-en-santo-domingo-dentro-de-condominio.htm,https://www.quierocasa.com/gallery/qc3162/350/qc3162-1.jpg,12.1547116,-86.2737250,administrative
qc3163,Precioso Lote en Santo Domingo,Terreno,Santo Domingo,Managua,Managua,,,,,,737.87,Vrs²,63000.00,USD,"Precioso terreno dentro de condominio, ideal para tu nueva casa, en un hambiente agradable",https://www.quierocasa.com/anuncio/qc3163/0/precioso-lote-en-santo-domingo.htm,https://www.quierocasa.com/gallery/qc3163/350/qc3163-1.jpg,12.1516383,-86.2663177,administrative
qc1191,"Hermoso terreno de 1,400 vrs, carr. Masaya.",Terreno,Esquipulas,Managua,Managua,,,,,,"1,400.00",Vrs²,50400.00,USD,"Amplio terreno de 1400 vrs, a 600 mts de la carretera Masaya en el km. 11 1/2.",https://www.quierocasa.com/anuncio/qc1191/0/hermoso-terreno-de-1400-vrs-carr-masaya.htm,https://www.quierocasa.com/gallery/qc1191/350/qc1191-1.jpg,12.0745878,-86.2158151,neighbourhood
qc3122,Se vende finca forestal de 80 Manzanas,Finca,La Forestal,Rivas,Rivas,,,,,,80.00,Mz,800000.00,USD,"Finca forestal de madera Teca, todos los permisos al día de operaciones y comercialización. Aserradero en perfetas condiciones. Volumen de madera ya procesada. parte de la plantación lista para ser...",https://www.quierocasa.com/anuncio/qc3122/0/se-vende-finca-forestal-de-80-manzanas.htm,https://www.quierocasa.com/gallery/qc3122/350/qc3122-7.jpg,11.4389392,-85.8287394,administrative
qc3123,Se vende finca de 29.5 manzanas en Tola,Finca,Tola,Rivas,,,,,,,29.50,Mz,220000.00,USD,"Grandiosa oportunidad de inversión en Nahualaoa, tola a tan solo: 9 kms de playa Guasacate, a 11 km desde el aeropuerto costa esmeralda, a 4.1 km de playa Santana, vista al oceano a 3.1 km lineales,...",https://www.quierocasa.com/anuncio/qc3123/0/se-vende-finca-de-295-manzanas-en-tola.htm,https://www.quierocasa.com/gallery/qc3123/350/qc3123-1.jpg,11.3692021,-86.1191456,administrative
qc3120,Se vende finca de 46 Manzanas en Rivas,Finca,La Virgen,Rivas,Rivas,,,,,,46.00,Mz,230000.00,USD,"Esta propiedad esta ubicado en un punto estrategico, ya que esta entre la comunidad de la virgen y el puerto turistico de San Juan del Sur. Cuenta con 46 manzanas de extension, 14 manzanas de estas...",https://www.quierocasa.com/anuncio/qc3120/0/se-vende-finca-de-46-manzanas-en-rivas.htm,https://www.quierocasa.com/gallery/qc3120/350/qc3120-4.jpg,11.3723984,-85.7583539,administrative
qc3110,Exclusivo Terreno en Balcones de Santo Domingo,Terreno,Santo Domingo,Managua,Managua,,,,,,"2,013.00",Vrs²,110000.00,USD,"Descubre el terreno ideal para construir la casa de tus sueños , dentro del residencial con más alta plusvalía de Managua. Cuenta con 27 varas de Frente y 48 varas de Fondo",https://www.quierocasa.com/anuncio/qc3110/0/exclusivo-terreno-en-balcones-de-santo-domingo.htm,https://www.quierocasa.com/gallery/qc3110/350/qc3110-1.jpg,12.1516383,-86.2663177,administrative
qc3109,Precioso terreno en Altos de Santo Domingo,Terreno,Santo Domingo,Managua,Managua,,,,,,"1,773.00",Vrs²,69500.00,USD,"Ubicado en zona de alta plusvalía, urbanizado en un 90% con propiedades de alto valor en el mercado inmobiliario.",https://www.quierocasa.com/anuncio/qc3109/0/precioso-terreno-en-altos-de-santo-domingo.htm,https://www.quierocasa.com/gallery/qc3109/350/qc3109-1.jpg,12.1516383,-86.2663177,administrative
qc3040,Lotes en venta Esquipulas,Terreno,Esquipulas,Managua,Managua,,,,,,800.00,Vrs²,24000.00,USD,"Se venden 10 lotes de 800 vrs cada uno en Esquipulas, son 5 lotes a cada lado y al centro una calle de 6 metros más 2 metros para andenes. De fácil acceso.",https://www.quierocasa.com/anuncio/qc3040/0/lotes-en-venta-esquipulas.htm,https://www.quierocasa.com/gallery/qc3040/350/qc3040-1.jpg,12.0745878,-86.2158151,neighbourhood
qc1863,"Hermoso terreno lista para urbanizar, Las Colinas",Terreno,Las Colinas,Managua,Managua,,,,,,"10,000.00",Vrs²,450000.00,USD,"Se vende hermoso terreno ubicado en la 4ta entrada a las Colinas, a tan solo 250 mts de wal-Mart. cuenta con fácil acceso. área de terreno de 10,000 vrs2 a $45.00 dólares negociable. Precio t...",https://www.quierocasa.com/anuncio/qc1863/0/hermoso-terreno-lista-para-urbanizar-las-colinas.htm,https://www.quierocasa.com/gallery/qc1863/350/qc1863-1.jpg,12.1964007,-86.3692092,village
qc1231,Hermosa casa zona hippos- Reparto San Juan,Casa,Reparto San Juan,Managua,Managua,5,7.5,12,600.00,Mt²,"3,650.00",Vrs²,600000.00,USD,600 Metros Cuadrados de Construcción. Sala Formal Sala Familiar 4 habitaciones amplias 1 Estudio Vestíbulo Comedor Formal Amplia Cocina Departamento de Servicio Departamento de Lava...,https://www.quierocasa.com/anuncio/qc1231/0/hermosa-casa-zona-hippos--reparto-san-juan.htm,https://www.quierocasa.com/gallery/qc1231/350/qc1231-1.jpg,12.1219000,-86.2697106,administrative
qc3048,Venta de terreno en las Colinas,Terreno,Las Colinas,Managua,Managua,,,,,,,,450000.00,USD,"Bonito terreno en el kilómetro 9 de carretera Masaya a solo 200 metros de la carretera. Terreno plano y rectangular de 10,000 varas en zona de fácil acceso. Todos los documentos al día. Se pu...",https://www.quierocasa.com/anuncio/qc3048/0/venta-de-terreno-en-las-colinas.htm,https://www.quierocasa.com/gallery/qc3048/350/qc3048-1.jpg,12.1964007,-86.3692092,village
qc3041,Se vende precioso terreno en Veracruz,Terreno,Veracruz,Managua,Managua,,,,,,"1,378.00",Mt²,39000.00,USD,"ubicado en el km 15.5 carretera a masaya a 200 mts2 delacalle principal, dentro de una lotificación, el terreno esta arborizado en sus linderos, brindando frescura y sombra, cuenta con los servicios ...",https://www.quierocasa.com/anuncio/qc3041/0/se-vende-precioso-terreno-en-veracruz.htm,https://www.quierocasa.com/gallery/qc3041/350/qc3041-3.jpg,11.9869063,-86.3991679,administrative
qc3014,Venta de precioso terreno hacienda la Iguana,Terreno,San Juan del Sur,San Juan del Sur,Rivas,,,,"1,440.00",Mt²,,,85000.00,USD,Esta preciosa propiedad se encuentra a 200 mts de la playa. cuenta con áreas verdes y con un ambiente muy agradable,https://www.quierocasa.com/anuncio/qc3014/0/venta-de-precioso-terreno--hacienda-la-iguana.htm,https://www.quierocasa.com/gallery/qc3014/350/qc3014-1.jpg,11.2542297,-85.8722797,administrative
qc3010,Venta de precioso Apartamento en plaza Talanguera San Juan del Sur,Apartamento,La Talanguera,San Juan del Sur,Rivas,2,2,2,,,,,150000.00,USD,"FINANCIAMIENTO DISPONIBLE, A tan solo 5 minutos del centro de la ciudad, fácil acceso a carretera adoquinada, cerca de las playas del norte de san juan del Sur. El apartamento posee: Isla y Pan...",https://www.quierocasa.com/anuncio/qc3010/0/venta-de-precioso-apartamento-en-plaza-talanguera-san-juan-del-sur.htm,https://www.quierocasa.com/gallery/qc3010/350/qc3010-1.jpg,11.2627708,-85.8766267,neighbourhood
qc2998,Venta de hermoso terreno en Juigalpa,Terreno,Juigalpa,Juigalpa,Chontales,,,,,,"10,000.00",Vrs²,45000.00,USD,"Esta hermosa propiedad tiene entrada independiente desde la carretera, tiene una excelente vista, es ideal para hotel, restaurantes y excelente para una casa",https://www.quierocasa.com/anuncio/qc2998/0/venta-de-hermoso-terreno--en-juigalpa.htm,https://www.quierocasa.com/gallery/qc2998/350/qc2998-1.jpg,12.1060911,-85.3652080,administrative
qc966,Venta y Renta de preciosos apartamentos en las colinas,Apartamento,Las Colinas,Managua,Managua,2,1,2,,,,,360000.00,USD,"Se vende complejo de 8 apartamentos en Las Colinas. Cada uno cuenta con sala, comedor, 2 habitaciones, 1 baño, cocina, área de lavandería, patio y estacionamiento asignado Todos los apartamentos ...",https://www.quierocasa.com/anuncio/qc966/0/venta-y-renta-de-preciosos-apartamentos-en-las-colinas.htm,https://www.quierocasa.com/gallery/qc966/350/qc966-3.jpg,12.1964007,-86.3692092,village
qc774,Residencia en venta en Las Colinas,Casa,Las Colinas,Managua,Managua,3,3,2,119.00,Mt²,194.00,Vrs²,139000.00,USD,"Ubicada en una de las zonas más céntricas de Las Colinas, esta bonita casa combina comodidad y un diseño con espacios bien distribuidos . A pocos minutos de comercios, tiendas de conveniencia y los...",https://www.quierocasa.com/anuncio/qc774/0/residencia-en-venta-en-las-colinas.htm,https://www.quierocasa.com/gallery/qc774/350/qc774-28.jpg,12.1964007,-86.3692092,village
qc1460,Se vende amplia casa en Carretera Sur,Casa,Carretera Sur,Managua,Managua,3,3.5,5,379.00,Mt²,"1,500.00",Vrs²,289000.00,USD,Se vende casa nueva en la zona de Carretera sur. Cuenta con habitaciones amplias todas con baño y walking closet además de tener medio baño de visita. El walking closet de cuarto principal tiene un...,https://www.quierocasa.com/anuncio/qc1460/0/se-vende-amplia-casa-en-carretera-sur.htm,https://www.quierocasa.com/gallery/qc1460/350/qc1460-1.jpg,12.1412787,-86.2953782,trunk
qc2661,Precioso terreno en las Colinas,Terreno,Las Colinas,Managua,Managua,,,,,,3.00,Vrs²,139000.00,USD,"preciso terreno ideal para urbanizar, plano y cuenta con amplio acceso adoquinado, amplio frente de 33 metros = 40 varas. y 59 metros de fondo = 80 varas 2.",https://www.quierocasa.com/anuncio/qc2661/0/precioso-terreno-en-las-colinas.htm,https://www.quierocasa.com/gallery/qc2661/350/qc2661-2.jpg,12.1964007,-86.3692092,village
qc1520,Venta de oficinas en Plaza Kakau,Oficina,Managua,Managua,,,2,3,57.00,Mt²,,,2050.00,USD,"Plaza Kakau es un centro corporativo que cuenta con la mejor ubicación, bajo un concepto moderno, con última tecnología. Cuenta con las siguientes características: Estructura sismo resistente, sis...",https://www.quierocasa.com/anuncio/qc1520/0/venta-de-oficinas-en-plaza-kakau.htm,https://www.quierocasa.com/gallery/qc1520/350/qc1520-1.jpg,12.1547116,-86.2737250,administrative
qc2368,"Se vende terreno de 1,200 vrs2 en km 27 Carretera Masaya",Terreno,Carretera a Masaya,Managua,Managua,,,,,,"1,200.00",Vrs²,30000.00,USD,"Venta de terreno ubicado en el km 27 Carretera Masaya, cuenta con 1,200 vrs2, a $25.00 dólares por mts2. Precio Negociable",https://www.quierocasa.com/anuncio/qc2368/0/se-vende-terreno-de-1200-vrs2-en-km-27-carretera-masaya.htm,https://www.quierocasa.com/gallery/qc2368/350/qc2368-1.jpg,12.0777949,-86.2231504,trunk
qc2182,Se vende terreno esquinero en Balcones de Santo Domingo,Terreno,Santo Domingo,Managua,Managua,,,,,,2.00,Mt²,125535.00,USD,"Hermoso terreno esquinero en venta, ubicado en excelente zona, cuenta con fácil acceso. área de terreno: 2,510.7128 vrs2",https://www.quierocasa.com/anuncio/qc2182/0/se-vende-terreno-esquinero-en-balcones-de-santo-domingo.htm,https://www.quierocasa.com/gallery/qc2182/350/qc2182-1.jpg,12.1516383,-86.2663177,administrative
qc2119,Se vende terreno en Veracruz,Terreno,Veracruz,Managua,Managua,,,,,,"1,350.00",Vrs²,58050.00,USD,"Venta de terreno en Veracruz, ubicado en zona residencial, a $43.00 dólares las vrs2. área de terreno: 1,350 vrs2 Precio: $58,050.00 dólares",https://www.quierocasa.com/anuncio/qc2119/0/se-vende-terreno-en-veracruz.htm,https://www.quierocasa.com/gallery/qc2119/350/qc2119-1.jpg,11.9869063,-86.3991679,administrative
qc2046,Venta de Precioso apartamento en Pinares de Santo Domingo,Apartamento,Santo Domingo,Managua,Managua,2,1,2,,,,,125000.00,USD,"Se vende apartamento en Pinares santo domingo, full muebles. Apartamento completamente amoblado de 2 habitaciones, 1 baño, sala, comedor, cocina, area de lavado, parqueo para 2 vehículos, piscina...",https://www.quierocasa.com/anuncio/qc2046/0/venta-de-precioso-apartamento-en-pinares-de-santo-domingo.htm,https://www.quierocasa.com/gallery/qc2046/350/qc2046-5.jpg,12.1516383,-86.2663177,administrative
qc657,Casa para oficina en Santo Domingo,Oficina,Santo Domingo,Managua,Managua,4,3,8,380.00,Mt²,,,310000.00,USD,"Preciosa casa ubicada en calle principal ideal para oficina con 380 metros de construcción y 2500vrs de terreno, espaciosa sala y comedor, 4 habitaciones, 3 baños, terraza techada, hermoso patio, e...",https://www.quierocasa.com/anuncio/qc657/0/casa-para-oficina-en-santo-domingo.htm,https://www.quierocasa.com/gallery/qc657/350/qc657-1.jpg,12.1516383,-86.2663177,administrative
qc1571,Venta de terreno en km 16 carretera a Ticuantepe,Terreno,Carretera a Ticuantepe,Managua,Managua,,,,,,"1,200.00",Vrs²,35000.00,USD,"Excelente terreno en venta, ubicado en km 16 carretera a ticuentepe, tiene 846.02 mts2, equivalente a 1,200 vrs2. Terreno plano. Precio de $ 29 dólares por vrs2.",https://www.quierocasa.com/anuncio/qc1571/0/venta-de-terreno-en-km-16-carretera-a-ticuantepe.htm,https://www.quierocasa.com/gallery/qc1571/350/qc1571-1.jpg,12.0393261,-86.2039929,secondary
qc1703,"Venta de terreno de 6,502 vrs2 en Santo Domingo",Terreno,Santo Domingo,Managua,Managua,,,,,,"6,502.74",Vrs²,440000.00,USD,"Se vende terreno esquinero ubicado en santo domingo, de fácil acceso, cerca de universidades, farmacias, hospital Metropolitano, colegios, supermercados, centro comerciales. Se encuentra en una ...",https://www.quierocasa.com/anuncio/qc1703/0/venta-de-terreno-de-6502-vrs2-en-santo-domingo.htm,https://www.quierocasa.com/gallery/qc1703/350/qc1703-1.jpg,12.1516383,-86.2663177,administrative
qc1642,"Venta de terreno de 1,067 vrs2 en Santo Domingo",Terreno,Santo Domingo,Managua,Managua,,,,,,"1,067.75",Vrs²,74700.00,USD,"Se vende hermoso terreno ubicado en zona de alta plusvalía, a pocos minutos de centros comerciales, tiendas de conveniencias, supermercados, colegios, universidades, hospital y farmacias. Terreno ...",https://www.quierocasa.com/anuncio/qc1642/0/venta-de-terreno-de-1067-vrs2-en-santo-domingo.htm,https://www.quierocasa.com/gallery/qc1642/350/qc1642-1.jpg,12.1516383,-86.2663177,administrative
qc1500,"Venta de Terreno de 3,148 vrs2 en Carretera Masaya",Terreno,Carretera a Masaya,Managua,Managua,,,,,,"3,148.05",Vrs²,110000.00,USD,"Se vende terreno ubicado en carretera masaya cerca del recreativo xilonem, de fácil acceso, terreno plano, su precio por vrs2 es $ 38.11 dólares terreno de 3,148.05 vrs2 precio: $ 110,000 dól...",https://www.quierocasa.com/anuncio/qc1500/0/venta-de-terreno-de-3148-vrs2--en-carretera-masaya.htm,https://www.quierocasa.com/gallery/qc1500/350/qc1500-1.jpg,12.0777949,-86.2231504,trunk
qc1633,"Venta de Terreno de 6,243 vrs2 en Carretera Masaya",Terreno,Carretera a Masaya,Managua,Managua,,,,,,"6,243.00",Vrs²,36.00,USD,"Se vende terreno de 6,243 vrs2, ubicado en el km 12.9 carretera masaya. Precio por vsr2 $ 36 dólares",https://www.quierocasa.com/anuncio/qc1633/0/venta-de-terreno-de-6243-vrs2-en-carretera-masaya.htm,https://www.quierocasa.com/gallery/qc1633/350/qc1633-1.jpg,12.0777949,-86.2231504,trunk
qc1431,Venta de preciosos Apartamentos Frente al Mar en Gran pacifica,Apartamento,GRAN PACIFICA BEACH RESORT,San Rafael del Sur,Managua,2,2,2,71.00,Mt²,,,225000.00,USD,"Precioso apartamento con una hermosa vista al mar, Totalmente amueblado. Consta de: 2 habitaciones, 2 baños, sala, cocina, desayunador, comedor, balcón y terraza, sofas, aires acondicionados, camas,...",https://www.quierocasa.com/anuncio/qc1431/0/venta-de-preciosos-apartamentos-frente-al-mar-en-gran-pacifica.htm,https://www.quierocasa.com/gallery/qc1431/350/qc1431-1.jpg,11.8719408,-86.4614726,bus_stop
qc1683,Terreno en venta ubicado en Carretera Masaya,Terreno,Carretera a Masaya,Managua,Managua,,,,,,"4,553.00",Vrs²,204885.00,USD,"se vende hermoso terreno ubicado en carretera Masaya, fácil acceso, cuenta con muro perimetral, portón de acceso. área de terreno: 4553 vrs2 Precio por vrs2 $ 45 dólares Precio total: $ 2...",https://www.quierocasa.com/anuncio/qc1683/0/terreno-en-venta-ubicado-en-carretera-masaya.htm,https://www.quierocasa.com/gallery/qc1683/350/qc1683-1.jpg,12.0777949,-86.2231504,trunk
qc1842,"Se vende terreno en Ticuantepe, La Borgoña",Terreno,La Borgoña,Ticuantepe,Managua,,,,,,"1,803.00",Vrs²,45075.00,USD,"Hermoso terreno en venta ubicado en La Borgoña, cuenta con fácil acceso, son dos terrenos, están protegidos por un muro perimetral (todo)de piedras canteras con viga sísmica,viga intermedia y coro...",https://www.quierocasa.com/anuncio/qc1842/0/se-vende-terreno-en-ticuantepe-la-borgona.htm,https://www.quierocasa.com/gallery/qc1842/350/qc1842-1.jpg,12.0133915,-86.2152636,administrative
qc1855,Se vende terreno en Ticuantepe,Terreno,Ticuantepe,Ticuantepe,Managua,,,,,,"21,000.00",Vrs²,588000.00,USD,"Venta de terreno de ubicado en calle principal de ticuantepe, cuenta con fácil acceso. área de terreno: 21,000 vrs2 Precio por vrs2 es de $28.00 dólares Precio total: $588,000.00 dólares",https://www.quierocasa.com/anuncio/qc1855/0/se-vende-terreno-en-ticuantepe.htm,https://www.quierocasa.com/gallery/qc1855/350/qc1855-1.jpg,12.0217671,-86.2053144,administrative
qc1848,Se vende casa en San Marcos,Casa,San Marcos,San Marcos,Carazo,3,3,4,,,"2,500.00",Vrs²,150000.00,USD,"Venta de casa en San Marcos, cuenta con acceso fácil. La casa consta de 3 habitaciones, 3 baños, sala, comedor, cocina, área de lavado y planchado, terraza, terreno arborizado ( mango, aguacate,...",https://www.quierocasa.com/anuncio/qc1848/0/se-vende-casa-en-san-marcos.htm,https://www.quierocasa.com/gallery/qc1848/350/qc1848-1.jpg,11.9091914,-86.2047174,administrative
qc1382,"Venta de terreno en la colinas,",Terreno,Las Colinas,Managua,Managua,,,,,,7.00,Mz,2450000.00,USD,"Se vende Terreno de 7 manzanas equivalentes a 70,000 vrs2, ideal para urbanizar, cuenta con 2 amplias vías de acceso, topografía plana, acceso a todos los servicios, historia registra de vieja da...",https://www.quierocasa.com/anuncio/qc1382/0/venta-de-terreno-en-la-colinas.htm,https://www.quierocasa.com/gallery/qc1382/350/qc1382-1.jpg,12.1964007,-86.3692092,village
qc1731,Se vende terreno en San Juan del sur,Terreno,Remanso,San Juan del Sur,Rivas,,,,,,"1,052.95",Vrs²,98.00,USD,"Venta de terreno con vista panoramica en playa remanso, san juan del sur, a tan solo 5 minutos de supermercado, restaurantes y centros de comercios de San Juan del sur. área de terreno: 1,052.95 v...",https://www.quierocasa.com/anuncio/qc1731/0/se-vende-terreno-en-san-juan-del-sur.htm,https://www.quierocasa.com/gallery/qc1731/350/qc1731-1.jpg,11.2208117,-85.8477729,beach
qc1694,Se vende terreno en Carretera Masaya,Terreno,Carretera a Masaya,Managua,Managua,,,,,,"11,600.00",Vrs²,45.00,USD,"Hermoso terreno en venta ubicada en carretera masaya, de fácil acceso, a tan solo minutos de la carretera, cerca de colegios, universidades, farmacias, hospital, tiendas de conveniencias, supermercad...",https://www.quierocasa.com/anuncio/qc1694/0/se-vende-terreno-en-carretera-masaya.htm,https://www.quierocasa.com/gallery/qc1694/350/qc1694-1.jpg,12.0777949,-86.2231504,trunk
qc1585,Preciosa casa en venta en San Juan del Sur,Casa,San Juan del Sur,San Juan del Sur,Rivas,3,2.5,2,,,,,390000.00,USD,"Se vende moderna casa amueblada con finos acabados y muebles de lujo, ubicada en San Juan del Sur, con bella vista a la bahía de San Juan del Sur y las montañas.",https://www.quierocasa.com/anuncio/qc1585/0/preciosa-casa-en-venta-en-san-juan-del-sur.htm,https://www.quierocasa.com/gallery/qc1585/350/qc1585-20.jpg,11.2542297,-85.8722797,administrative
qc1323,Venta de Apartamento en San Juan del Sur,Apartamento,San Juan del Sur,San Juan del Sur,Rivas,2,2,3,,,,,370000.00,USD,"Se vende propiedad en la zona más exclusiva de San Juan del Sur, con acceso directo a la playa, Zonas Sociales amplias, piscina infinita, Azotea espectacular y vistas maravillosas desde el balcón de...",https://www.quierocasa.com/anuncio/qc1323/0/venta-de-apartamento-en-san-juan-del-sur.htm,https://www.quierocasa.com/gallery/qc1323/350/qc1323-8.jpg,11.2542297,-85.8722797,administrative
qc1619,Venta de local Cerca de Carretera Norte,Local Comercial,Carretera Norte,Managua,Managua,,2,3,390.00,Mt²,,,225000.00,USD,"Se vende local con excelente ubicación cerca de carretera norte, de fácil acceso, estilo de 2 plantas, cuenta con 2 baños, 390 mts de construcción y 3 estacionamiento.",https://www.quierocasa.com/anuncio/qc1619/0/venta-de-local-cerca-de-carretera-norte.htm,https://www.quierocasa.com/gallery/qc1619/350/qc1619-1.jpg,12.1478489,-86.1952672,trunk
qc882,Terreno en venta Villa Fontana,Terreno,Villa Fontana,Managua,Managua,,,,,,,,250000.00,USD,"Precioso terreno ubicado en villa fontana de 1 manzana, con preciosa vista de Managua, terreno en desnivel. Se venden 5,000 vrs o 10,000 vrs. Precio: $50 la vara",https://www.quierocasa.com/anuncio/qc882/0/terreno-en-venta-villa-fontana.htm,https://www.quierocasa.com/gallery/qc882/350/qc882-1.jpg,12.1033874,-86.2671277,administrative
qc1567,Se vende terreno en El Crucero,Terreno,El crucero,Managua,Managua,,,,,,3.00,Mz,120000.00,USD,"Venta de terreno con casa estilo campestre, ubicado en el Crucero km 25, acceso pavimentado, terreno en esquina, con calle que va hacia el mar, la propiedad cuenta con agua y luz, con una hermosa vist...",https://www.quierocasa.com/anuncio/qc1567/0/se-vende-terreno-en-el-crucero.htm,https://www.quierocasa.com/gallery/qc1567/350/qc1567-1.jpg,11.9976082,-86.3573261,administrative
qc1564,Se vende terreno entre Ticuantepe y la Concha,Terreno,Ticuantepe,Managua,Managua,,1,5,90.00,Mt²,2.00,Mz,95000.00,USD,"Hermoso terreno ubicado entre Ticuantepe y la concha, tiene una pequeña casa de 90 mts2 y otra de cuidador. Dentro de la propiedad hay árboles de madera preciosa, como cedro, pochote, roble, y otras...",https://www.quierocasa.com/anuncio/qc1564/0/se-vende-terreno-entre-ticuantepe-y-la-concha.htm,https://www.quierocasa.com/gallery/qc1564/350/qc1564-1.jpg,12.0217671,-86.2053144,administrative
qc1561,Venta de finca detras de Santo Domingo,Finca,Carretera a Masaya,Managua,Managua,,,,,,42.00,Mz,1764000.00,USD,"Hermosa finca en venta de 42 manzanas, 12 manzanas en partes altas, con vista a Managua, 30 parte baja toda cultivada de plátanos, y todo tipo árboles frutales, tales como: mandarinas, guanabanas, j...",https://www.quierocasa.com/anuncio/qc1561/0/venta-de-finca-detras-de-santo-domingo.htm,https://www.quierocasa.com/gallery/qc1561/350/qc1561-1.jpg,12.0777949,-86.2231504,trunk
qc893,Venta de terreno Carretera Sur,Terreno,Managua,Managua,,,,,,,"4,296.00",Vrs²,176136.00,USD,"Terreno en venta de 4,296 vrs a $ 41 la vrs2.",https://www.quierocasa.com/anuncio/qc893/0/venta-de-terreno-carretera-sur.htm,https://www.quierocasa.com/gallery/qc893/350/qc893-1.jpg,12.1547116,-86.2737250,administrative
qc1453,"Se vende Terreno en la Rivas,",Terreno,Moyogalpa,Moyogalpa,Rivas,,,,,,"1,108.00",Mt²,40000.00,USD,"Hermoso terreno en la isla de ometepe, Rivas, todos los documentos en regla, área de terreno de 1,108 mts2 Precio $ 40,000 dólares",https://www.quierocasa.com/anuncio/qc1453/0/se-vende-terreno-en-la-rivas.htm,https://www.quierocasa.com/gallery/qc1453/350/qc1453-1.jpg,11.5400817,-85.6979365,administrative
qc1135,Linda Casa En km 13 Carretera a Masaya,Casa,Carretera a Masaya,Managua,Managua,3,2,5,182.00,Mt²,535.00,Vrs²,105000.00,USD,"Casa de Una planta consta de: 3 Habitaciones, 2 Baños, Cuarto de servicio con su baño, Sala de estudio, 2 salas, Comedor, Cocina, 3 terrazas amplias, Área de Lavandería, Bodega, estacionamiento pa...",https://www.quierocasa.com/anuncio/qc1135/0/linda-casa-en-km-13-carretera-a-masaya.htm,https://www.quierocasa.com/gallery/qc1135/350/qc1135-1.jpg,12.0777949,-86.2231504,trunk
qc1451,"Se Vende Hermoso terreno en Ticuantepe,",Terreno,Ticuantepe,Managua,Managua,,,,,,"41,292.00",Vrs²,763902.00,USD,"Terreno ubicado en el municipio de Ticuantepe, departamento de Masaya, a 800 metros de la carretera Managua - Masaya, gran parte de la propiedad está sembrada con árboles frutales. El resto es terre...",https://www.quierocasa.com/anuncio/qc1451/0/se-vende-hermoso-terreno-en-ticuantepe.htm,https://www.quierocasa.com/gallery/qc1451/350/qc1451-1.jpg,12.0217671,-86.2053144,administrative
qc1432,"Venta de precioso apartamento frente al Mar,",Apartamento,GRAN PACIFICA BEACH RESORT,San Rafael del Sur,Managua,1,1,1,60.00,Mt²,,,179000.00,USD,"Se vende apartamento con una hermosa vista al mar, Totalmente amueblado. Consta de: 1 habitación, 1 baño, sala, cocina, desayunador, comedor, balcón y terraza, sofas, aires acondicionados, camas, h...",https://www.quierocasa.com/anuncio/qc1432/0/venta-de-precioso-apartamento-frente-al-mar.htm,https://www.quierocasa.com/gallery/qc1432/350/qc1432-1.jpg,11.8719408,-86.4614726,bus_stop
qc1433,"Venta de preciosos Apartamentos Frente al Mar,",Apartamento,GRAN PACIFICA BEACH RESORT,San Rafael del Sur,Managua,1,1,1,45.00,Mt²,,,139000.00,USD,"Precioso apartamento con una hermosa vista al mar, Totalmente amueblado. Consta de: 1 habitación, 1 baño, sala, cocina, desayunador, comedor, balcón y terraza, sofas, aires acondicionados, camas, h...",https://www.quierocasa.com/anuncio/qc1433/0/venta-de-preciosos-apartamentos-frente-al-mar.htm,https://www.quierocasa.com/gallery/qc1433/350/qc1433-1.jpg,11.8719408,-86.4614726,bus_stop
qc601,Venta de Terreno en Carretera a Masaya,Terreno,Carretera a Masaya,Managua,Managua,,,,,,"20,457.00",Vrs²,3068550.00,USD,"Hermoso terreno ubicado sobre la pista de carretera a masaya, el terreno mide 20,457 vrs a $ 150 la vr2. precio: $ 3,068,550",https://www.quierocasa.com/anuncio/qc601/0/venta-de-terreno-en-carretera-a-masaya.htm,https://www.quierocasa.com/gallery/qc601/350/qc601-1.jpg,12.0777949,-86.2231504,trunk
qc909,Terreno en Venta en carretera sur,Terreno,Managua,Managua,,,,,,,"3,240.00",Vrs²,97200.00,USD,"Se vende Terreno de 3,240 vrs2, tiene luz eléctrica y luminarias. Precio: $ 30 por vrs2 precio total: $ 97,200",https://www.quierocasa.com/anuncio/qc909/0/terreno-en-venta-en-carretera-sur.htm,https://www.quierocasa.com/gallery/qc909/350/qc909-1.jpg,12.1547116,-86.2737250,administrative
qc1134,Vendo terreno Amplio Carretera Nueva León,Terreno,Carretera Nueva a León,Ciudad Sandino,Managua,,,,,,50.00,Mz,5000000.00,USD,"Terreno de 50 Manzanas perfecto para desarrollar ubicado A 500 mts de carretera panamericana precio: $ 5,000,000",https://www.quierocasa.com/anuncio/qc1134/0/vendo-terreno-amplio-carretera-nueva-leon.htm,https://www.quierocasa.com/gallery/qc1134/350/qc1134-1.jpg,12.1354950,-86.3267665,trunk
qc1211,Terreno en venta en ticuantepe,Terreno,Carretera a Masaya,Managua,Managua,,,,,,"7,500.00",Vrs²,97500.00,USD,"Hermoso terreno en Ticuantepe, ideal para bodegas, terreno de 7,500 vrs a $ 13 la vr, $ 97,500 en total.",https://www.quierocasa.com/anuncio/qc1211/0/terreno-en-venta-en-ticuantepe.htm,https://www.quierocasa.com/gallery/qc1211/350/qc1211-3.png,12.0777949,-86.2231504,trunk
qc1325,Hermoso Terreno en venta en San Juan del Sur,Terreno,Rivas,,,,,,,,"1,745.00",Vrs²,209400.00,USD,"Terreno en excelente ubicación, con un área de 1,745 vrs2 a tan solo 120 dólares por vrs2. precio total de Venta: $ 209,400 dólares",https://www.quierocasa.com/anuncio/qc1325/0/hermoso-terreno-en-venta-en-san-juan-del-sur.htm,https://www.quierocasa.com/gallery/qc1325/350/qc1325-1.jpg,11.4416741,-85.7591501,administrative
qc1343,Hermoso Terreno en venta en carr. Masaya,Terreno,Carretera a Masaya,Managua,Managua,,,,,,"2,613.77",Vrs²,70580.00,USD,"El terreno esta ubicado en sector privado del Km.12.5 carretera a Masaya, zona segura, clima fresco, posee árboles frutales y de fácil acceso a todos los servicios básicos, muy cerca de galerías ...",https://www.quierocasa.com/anuncio/qc1343/0/hermoso-terreno-en-venta-en-carr-masaya.htm,https://www.quierocasa.com/gallery/qc1343/350/qc1343-1.jpg,12.0777949,-86.2231504,trunk
qc1339,Se Vende Amplia Casa en carr. Masaya,Casa,Carretera a Masaya,Managua,Managua,5,6,5,405.22,Mt²,811.00,Vrs²,230000.00,USD,"Cómoda casa consta de: 5 hermosas habitaciones, 2 aires acondicionados en la habitación principal y secundaria, Todas las habitaciones con su closet y su baño, 3 salas, comedor, cocina, área de la...",https://www.quierocasa.com/anuncio/qc1339/0/se-vende-amplia-casa-en-carr-masaya.htm,https://www.quierocasa.com/gallery/qc1339/350/qc1339-1.jpg,12.0777949,-86.2231504,trunk
qc1305,Venta de Terreno en la zona mas céntrica de Managua,Terreno,Avenida Bolivar,Managua,Managua,,,,,,"3,300.00",Vrs²,600000.00,USD,"Dos Terreno En excelente ubicación, ideal para inversionistas. La suma de ambos terreno es de 3,300 varas cuadradas. La venta es de los dos terrenos en la misma operación, no de manera indiv...",https://www.quierocasa.com/anuncio/qc1305/0/venta-de-terreno-en-la-zona-mas-centrica-de-managua.htm,https://www.quierocasa.com/gallery/qc1305/350/qc1305-1.jpg,12.1508637,-86.2742196,trunk
qc1236,Terreno en venta en Reparto san Juan,Terreno,Reparto San Juan,Managua,Managua,,,,,,"1,500.00",Vrs²,225000.00,USD,"Terreno de 1,500 varas. 150 dólares la vara. Reparto san juan. Totalmente plano, listo para urbanizar. Ubicado en una de las mejores zonas de managua. precio: $ 225,000",https://www.quierocasa.com/anuncio/qc1236/0/terreno-en-venta-en-reparto-san-juan.htm,https://www.quierocasa.com/gallery/qc1236/350/qc1236-1.jpg,12.1219000,-86.2697106,administrative
qc1232,Terreno en venta en zona Hippos,Terreno,Reparto San Juan,Managua,Managua,,,,,,"2,037.47",Vrs²,509368.00,USD,"Hermoso terreno de 2,037.47 varas a 250 dolares la vara, muy bien ubicado con 2 frentes: 1 al hotel seminole y el 2 ala calle interna de Bolonia, ambas calles pavimentadas y de fácil acceso. Terreno ...",https://www.quierocasa.com/anuncio/qc1232/0/terreno-en-venta-en-zona-hippos.htm,https://www.quierocasa.com/gallery/qc1232/350/qc1232-1.jpg,12.1219000,-86.2697106,administrative
qc1235,Venta de terreno en Bolonia,Terreno,Bolonia,Managua,Managua,,,,,,914.00,Vrs²,120000.00,USD,"Hermoso Terreno de 914 varas. Totalmente plano. Ubicado a sólo 80 metros de calle principal de bolonia acceso adoquinado. Listo para urbanizar. precio de venta: $ 120,000",https://www.quierocasa.com/anuncio/qc1235/0/venta-de-terreno-en-bolonia.htm,https://www.quierocasa.com/gallery/qc1235/350/qc1235-1.jpg,12.1398941,-86.2815427,administrative
qc1225,"Se Vendes 2 Mzns de Terreno en Carazo,",Terreno,Diriamba,Diriamba,Carazo,,,,,,2.00,Mz,80000.00,USD,"Hermoso terreno en la Orilla de la carretera, Agua Luz, 100% plano Arboles frutales, Arboles madera preciosa, Cuenta con arboles de cafe , ceibo , ñambar , cedro , mora . Precio : $ 80,000",https://www.quierocasa.com/anuncio/qc1225/0/se-vendes-2-mzns-de-terreno-en-carazo.htm,https://www.quierocasa.com/gallery/qc1225/350/qc1225-1.jpg,11.8561449,-86.2403037,administrative
qc1204,Casa acogedora en carr. Sur,Casa,Carretera Sur,Managua,Managua,4,3,2,272.00,Mt²,"1,374.00",Mt²,156000.00,USD,"Bonita casa consta de: 4 Habitaciones, 3 Baños, Sala de recepción, Todos cuartos con su closet y su aire, Cuarto de servicio, Área de lavandería, Piscina, Terraza, Arboles frutales, estacionamien...",https://www.quierocasa.com/anuncio/qc1204/0/casa-acogedora-en-carr-sur.htm,https://www.quierocasa.com/gallery/qc1204/350/qc1204-1.jpg,12.1412787,-86.2953782,trunk
qc1183,"Se Vende Casa Centrica en Bolonia,",Casa,Bolonia,Managua,Managua,5,6.5,2,190.00,Mt²,720.00,Mt²,190000.00,USD,"Amplia casa consta de: 5 habitaciones, 6.5 baños, 3 salas, Comedor, Desayunador, Sala de estar, 2 cocinas, Baño de visitas, 2 bodegas, 2 terrazas, Tanque de agua, Parqueo, Área de Lavandería, Cu...",https://www.quierocasa.com/anuncio/qc1183/0/se-vende-casa-centrica-en-bolonia.htm,https://www.quierocasa.com/gallery/qc1183/350/qc1183-1.jpg,12.1398941,-86.2815427,administrative
qc1120,Venta bella casa en carretera sur,Casa,Carretera Sur,Managua,Managua,3,2,7,,,,,182000.00,USD,"Casa consta de: Habitaciones: 3, Baños: 2, Parqueo: 7, Terrazas: 2 2 salas, Comedor, Cocina, Alacena, Área de lavado, Cuarto de servicio, 2 Bodegas. La casa Cuenta con un apartamento ...",https://www.quierocasa.com/anuncio/qc1120/0/venta-bella-casa-en-carretera-sur.htm,https://www.quierocasa.com/gallery/qc1120/350/qc1120-1.jpg,12.1412787,-86.2953782,trunk
qc1089,"Venta de apartamento Carr. Masaya,",Apartamento,Carretera a Masaya,Managua,Managua,,,2,,,,,136500.00,USD,"Se vende apartamento amueblado cerca del Colegio Marie Courry con sus aires, 2 habitaciones y 2 baños.",https://www.quierocasa.com/anuncio/qc1089/0/venta-de-apartamento-carr-masaya.htm,https://www.quierocasa.com/gallery/qc1089/350/qc1089-5.jpg,12.0777949,-86.2231504,trunk
qc1084,Se vende Casa Moderna con lujosos detalles de madera,Casa,Carretera Sur,Managua,Managua,3,2.5,2,399.00,Mt²,600.00,Vrs²,279000.00,USD,"Casa Diseño Moderno, con sentido colonial La casa tiene 3 habitaciones y 2.5 baños más el área de servicio con su baño, luz solar y agua caliente solar. El cuarto máster es muy amplio y t...",https://www.quierocasa.com/anuncio/qc1084/0/se-vende-casa-moderna-con-lujosos-detalles-de-madera.htm,https://www.quierocasa.com/gallery/qc1084/350/qc1084-1.jpg,12.1412787,-86.2953782,trunk
qc1065,Se venden 2 casas en mismo terrreno Carr. Sur,Casa,Carretera Sur,Managua,Managua,6,6,10,520.00,Mt²,"2,600.00",Vrs²,450000.00,USD,"Son 2 casas en un solo terreno. La grande mide 340 m2 de contruccion, 3 habitaciones, 3 baños, estacionamiento para 10 vehículos, Bodega grande, Cuarto de servicio, 3 terrazas grandes. La 2d...",https://www.quierocasa.com/anuncio/qc1065/0/se-venden-2-casas-en-mismo-terrreno-carr-sur.htm,https://www.quierocasa.com/gallery/qc1065/350/qc1065-18.jpg,12.1412787,-86.2953782,trunk
qc170,Terreno en venta Los Altos de Santo Domingo,Terreno,Santo Domingo,Managua,Managua,,,,,,"5,000.00",Vrs²,175000.00,USD,"Precioso terreno ubicado en los Altos de Santo Domingo el terreno mide 5,000 varas cuadradas, el terreno ya cuenta con un muro perimetral en uno de los costados.",https://www.quierocasa.com/anuncio/qc170/0/terreno-en-venta-los-altos-de-santo-domingo.htm,https://www.quierocasa.com/gallery/qc170/350/qc170-1.jpg,12.1516383,-86.2663177,administrative
qc386,Preciosa finca ganadera en somotillo chinandega,Finca,Somotillo,Somotillo,Chinandega,,,,,,"2,884,000.00",Vrs²,310000.00,USD,"El inmueble es una Finca con fines Ganaderos, ubicada en Somotillo Departamento de Chinandega. Cuenta con una casa Hacienda de 1 planta de mampostería confinada de ladrillo cuarterón y madera con Un...",https://www.quierocasa.com/anuncio/qc386/0/preciosa-finca-ganadera-en-somotillo-chinandega.htm,https://www.quierocasa.com/gallery/qc386/350/qc386-1.jpg,13.0445947,-86.9050544,administrative
c325g,Venta de casa en Carretera Masaya,Casa,Carretera a Masaya,Managua,Managua,3,2,2,200.00,Mt²,,,120000.00,USD,"UBICADA EN EL KM 14 Cr. MASAYA. SALA, COMEDOR, COCINA. TERRENO DE 480 VARAS2, 200 METROS2 DE CONSTRUCCIÓN, CONSTRUIDA EN EL 2008. CUARTO DE SERVICIO.",https://www.quierocasa.com/anuncio/c325g/0/venta-de-casa-en-carretera--masaya.htm,https://www.quierocasa.com/gallery/c325g/350/c325g-1.jpg,12.0777949,-86.2231504,trunk
qc672,Venta de casa Santo Domingo,Casa,Managua,Managua,,4,3.5,5,280.00,Mt²,850.00,Vrs²,350000.00,USD,"CASA CONSTA DE 4 HABITACIONES Y 3 RECAMARAS SALA, COMEDOR, COCINA, TERRAZA. HERMOSA PISCINA",https://www.quierocasa.com/anuncio/qc672/0/venta-de-casa-santo-domingo.htm,https://www.quierocasa.com/gallery/qc672/350/qc672-1.jpg,12.1547116,-86.2737250,administrative
qc814,Venta de Bodega en Nandaime,Bodega,Nandaime,Nandaime,Granada,,,2,"4,079.00",Mt²,,,1900000.00,USD,"Dentro la bodega existe un Mezzanini de dos plantas de 72 metros cuadrados de oficinas aproximadamente, con aires a condicionados ya instalados con sus baños completo. El plantel cuenta con 8 bah...",https://www.quierocasa.com/anuncio/qc814/0/venta-de-bodega-en-nandaime.htm,https://www.quierocasa.com/gallery/qc814/350/qc814-1.jpg,11.7562345,-86.0534435,administrative
c192j,"se vende casa en las colinas , espaciosa",Casa,Las Colinas,Managua,Managua,4,3.5,2,,,,,230000.00,USD,"CUENTA CON 4 HABITACIONES Y 3.5 BAÑOS. SALA, COMEDOR, COCINA. TERRAZA. CUENTA CON SU PROPIA OFICINA CON BAÑO. ÁREA VERDE. PATIO AMPLIO.",https://www.quierocasa.com/anuncio/c192j/0/se-vende-casa-en-las-colinas--espaciosa.htm,https://www.quierocasa.com/gallery/c192j/350/c192j-1.jpg,12.1964007,-86.3692092,village
c261j,Venta de bella casa en Santo Domingo cod: C261J,Casa,Santo Domingo,Managua,Managua,4,4.5,2,"1,050.00",Mt²,,,850000.00,USD,"TIENE 2 CUARTOS DE SERVICIO. JACUZZI. 2 BARES, 3 SALAS, 4 CUARTOS AMPLIOS. PORTÓN ELÉCTRICO. ESTACIONAMIENTO TECHADO ÁREA VERDE.",https://www.quierocasa.com/anuncio/c261j/0/venta-de-bella-casa-en-santo-domingo-cod-c261j.htm,https://www.quierocasa.com/gallery/c261j/350/c261j-1.jpg,12.1516383,-86.2663177,administrative
qc590,Se vende hermosa casa en Granada,Casa,Granada,Granada,,2,1,2,150.00,Mt²,"1,255.00",Vrs²,120000.00,USD,"Venta de casa en granada de 2 habitaciones, 2 baño. cuarto de servicio, terraza hermosa, sala, comedor, cocina, patio amplio.",https://www.quierocasa.com/anuncio/qc590/0/se-vende-hermosa-casa-en-granada.htm,https://www.quierocasa.com/gallery/qc590/350/qc590-3.jpg,11.9303670,-85.9535387,administrative
c304n,"Venta de casa, Crr Sur cod: C304N",Casa,Carretera Sur,Managua,Managua,3,3,2,,,,,165000.00,USD,"UBICADA EN EL KM 9.5. SALA, COMEDOR, COCINA. CUARTO DE SERVICIO CON SU BAÑO. TANQUE DE AGUA. PATIO GRANDE. CERCA DE SUPERMERCADOS, FARMACIAS, ETC.",https://www.quierocasa.com/anuncio/c304n/0/venta-de-casa-crr-sur-cod-c304n.htm,https://www.quierocasa.com/gallery/c304n/350/c304n-1.jpg,12.1412787,-86.2953782,trunk
