{"type": "FeatureCollection", "features": [{"type": "Feature", "properties": {"nombre": "Condominios Nuevo Horizonte", "tipo": "barrio"}, "geometry": {"type": "Polygon", "coordinates": [[[-86.22605, 12.14688], [-86.22621, 12.14497], [-86.2256, 12.14475], [-86.2253, 12.1448], [-86.22519, 12.14479], [-86.22505, 12.14477], [-86.22493, 12.14468], [-86.2246, 12.14437], [-86.2245, 12.14474], [-86.22445, 12.14499], [-86.22443, 12.14507], [-86.22442, 12.14516], [-86.22464, 12.1452], [-86.22469, 12.14607], [-86.22473, 12.14651], [-86.22534, 12.1467], [-86.22556, 12.14676], [-86.22605, 12.14688]]]}}, {"type": "Feature", "properties": {"nombre": "Altos de Motastepe", "tipo": "residencial"}, "geometry": {"type": "Polygon", "coordinates": [[[-86.34322, 12.12714], [-86.34316, 12.12668], [-86.34317, 12.12624], [-86.34327, 12.12537], [-86.3433, 12.12444], [-86.34333, 12.12371], [-86.34339, 12.12328], [-86.34288, 12.12323], [-86.34255, 12.1232], [-86.34236, 12.12321], [-86.34222, 12.12441], [-86.34209, 12.12542], [-86.34203, 12.12596], [-86.3419, 12.12707], [-86.34181, 12.12837], [-86.34178, 12.1289], [-86.34081, 12.12877], [-86.34079, 12.12899], [-86.33982, 12.12898], [-86.33969, 12.12878], [-86.33924, 12.12878], [-86.33923, 12.12855], [-86.33773, 12.12858], [-86.33715, 12.1286], [-86.3368, 12.1286], [-86.33696, 12.1292], [-86.33733, 12.12963], [-86.33819, 12.13051], [-86.34003, 12.1321], [-86.34062, 12.13206], [-86.34136, 12.13186], [-86.34176, 12.13124], [-86.34219, 12.13099], [-86.34252, 12.13075], [-86.34289, 12.13031], [-86.34321, 12.12985], [-86.34382, 12.12908], [-86.34376, 12.12881], [-86.34331, 12.12781], [-86.34322, 12.12714]]]}}, {"type": "Feature", "properties": {"nombre": "Bosques de Mira Flores", "tipo": "barrio"}, "geometry": {"type": "Polygon", "coordinates": [[[-86.34484, 12.1089], [-86.34548, 12.10804], [-86.34532, 12.10601], [-86.34364, 12.10616], [-86.34249, 12.10647], [-86.34238, 12.10878], [-86.34484, 12.1089]]]}}, {"type": "Feature", "properties": {"nombre": "Condominios Quinta Alyson", "tipo": "residencial"}, "geometry": {"type": "Polygon", "coordinates": [[[-86.34398, 12.10205], [-86.34314, 12.10242], [-86.34226, 12.10048], [-86.3431, 12.10012], [-86.34398, 12.10205]]]}}, {"type": "Feature", "properties": {"nombre": "Valle Santa Rosa", "tipo": "barrio"}, "geometry": {"type": "Polygon", "coordinates": [[[-86.36861, 12.16736], [-86.3685, 12.16585], [-86.36846, 12.16496], [-86.36844, 12.1646], [-86.3684, 12.16384], [-86.36819, 12.16383], [-86.36804, 12.16291], [-86.36864, 12.16086], [-86.36865, 12.16082], [-86.36948, 12.16118], [-86.36995, 12.16139], [-86.37035, 12.16159], [-86.37078, 12.16181], [-86.3714, 12.16219], [-86.37285, 12.1632], [-86.37314, 12.16337], [-86.37349, 12.16351], [-86.37361, 12.16355], [-86.37363, 12.16366], [-86.37319, 12.16544], [-86.3731, 12.16554], [-86.3729, 12.16563], [-86.37229, 12.16576], [-86.37194, 12.16583], [-86.37141, 12.16602], [-86.3704, 12.16652], [-86.36861, 12.16736]]]}}, {"type": "Feature", "properties": {"nombre": "San Judas", "tipo": "barrio"}, "geometry": {"type": "Polygon", "coordinates": [[[-86.30072, 12.12062], [-86.30124, 12.11831], [-86.3027, 12.11496], [-86.30293, 12.11368], [-86.30306, 12.11204], [-86.30293, 12.11055], [-86.3019, 12.10911], [-86.30143, 12.10925], [-86.30138, 12.10943], [-86.30029, 12.10936], [-86.30034, 12.10854], [-86.29664, 12.10822], [-86.29645, 12.11038], [-86.29633, 12.11038], [-86.2963, 12.11038], [-86.29293, 12.11049], [-86.29362, 12.11442], [-86.29475, 12.11435], [-86.29472, 12.1156], [-86.29271, 12.11579], [-86.29253, 12.11648], [-86.29202, 12.11646], [-86.29186, 12.11666], [-86.29169, 12.11784], [-86.29092, 12.11823], [-86.29092, 12.12024], [-86.29274, 12.1218], [-86.29208, 12.12573], [-86.29374, 12.12564], [-86.29544, 12.12554], [-86.29578, 12.12553], [-86.29587, 12.12517], [-86.29665, 12.12118], [-86.29679, 12.12077], [-86.29865, 12.12077], [-86.30072, 12.12062]]]}}, {"type": "Feature", "properties": {"nombre": "Colonia Independencia", "tipo": "barrio"}, "geometry": {"type": "Polygon", "coordinates": [[[-86.29679, 12.12077], [-86.29665, 12.12118], [-86.29601, 12.12449], [-86.29587, 12.12517], [-86.29767, 12.12493], [-86.29763, 12.12445], [-86.29779, 12.12346], [-86.299, 12.12331], [-86.29992, 12.12333], [-86.29998, 12.12236], [-86.30022, 12.12179], [-86.30076, 12.12113], [-86.30072, 12.12062], [-86.29865, 12.12077], [-86.29679, 12.12077]]]}}, {"type": "Feature", "properties": {"nombre": "Reparto San Lucas 1", "tipo": "residencial"}, "geometry": {"type": "Polygon", "coordinates": [[[-86.23751, 12.10686], [-86.23748, 12.10508], [-86.23668, 12.10508], [-86.23667, 12.10469], [-86.23663, 12.10469], [-86.2366, 12.10469], [-86.2366, 12.10468], [-86.23595, 12.10465], [-86.23596, 12.10508], [-86.23587, 12.10508], [-86.23586, 12.10545], [-86.23586, 12.10587], [-86.23589, 12.10621], [-86.23588, 12.10678], [-86.23603, 12.10681], [-86.23626, 12.10685], [-86.23751, 12.10686]]]}}, {"type": "Feature", "properties": {"nombre": "Los Geranios", "tipo": "barrio"}, "geometry": {"type": "Polygon", "coordinates": [[[-86.21538, 12.05942], [-86.21539, 12.05857], [-86.213, 12.0586], [-86.21175, 12.05862], [-86.21157, 12.05915], [-86.21245, 12.05921], [-86.21538, 12.05942]]]}}, {"type": "Feature", "properties": {"nombre": "Residencial Valle Santa María", "tipo": "barrio"}, "geometry": {"type": "Polygon", "coordinates": [[[-86.21454, 12.05017], [-86.21369, 12.04773], [-86.2132, 12.04738], [-86.21201, 12.04665], [-86.21197, 12.04662], [-86.21138, 12.04625], [-86.21106, 12.04609], [-86.2107, 12.04588], [-86.21044, 12.04576], [-86.21006, 12.04556], [-86.2096, 12.04545], [-86.20946, 12.04548], [-86.20934, 12.04636], [-86.20956, 12.04637], [-86.20951, 12.04718], [-86.20957, 12.04745], [-86.20985, 12.04762], [-86.20992, 12.04753], [-86.21015, 12.04773], [-86.21052, 12.0479], [-86.211, 12.04825], [-86.21122, 12.04852], [-86.21175, 12.04856], [-86.21204, 12.04871], [-86.21253, 12.04906], [-86.21436, 12.05017], [-86.21443, 12.05017], [-86.21454, 12.05017]]]}}, {"type": "Feature", "properties": {"nombre": "Residencial Valle de Santiago", "tipo": "barrio"}, "geometry": {"type": "Polygon", "coordinates": [[[-86.21576, 12.0494], [-86.21415, 12.0489], [-86.21409, 12.04897], [-86.21454, 12.05017], [-86.21463, 12.05011], [-86.21471, 12.04973], [-86.21564, 12.05001], [-86.21568, 12.04981], [-86.21572, 12.04961], [-86.21576, 12.0494]]]}}, {"type": "Feature", "properties": {"nombre": "Villa Progreso", "tipo": "barrio"}, "geometry": {"type": "Polygon", "coordinates": [[[-86.22476, 12.14198], [-86.22489, 12.14157], [-86.22495, 12.14124], [-86.22519, 12.14074], [-86.22574, 12.1402], [-86.2269, 12.13901], [-86.22738, 12.13849], [-86.22718, 12.13842], [-86.22445, 12.13844], [-86.22372, 12.13858], [-86.22332, 12.13861], [-86.22184, 12.13853], [-86.22149, 12.13862], [-86.22123, 12.13901], [-86.22119, 12.13957], [-86.22122, 12.14009], [-86.22125, 12.14053], [-86.22128, 12.14175], [-86.22153, 12.1418], [-86.22191, 12.14184], [-86.22359, 12.14246], [-86.22429, 12.14226], [-86.22476, 12.14198]]]}}, {"type": "Feature", "properties": {"nombre": "Colonia Rubén Darío", "tipo": "barrio"}, "geometry": {"type": "MultiPolygon", "coordinates": [[[[-86.22094, 12.14166], [-86.22093, 12.13852], [-86.21925, 12.13836], [-86.2184, 12.13798], [-86.21733, 12.13734], [-86.21724, 12.13728], [-86.21713, 12.13722], [-86.21695, 12.13726], [-86.21678, 12.13743], [-86.21581, 12.13896], [-86.21557, 12.1404], [-86.21649, 12.14086], [-86.21703, 12.14107], [-86.21854, 12.14168], [-86.22094, 12.14166]]], [[[-86.22094, 12.14166], [-86.22093, 12.13852], [-86.21925, 12.13836], [-86.2184, 12.13798], [-86.21733, 12.13734], [-86.21724, 12.13728], [-86.21713, 12.13722], [-86.21695, 12.13726], [-86.21678, 12.13743], [-86.21581, 12.13896], [-86.21557, 12.1404], [-86.21649, 12.14086], [-86.21703, 12.14107], [-86.21854, 12.14168], [-86.22094, 12.14166]]]]}}, {"type": "Feature", "properties": {"nombre": "Monte Carlo", "tipo": "residencial"}, "geometry": {"type": "MultiPolygon", "coordinates": [[[[-86.24034, 12.08136], [-86.24039, 12.08235], [-86.23939, 12.08251], [-86.23941, 12.08229], [-86.23944, 12.08193], [-86.23947, 12.08188], [-86.23957, 12.08187], [-86.23957, 12.08184], [-86.23957, 12.08176], [-86.23957, 12.08173], [-86.2395, 12.08171], [-86.23953, 12.08156], [-86.23955, 12.08131], [-86.24034, 12.08136]]], [[[-86.2681, 12.0752], [-86.26829, 12.07478], [-86.2682, 12.07465], [-86.26749, 12.07421], [-86.26746, 12.07296], [-86.26732, 12.07155], [-86.2671, 12.07017], [-86.26689, 12.06951], [-86.26676, 12.06936], [-86.2667, 12.06907], [-86.26552, 12.06948], [-86.26544, 12.06976], [-86.26455, 12.0701], [-86.26449, 12.07023], [-86.26437, 12.0708], [-86.26396, 12.07142], [-86.26401, 12.07203], [-86.26398, 12.07263], [-86.26383, 12.0729], [-86.26374, 12.07371], [-86.26351, 12.0745], [-86.26338, 12.07508], [-86.26391, 12.07556], [-86.26501, 12.07559], [-86.26494, 12.07629], [-86.26588, 12.07645], [-86.26689, 12.0755], [-86.2678, 12.07529], [-86.2681, 12.0752]]]]}}, {"type": "Feature", "properties": {"nombre": "Palma Real", "tipo": "residencial"}, "geometry": {"type": "Polygon", "coordinates": [[[-86.23933, 12.08132], [-86.23936, 12.08163], [-86.23935, 12.08171], [-86.23935, 12.08174], [-86.23926, 12.08177], [-86.23926, 12.08212], [-86.2391, 12.08215], [-86.23909, 12.08208], [-86.23825, 12.08224], [-86.2382, 12.08158], [-86.23933, 12.08132]]]}}, {"type": "Feature", "properties": {"nombre": "Condominio San Sebastián", "tipo": "residencial"}, "geometry": {"type": "MultiPolygon", "coordinates": [[[[-86.26765, 12.12568], [-86.26777, 12.12614], [-86.26721, 12.12622], [-86.26719, 12.126], [-86.26714, 12.1258], [-86.26765, 12.12568]]], [[[-86.23571, 12.09802], [-86.23574, 12.09753], [-86.23529, 12.0975], [-86.23526, 12.098], [-86.23571, 12.09802]]]]}}, {"type": "Feature", "properties": {"nombre": "Villas Italianas", "tipo": "barrio"}, "geometry": {"type": "MultiPolygon", "coordinates": [[[[-86.25824, 12.10381], [-86.2572, 12.10382], [-86.2573, 12.10528], [-86.25732, 12.10558], [-86.25768, 12.10558], [-86.25868, 12.10558], [-86.25869, 12.10548], [-86.25863, 12.10479], [-86.25862, 12.10456], [-86.25861, 12.10434], [-86.25859, 12.10381], [-86.25824, 12.10381]]], [[[-86.2587, 12.10558], [-86.25732, 12.10558], [-86.25732, 12.10558], [-86.2572, 12.10379], [-86.25759, 12.1038], [-86.25752, 12.10282], [-86.25752, 12.10277], [-86.25752, 12.10277], [-86.25828, 12.10279], [-86.25828, 12.10279], [-86.2585, 12.10276], [-86.25862, 12.10455], [-86.2585, 12.10276], [-86.25862, 12.10455], [-86.2587, 12.10558]]]]}}, {"type": "Feature", "properties": {"nombre": "Condominio Jacarandas", "tipo": "residencial"}, "geometry": {"type": "Polygon", "coordinates": [[[-86.2506, 12.084], [-86.25047, 12.08418], [-86.25043, 12.08425], [-86.25045, 12.08425], [-86.25043, 12.08428], [-86.25042, 12.0843], [-86.2504, 12.08429], [-86.25025, 12.08454], [-86.25091, 12.08488], [-86.25101, 12.08472], [-86.25099, 12.08457], [-86.251, 12.08449], [-86.25103, 12.08446], [-86.25106, 12.0844], [-86.25107, 12.08432], [-86.25111, 12.08426], [-86.25093, 12.08413], [-86.25078, 12.08405], [-86.2506, 12.084]]]}}, {"type": "Feature", "properties": {"nombre": "Valle de Luna", "tipo": "residencial"}, "geometry": {"type": "Polygon", "coordinates": [[[-86.26589, 12.07963], [-86.26491, 12.07933], [-86.26489, 12.07896], [-86.26405, 12.07887], [-86.26391, 12.07929], [-86.26381, 12.07981], [-86.26318, 12.0796], [-86.26295, 12.07971], [-86.26286, 12.08024], [-86.26285, 12.08059], [-86.26376, 12.081], [-86.26402, 12.08104], [-86.26468, 12.08114], [-86.26508, 12.08109], [-86.26559, 12.08097], [-86.26589, 12.07963]]]}}, {"type": "Feature", "properties": {"nombre": "Playa Bella Vista", "tipo": "residencial"}, "geometry": {"type": "Polygon", "coordinates": [[[-86.33561, 12.17373], [-86.33608, 12.17498], [-86.33628, 12.17491], [-86.33611, 12.17438], [-86.33659, 12.17431], [-86.33662, 12.17351], [-86.33561, 12.17373]]]}}, {"type": "Feature", "properties": {"nombre": "Residencia Altos de Ticomo", "tipo": "residencial"}, "geometry": {"type": "Polygon", "coordinates": [[[-86.32769, 12.09992], [-86.32771, 12.09999], [-86.32804, 12.10059], [-86.32855, 12.10032], [-86.32863, 12.1009], [-86.32874, 12.10093], [-86.32882, 12.10101], [-86.32902, 12.10119], [-86.32956, 12.10123], [-86.32991, 12.10095], [-86.33029, 12.10046], [-86.33041, 12.10016], [-86.33056, 12.10005], [-86.33064, 12.09868], [-86.3312, 12.0987], [-86.33157, 12.09871], [-86.33156, 12.09825], [-86.33257, 12.09829], [-86.33265, 12.0974], [-86.33342, 12.09717], [-86.33351, 12.09631], [-86.33355, 12.09612], [-86.33333, 12.09517], [-86.33101, 12.09618], [-86.32909, 12.09701], [-86.32854, 12.09694], [-86.32868, 12.0972], [-86.32907, 12.09761], [-86.32731, 12.09943], [-86.32759, 12.09986], [-86.32763, 12.09991], [-86.32769, 12.09992]]]}}, {"type": "Feature", "properties": {"nombre": "Condominio Roma", "tipo": "residencial"}, "geometry": {"type": "MultiPolygon", "coordinates": [[[[-86.26417, 12.10756], [-86.26412, 12.10753], [-86.26414, 12.10749], [-86.26355, 12.10717], [-86.26304, 12.10789], [-86.26309, 12.10794], [-86.26413, 12.10797], [-86.2644, 12.10795], [-86.2644, 12.10765], [-86.26424, 12.10754], [-86.26421, 12.10757], [-86.26417, 12.10756]]], [[[-86.26446, 12.1076], [-86.26461, 12.10771], [-86.26475, 12.10782], [-86.26485, 12.10792], [-86.26493, 12.10801], [-86.26493, 12.10801], [-86.26475, 12.10795], [-86.26362, 12.10798], [-86.26301, 12.10794], [-86.26301, 12.10794], [-86.2636, 12.1071], [-86.2636, 12.1071], [-86.26374, 12.10718], [-86.26395, 12.1073], [-86.26424, 12.10745], [-86.26433, 12.1075], [-86.26446, 12.1076]]]]}}, {"type": "Feature", "properties": {"nombre": "Portal San Cayetano", "tipo": "residencial"}, "geometry": {"type": "Polygon", "coordinates": [[[-86.22433, 12.09391], [-86.22425, 12.09367], [-86.22268, 12.09383], [-86.22263, 12.09401], [-86.22342, 12.0942], [-86.22367, 12.09424], [-86.22379, 12.0943], [-86.22376, 12.094], [-86.2241, 12.09397], [-86.22417, 12.09404], [-86.22422, 12.09433], [-86.22444, 12.0943], [-86.22438, 12.09407], [-86.22432, 12.09407], [-86.2243, 12.09398], [-86.22429, 12.09393], [-86.22433, 12.09391]]]}}, {"type": "Feature", "properties": {"nombre": "Ciudad San Sebastian", "tipo": "residencial"}, "geometry": {"type": "Polygon", "coordinates": [[[-86.20721, 12.10325], [-86.20553, 12.10282], [-86.20515, 12.10413], [-86.20462, 12.10592], [-86.20409, 12.10746], [-86.20587, 12.10845], [-86.20632, 12.10684], [-86.207, 12.10698], [-86.2071, 12.10591], [-86.20656, 12.10577], [-86.20721, 12.10325]]]}}, {"type": "Feature", "properties": {"nombre": "Lomas del Valle", "tipo": "barrio"}, "geometry": {"type": "MultiPolygon", "coordinates": [[[[-86.24713, 12.10798], [-86.24711, 12.10834], [-86.24709, 12.1091], [-86.24709, 12.10934], [-86.24709, 12.10973], [-86.24707, 12.11003], [-86.24703, 12.11093], [-86.24738, 12.11101], [-86.24734, 12.11124], [-86.24733, 12.1113], [-86.24735, 12.11152], [-86.24754, 12.11152], [-86.2476, 12.11195], [-86.24745, 12.11197], [-86.24611, 12.1117], [-86.24557, 12.11165], [-86.24528, 12.11159], [-86.24536, 12.11098], [-86.24368, 12.11123], [-86.24361, 12.1113], [-86.24337, 12.11252], [-86.24332, 12.11258], [-86.24312, 12.11271], [-86.24236, 12.11303], [-86.24174, 12.11302], [-86.24177, 12.11291], [-86.24197, 12.11259], [-86.24197, 12.1114], [-86.24198, 12.11016], [-86.24198, 12.10921], [-86.24197, 12.109], [-86.242, 12.10844], [-86.242, 12.10746], [-86.24187, 12.1065], [-86.24172, 12.10608], [-86.24188, 12.10595], [-86.24197, 12.10596], [-86.24281, 12.106], [-86.24364, 12.10603], [-86.24389, 12.10606], [-86.24458, 12.10628], [-86.24491, 12.10616], [-86.24505, 12.10634], [-86.24565, 12.10626], [-86.246, 12.10623], [-86.2465, 12.10618], [-86.24657, 12.10617], [-86.24661, 12.10662], [-86.24646, 12.10718], [-86.24672, 12.10739], [-86.24688, 12.10754], [-86.24714, 12.10779], [-86.24713, 12.10798]]], [[[-86.24713, 12.10798], [-86.24711, 12.10834], [-86.24709, 12.1091], [-86.24709, 12.10934], [-86.24709, 12.10973], [-86.24707, 12.11003], [-86.24703, 12.11093], [-86.24738, 12.11101], [-86.24734, 12.11124], [-86.24733, 12.1113], [-86.24735, 12.11152], [-86.24754, 12.11152], [-86.2476, 12.11195], [-86.24745, 12.11197], [-86.24611, 12.1117], [-86.24557, 12.11165], [-86.24528, 12.11159], [-86.24536, 12.11098], [-86.24368, 12.11123], [-86.24361, 12.1113], [-86.24337, 12.11252], [-86.24332, 12.11258], [-86.24312, 12.11271], [-86.24236, 12.11303], [-86.24174, 12.11302], [-86.24177, 12.11291], [-86.24197, 12.11259], [-86.24197, 12.1114], [-86.24198, 12.11016], [-86.24198, 12.10921], [-86.24197, 12.109], [-86.242, 12.10844], [-86.242, 12.10746], [-86.24187, 12.1065], [-86.24172, 12.10608], [-86.24188, 12.10595], [-86.24197, 12.10596], [-86.24281, 12.106], [-86.24364, 12.10603], [-86.24389, 12.10606], [-86.24458, 12.10628], [-86.24491, 12.10616], [-86.24505, 12.10634], [-86.24565, 12.10626], [-86.246, 12.10623], [-86.2465, 12.10618], [-86.24657, 12.10617], [-86.24661, 12.10662], [-86.24646, 12.10718], [-86.24672, 12.10739], [-86.24688, 12.10754], [-86.24714, 12.10779], [-86.24713, 12.10798]]]]}}, {"type": "Feature", "properties": {"nombre": "Bosques de San Isidro", "tipo": "residencial"}, "geometry": {"type": "Polygon", "coordinates": [[[-86.25362, 12.06755], [-86.2535, 12.06811], [-86.25341, 12.06823], [-86.25319, 12.06856], [-86.25226, 12.06856], [-86.25209, 12.06917], [-86.25193, 12.06964], [-86.25286, 12.06965], [-86.25298, 12.07048], [-86.253, 12.0706], [-86.25268, 12.0707], [-86.25167, 12.07075], [-86.25084, 12.07077], [-86.25004, 12.07078], [-86.24972, 12.07075], [-86.24987, 12.06971], [-86.24868, 12.06966], [-86.2483, 12.06961], [-86.24845, 12.06914], [-86.24849, 12.06912], [-86.24856, 12.06915], [-86.24858, 12.06906], [-86.24861, 12.06898], [-86.24864, 12.06889], [-86.24855, 12.06885], [-86.24855, 12.06882], [-86.24857, 12.06876], [-86.24867, 12.06846], [-86.24874, 12.06845], [-86.24942, 12.06848], [-86.24963, 12.06795], [-86.24974, 12.06738], [-86.25058, 12.06742], [-86.25246, 12.06749], [-86.25362, 12.06755]]]}}, {"type": "Feature", "properties": {"nombre": "Condado El Mirador", "tipo": "residencial"}, "geometry": {"type": "Polygon", "coordinates": [[[-86.24685, 12.09009], [-86.24657, 12.09007], [-86.24645, 12.09086], [-86.24675, 12.0909], [-86.24681, 12.09035], [-86.24685, 12.09009]]]}}, {"type": "Feature", "properties": {"nombre": "Parque del Club Condominios", "tipo": "residencial"}, "geometry": {"type": "Polygon", "coordinates": [[[-86.26517, 12.10991], [-86.26394, 12.10977], [-86.26386, 12.11035], [-86.26512, 12.11053], [-86.26513, 12.11043], [-86.26517, 12.10991]]]}}, {"type": "Feature", "properties": {"nombre": "Condominio Inmaculada", "tipo": "residencial"}, "geometry": {"type": "Polygon", "coordinates": [[[-86.26195, 12.10597], [-86.26186, 12.10575], [-86.26125, 12.10573], [-86.26125, 12.10553], [-86.26045, 12.1054], [-86.26037, 12.10602], [-86.26176, 12.10606], [-86.26184, 12.10601], [-86.26189, 12.10597], [-86.26195, 12.10597]]]}}, {"type": "Feature", "properties": {"nombre": "Villa Valencia", "tipo": "residencial"}, "geometry": {"type": "Polygon", "coordinates": [[[-86.24748, 12.07926], [-86.24717, 12.07905], [-86.24703, 12.07922], [-86.24733, 12.07945], [-86.24748, 12.07926]]]}}, {"type": "Feature", "properties": {"nombre": "Sierritas de Santo Domingo", "tipo": "residencial"}, "geometry": {"type": "Polygon", "coordinates": [[[-86.24014, 12.08777], [-86.24009, 12.08803], [-86.2396, 12.08798], [-86.23948, 12.08827], [-86.23855, 12.08816], [-86.23808, 12.08776], [-86.23818, 12.08739], [-86.23825, 12.08684], [-86.23835, 12.08649], [-86.23978, 12.08654], [-86.2396, 12.08724], [-86.23977, 12.0872], [-86.24008, 12.08729], [-86.24023, 12.0873], [-86.24015, 12.0877], [-86.24014, 12.08777]]]}}, {"type": "Feature", "properties": {"nombre": "Urbanización Santo Domingo", "tipo": "residencial"}, "geometry": {"type": "Polygon", "coordinates": [[[-86.24026, 12.08572], [-86.24027, 12.08604], [-86.24041, 12.08605], [-86.24041, 12.08612], [-86.24041, 12.0862], [-86.24037, 12.08657], [-86.23978, 12.08654], [-86.23835, 12.08649], [-86.23842, 12.08612], [-86.23841, 12.0857], [-86.23913, 12.08576], [-86.23947, 12.08568], [-86.23984, 12.08556], [-86.24002, 12.08571], [-86.24026, 12.08572]]]}}, {"type": "Feature", "properties": {"nombre": "Villa Florencia", "tipo": "residencial"}, "geometry": {"type": "Polygon", "coordinates": [[[-86.22603, 12.09247], [-86.22602, 12.09265], [-86.22607, 12.09265], [-86.22606, 12.09271], [-86.22606, 12.09276], [-86.22606, 12.09294], [-86.22605, 12.09296], [-86.225, 12.09296], [-86.22406, 12.09301], [-86.22344, 12.09243], [-86.22603, 12.09247]]]}}, {"type": "Feature", "properties": {"nombre": "Michelangelo", "tipo": "residencial"}, "geometry": {"type": "Polygon", "coordinates": [[[-86.21702, 12.08068], [-86.21698, 12.08095], [-86.21702, 12.08144], [-86.21408, 12.08136], [-86.21398, 12.08075], [-86.21395, 12.08053], [-86.2139, 12.08026], [-86.21391, 12.08028], [-86.21421, 12.08029], [-86.21479, 12.08031], [-86.21621, 12.08035], [-86.21624, 12.08067], [-86.21702, 12.08068]]]}}, {"type": "Feature", "properties": {"nombre": "Residencial Las Palmeras", "tipo": "barrio"}, "geometry": {"type": "Polygon", "coordinates": [[[-86.18344, 12.08328], [-86.18205, 12.08246], [-86.1805, 12.08329], [-86.17992, 12.08398], [-86.18, 12.08452], [-86.18001, 12.08536], [-86.18047, 12.08555], [-86.1809, 12.08567], [-86.18152, 12.08509], [-86.18207, 12.08461], [-86.18259, 12.08408], [-86.18344, 12.08328]]]}}, {"type": "Feature", "properties": {"nombre": "Residencial Mayales", "tipo": "barrio"}, "geometry": {"type": "Polygon", "coordinates": [[[-86.20131, 12.08442], [-86.20091, 12.08536], [-86.20029, 12.0868], [-86.19882, 12.09016], [-86.19837, 12.09002], [-86.19802, 12.0906], [-86.19734, 12.09019], [-86.19747, 12.08956], [-86.1982, 12.0877], [-86.19889, 12.0859], [-86.19987, 12.08352], [-86.20131, 12.08442]]]}}, {"type": "Feature", "properties": {"nombre": "La Cascada", "tipo": "residencial"}, "geometry": {"type": "Polygon", "coordinates": [[[-86.19591, 12.0585], [-86.19557, 12.05873], [-86.19551, 12.05877], [-86.19519, 12.05899], [-86.19587, 12.0595], [-86.19624, 12.0598], [-86.19581, 12.06034], [-86.19761, 12.06147], [-86.19875, 12.0598], [-86.19861, 12.05971], [-86.19852, 12.05983], [-86.19688, 12.05899], [-86.196, 12.05855], [-86.19591, 12.0585]]]}}, {"type": "Feature", "properties": {"nombre": "Villas Asturias", "tipo": "residencial"}, "geometry": {"type": "Polygon", "coordinates": [[[-86.19459, 12.05922], [-86.19452, 12.05913], [-86.19446, 12.05828], [-86.19453, 12.05787], [-86.19312, 12.05798], [-86.19311, 12.05864], [-86.19348, 12.05936], [-86.1937, 12.05953], [-86.19399, 12.05907], [-86.19439, 12.05943], [-86.19445, 12.05938], [-86.19459, 12.05922]]]}}, {"type": "Feature", "properties": {"nombre": "Palmetto", "tipo": "residencial"}, "geometry": {"type": "Polygon", "coordinates": [[[-86.19534, 12.0479], [-86.19528, 12.04783], [-86.19545, 12.04767], [-86.19541, 12.04767], [-86.19509, 12.04778], [-86.19391, 12.04803], [-86.19336, 12.04821], [-86.19328, 12.04918], [-86.19327, 12.04983], [-86.19329, 12.05023], [-86.19236, 12.05052], [-86.19243, 12.05087], [-86.19253, 12.05134], [-86.19264, 12.05131], [-86.1951, 12.05064], [-86.19598, 12.05035], [-86.19595, 12.05024], [-86.19566, 12.04967], [-86.19558, 12.04941], [-86.1956, 12.04889], [-86.19554, 12.04863], [-86.19545, 12.04838], [-86.19542, 12.04826], [-86.1954, 12.04799], [-86.1954, 12.04788], [-86.19536, 12.04791], [-86.19534, 12.0479]]]}}, {"type": "Feature", "properties": {"nombre": "San Pablo", "tipo": "residencial"}, "geometry": {"type": "Polygon", "coordinates": [[[-86.22856, 12.0873], [-86.22809, 12.08738], [-86.2286, 12.08842], [-86.22911, 12.0883], [-86.22856, 12.0873]]]}}, {"type": "Feature", "properties": {"nombre": "Condominio Quita Real", "tipo": "residencial"}, "geometry": {"type": "Polygon", "coordinates": [[[-86.19761, 12.05192], [-86.19727, 12.05148], [-86.19678, 12.0518], [-86.19685, 12.05199], [-86.19695, 12.05208], [-86.19729, 12.05221], [-86.19761, 12.05192]]]}}, {"type": "Feature", "properties": {"nombre": "Residencial Donatello", "tipo": "residencial"}, "geometry": {"type": "Polygon", "coordinates": [[[-86.21708, 12.07944], [-86.2168, 12.07943], [-86.21628, 12.07943], [-86.21625, 12.07944], [-86.21568, 12.07944], [-86.21512, 12.07943], [-86.21511, 12.07921], [-86.21509, 12.07892], [-86.21447, 12.07897], [-86.21392, 12.07901], [-86.21393, 12.07946], [-86.21391, 12.08028], [-86.21421, 12.08029], [-86.21479, 12.08031], [-86.21621, 12.08035], [-86.21713, 12.08035], [-86.21712, 12.08008], [-86.21708, 12.07944]]]}}, {"type": "Feature", "properties": {"nombre": "Gaudi Villas", "tipo": "residencial"}, "geometry": {"type": "Polygon", "coordinates": [[[-86.21993, 12.08431], [-86.21996, 12.08438], [-86.21998, 12.08448], [-86.22052, 12.0844], [-86.22162, 12.08428], [-86.22161, 12.08306], [-86.22187, 12.08304], [-86.22184, 12.08187], [-86.22098, 12.0819], [-86.22051, 12.08192], [-86.22053, 12.08308], [-86.22072, 12.08306], [-86.2207, 12.08397], [-86.22067, 12.08402], [-86.22052, 12.0841], [-86.22002, 12.08429], [-86.21993, 12.08431]]]}}, {"type": "Feature", "properties": {"nombre": "Residencial Mirabosques", "tipo": "residencial"}, "geometry": {"type": "Polygon", "coordinates": [[[-86.21725, 12.07994], [-86.21723, 12.07947], [-86.21731, 12.07945], [-86.2173, 12.0794], [-86.2173, 12.07935], [-86.21723, 12.07935], [-86.2172, 12.07884], [-86.21857, 12.07855], [-86.21921, 12.07852], [-86.21937, 12.07955], [-86.21814, 12.0798], [-86.21725, 12.07994]]]}}, {"type": "Feature", "properties": {"nombre": "Villa El Rosario", "tipo": "residencial"}, "geometry": {"type": "Polygon", "coordinates": [[[-86.22885, 12.07662], [-86.22863, 12.07701], [-86.22941, 12.07718], [-86.22952, 12.0778], [-86.22956, 12.07806], [-86.22981, 12.07879], [-86.22994, 12.07918], [-86.23032, 12.07909], [-86.23035, 12.07926], [-86.22995, 12.07937], [-86.22988, 12.08008], [-86.23051, 12.08012], [-86.23226, 12.08019], [-86.2322, 12.07895], [-86.23281, 12.07896], [-86.23318, 12.07897], [-86.23316, 12.07818], [-86.23315, 12.07786], [-86.23285, 12.07777], [-86.23285, 12.07734], [-86.22885, 12.07662]]]}}, {"type": "Feature", "properties": {"nombre": "Villas Entreverde", "tipo": "residencial"}, "geometry": {"type": "Polygon", "coordinates": [[[-86.21937, 12.07955], [-86.21814, 12.0798], [-86.21725, 12.07994], [-86.21726, 12.08019], [-86.21723, 12.08043], [-86.21888, 12.0802], [-86.21892, 12.08046], [-86.21949, 12.08027], [-86.21939, 12.07962], [-86.21937, 12.07955]]]}}, {"type": "Feature", "properties": {"nombre": "Ciudad el Doral", "tipo": "barrio"}, "geometry": {"type": "Polygon", "coordinates": [[[-86.38319, 12.1967], [-86.38409, 12.19664], [-86.38689, 12.19662], [-86.38737, 12.19658], [-86.38944, 12.19669], [-86.39018, 12.19695], [-86.39485, 12.20046], [-86.39498, 12.20082], [-86.39509, 12.20309], [-86.39422, 12.20446], [-86.39489, 12.20496], [-86.39407, 12.20629], [-86.3937, 12.20606], [-86.39335, 12.20586], [-86.3916, 12.20486], [-86.39098, 12.20438], [-86.38464, 12.20017], [-86.38425, 12.19993], [-86.38401, 12.19979], [-86.3838, 12.19968], [-86.38285, 12.19908], [-86.38319, 12.1967]]]}}, {"type": "Feature", "properties": {"nombre": "Condominio La Hacienda", "tipo": "residencial"}, "geometry": {"type": "Polygon", "coordinates": [[[-86.23851, 12.07994], [-86.2384, 12.07946], [-86.23908, 12.07931], [-86.23897, 12.07885], [-86.23801, 12.07904], [-86.23786, 12.07906], [-86.23788, 12.07958], [-86.23829, 12.07948], [-86.23839, 12.07996], [-86.23846, 12.07995], [-86.23851, 12.07994]]]}}, {"type": "Feature", "properties": {"nombre": "Residencia de Embajada de Cuba", "tipo": "residencial"}, "geometry": {"type": "Polygon", "coordinates": [[[-86.23754, 12.07569], [-86.23755, 12.07547], [-86.23729, 12.07546], [-86.23728, 12.07567], [-86.23754, 12.07569]]]}}, {"type": "Feature", "properties": {"nombre": "Puerta del Sol", "tipo": "residencial"}, "geometry": {"type": "Polygon", "coordinates": [[[-86.21848, 12.06888], [-86.21698, 12.06871], [-86.21704, 12.06958], [-86.21671, 12.06962], [-86.21676, 12.07033], [-86.21696, 12.0705], [-86.21802, 12.0702], [-86.2186, 12.07004], [-86.21848, 12.06888]]]}}, {"type": "Feature", "properties": {"nombre": "Residencial Palermo", "tipo": "residencial"}, "geometry": {"type": "Polygon", "coordinates": [[[-86.235, 12.07703], [-86.23537, 12.07778], [-86.23663, 12.07741], [-86.23666, 12.07655], [-86.23658, 12.07657], [-86.23612, 12.07671], [-86.235, 12.07703]]]}}, {"type": "Feature", "properties": {"nombre": "Villas de Andalucia", "tipo": "residencial"}, "geometry": {"type": "Polygon", "coordinates": [[[-86.23544, 12.07451], [-86.23527, 12.07423], [-86.23492, 12.07422], [-86.23492, 12.07408], [-86.23469, 12.07408], [-86.23468, 12.07519], [-86.2347, 12.07551], [-86.23496, 12.07543], [-86.23522, 12.07538], [-86.23517, 12.07514], [-86.23515, 12.07478], [-86.23516, 12.0747], [-86.23522, 12.07461], [-86.23528, 12.07456], [-86.23544, 12.07451]]]}}, {"type": "Feature", "properties": {"nombre": "Reparto de Lomas de Las Colinas", "tipo": "barrio"}, "geometry": {"type": "Polygon", "coordinates": [[[-86.23119, 12.10123], [-86.23119, 12.1013], [-86.23132, 12.10133], [-86.23138, 12.10179], [-86.23068, 12.10177], [-86.23067, 12.1011], [-86.23059, 12.09951], [-86.23059, 12.09939], [-86.23072, 12.09939], [-86.23125, 12.0994], [-86.23127, 12.10021], [-86.2313, 12.10118], [-86.23119, 12.10118], [-86.23119, 12.10123]]]}}, {"type": "Feature", "properties": {"nombre": "Residencia de Embajada de Chile", "tipo": "residencial"}, "geometry": {"type": "Polygon", "coordinates": [[[-86.24906, 12.08575], [-86.24938, 12.0853], [-86.24887, 12.08498], [-86.24877, 12.08546], [-86.24906, 12.08575]]]}}, {"type": "Feature", "properties": {"nombre": "Residencia de Embajada de Taiwan", "tipo": "residencial"}, "geometry": {"type": "Polygon", "coordinates": [[[-86.2482, 12.08797], [-86.24821, 12.08766], [-86.24767, 12.08765], [-86.24766, 12.08795], [-86.2482, 12.08797]]]}}, {"type": "Feature", "properties": {"nombre": "Residencia de Delegacion de Union European", "tipo": "residencial"}, "geometry": {"type": "Polygon", "coordinates": [[[-86.24896, 12.08422], [-86.24925, 12.08364], [-86.24883, 12.08349], [-86.24877, 12.08376], [-86.24862, 12.08413], [-86.24886, 12.08423], [-86.24891, 12.08423], [-86.24896, 12.08422]]]}}, {"type": "Feature", "properties": {"nombre": "Residencias El Escoliar", "tipo": "residencial"}, "geometry": {"type": "Polygon", "coordinates": [[[-86.24754, 12.08679], [-86.24756, 12.08661], [-86.2471, 12.08653], [-86.24706, 12.08671], [-86.24754, 12.08679]]]}}, {"type": "Feature", "properties": {"nombre": "Santa Eduviges", "tipo": "residencial"}, "geometry": {"type": "MultiPolygon", "coordinates": [[[[-86.36148, 12.15781], [-86.36078, 12.15765], [-86.36017, 12.15751], [-86.35817, 12.15684], [-86.36019, 12.15172], [-86.36102, 12.15213], [-86.36218, 12.15215], [-86.36309, 12.15221], [-86.36148, 12.15781]]], [[[-86.36148, 12.15781], [-86.36407, 12.15841], [-86.36483, 12.15849], [-86.3649, 12.15729], [-86.36514, 12.15301], [-86.36448, 12.1528], [-86.36362, 12.1524], [-86.36309, 12.15221], [-86.36148, 12.15781]]]]}}, {"type": "Feature", "properties": {"nombre": "Residencial Casa Real (III Etapa)", "tipo": "residencial"}, "geometry": {"type": "Polygon", "coordinates": [[[-86.18256, 12.14856], [-86.17954, 12.14862], [-86.17968, 12.14956], [-86.1799, 12.15099], [-86.18037, 12.15245], [-86.18093, 12.15244], [-86.18256, 12.14856]]]}}, {"type": "Feature", "properties": {"nombre": "Residencial Montecristi", "tipo": "residencial"}, "geometry": {"type": "MultiPolygon", "coordinates": [[[[-86.17588, 12.15114], [-86.17561, 12.15255], [-86.17669, 12.15259], [-86.17722, 12.15255], [-86.17794, 12.15259], [-86.18035, 12.15263], [-86.18037, 12.15245], [-86.1799, 12.15099], [-86.17968, 12.14956], [-86.17832, 12.14929], [-86.17871, 12.14749], [-86.17832, 12.14746], [-86.17574, 12.14722], [-86.17555, 12.14821], [-86.17554, 12.14827], [-86.17554, 12.14829], [-86.17503, 12.15098], [-86.17588, 12.15114]]], [[[-86.17588, 12.15114], [-86.17561, 12.15255], [-86.17669, 12.15259], [-86.17722, 12.15255], [-86.17794, 12.15259], [-86.18035, 12.15263], [-86.18037, 12.15245], [-86.1799, 12.15099], [-86.17968, 12.14956], [-86.17832, 12.14929], [-86.17871, 12.14749], [-86.17832, 12.14746], [-86.17574, 12.14722], [-86.17555, 12.14821], [-86.17554, 12.14827], [-86.17554, 12.14829], [-86.17503, 12.15098], [-86.17588, 12.15114]]]]}}, {"type": "Feature", "properties": {"nombre": "Villa Libertad", "tipo": "barrio"}, "geometry": {"type": "Polygon", "coordinates": [[[-86.2032, 12.11963], [-86.20448, 12.12028], [-86.20547, 12.12079], [-86.20573, 12.11916], [-86.20582, 12.11827], [-86.20594, 12.11623], [-86.20478, 12.11586], [-86.20383, 12.11563], [-86.20266, 12.11526], [-86.2034, 12.11341], [-86.2037, 12.1135], [-86.20379, 12.11353], [-86.20427, 12.11367], [-86.20472, 12.11243], [-86.20376, 12.11208], [-86.20302, 12.11185], [-86.20252, 12.11174], [-86.20021, 12.11156], [-86.19981, 12.11505], [-86.19962, 12.11716], [-86.19946, 12.11841], [-86.19941, 12.11878], [-86.20058, 12.11887], [-86.20088, 12.11894], [-86.20296, 12.11974], [-86.2032, 12.11963]]]}}, {"type": "Feature", "properties": {"nombre": "Residencial Casa Real", "tipo": "barrio"}, "geometry": {"type": "Polygon", "coordinates": [[[-86.18221, 12.14995], [-86.18233, 12.14996], [-86.1852, 12.15034], [-86.18535, 12.15036], [-86.18453, 12.15215], [-86.1844, 12.15241], [-86.18399, 12.15322], [-86.18386, 12.15343], [-86.18375, 12.15367], [-86.18365, 12.15384], [-86.18355, 12.15404], [-86.1834, 12.15431], [-86.18322, 12.15464], [-86.18298, 12.1551], [-86.18291, 12.15543], [-86.18291, 12.15568], [-86.1829, 12.15577], [-86.18232, 12.15573], [-86.18137, 12.15562], [-86.18139, 12.15416], [-86.18141, 12.15351], [-86.1816, 12.15289], [-86.181, 12.1529], [-86.18178, 12.15097], [-86.18221, 12.14995]]]}}, {"type": "Feature", "properties": {"nombre": "Anexo Dios Proveera", "tipo": "barrio"}, "geometry": {"type": "Polygon", "coordinates": [[[-86.24259, 12.11626], [-86.24115, 12.11623], [-86.24109, 12.11597], [-86.2409, 12.11594], [-86.24084, 12.11546], [-86.24104, 12.11457], [-86.24269, 12.11476], [-86.24259, 12.11626]]]}}, {"type": "Feature", "properties": {"nombre": "Residencial Bruselas", "tipo": "barrio"}, "geometry": {"type": "Polygon", "coordinates": [[[-86.20256, 12.09341], [-86.20336, 12.09258], [-86.20372, 12.09208], [-86.20333, 12.09176], [-86.20361, 12.09147], [-86.20422, 12.09196], [-86.20442, 12.09162], [-86.20552, 12.09245], [-86.20461, 12.09423], [-86.20381, 12.09372], [-86.20348, 12.09429], [-86.20281, 12.09366], [-86.20281, 12.09362], [-86.20278, 12.09358], [-86.20271, 12.09353], [-86.20268, 12.09353], [-86.20256, 12.09341]]]}}, {"type": "Feature", "properties": {"nombre": "Urbanización Ríos de Agua Viva", "tipo": "residencial"}, "geometry": {"type": "Polygon", "coordinates": [[[-86.17123, 12.11662], [-86.16939, 12.11586], [-86.16879, 12.11757], [-86.17046, 12.11827], [-86.17123, 12.11662]]]}}, {"type": "Feature", "properties": {"nombre": "Villa El Sol", "tipo": "residencial"}, "geometry": {"type": "MultiPolygon", "coordinates": [[[[-86.16151, 12.09414], [-86.1605, 12.09556], [-86.15994, 12.09663], [-86.16095, 12.0975], [-86.15956, 12.09992], [-86.15709, 12.10405], [-86.15815, 12.10482], [-86.15852, 12.10548], [-86.15794, 12.10673], [-86.1588, 12.10761], [-86.1601, 12.104], [-86.1604, 12.10326], [-86.16169, 12.10455], [-86.16178, 12.10445], [-86.1616, 12.10426], [-86.16207, 12.10343], [-86.16238, 12.1029], [-86.16215, 12.1025], [-86.16279, 12.10115], [-86.16256, 12.10097], [-86.1637, 12.09916], [-86.16458, 12.09718], [-86.16407, 12.09522], [-86.16232, 12.0933], [-86.16151, 12.09414]]], [[[-86.16151, 12.09414], [-86.1605, 12.09556], [-86.15994, 12.09663], [-86.16095, 12.0975], [-86.15956, 12.09992], [-86.15709, 12.10405], [-86.15815, 12.10482], [-86.15852, 12.10548], [-86.15794, 12.10673], [-86.1588, 12.10761], [-86.1601, 12.104], [-86.1604, 12.10326], [-86.16169, 12.10455], [-86.16178, 12.10445], [-86.1616, 12.10426], [-86.16207, 12.10343], [-86.16238, 12.1029], [-86.16215, 12.1025], [-86.16279, 12.10115], [-86.16256, 12.10097], [-86.1637, 12.09916], [-86.16458, 12.09718], [-86.16407, 12.09522], [-86.16232, 12.0933], [-86.16151, 12.09414]]]]}}, {"type": "Feature", "properties": {"nombre": "Villas del Prado", "tipo": "barrio"}, "geometry": {"type": "Polygon", "coordinates": [[[-86.21437, 12.06656], [-86.21478, 12.06746], [-86.21504, 12.06744], [-86.21506, 12.06754], [-86.21507, 12.06763], [-86.21512, 12.06763], [-86.21515, 12.06801], [-86.21564, 12.06798], [-86.21612, 12.06753], [-86.21875, 12.06768], [-86.21895, 12.06675], [-86.21732, 12.0667], [-86.21521, 12.0666], [-86.21437, 12.06656]]]}}, {"type": "Feature", "properties": {"nombre": "Los Almendros", "tipo": "residencial"}, "geometry": {"type": "Polygon", "coordinates": [[[-86.19377, 12.03606], [-86.19328, 12.03989], [-86.19262, 12.03988], [-86.19259, 12.04042], [-86.19255, 12.04112], [-86.19252, 12.04126], [-86.19174, 12.04105], [-86.19162, 12.04101], [-86.19155, 12.04098], [-86.19147, 12.04118], [-86.19114, 12.04108], [-86.19121, 12.04087], [-86.19096, 12.04079], [-86.19125, 12.04], [-86.1915, 12.03935], [-86.19155, 12.03859], [-86.19158, 12.0382], [-86.19154, 12.03801], [-86.19136, 12.03731], [-86.19209, 12.03709], [-86.19324, 12.03618], [-86.19356, 12.03597], [-86.19365, 12.03592], [-86.19371, 12.03596], [-86.19377, 12.03603], [-86.19377, 12.03606]]]}}, {"type": "Feature", "properties": {"nombre": "Barrio Altagracia", "tipo": "barrio"}, "geometry": {"type": "Polygon", "coordinates": [[[-86.29031, 12.13784], [-86.28928, 12.1377], [-86.28901, 12.13758], [-86.28892, 12.13736], [-86.28885, 12.1371], [-86.28881, 12.1369], [-86.2888, 12.13627], [-86.2888, 12.13583], [-86.28886, 12.13552], [-86.28915, 12.13505], [-86.28941, 12.13463], [-86.28964, 12.13418], [-86.28998, 12.13366], [-86.29012, 12.13345], [-86.29036, 12.13306], [-86.29054, 12.13266], [-86.29066, 12.13222], [-86.29079, 12.13177], [-86.29087, 12.13143], [-86.29088, 12.13108], [-86.29282, 12.13097], [-86.29255, 12.13157], [-86.29226, 12.1321], [-86.29203, 12.1328], [-86.29177, 12.13336], [-86.29165, 12.1339], [-86.29126, 12.13471], [-86.29108, 12.13569], [-86.29095, 12.13639], [-86.29031, 12.13784]]]}}, {"type": "Feature", "properties": {"nombre": "Terrazas de Santo Domingo", "tipo": "residencial"}, "geometry": {"type": "Polygon", "coordinates": [[[-86.25105, 12.09367], [-86.24795, 12.09362], [-86.24829, 12.09248], [-86.25121, 12.09251], [-86.25105, 12.09367]]]}}, {"type": "Feature", "properties": {"nombre": "Residencial Las Delicias", "tipo": "barrio"}, "geometry": {"type": "Polygon", "coordinates": [[[-86.18324, 12.15717], [-86.18322, 12.15718], [-86.18294, 12.15751], [-86.18277, 12.158], [-86.18268, 12.1582], [-86.18231, 12.15892], [-86.1821, 12.15919], [-86.18216, 12.15981], [-86.18223, 12.15994], [-86.18237, 12.16047], [-86.18255, 12.16109], [-86.1826, 12.16179], [-86.18294, 12.16251], [-86.18305, 12.16324], [-86.18302, 12.16364], [-86.18328, 12.16419], [-86.18445, 12.16428], [-86.18545, 12.1653], [-86.18632, 12.16532], [-86.18651, 12.16339], [-86.18665, 12.16187], [-86.18676, 12.16067], [-86.18683, 12.16039], [-86.18686, 12.15951], [-86.18556, 12.1592], [-86.18531, 12.15897], [-86.18509, 12.15867], [-86.18497, 12.15848], [-86.18482, 12.15829], [-86.18463, 12.15816], [-86.18439, 12.15799], [-86.18405, 12.15778], [-86.18362, 12.15749], [-86.18358, 12.15752], [-86.18353, 12.15754], [-86.18333, 12.15729], [-86.18327, 12.15718], [-86.18324, 12.15717]]]}}, {"type": "Feature", "properties": {"nombre": "Residencial Colinas de Verona", "tipo": "barrio"}, "geometry": {"type": "Polygon", "coordinates": [[[-86.18686, 12.15951], [-86.18556, 12.1592], [-86.18531, 12.15897], [-86.18509, 12.15867], [-86.18497, 12.15848], [-86.18482, 12.15829], [-86.18463, 12.15816], [-86.18465, 12.1581], [-86.18456, 12.15805], [-86.18484, 12.15741], [-86.1852, 12.15659], [-86.18534, 12.1563], [-86.18549, 12.15631], [-86.18719, 12.1567], [-86.187, 12.15784], [-86.18692, 12.15835], [-86.18688, 12.15866], [-86.18689, 12.15915], [-86.18686, 12.15951]]]}}, {"type": "Feature", "properties": {"nombre": "Barrio Escuela Quemada", "tipo": "residencial"}, "geometry": {"type": "Polygon", "coordinates": [[[-86.17572, 12.1472], [-86.17576, 12.14692], [-86.17577, 12.14687], [-86.17593, 12.14606], [-86.17634, 12.1461], [-86.17656, 12.14611], [-86.17679, 12.14613], [-86.17708, 12.14617], [-86.17759, 12.14626], [-86.17762, 12.14629], [-86.17755, 12.14681], [-86.1775, 12.14712], [-86.1779, 12.14717], [-86.17825, 12.1472], [-86.17845, 12.14723], [-86.17843, 12.14744], [-86.17839, 12.14744], [-86.17815, 12.14741], [-86.17781, 12.14738], [-86.17762, 12.14735], [-86.17752, 12.14734], [-86.17752, 12.14738], [-86.17728, 12.14736], [-86.17702, 12.14733], [-86.17688, 12.14732], [-86.17671, 12.1473], [-86.1763, 12.14726], [-86.17601, 12.14724], [-86.17572, 12.1472]]]}}, {"type": "Feature", "properties": {"nombre": "Comunidad Gosen", "tipo": "barrio"}, "geometry": {"type": "Polygon", "coordinates": [[[-86.34847, 12.21918], [-86.34739, 12.21907], [-86.34776, 12.2174], [-86.3485, 12.21745], [-86.34847, 12.21918]]]}}, {"type": "Feature", "properties": {"nombre": "Arlen Siu", "tipo": "barrio"}, "geometry": {"type": "Polygon", "coordinates": [[[-86.20668, 12.12665], [-86.20425, 12.12571], [-86.20391, 12.12638], [-86.20342, 12.12709], [-86.20287, 12.1279], [-86.20244, 12.12782], [-86.202, 12.12774], [-86.20157, 12.12767], [-86.20178, 12.12642], [-86.20102, 12.12618], [-86.19871, 12.12554], [-86.19879, 12.12467], [-86.19891, 12.12375], [-86.19601, 12.12314], [-86.1951, 12.12295], [-86.19536, 12.12138], [-86.19562, 12.1202], [-86.19738, 12.12037], [-86.19862, 12.12043], [-86.19879, 12.11917], [-86.19882, 12.11872], [-86.19944, 12.11884], [-86.20046, 12.11892], [-86.20092, 12.11904], [-86.20133, 12.11923], [-86.20226, 12.11956], [-86.20316, 12.11981], [-86.20291, 12.12152], [-86.2028, 12.1223], [-86.20269, 12.12308], [-86.2034, 12.12321], [-86.20437, 12.12029], [-86.20602, 12.12109], [-86.20791, 12.122], [-86.20783, 12.12277], [-86.2111, 12.12334], [-86.21157, 12.12341], [-86.21155, 12.12351], [-86.21124, 12.12532], [-86.21117, 12.12607], [-86.21108, 12.12646], [-86.2107, 12.12688], [-86.21049, 12.1273], [-86.21046, 12.12742], [-86.2085, 12.12711], [-86.20668, 12.12665]]]}}, {"type": "Feature", "properties": {"nombre": "Laureles Norte", "tipo": "barrio"}, "geometry": {"type": "Polygon", "coordinates": [[[-86.20291, 12.12794], [-86.20263, 12.1284], [-86.20235, 12.12885], [-86.20175, 12.12975], [-86.20123, 12.13057], [-86.19855, 12.12965], [-86.19836, 12.13024], [-86.19828, 12.13058], [-86.19373, 12.12985], [-86.19395, 12.1294], [-86.194, 12.12914], [-86.19394, 12.12909], [-86.194, 12.12872], [-86.19441, 12.12797], [-86.19456, 12.12773], [-86.19453, 12.12747], [-86.19451, 12.12725], [-86.19461, 12.12698], [-86.19472, 12.12674], [-86.19482, 12.12661], [-86.19508, 12.12644], [-86.1953, 12.12631], [-86.19537, 12.12616], [-86.1954, 12.12601], [-86.19539, 12.1259], [-86.19656, 12.12365], [-86.19884, 12.12399], [-86.19863, 12.12557], [-86.20173, 12.12643], [-86.20156, 12.12768], [-86.20221, 12.12781], [-86.20291, 12.12794]]]}}, {"type": "Feature", "properties": {"nombre": "Lomas de Santo Domingo", "tipo": "residencial"}, "geometry": {"type": "Polygon", "coordinates": [[[-86.24309, 12.08246], [-86.24304, 12.08278], [-86.24289, 12.08297], [-86.24274, 12.08354], [-86.24245, 12.08354], [-86.24238, 12.0837], [-86.24209, 12.08368], [-86.2419, 12.08423], [-86.24195, 12.08519], [-86.24181, 12.08519], [-86.24156, 12.08511], [-86.24145, 12.08513], [-86.24115, 12.08502], [-86.24127, 12.08406], [-86.24093, 12.08396], [-86.24089, 12.08394], [-86.24089, 12.08387], [-86.24086, 12.08388], [-86.24076, 12.08385], [-86.24053, 12.08386], [-86.24058, 12.08344], [-86.2407, 12.08259], [-86.241, 12.08251], [-86.24203, 12.08237], [-86.24267, 12.08239], [-86.24309, 12.08246]]]}}, {"type": "Feature", "properties": {"nombre": "Condominio Frascati 1", "tipo": "residencial"}, "geometry": {"type": "Polygon", "coordinates": [[[-86.21812, 12.08852], [-86.21914, 12.09112], [-86.21829, 12.09131], [-86.21749, 12.08936], [-86.21729, 12.08887], [-86.21812, 12.08852]]]}}, {"type": "Feature", "properties": {"nombre": "Almedas de Las Colinas", "tipo": "barrio"}, "geometry": {"type": "Polygon", "coordinates": [[[-86.21845, 12.08829], [-86.21772, 12.08649], [-86.21749, 12.08667], [-86.21716, 12.0872], [-86.21683, 12.08759], [-86.21672, 12.08762], [-86.21658, 12.08787], [-86.21594, 12.08843], [-86.21624, 12.0891], [-86.21676, 12.08894], [-86.21845, 12.08829]]]}}, {"type": "Feature", "properties": {"nombre": "Villa Dignidad", "tipo": "residencial"}, "geometry": {"type": "Polygon", "coordinates": [[[-86.18122, 12.1354], [-86.17939, 12.13521], [-86.17869, 12.13523], [-86.17807, 12.1348], [-86.17757, 12.13445], [-86.17732, 12.13425], [-86.17713, 12.13409], [-86.17635, 12.13336], [-86.17606, 12.1331], [-86.17592, 12.13294], [-86.17577, 12.13275], [-86.17571, 12.13241], [-86.17576, 12.13177], [-86.17582, 12.13029], [-86.17782, 12.13053], [-86.17818, 12.13093], [-86.17932, 12.1322], [-86.18012, 12.13304], [-86.18155, 12.13399], [-86.18122, 12.1354]]]}}, {"type": "Feature", "properties": {"nombre": "Villas de Ticuantepe", "tipo": "residencial"}, "geometry": {"type": "Polygon", "coordinates": [[[-86.20387, 12.05303], [-86.20319, 12.05304], [-86.20322, 12.05347], [-86.20389, 12.05345], [-86.20388, 12.05324], [-86.20387, 12.05303]]]}}, {"type": "Feature", "properties": {"nombre": "Residencial Vizcaya", "tipo": "residencial"}, "geometry": {"type": "Polygon", "coordinates": [[[-86.18211, 12.07118], [-86.18188, 12.07143], [-86.18184, 12.07142], [-86.1818, 12.07146], [-86.18177, 12.07149], [-86.18177, 12.07153], [-86.1816, 12.0717], [-86.18119, 12.0713], [-86.18097, 12.07112], [-86.18077, 12.07137], [-86.18035, 12.07108], [-86.18013, 12.0713], [-86.18004, 12.07162], [-86.17962, 12.07119], [-86.18058, 12.0703], [-86.18176, 12.07095], [-86.18211, 12.07118]]]}}, {"type": "Feature", "properties": {"nombre": "Residencial Ciudad Real", "tipo": "residencial"}, "geometry": {"type": "Polygon", "coordinates": [[[-86.18058, 12.0703], [-86.18002, 12.06999], [-86.17774, 12.06882], [-86.17665, 12.07082], [-86.17546, 12.07008], [-86.17491, 12.07134], [-86.17483, 12.07156], [-86.17766, 12.07298], [-86.17832, 12.07239], [-86.17889, 12.07187], [-86.1795, 12.07128], [-86.17945, 12.07126], [-86.17952, 12.07117], [-86.17959, 12.07113], [-86.17962, 12.07119], [-86.18058, 12.0703]]]}}, {"type": "Feature", "properties": {"nombre": "Condominio Cedro Real", "tipo": "residencial"}, "geometry": {"type": "Polygon", "coordinates": [[[-86.21137, 12.0597], [-86.2111, 12.06022], [-86.21202, 12.06044], [-86.21213, 12.05993], [-86.21137, 12.0597]]]}}, {"type": "Feature", "properties": {"nombre": "El Prado", "tipo": "residencial"}, "geometry": {"type": "Polygon", "coordinates": [[[-86.19136, 12.03263], [-86.19131, 12.03267], [-86.19115, 12.03278], [-86.19033, 12.03266], [-86.18968, 12.03253], [-86.18956, 12.03185], [-86.18943, 12.03072], [-86.18935, 12.02968], [-86.18921, 12.02867], [-86.19077, 12.02834], [-86.19105, 12.02938], [-86.19108, 12.03023], [-86.1911, 12.03096], [-86.19107, 12.03163], [-86.19115, 12.03199], [-86.19136, 12.03263]]]}}, {"type": "Feature", "properties": {"nombre": "Residencial Villa Franca", "tipo": "residencial"}, "geometry": {"type": "Polygon", "coordinates": [[[-86.19237, 12.04426], [-86.19205, 12.04587], [-86.1913, 12.04586], [-86.1914, 12.04512], [-86.19068, 12.04511], [-86.19086, 12.04367], [-86.1914, 12.04372], [-86.19156, 12.04339], [-86.19162, 12.04347], [-86.19167, 12.04351], [-86.19164, 12.04358], [-86.19158, 12.0439], [-86.19218, 12.04401], [-86.19237, 12.04426]]]}}, {"type": "Feature", "properties": {"nombre": "Sierras Doradas", "tipo": "residencial"}, "geometry": {"type": "Polygon", "coordinates": [[[-86.19518, 12.02959], [-86.19415, 12.02773], [-86.19513, 12.02738], [-86.19487, 12.02459], [-86.19297, 12.0246], [-86.19243, 12.02592], [-86.19215, 12.02661], [-86.19183, 12.02769], [-86.19151, 12.02858], [-86.1913, 12.02903], [-86.1912, 12.02941], [-86.19116, 12.03113], [-86.19117, 12.03172], [-86.19125, 12.03202], [-86.1915, 12.03275], [-86.19157, 12.03282], [-86.19163, 12.03288], [-86.19169, 12.03293], [-86.19167, 12.03303], [-86.19218, 12.03341], [-86.19408, 12.03394], [-86.19429, 12.03398], [-86.19429, 12.03368], [-86.19439, 12.0336], [-86.19454, 12.0336], [-86.19458, 12.03258], [-86.19467, 12.03102], [-86.19472, 12.03012], [-86.1946, 12.02986], [-86.19518, 12.02959]]]}}, {"type": "Feature", "properties": {"nombre": "Villas Lindora", "tipo": "residencial"}, "geometry": {"type": "Polygon", "coordinates": [[[-86.21394, 12.05647], [-86.21387, 12.05653], [-86.21398, 12.05701], [-86.21398, 12.05722], [-86.21396, 12.05776], [-86.21395, 12.0581], [-86.21536, 12.05817], [-86.21537, 12.05796], [-86.21537, 12.05783], [-86.21638, 12.05783], [-86.21649, 12.05771], [-86.21658, 12.05638], [-86.21557, 12.0565], [-86.21548, 12.05646], [-86.21547, 12.05634], [-86.2154, 12.05623], [-86.21496, 12.05626], [-86.21492, 12.05677], [-86.21413, 12.05672], [-86.21405, 12.05672], [-86.21394, 12.05647]]]}}, {"type": "Feature", "properties": {"nombre": "Villas del Sol", "tipo": "residencial"}, "geometry": {"type": "Polygon", "coordinates": [[[-86.19132, 12.03298], [-86.19119, 12.03311], [-86.191, 12.0333], [-86.1897, 12.03309], [-86.18978, 12.03263], [-86.19046, 12.03278], [-86.19073, 12.03282], [-86.19087, 12.03282], [-86.1913, 12.03291], [-86.19132, 12.03298]]]}}, {"type": "Feature", "properties": {"nombre": "Pinares de Santo Domingo", "tipo": "residencial"}, "geometry": {"type": "Polygon", "coordinates": [[[-86.24333, 12.08634], [-86.2427, 12.08643], [-86.24238, 12.0866], [-86.24219, 12.0867], [-86.24235, 12.08722], [-86.24286, 12.08708], [-86.24298, 12.08684], [-86.24336, 12.08651], [-86.24333, 12.08634]]]}}, {"type": "Feature", "properties": {"nombre": "Quinta Martina", "tipo": "residencial"}, "geometry": {"type": "Polygon", "coordinates": [[[-86.25047, 12.10097], [-86.25033, 12.1006], [-86.24981, 12.10079], [-86.24994, 12.10118], [-86.25048, 12.10102], [-86.25047, 12.10097]]]}}, {"type": "Feature", "properties": {"nombre": "Planes de Veracruz", "tipo": "barrio"}, "geometry": {"type": "Polygon", "coordinates": [[[-86.18796, 12.06457], [-86.18799, 12.06453], [-86.18813, 12.06465], [-86.18827, 12.06464], [-86.18831, 12.06459], [-86.18834, 12.06461], [-86.18865, 12.06414], [-86.18819, 12.06377], [-86.18925, 12.06239], [-86.18784, 12.06113], [-86.18552, 12.06379], [-86.18777, 12.06545], [-86.18807, 12.06503], [-86.18802, 12.06499], [-86.18806, 12.06493], [-86.18804, 12.06484], [-86.18787, 12.06468], [-86.18796, 12.06457]]]}}, {"type": "Feature", "properties": {"nombre": "Residencial Las Terrazas", "tipo": "residencial"}, "geometry": {"type": "Polygon", "coordinates": [[[-86.23295, 12.08386], [-86.23285, 12.08391], [-86.23294, 12.08411], [-86.23313, 12.0846], [-86.23319, 12.0846], [-86.23331, 12.08468], [-86.23373, 12.08471], [-86.23377, 12.0847], [-86.23381, 12.0847], [-86.23384, 12.08472], [-86.23403, 12.08473], [-86.23386, 12.08403], [-86.23331, 12.08392], [-86.23295, 12.08386]]]}}, {"type": "Feature", "properties": {"nombre": "Condominio Valparaíso", "tipo": "residencial"}, "geometry": {"type": "Polygon", "coordinates": [[[-86.24891, 12.09021], [-86.24963, 12.09022], [-86.24952, 12.08979], [-86.24907, 12.08984], [-86.24903, 12.09003], [-86.24891, 12.09021]]]}}, {"type": "Feature", "properties": {"nombre": "Paseo Las Colinas", "tipo": "residencial"}, "geometry": {"type": "Polygon", "coordinates": [[[-86.23463, 12.10193], [-86.23464, 12.10198], [-86.23464, 12.10199], [-86.23468, 12.10216], [-86.23474, 12.10233], [-86.23484, 12.1023], [-86.23506, 12.103], [-86.2351, 12.10319], [-86.23514, 12.1033], [-86.23582, 12.10332], [-86.23708, 12.1034], [-86.23715, 12.1034], [-86.23722, 12.10337], [-86.23701, 12.10251], [-86.23687, 12.10191], [-86.23687, 12.1019], [-86.23688, 12.10188], [-86.23692, 12.10187], [-86.23761, 12.10187], [-86.2376, 12.10185], [-86.23757, 12.10178], [-86.23756, 12.10173], [-86.23741, 12.10116], [-86.23706, 12.10113], [-86.23684, 12.10112], [-86.23652, 12.10109], [-86.23651, 12.10164], [-86.2365, 12.1019], [-86.23517, 12.10185], [-86.23505, 12.10185], [-86.23463, 12.10193]]]}}, {"type": "Feature", "properties": {"nombre": "Residencial Palma Nova", "tipo": "barrio"}, "geometry": {"type": "Polygon", "coordinates": [[[-86.18853, 12.07368], [-86.18858, 12.07348], [-86.18786, 12.07336], [-86.18531, 12.07315], [-86.18544, 12.07246], [-86.18546, 12.07232], [-86.18537, 12.07232], [-86.18463, 12.07248], [-86.18422, 12.07251], [-86.18323, 12.0724], [-86.1831, 12.07258], [-86.18296, 12.0735], [-86.18279, 12.07378], [-86.18236, 12.07378], [-86.1822, 12.07356], [-86.18162, 12.0736], [-86.18128, 12.07334], [-86.18071, 12.07281], [-86.18059, 12.07294], [-86.18044, 12.07307], [-86.1814, 12.07401], [-86.18202, 12.07378], [-86.18219, 12.07399], [-86.18292, 12.07432], [-86.18438, 12.07456], [-86.18475, 12.07412], [-86.18513, 12.07418], [-86.18547, 12.07448], [-86.18603, 12.07465], [-86.18638, 12.07464], [-86.18666, 12.07448], [-86.18675, 12.07433], [-86.18756, 12.07453], [-86.18821, 12.07447], [-86.18853, 12.07368]]]}}, {"type": "Feature", "properties": {"nombre": "Anexo Pedro Joaquín Chamorro", "tipo": "barrio"}, "geometry": {"type": "Polygon", "coordinates": [[[-86.25673, 12.12706], [-86.25648, 12.12707], [-86.25626, 12.1271], [-86.25618, 12.12712], [-86.25613, 12.12706], [-86.25611, 12.127], [-86.25605, 12.12685], [-86.256, 12.12675], [-86.25596, 12.12664], [-86.25595, 12.12658], [-86.25594, 12.12649], [-86.25596, 12.1264], [-86.25601, 12.12631], [-86.25617, 12.1262], [-86.25634, 12.12609], [-86.25642, 12.12605], [-86.25652, 12.12627], [-86.25658, 12.12641], [-86.2567, 12.12685], [-86.25673, 12.12706]]]}}, {"type": "Feature", "properties": {"nombre": "Villa San Jacinto", "tipo": "barrio"}, "geometry": {"type": "Polygon", "coordinates": [[[-86.21138, 12.13745], [-86.21252, 12.1377], [-86.21297, 12.1378], [-86.21347, 12.13798], [-86.21359, 12.138], [-86.21371, 12.13805], [-86.21384, 12.1381], [-86.21397, 12.13815], [-86.21443, 12.13835], [-86.21476, 12.13854], [-86.21439, 12.14018], [-86.21105, 12.13946], [-86.21138, 12.13745]]]}}, {"type": "Feature", "properties": {"nombre": "Colonia Pueblos de Noruega", "tipo": "residencial"}, "geometry": {"type": "Polygon", "coordinates": [[[-86.43251, 12.228], [-86.42957, 12.2275], [-86.4298, 12.22707], [-86.42996, 12.22563], [-86.42973, 12.22431], [-86.43088, 12.22395], [-86.43174, 12.22416], [-86.43185, 12.22379], [-86.4314, 12.22368], [-86.43151, 12.22332], [-86.43328, 12.22374], [-86.43251, 12.228]]]}}, {"type": "Feature", "properties": {"nombre": "Montesol", "tipo": "residencial"}, "geometry": {"type": "Polygon", "coordinates": [[[-86.27914, 12.11064], [-86.27912, 12.11053], [-86.28076, 12.11037], [-86.28083, 12.1112], [-86.28009, 12.1113], [-86.27998, 12.11053], [-86.27914, 12.11064]]]}}, {"type": "Feature", "properties": {"nombre": "Condominio Las Palmeras", "tipo": "residencial"}, "geometry": {"type": "Polygon", "coordinates": [[[-86.23258, 12.0856], [-86.23188, 12.08565], [-86.23189, 12.08544], [-86.23258, 12.08538], [-86.23258, 12.08557], [-86.23258, 12.0856]]]}}, {"type": "Feature", "properties": {"nombre": "Condominio Manantiales de Santo Domingo", "tipo": "residencial"}, "geometry": {"type": "Polygon", "coordinates": [[[-86.25014, 12.09558], [-86.25005, 12.09567], [-86.24994, 12.0958], [-86.24987, 12.09583], [-86.24988, 12.09551], [-86.2499, 12.09466], [-86.25012, 12.09441], [-86.25021, 12.09432], [-86.25062, 12.0943], [-86.25084, 12.09435], [-86.2507, 12.09468], [-86.25057, 12.09495], [-86.2503, 12.0955], [-86.25023, 12.09548], [-86.25014, 12.09558]]]}}, {"type": "Feature", "properties": {"nombre": "Residencial Mirador Santo Domingo", "tipo": "residencial"}, "geometry": {"type": "Polygon", "coordinates": [[[-86.24662, 12.08856], [-86.24664, 12.08849], [-86.24664, 12.08847], [-86.24641, 12.0884], [-86.24643, 12.08829], [-86.24652, 12.088], [-86.24674, 12.08807], [-86.24683, 12.08762], [-86.2461, 12.08754], [-86.24601, 12.0877], [-86.24632, 12.08781], [-86.24616, 12.08813], [-86.246, 12.08851], [-86.24607, 12.08853], [-86.24662, 12.08856]]]}}, {"type": "Feature", "properties": {"nombre": "La Rioja", "tipo": "residencial"}, "geometry": {"type": "MultiPolygon", "coordinates": [[[[-86.25434, 12.09646], [-86.25354, 12.09687], [-86.2534, 12.09693], [-86.25266, 12.09731], [-86.25313, 12.09809], [-86.25261, 12.09833], [-86.25165, 12.09888], [-86.25181, 12.09901], [-86.25204, 12.09891], [-86.25364, 12.09876], [-86.25367, 12.09939], [-86.25386, 12.09939], [-86.25386, 12.0995], [-86.25394, 12.09953], [-86.25398, 12.09969], [-86.25411, 12.10052], [-86.25473, 12.10043], [-86.25471, 12.10009], [-86.25514, 12.1001], [-86.25648, 12.10003], [-86.25659, 12.10043], [-86.25641, 12.10049], [-86.2566, 12.10195], [-86.25666, 12.10242], [-86.25675, 12.10268], [-86.25726, 12.10266], [-86.25828, 12.1027], [-86.25818, 12.10035], [-86.25817, 12.1], [-86.2605, 12.09951], [-86.26066, 12.09926], [-86.26147, 12.09689], [-86.26154, 12.09586], [-86.26117, 12.0959], [-86.26115, 12.09561], [-86.25975, 12.09586], [-86.25979, 12.0964], [-86.25828, 12.0965], [-86.25819, 12.09619], [-86.25701, 12.0965], [-86.25687, 12.09631], [-86.25578, 12.09629], [-86.25434, 12.09646]]], [[[-86.25434, 12.09646], [-86.25473, 12.09652], [-86.25473, 12.09652], [-86.25461, 12.09705], [-86.25461, 12.09705], [-86.25459, 12.09766], [-86.25465, 12.09923], [-86.25464, 12.0997], [-86.25281, 12.09879], [-86.2533, 12.09875], [-86.2533, 12.09879], [-86.25363, 12.09876], [-86.25364, 12.09936], [-86.25378, 12.0996], [-86.25398, 12.09964], [-86.25425, 12.09967], [-86.25464, 12.0997], [-86.25281, 12.09879], [-86.25254, 12.0988], [-86.25197, 12.09889], [-86.25144, 12.09906], [-86.25266, 12.09731], [-86.25312, 12.09809], [-86.25186, 12.0988], [-86.25144, 12.09906], [-86.25266, 12.09731], [-86.25434, 12.09646]]]]}}, {"type": "Feature", "properties": {"nombre": "Condominio San Miguel", "tipo": "residencial"}, "geometry": {"type": "Polygon", "coordinates": [[[-86.23827, 12.08147], [-86.23784, 12.08157], [-86.23759, 12.08159], [-86.23758, 12.08121], [-86.23782, 12.08117], [-86.23819, 12.0811], [-86.23827, 12.08147]]]}}, {"type": "Feature", "properties": {"nombre": "Paseo del Prado", "tipo": "residencial"}, "geometry": {"type": "Polygon", "coordinates": [[[-86.22502, 12.07602], [-86.22503, 12.07608], [-86.22502, 12.07613], [-86.22519, 12.07614], [-86.22518, 12.07737], [-86.22534, 12.07787], [-86.22673, 12.07747], [-86.22669, 12.07698], [-86.22668, 12.07683], [-86.22732, 12.07701], [-86.22742, 12.07672], [-86.22698, 12.07656], [-86.22632, 12.07633], [-86.22518, 12.07595], [-86.22517, 12.07602], [-86.22502, 12.07602]]]}}, {"type": "Feature", "properties": {"nombre": "Reserva La Pradera", "tipo": "residencial"}, "geometry": {"type": "Polygon", "coordinates": [[[-86.22464, 12.07541], [-86.22464, 12.07567], [-86.22468, 12.07567], [-86.22468, 12.07572], [-86.22468, 12.07575], [-86.22463, 12.07575], [-86.22464, 12.07603], [-86.22502, 12.07602], [-86.22517, 12.07602], [-86.22518, 12.07595], [-86.22632, 12.07633], [-86.22648, 12.07583], [-86.22533, 12.07545], [-86.22527, 12.07561], [-86.22464, 12.07541]]]}}, {"type": "Feature", "properties": {"nombre": "Residencial Terracota", "tipo": "residencial"}, "geometry": {"type": "Polygon", "coordinates": [[[-86.21981, 12.08785], [-86.21951, 12.08797], [-86.2188, 12.08827], [-86.21837, 12.08845], [-86.21942, 12.09106], [-86.21993, 12.09092], [-86.22067, 12.09067], [-86.22106, 12.09055], [-86.22059, 12.08928], [-86.22037, 12.08932], [-86.2203, 12.08879], [-86.22066, 12.08875], [-86.22064, 12.08861], [-86.22077, 12.08856], [-86.22037, 12.08763], [-86.22009, 12.08774], [-86.21981, 12.08785]]]}}, {"type": "Feature", "properties": {"nombre": "Vistas de Santo Domingo", "tipo": "residencial"}, "geometry": {"type": "Polygon", "coordinates": [[[-86.24627, 12.09815], [-86.24624, 12.09835], [-86.24624, 12.09857], [-86.24591, 12.09859], [-86.24592, 12.09839], [-86.24598, 12.09813], [-86.24627, 12.09815]]]}}, {"type": "Feature", "properties": {"nombre": "Condominio San Rafael", "tipo": "residencial"}, "geometry": {"type": "Polygon", "coordinates": [[[-86.23258, 12.08265], [-86.2337, 12.08286], [-86.23376, 12.08398], [-86.23288, 12.08382], [-86.23258, 12.08265]]]}}, {"type": "Feature", "properties": {"nombre": "El Pedregal", "tipo": "residencial"}, "geometry": {"type": "Polygon", "coordinates": [[[-86.23228, 12.08434], [-86.23216, 12.08412], [-86.23206, 12.08391], [-86.23092, 12.08407], [-86.23097, 12.08453], [-86.23158, 12.08444], [-86.23228, 12.08434]]]}}, {"type": "Feature", "properties": {"nombre": "Villas de Santo Domingo", "tipo": "residencial"}, "geometry": {"type": "Polygon", "coordinates": [[[-86.24318, 12.0887], [-86.24358, 12.08869], [-86.24359, 12.0891], [-86.24307, 12.08916], [-86.24318, 12.0887]]]}}, {"type": "Feature", "properties": {"nombre": "Condominio los Tulipanes", "tipo": "barrio"}, "geometry": {"type": "Polygon", "coordinates": [[[-86.22911, 12.06448], [-86.22903, 12.06424], [-86.22956, 12.06402], [-86.22963, 12.0644], [-86.22946, 12.06447], [-86.22954, 12.06461], [-86.22935, 12.06467], [-86.22932, 12.0646], [-86.22917, 12.06466], [-86.22911, 12.06448]]]}}, {"type": "Feature", "properties": {"nombre": "Lotificación Norma", "tipo": "residencial"}, "geometry": {"type": "Polygon", "coordinates": [[[-86.19558, 12.05398], [-86.19529, 12.05395], [-86.19534, 12.05373], [-86.1954, 12.05345], [-86.19568, 12.05348], [-86.19558, 12.05398]]]}}, {"type": "Feature", "properties": {"nombre": "El Triángulo", "tipo": "residencial"}, "geometry": {"type": "Polygon", "coordinates": [[[-86.36853, 12.21836], [-86.36836, 12.21828], [-86.3661, 12.22091], [-86.36785, 12.22123], [-86.36853, 12.21836]]]}}, {"type": "Feature", "properties": {"nombre": "Vistas del Momotombo", "tipo": "residencial"}, "geometry": {"type": "Polygon", "coordinates": [[[-86.39528, 12.22556], [-86.39898, 12.22009], [-86.40042, 12.21793], [-86.39808, 12.21614], [-86.39806, 12.21535], [-86.39726, 12.2147], [-86.39711, 12.21548], [-86.39767, 12.21555], [-86.39781, 12.21567], [-86.39775, 12.21651], [-86.39867, 12.21725], [-86.39525, 12.22239], [-86.39357, 12.22081], [-86.3934, 12.22101], [-86.39321, 12.22089], [-86.39136, 12.22345], [-86.39059, 12.22478], [-86.39428, 12.22691], [-86.39528, 12.22556]]]}}, {"type": "Feature", "properties": {"nombre": "San Francisco", "tipo": "residencial"}, "geometry": {"type": "MultiPolygon", "coordinates": [[[[-86.41195, 12.18991], [-86.41257, 12.19135], [-86.41217, 12.19135], [-86.41224, 12.19299], [-86.41117, 12.19303], [-86.41119, 12.19362], [-86.41191, 12.19359], [-86.41193, 12.19421], [-86.41284, 12.19417], [-86.41278, 12.19282], [-86.41383, 12.19277], [-86.41382, 12.19238], [-86.41328, 12.1924], [-86.41322, 12.19091], [-86.41267, 12.19097], [-86.41237, 12.18982], [-86.41195, 12.18991]]], [[[-86.12568, 12.03438], [-86.12539, 12.03383], [-86.12555, 12.03375], [-86.12629, 12.03338], [-86.12663, 12.03403], [-86.12667, 12.03448], [-86.12633, 12.0345], [-86.12631, 12.03419], [-86.12589, 12.0344], [-86.12611, 12.03481], [-86.12669, 12.03476], [-86.12673, 12.03527], [-86.12704, 12.03524], [-86.12705, 12.03542], [-86.12645, 12.03547], [-86.12709, 12.03668], [-86.12841, 12.03657], [-86.12838, 12.03623], [-86.12881, 12.0362], [-86.12887, 12.03692], [-86.12728, 12.03705], [-86.12903, 12.0404], [-86.12894, 12.03706], [-86.12913, 12.03705], [-86.12944, 12.0389], [-86.1297, 12.03886], [-86.12996, 12.04051], [-86.1297, 12.04055], [-86.12977, 12.04097], [-86.13157, 12.04237], [-86.13131, 12.04269], [-86.12987, 12.04157], [-86.12997, 12.04219], [-86.13056, 12.04331], [-86.1304, 12.04339], [-86.1298, 12.04369], [-86.12778, 12.03981], [-86.12672, 12.0399], [-86.12666, 12.03926], [-86.12623, 12.0393], [-86.12627, 12.03976], [-86.12503, 12.03986], [-86.12501, 12.03966], [-86.12357, 12.03993], [-86.12374, 12.04081], [-86.12478, 12.04062], [-86.12501, 12.04184], [-86.12397, 12.04203], [-86.12401, 12.04223], [-86.12324, 12.04237], [-86.12301, 12.04119], [-86.12207, 12.04137], [-86.12201, 12.04106], [-86.12296, 12.04089], [-86.12272, 12.03965], [-86.12187, 12.03981], [-86.12196, 12.04026], [-86.12057, 12.04051], [-86.12066, 12.04097], [-86.1216, 12.0408], [-86.12164, 12.041], [-86.12054, 12.0412], [-86.12033, 12.04009], [-86.1193, 12.04028], [-86.11942, 12.04089], [-86.11929, 12.04092], [-86.11917, 12.0403], [-86.1187, 12.04039], [-86.11862, 12.03997], [-86.1199, 12.03974], [-86.12042, 12.03593], [-86.12097, 12.036], [-86.12072, 12.03781], [-86.12121, 12.03787], [-86.12115, 12.03831], [-86.12138, 12.03834], [-86.12134, 12.03864], [-86.12062, 12.03854], [-86.12055, 12.03911], [-86.12111, 12.03901], [-86.12115, 12.03874], [-86.12138, 12.03877], [-86.12136, 12.03896], [-86.12224, 12.0388], [-86.12234, 12.03929], [-86.1266, 12.0385], [-86.12655, 12.03799], [-86.12752, 12.03791], [-86.12708, 12.03707], [-86.12648, 12.03712], [-86.12643, 12.03647], [-86.12488, 12.0366], [-86.1248, 12.03574], [-86.12632, 12.03561], [-86.12598, 12.03496], [-86.12566, 12.03512], [-86.12536, 12.03454], [-86.12568, 12.03438]]]]}}, {"type": "Feature", "properties": {"nombre": "Mateare", "tipo": "residencial"}, "geometry": {"type": "Polygon", "coordinates": [[[-86.42424, 12.23114], [-86.42412, 12.23156], [-86.42433, 12.23161], [-86.42416, 12.23234], [-86.42324, 12.23177], [-86.42311, 12.23199], [-86.42117, 12.23063], [-86.42313, 12.2272], [-86.42093, 12.22665], [-86.42032, 12.22949], [-86.42125, 12.22967], [-86.42092, 12.23024], [-86.42071, 12.23143], [-86.42183, 12.23244], [-86.42166, 12.23312], [-86.42041, 12.23277], [-86.41944, 12.23218], [-86.41774, 12.23084], [-86.41762, 12.23103], [-86.41749, 12.23123], [-86.41793, 12.23175], [-86.4192, 12.23528], [-86.41951, 12.23578], [-86.41982, 12.23606], [-86.42025, 12.23624], [-86.4211, 12.23648], [-86.42388, 12.23685], [-86.42395, 12.23662], [-86.4228, 12.23643], [-86.42317, 12.23446], [-86.42609, 12.235], [-86.42564, 12.23742], [-86.42785, 12.23837], [-86.42966, 12.23916], [-86.42997, 12.23938], [-86.43085, 12.2397], [-86.43175, 12.23979], [-86.43261, 12.24], [-86.43339, 12.24027], [-86.43349, 12.2401], [-86.43259, 12.23956], [-86.43164, 12.23928], [-86.43097, 12.23934], [-86.43089, 12.23928], [-86.43091, 12.23915], [-86.43118, 12.23884], [-86.4315, 12.23858], [-86.43205, 12.23831], [-86.43208, 12.23805], [-86.43174, 12.23796], [-86.43179, 12.23781], [-86.43258, 12.23709], [-86.43277, 12.2366], [-86.43299, 12.23666], [-86.43226, 12.23827], [-86.43395, 12.23923], [-86.43403, 12.23895], [-86.43451, 12.2391], [-86.43457, 12.23891], [-86.43564, 12.2394], [-86.43544, 12.23999], [-86.43645, 12.24045], [-86.43683, 12.23962], [-86.43727, 12.23997], [-86.43692, 12.24053], [-86.43822, 12.24169], [-86.43875, 12.24111], [-86.43921, 12.24152], [-86.43992, 12.24069], [-86.44051, 12.24123], [-86.44216, 12.23918], [-86.44158, 12.23877], [-86.43901, 12.24098], [-86.43732, 12.23967], [-86.43789, 12.23771], [-86.43715, 12.23762], [-86.43673, 12.23911], [-86.43603, 12.23851], [-86.4366, 12.23471], [-86.43875, 12.23527], [-86.43959, 12.23441], [-86.43972, 12.23281], [-86.43651, 12.23184], [-86.43658, 12.23128], [-86.43611, 12.23117], [-86.43365, 12.23327], [-86.43421, 12.23421], [-86.43342, 12.23421], [-86.43294, 12.23517], [-86.43245, 12.23507], [-86.43223, 12.23539], [-86.43116, 12.2349], [-86.43029, 12.23471], [-86.4315, 12.23082], [-86.43, 12.23059], [-86.42952, 12.2303], [-86.42904, 12.23042], [-86.42907, 12.23065], [-86.42877, 12.23068], [-86.42712, 12.23013], [-86.42715, 12.22974], [-86.42696, 12.22972], [-86.42689, 12.23018], [-86.42739, 12.23037], [-86.42737, 12.23064], [-86.42849, 12.23103], [-86.42847, 12.23116], [-86.42866, 12.2312], [-86.4286, 12.23154], [-86.42816, 12.23148], [-86.42817, 12.23135], [-86.42772, 12.23131], [-86.42773, 12.23111], [-86.42736, 12.23107], [-86.42731, 12.23258], [-86.42704, 12.23253], [-86.42701, 12.23143], [-86.42672, 12.2314], [-86.42675, 12.23067], [-86.42662, 12.23065], [-86.42654, 12.23106], [-86.42641, 12.23102], [-86.4263, 12.2315], [-86.42424, 12.23114]]]}}, {"type": "Feature", "properties": {"nombre": "San Enrique", "tipo": "residencial"}, "geometry": {"type": "Polygon", "coordinates": [[[-86.34765, 12.18771], [-86.34846, 12.18577], [-86.34392, 12.184], [-86.34322, 12.18404], [-86.34277, 12.18466], [-86.34228, 12.1849], [-86.34148, 12.18516], [-86.34154, 12.18663], [-86.34265, 12.18703], [-86.34254, 12.1873], [-86.34391, 12.18788], [-86.34448, 12.18805], [-86.34908, 12.18877], [-86.34911, 12.18856], [-86.34652, 12.1882], [-86.34658, 12.1875], [-86.34765, 12.18771]]]}}, {"type": "Feature", "properties": {"nombre": "Residencial San Andrés", "tipo": "residencial"}, "geometry": {"type": "Polygon", "coordinates": [[[-86.35694, 12.14923], [-86.35596, 12.14923], [-86.35573, 12.1512], [-86.35572, 12.15128], [-86.35571, 12.15137], [-86.3557, 12.15146], [-86.35569, 12.15152], [-86.35565, 12.15152], [-86.35207, 12.15129], [-86.35189, 12.15128], [-86.35179, 12.15125], [-86.3509, 12.15123], [-86.35053, 12.14433], [-86.35139, 12.14436], [-86.35557, 12.1445], [-86.35598, 12.14452], [-86.35653, 12.14454], [-86.35651, 12.14477], [-86.3565, 12.14482], [-86.35631, 12.14645], [-86.35727, 12.1465], [-86.35724, 12.1467], [-86.35723, 12.1468], [-86.35697, 12.14888], [-86.35697, 12.14893], [-86.35696, 12.14903], [-86.35694, 12.1492], [-86.35694, 12.14923]]]}}, {"type": "Feature", "properties": {"nombre": "Ciudad Sandino", "tipo": "residencial"}, "geometry": {"type": "Polygon", "coordinates": [[[-86.35784, 12.16038], [-86.358, 12.16246], [-86.35709, 12.16265], [-86.35653, 12.16044], [-86.35463, 12.1608], [-86.35443, 12.15878], [-86.35551, 12.15616], [-86.35227, 12.15497], [-86.35198, 12.15567], [-86.35113, 12.15466], [-86.3501, 12.15708], [-86.34455, 12.15986], [-86.34367, 12.15797], [-86.34352, 12.15765], [-86.3434, 12.1574], [-86.34224, 12.15703], [-86.33965, 12.15841], [-86.34061, 12.16121], [-86.34402, 12.16569], [-86.34367, 12.1662], [-86.3421, 12.16714], [-86.34042, 12.16849], [-86.33975, 12.16692], [-86.33865, 12.1661], [-86.33808, 12.16468], [-86.33726, 12.16498], [-86.33695, 12.16418], [-86.33664, 12.16432], [-86.33642, 12.16392], [-86.33611, 12.16413], [-86.33689, 12.16578], [-86.33704, 12.16753], [-86.33728, 12.16776], [-86.33704, 12.16983], [-86.33879, 12.16879], [-86.33912, 12.16897], [-86.3387, 12.16963], [-86.33845, 12.17077], [-86.33867, 12.17353], [-86.33932, 12.17351], [-86.33988, 12.17394], [-86.3397, 12.17444], [-86.34091, 12.17563], [-86.34164, 12.175], [-86.34271, 12.17607], [-86.34472, 12.17421], [-86.34469, 12.1739], [-86.34492, 12.1734], [-86.34431, 12.17319], [-86.34538, 12.17196], [-86.34364, 12.17003], [-86.34616, 12.16986], [-86.34737, 12.17171], [-86.35022, 12.17571], [-86.34747, 12.17714], [-86.34697, 12.17771], [-86.34767, 12.17885], [-86.34844, 12.17986], [-86.34853, 12.17952], [-86.34863, 12.17951], [-86.34888, 12.17915], [-86.34922, 12.17871], [-86.34913, 12.17849], [-86.34926, 12.17832], [-86.34991, 12.17803], [-86.35013, 12.17773], [-86.35035, 12.17652], [-86.35051, 12.17627], [-86.35145, 12.17705], [-86.35383, 12.17565], [-86.35465, 12.17649], [-86.35627, 12.17775], [-86.35616, 12.17792], [-86.35765, 12.17906], [-86.35917, 12.17779], [-86.36508, 12.17769], [-86.36506, 12.17794], [-86.36506, 12.17794], [-86.36501, 12.17793], [-86.36442, 12.17934], [-86.36476, 12.17951], [-86.36544, 12.17986], [-86.36673, 12.18057], [-86.36925, 12.17728], [-86.36897, 12.17705], [-86.36935, 12.17688], [-86.36989, 12.17675], [-86.37127, 12.17155], [-86.36963, 12.17155], [-86.37155, 12.16615], [-86.37321, 12.16568], [-86.37372, 12.16358], [-86.37456, 12.16373], [-86.37522, 12.16167], [-86.37424, 12.1612], [-86.3744, 12.16056], [-86.37397, 12.15907], [-86.37393, 12.15893], [-86.37388, 12.15849], [-86.37372, 12.15703], [-86.37364, 12.15625], [-86.36979, 12.15571], [-86.36959, 12.15522], [-86.36839, 12.15609], [-86.36741, 12.15675], [-86.36647, 12.15758], [-86.36502, 12.15854], [-86.36468, 12.15863], [-86.36015, 12.15758], [-86.36015, 12.15974], [-86.35784, 12.16038]]]}}, {"type": "Feature", "properties": {"nombre": "Mirador San Isidro", "tipo": "residencial"}, "geometry": {"type": "Polygon", "coordinates": [[[-86.29493, 12.0975], [-86.29495, 12.09627], [-86.29444, 12.09627], [-86.29442, 12.09756], [-86.29467, 12.09753], [-86.29493, 12.0975]]]}}, {"type": "Feature", "properties": {"nombre": "Urbanización San Miguel", "tipo": "residencial"}, "geometry": {"type": "MultiPolygon", "coordinates": [[[[-86.37332, 12.15054], [-86.37347, 12.15295], [-86.37304, 12.15316], [-86.37299, 12.15346], [-86.37248, 12.15378], [-86.37221, 12.1542], [-86.3707, 12.15449], [-86.36956, 12.1551], [-86.36919, 12.15528], [-86.36895, 12.15509], [-86.36955, 12.1498], [-86.37122, 12.15051], [-86.37332, 12.15054]]], [[[-86.37332, 12.14903], [-86.37332, 12.15054], [-86.37122, 12.15051], [-86.36955, 12.1498], [-86.36942, 12.14918], [-86.3695, 12.14798], [-86.36969, 12.14695], [-86.37233, 12.14766], [-86.37315, 12.14847], [-86.37332, 12.14903]]], [[[-86.36895, 12.15509], [-86.36827, 12.15502], [-86.36829, 12.15433], [-86.36799, 12.15427], [-86.36809, 12.15297], [-86.36825, 12.15153], [-86.36844, 12.1502], [-86.36858, 12.14943], [-86.36885, 12.1484], [-86.36909, 12.14806], [-86.3695, 12.14798], [-86.36942, 12.14918], [-86.36955, 12.1498], [-86.36895, 12.15509]]]]}}, {"type": "Feature", "properties": {"nombre": "Portal de Las Colinas", "tipo": "barrio"}, "geometry": {"type": "Polygon", "coordinates": [[[-86.21845, 12.08829], [-86.21876, 12.08818], [-86.21949, 12.0879], [-86.21965, 12.08785], [-86.21943, 12.08717], [-86.21933, 12.08695], [-86.21863, 12.08547], [-86.21808, 12.0857], [-86.218, 12.08596], [-86.21779, 12.08637], [-86.21772, 12.08649], [-86.21845, 12.08829]]]}}, {"type": "Feature", "properties": {"nombre": "San Rafael", "tipo": "residencial"}, "geometry": {"type": "Polygon", "coordinates": [[[-86.11191, 12.16669], [-86.10764, 12.16913], [-86.10722, 12.16966], [-86.1071, 12.16964], [-86.10719, 12.1687], [-86.10611, 12.16855], [-86.10619, 12.16681], [-86.1053, 12.16675], [-86.10548, 12.16645], [-86.10611, 12.16486], [-86.10712, 12.16496], [-86.10701, 12.16364], [-86.10851, 12.16129], [-86.10941, 12.15989], [-86.11164, 12.16084], [-86.11241, 12.16062], [-86.11333, 12.16137], [-86.11306, 12.16158], [-86.11245, 12.16108], [-86.11162, 12.16121], [-86.11191, 12.16669]]]}}, {"type": "Feature", "properties": {"nombre": "Los Altos de Masaya", "tipo": "residencial"}, "geometry": {"type": "Polygon", "coordinates": [[[-86.10439, 12.04888], [-86.10381, 12.04581], [-86.10337, 12.04587], [-86.10293, 12.0432], [-86.10375, 12.04298], [-86.10361, 12.04227], [-86.10264, 12.04242], [-86.10282, 12.04372], [-86.10186, 12.04366], [-86.10164, 12.04026], [-86.10247, 12.04021], [-86.10266, 12.03692], [-86.09828, 12.03721], [-86.09856, 12.03861], [-86.0996, 12.04119], [-86.0982, 12.04134], [-86.09823, 12.0422], [-86.09954, 12.04213], [-86.09975, 12.04289], [-86.09977, 12.04295], [-86.10028, 12.04295], [-86.10062, 12.0439], [-86.10019, 12.04552], [-86.09962, 12.04631], [-86.09905, 12.04641], [-86.09906, 12.04656], [-86.09926, 12.04776], [-86.09862, 12.0478], [-86.09863, 12.04845], [-86.09864, 12.05008], [-86.09866, 12.05261], [-86.09797, 12.05261], [-86.09809, 12.05298], [-86.09946, 12.05295], [-86.09944, 12.05334], [-86.10146, 12.05353], [-86.10163, 12.05154], [-86.10059, 12.05141], [-86.10078, 12.04975], [-86.10205, 12.04992], [-86.10187, 12.0527], [-86.10273, 12.05287], [-86.10269, 12.05321], [-86.10242, 12.05318], [-86.1023, 12.05319], [-86.10229, 12.0538], [-86.10524, 12.05441], [-86.10517, 12.05394], [-86.10584, 12.05387], [-86.10561, 12.05282], [-86.10501, 12.05279], [-86.1047, 12.05073], [-86.10429, 12.0508], [-86.1044, 12.05158], [-86.10313, 12.05141], [-86.10309, 12.05024], [-86.10236, 12.04835], [-86.10362, 12.04819], [-86.10374, 12.04903], [-86.10439, 12.04888]]]}}, {"type": "Feature", "properties": {"nombre": "El Cortijo de la Sierra", "tipo": "residencial"}, "geometry": {"type": "Polygon", "coordinates": [[[-86.21342, 12.06532], [-86.21423, 12.0654], [-86.21425, 12.06496], [-86.21502, 12.065], [-86.21512, 12.06383], [-86.21601, 12.06389], [-86.21636, 12.06406], [-86.21841, 12.06429], [-86.21909, 12.06437], [-86.21882, 12.06076], [-86.21784, 12.06059], [-86.21534, 12.06106], [-86.21331, 12.06153], [-86.21331, 12.06244], [-86.21331, 12.06285], [-86.21335, 12.06462], [-86.21184, 12.06445], [-86.21145, 12.06443], [-86.21124, 12.06446], [-86.21137, 12.06463], [-86.21141, 12.0646], [-86.21181, 12.06463], [-86.21184, 12.06453], [-86.21343, 12.06475], [-86.21342, 12.06532]]]}}, {"type": "Feature", "properties": {"nombre": "Bosques de Capistrano", "tipo": "residencial"}, "geometry": {"type": "Polygon", "coordinates": [[[-86.19439, 12.05724], [-86.19261, 12.05741], [-86.19251, 12.05718], [-86.19284, 12.05709], [-86.19217, 12.05615], [-86.1892, 12.05612], [-86.1889, 12.05506], [-86.18654, 12.05582], [-86.18654, 12.0545], [-86.1885, 12.05384], [-86.18867, 12.05462], [-86.19129, 12.05448], [-86.19394, 12.05343], [-86.19446, 12.0535], [-86.19461, 12.05387], [-86.19449, 12.05571], [-86.19439, 12.05724]]]}}, {"type": "Feature", "properties": {"nombre": "Prados de Eucalipto", "tipo": "residencial"}, "geometry": {"type": "Polygon", "coordinates": [[[-86.18552, 12.06387], [-86.18451, 12.06497], [-86.18375, 12.06582], [-86.18327, 12.06541], [-86.18262, 12.06613], [-86.18204, 12.06563], [-86.18446, 12.06307], [-86.18493, 12.06343], [-86.18552, 12.06387]]]}}, {"type": "Feature", "properties": {"nombre": "Residencial Los Obeliscos", "tipo": "residencial"}, "geometry": {"type": "Polygon", "coordinates": [[[-86.18565, 12.06492], [-86.18618, 12.06435], [-86.18552, 12.06387], [-86.18451, 12.06497], [-86.18508, 12.06535], [-86.18491, 12.06554], [-86.18542, 12.06592], [-86.18607, 12.06529], [-86.18565, 12.06492]]]}}, {"type": "Feature", "properties": {"nombre": "Residencial Casa Blanca", "tipo": "residencial"}, "geometry": {"type": "Polygon", "coordinates": [[[-86.17592, 12.0765], [-86.17297, 12.07504], [-86.17401, 12.07317], [-86.17455, 12.07357], [-86.17623, 12.07523], [-86.17701, 12.07609], [-86.17592, 12.0765]]]}}, {"type": "Feature", "properties": {"nombre": "Cortijo la Sabana", "tipo": "residencial"}, "geometry": {"type": "Polygon", "coordinates": [[[-86.18426, 12.12707], [-86.18428, 12.12527], [-86.18429, 12.1239], [-86.18319, 12.12392], [-86.18277, 12.12619], [-86.18135, 12.1262], [-86.1813, 12.12705], [-86.18426, 12.12707]]]}}, {"type": "Feature", "properties": {"nombre": "Vista Hermosa", "tipo": "barrio"}, "geometry": {"type": "Polygon", "coordinates": [[[-86.34158, 12.15441], [-86.3419, 12.15385], [-86.34199, 12.15322], [-86.34207, 12.15236], [-86.34218, 12.15174], [-86.34218, 12.1511], [-86.34219, 12.15078], [-86.34231, 12.15056], [-86.34246, 12.15005], [-86.34253, 12.14978], [-86.34263, 12.14939], [-86.34263, 12.14882], [-86.34271, 12.14838], [-86.34288, 12.14798], [-86.34288, 12.14748], [-86.34134, 12.14707], [-86.33954, 12.14681], [-86.33902, 12.15034], [-86.33908, 12.15065], [-86.33885, 12.15152], [-86.33862, 12.15352], [-86.33923, 12.15478], [-86.3399, 12.15481], [-86.34016, 12.15477], [-86.34158, 12.15441]]]}}, {"type": "Feature", "properties": {"nombre": "Los Ángeles", "tipo": "residencial"}, "geometry": {"type": "MultiPolygon", "coordinates": [[[[-86.23275, 12.10165], [-86.23235, 12.10169], [-86.23231, 12.10135], [-86.23271, 12.1013], [-86.23275, 12.10165]]], [[[-86.22651, 12.09234], [-86.22595, 12.09238], [-86.22592, 12.09201], [-86.22648, 12.09197], [-86.22651, 12.09234]]], [[[-86.48008, 12.15793], [-86.48018, 12.1575], [-86.47924, 12.15763], [-86.47908, 12.15823], [-86.4785, 12.15809], [-86.47864, 12.15754], [-86.48044, 12.15729], [-86.48047, 12.15717], [-86.48079, 12.15725], [-86.48244, 12.15702], [-86.48247, 12.15719], [-86.48141, 12.15733], [-86.4813, 12.15774], [-86.48078, 12.15761], [-86.48083, 12.15741], [-86.48055, 12.15745], [-86.48027, 12.15852], [-86.47994, 12.15844], [-86.48003, 12.15811], [-86.47973, 12.15804], [-86.47978, 12.15785], [-86.48008, 12.15793]]]]}}, {"type": "Feature", "properties": {"nombre": "Condominio Viena", "tipo": "residencial"}, "geometry": {"type": "Polygon", "coordinates": [[[-86.22767, 12.08766], [-86.22751, 12.08726], [-86.22785, 12.08713], [-86.22801, 12.08753], [-86.22767, 12.08766]]]}}, {"type": "Feature", "properties": {"nombre": "Villas Barcelona", "tipo": "residencial"}, "geometry": {"type": "Polygon", "coordinates": [[[-86.23069, 12.09886], [-86.23018, 12.09886], [-86.23018, 12.09955], [-86.23058, 12.09955], [-86.23058, 12.09936], [-86.23069, 12.09936], [-86.23069, 12.09886]]]}}, {"type": "Feature", "properties": {"nombre": "Villa Romo", "tipo": "residencial"}, "geometry": {"type": "Polygon", "coordinates": [[[-86.23209, 12.09084], [-86.23155, 12.09096], [-86.23141, 12.09034], [-86.23195, 12.09022], [-86.23209, 12.09084]]]}}, {"type": "Feature", "properties": {"nombre": "Residencial Mirador San Judas", "tipo": "residencial"}, "geometry": {"type": "Polygon", "coordinates": [[[-86.30274, 12.09496], [-86.30398, 12.09457], [-86.30367, 12.09324], [-86.30264, 12.0934], [-86.3027, 12.09382], [-86.30269, 12.09419], [-86.30268, 12.09439], [-86.30269, 12.09447], [-86.30274, 12.09496]]]}}, {"type": "Feature", "properties": {"nombre": "Residencial Santa Mónica", "tipo": "residencial"}, "geometry": {"type": "Polygon", "coordinates": [[[-86.25353, 12.10205], [-86.25367, 12.10059], [-86.25274, 12.10053], [-86.25274, 12.10084], [-86.25273, 12.1013], [-86.25271, 12.10147], [-86.25265, 12.10178], [-86.25266, 12.10192], [-86.25267, 12.10201], [-86.25267, 12.10209], [-86.25353, 12.10205]]]}}, {"type": "Feature", "properties": {"nombre": "Barrio Gertrudis Áreas", "tipo": "residencial"}, "geometry": {"type": "Polygon", "coordinates": [[[-86.19239, 12.13029], [-86.19217, 12.13026], [-86.19201, 12.13024], [-86.1918, 12.13022], [-86.19187, 12.12996], [-86.19194, 12.12967], [-86.19203, 12.12919], [-86.19077, 12.12899], [-86.19097, 12.12755], [-86.1912, 12.12619], [-86.19123, 12.12579], [-86.19131, 12.12577], [-86.19145, 12.12572], [-86.19216, 12.1258], [-86.19303, 12.12594], [-86.19321, 12.12597], [-86.19286, 12.12763], [-86.19259, 12.12907], [-86.19258, 12.12975], [-86.19239, 12.13029]]]}}, {"type": "Feature", "properties": {"nombre": "Residencial Muscari", "tipo": "residencial"}, "geometry": {"type": "Polygon", "coordinates": [[[-86.20754, 12.06674], [-86.20678, 12.06641], [-86.20643, 12.06964], [-86.20695, 12.06963], [-86.20702, 12.06963], [-86.20722, 12.06963], [-86.20754, 12.06674]]]}}, {"type": "Feature", "properties": {"nombre": "Residencial Villa Milagro de Dios", "tipo": "residencial"}, "geometry": {"type": "Polygon", "coordinates": [[[-86.21426, 12.11506], [-86.21387, 12.11497], [-86.21344, 12.11487], [-86.21305, 12.11483], [-86.21297, 12.11548], [-86.21182, 12.11535], [-86.21179, 12.11559], [-86.21137, 12.11527], [-86.21138, 12.11516], [-86.21132, 12.11516], [-86.21163, 12.11214], [-86.21386, 12.11282], [-86.2145, 12.11302], [-86.21426, 12.11506]]]}}, {"type": "Feature", "properties": {"nombre": "Residencial San Martin", "tipo": "residencial"}, "geometry": {"type": "Polygon", "coordinates": [[[-86.19154, 12.06541], [-86.1893, 12.06356], [-86.18898, 12.06398], [-86.18991, 12.06489], [-86.19042, 12.06539], [-86.19104, 12.06599], [-86.19142, 12.06635], [-86.19194, 12.06571], [-86.19178, 12.0656], [-86.19154, 12.06541]]]}}, {"type": "Feature", "properties": {"nombre": "Quinta Vero", "tipo": "residencial"}, "geometry": {"type": "Polygon", "coordinates": [[[-86.19306, 12.06123], [-86.19402, 12.06202], [-86.19331, 12.06275], [-86.19271, 12.06199], [-86.19277, 12.06187], [-86.1928, 12.06175], [-86.19289, 12.06148], [-86.19306, 12.06123]]]}}, {"type": "Feature", "properties": {"nombre": "Residencial San Jose", "tipo": "residencial"}, "geometry": {"type": "Polygon", "coordinates": [[[-86.18674, 12.06794], [-86.18605, 12.06736], [-86.18551, 12.0678], [-86.18548, 12.06783], [-86.1857, 12.06801], [-86.18491, 12.06892], [-86.18533, 12.06913], [-86.18486, 12.06967], [-86.1855, 12.06995], [-86.18614, 12.07026], [-86.18631, 12.07005], [-86.18761, 12.06859], [-86.18674, 12.06794]]]}}, {"type": "Feature", "properties": {"nombre": "Residencial Mirasol", "tipo": "residencial"}, "geometry": {"type": "MultiPolygon", "coordinates": [[[[-86.25865, 12.10458], [-86.25862, 12.10416], [-86.25862, 12.10409], [-86.25854, 12.10288], [-86.25888, 12.10289], [-86.25894, 12.10346], [-86.26023, 12.10334], [-86.26026, 12.10377], [-86.26016, 12.10385], [-86.2601, 12.10407], [-86.26011, 12.10438], [-86.25865, 12.10458]]], [[[-86.26016, 12.10268], [-86.26023, 12.10377], [-86.26013, 12.10384], [-86.26008, 12.10408], [-86.26009, 12.10437], [-86.25862, 12.10455], [-86.25862, 12.10455], [-86.2585, 12.10276], [-86.26016, 12.10268], [-86.25982, 12.10271], [-86.25936, 12.10274], [-86.25912, 12.10276], [-86.2589, 12.10277], [-86.25871, 12.10276], [-86.2585, 12.10276], [-86.26016, 12.10268]]]]}}, {"type": "Feature", "properties": {"nombre": "Condominio Buenaventura", "tipo": "residencial"}, "geometry": {"type": "Polygon", "coordinates": [[[-86.23786, 12.07906], [-86.23788, 12.07958], [-86.23621, 12.07976], [-86.23626, 12.08024], [-86.23595, 12.08026], [-86.23587, 12.07959], [-86.23751, 12.07942], [-86.23749, 12.07909], [-86.23786, 12.07906]]]}}, {"type": "Feature", "properties": {"nombre": "Vistas de Esquipulas", "tipo": "residencial"}, "geometry": {"type": "Polygon", "coordinates": [[[-86.2006, 12.07443], [-86.19805, 12.07417], [-86.1973, 12.07528], [-86.19698, 12.07525], [-86.19648, 12.07657], [-86.19829, 12.07674], [-86.1982, 12.07717], [-86.19782, 12.07863], [-86.19829, 12.07878], [-86.20021, 12.07892], [-86.20036, 12.07893], [-86.20089, 12.07906], [-86.20121, 12.07913], [-86.20148, 12.07893], [-86.20169, 12.07815], [-86.2017, 12.07775], [-86.20147, 12.07747], [-86.20035, 12.07755], [-86.20042, 12.07704], [-86.19997, 12.07713], [-86.19952, 12.07723], [-86.19977, 12.0764], [-86.2006, 12.07443]]]}}, {"type": "Feature", "properties": {"nombre": "Villa Loreto", "tipo": "residencial"}, "geometry": {"type": "Polygon", "coordinates": [[[-86.22457, 12.09508], [-86.22305, 12.09518], [-86.22249, 12.09407], [-86.22342, 12.0942], [-86.22367, 12.09424], [-86.22379, 12.0943], [-86.22422, 12.09433], [-86.22444, 12.0943], [-86.22452, 12.09446], [-86.22457, 12.09508]]]}}, {"type": "Feature", "properties": {"nombre": "Villa Toscana", "tipo": "residencial"}, "geometry": {"type": "Polygon", "coordinates": [[[-86.22305, 12.09518], [-86.22249, 12.09407], [-86.22041, 12.09387], [-86.22016, 12.09388], [-86.22013, 12.09512], [-86.22175, 12.09523], [-86.22305, 12.09518]]]}}, {"type": "Feature", "properties": {"nombre": "Residencial Villas Kelly", "tipo": "residencial"}, "geometry": {"type": "Polygon", "coordinates": [[[-86.21436, 12.04586], [-86.21472, 12.04436], [-86.2126, 12.04377], [-86.21215, 12.04567], [-86.21237, 12.04574], [-86.21422, 12.04632], [-86.21436, 12.04586]]]}}, {"type": "Feature", "properties": {"nombre": "Villas de San Martin", "tipo": "residencial"}, "geometry": {"type": "Polygon", "coordinates": [[[-86.22342, 12.04429], [-86.22231, 12.04432], [-86.22114, 12.044], [-86.22113, 12.04178], [-86.22295, 12.04176], [-86.22352, 12.04191], [-86.22342, 12.04429]]]}}, {"type": "Feature", "properties": {"nombre": "Cumbres de las Colinas", "tipo": "residencial"}, "geometry": {"type": "Polygon", "coordinates": [[[-86.2365, 12.1019], [-86.23517, 12.10185], [-86.23505, 12.10185], [-86.23514, 12.10108], [-86.23519, 12.10041], [-86.23522, 12.10037], [-86.23552, 12.10045], [-86.23555, 12.10041], [-86.23583, 12.10049], [-86.23598, 12.10053], [-86.23617, 12.10057], [-86.2362, 12.10056], [-86.23648, 12.10057], [-86.23653, 12.10059], [-86.23655, 12.1006], [-86.23655, 12.10065], [-86.23652, 12.10065], [-86.23652, 12.10109], [-86.2365, 12.1019]]]}}, {"type": "Feature", "properties": {"nombre": "Reparto San Lucas 2", "tipo": "residencial"}, "geometry": {"type": "Polygon", "coordinates": [[[-86.23765, 12.10441], [-86.23768, 12.10334], [-86.23732, 12.10339], [-86.23718, 12.10343], [-86.23601, 12.10337], [-86.236, 12.10371], [-86.23599, 12.10373], [-86.23598, 12.10373], [-86.23558, 12.10372], [-86.23557, 12.10371], [-86.23555, 12.10369], [-86.23554, 12.10367], [-86.23554, 12.10341], [-86.23554, 12.10339], [-86.23552, 12.10337], [-86.23516, 12.10334], [-86.23514, 12.10333], [-86.23509, 12.1032], [-86.23475, 12.10325], [-86.23478, 12.10373], [-86.23482, 12.10415], [-86.23551, 12.10418], [-86.23595, 12.10419], [-86.23594, 12.10461], [-86.23665, 12.10464], [-86.23665, 12.10423], [-86.23696, 12.10422], [-86.23696, 12.1044], [-86.23765, 12.10441]]]}}, {"type": "Feature", "properties": {"nombre": "Hacienda del Bosque", "tipo": "residencial"}, "geometry": {"type": "Polygon", "coordinates": [[[-86.237, 12.0693], [-86.2371, 12.06805], [-86.23712, 12.06797], [-86.23565, 12.06765], [-86.23538, 12.06881], [-86.23592, 12.06896], [-86.237, 12.0693]]]}}, {"type": "Feature", "properties": {"nombre": "Bloque IC", "tipo": "residencial"}, "geometry": {"type": "Polygon", "coordinates": [[[-86.35539, 12.14802], [-86.35536, 12.14846], [-86.35461, 12.14843], [-86.35418, 12.14847], [-86.35372, 12.14854], [-86.35363, 12.14816], [-86.35401, 12.14805], [-86.35403, 12.14805], [-86.35466, 12.14799], [-86.35539, 12.14802]]]}}, {"type": "Feature", "properties": {"nombre": "Bloque JC", "tipo": "residencial"}, "geometry": {"type": "Polygon", "coordinates": [[[-86.35539, 12.14802], [-86.35542, 12.14758], [-86.35467, 12.14756], [-86.35404, 12.14766], [-86.35406, 12.14804], [-86.35466, 12.14799], [-86.35539, 12.14802]]]}}, {"type": "Feature", "properties": {"nombre": "Bloque KC", "tipo": "residencial"}, "geometry": {"type": "Polygon", "coordinates": [[[-86.35542, 12.14758], [-86.35547, 12.14709], [-86.35464, 12.14707], [-86.35418, 12.1471], [-86.35396, 12.14715], [-86.35402, 12.14759], [-86.35467, 12.14756], [-86.35542, 12.14758]]]}}, {"type": "Feature", "properties": {"nombre": "Bloque LC", "tipo": "residencial"}, "geometry": {"type": "Polygon", "coordinates": [[[-86.35547, 12.14709], [-86.3555, 12.14668], [-86.35533, 12.14667], [-86.35504, 12.14665], [-86.35469, 12.14665], [-86.35432, 12.14666], [-86.35384, 12.14671], [-86.35341, 12.14679], [-86.35346, 12.14723], [-86.35392, 12.14712], [-86.35418, 12.1471], [-86.35464, 12.14707], [-86.35547, 12.14709]]]}}, {"type": "Feature", "properties": {"nombre": "Bloque HC", "tipo": "residencial"}, "geometry": {"type": "Polygon", "coordinates": [[[-86.35533, 12.14898], [-86.35536, 12.14846], [-86.35461, 12.14843], [-86.35418, 12.14847], [-86.35369, 12.14859], [-86.35377, 12.1491], [-86.35417, 12.14902], [-86.35455, 12.14898], [-86.35465, 12.14898], [-86.35533, 12.14898]]]}}, {"type": "Feature", "properties": {"nombre": "Bloque GS", "tipo": "residencial"}, "geometry": {"type": "Polygon", "coordinates": [[[-86.35432, 12.14666], [-86.35435, 12.14619], [-86.35356, 12.14631], [-86.35297, 12.14644], [-86.3524, 12.1466], [-86.35248, 12.14703], [-86.35341, 12.14679], [-86.35384, 12.14671], [-86.35432, 12.14666]]]}}, {"type": "Feature", "properties": {"nombre": "Bloque FC", "tipo": "residencial"}, "geometry": {"type": "Polygon", "coordinates": [[[-86.35351, 12.14771], [-86.35346, 12.14723], [-86.35217, 12.14755], [-86.35213, 12.14756], [-86.35218, 12.14803], [-86.35351, 12.14771]]]}}, {"type": "Feature", "properties": {"nombre": "Bloque EC", "tipo": "residencial"}, "geometry": {"type": "Polygon", "coordinates": [[[-86.35358, 12.14817], [-86.35351, 12.14771], [-86.35218, 12.14807], [-86.35222, 12.14854], [-86.35358, 12.14817]]]}}, {"type": "Feature", "properties": {"nombre": "Bloque DC", "tipo": "residencial"}, "geometry": {"type": "Polygon", "coordinates": [[[-86.35363, 12.1486], [-86.35358, 12.14817], [-86.35222, 12.14854], [-86.35229, 12.14896], [-86.35363, 12.1486]]]}}, {"type": "Feature", "properties": {"nombre": "Bloque CC", "tipo": "residencial"}, "geometry": {"type": "Polygon", "coordinates": [[[-86.3537, 12.14909], [-86.35363, 12.1486], [-86.35229, 12.14896], [-86.35238, 12.14939], [-86.3537, 12.14909]]]}}, {"type": "Feature", "properties": {"nombre": "Bloque GC", "tipo": "residencial"}, "geometry": {"type": "Polygon", "coordinates": [[[-86.35346, 12.14723], [-86.35341, 12.14679], [-86.3521, 12.14715], [-86.35217, 12.14755], [-86.35346, 12.14723], [-86.35346, 12.14723]]]}}, {"type": "Feature", "properties": {"nombre": "Bloque CN", "tipo": "residencial"}, "geometry": {"type": "Polygon", "coordinates": [[[-86.35292, 12.15103], [-86.35277, 12.14982], [-86.35236, 12.1499], [-86.35249, 12.15098], [-86.3525, 12.15105], [-86.35292, 12.15103]]]}}, {"type": "Feature", "properties": {"nombre": "Bloque BN", "tipo": "residencial"}, "geometry": {"type": "Polygon", "coordinates": [[[-86.35249, 12.15098], [-86.35236, 12.1499], [-86.35195, 12.15], [-86.35209, 12.15103], [-86.35249, 12.15098]]]}}, {"type": "Feature", "properties": {"nombre": "Bloque DN", "tipo": "residencial"}, "geometry": {"type": "Polygon", "coordinates": [[[-86.35344, 12.15105], [-86.35325, 12.14973], [-86.35284, 12.14982], [-86.35298, 12.15106], [-86.35344, 12.15105]]]}}, {"type": "Feature", "properties": {"nombre": "Bloque EN", "tipo": "residencial"}, "geometry": {"type": "Polygon", "coordinates": [[[-86.35325, 12.14965], [-86.35318, 12.14923], [-86.35205, 12.14955], [-86.35195, 12.14978], [-86.35191, 12.14992], [-86.3519, 12.14995], [-86.35256, 12.1498], [-86.35325, 12.14965]]]}}, {"type": "Feature", "properties": {"nombre": "Bloque FN", "tipo": "residencial"}, "geometry": {"type": "Polygon", "coordinates": [[[-86.35389, 12.15109], [-86.35384, 12.15039], [-86.35341, 12.15048], [-86.35347, 12.15108], [-86.35389, 12.15109]]]}}, {"type": "Feature", "properties": {"nombre": "Bloque AN", "tipo": "residencial"}, "geometry": {"type": "Polygon", "coordinates": [[[-86.3557, 12.15146], [-86.35571, 12.15137], [-86.35572, 12.15128], [-86.35567, 12.15125], [-86.35547, 12.15124], [-86.35209, 12.15103], [-86.35207, 12.15129], [-86.35565, 12.15152], [-86.3557, 12.15146]]]}}, {"type": "Feature", "properties": {"nombre": "Bloque HS", "tipo": "residencial"}, "geometry": {"type": "Polygon", "coordinates": [[[-86.35435, 12.14617], [-86.35438, 12.14577], [-86.35372, 12.14584], [-86.35326, 12.14592], [-86.35279, 12.14605], [-86.35236, 12.14616], [-86.3524, 12.1466], [-86.35297, 12.14644], [-86.35356, 12.14631], [-86.35435, 12.14617]]]}}, {"type": "Feature", "properties": {"nombre": "Bloque AS", "tipo": "residencial"}, "geometry": {"type": "Polygon", "coordinates": [[[-86.35248, 12.14703], [-86.3524, 12.1466], [-86.35237, 12.14661], [-86.35161, 12.14681], [-86.35166, 12.14722], [-86.35248, 12.14703]]]}}, {"type": "Feature", "properties": {"nombre": "Bloque KS", "tipo": "residencial"}, "geometry": {"type": "Polygon", "coordinates": [[[-86.35368, 12.1458], [-86.35332, 12.14586], [-86.35334, 12.14515], [-86.3537, 12.14517], [-86.35368, 12.1458]]]}}, {"type": "Feature", "properties": {"nombre": "Bloque SS", "tipo": "residencial"}, "geometry": {"type": "Polygon", "coordinates": [[[-86.35139, 12.14436], [-86.35138, 12.14457], [-86.35556, 12.1447], [-86.35557, 12.1445], [-86.35139, 12.14436]]]}}, {"type": "Feature", "properties": {"nombre": "Bloque LS", "tipo": "residencial"}, "geometry": {"type": "Polygon", "coordinates": [[[-86.35436, 12.14512], [-86.35437, 12.14476], [-86.35334, 12.14472], [-86.35332, 12.1451], [-86.35436, 12.14512]]]}}, {"type": "Feature", "properties": {"nombre": "Bloque XS", "tipo": "residencial"}, "geometry": {"type": "Polygon", "coordinates": [[[-86.35473, 12.14477], [-86.35444, 12.14476], [-86.35442, 12.14573], [-86.35471, 12.14574], [-86.35473, 12.14477]]]}}, {"type": "Feature", "properties": {"nombre": "Bloque WS", "tipo": "residencial"}, "geometry": {"type": "Polygon", "coordinates": [[[-86.3551, 12.1448], [-86.35479, 12.14478], [-86.35477, 12.14573], [-86.35506, 12.14575], [-86.3551, 12.1448]]]}}, {"type": "Feature", "properties": {"nombre": "Bloque MC 01-12", "tipo": "residencial"}, "geometry": {"type": "Polygon", "coordinates": [[[-86.35582, 12.14904], [-86.3558, 12.1492], [-86.35597, 12.1492], [-86.35694, 12.1492], [-86.35696, 12.14903], [-86.35582, 12.14904]]]}}, {"type": "Feature", "properties": {"nombre": "Bloque MC 13-36", "tipo": "residencial"}, "geometry": {"type": "Polygon", "coordinates": [[[-86.35679, 12.14892], [-86.35697, 12.14893], [-86.35723, 12.1468], [-86.35699, 12.14679], [-86.35679, 12.14892]]]}}, {"type": "Feature", "properties": {"nombre": "Bloque MC 37-46", "tipo": "residencial"}, "geometry": {"type": "Polygon", "coordinates": [[[-86.35724, 12.1467], [-86.35727, 12.1465], [-86.35631, 12.14645], [-86.35629, 12.14667], [-86.35724, 12.1467]]]}}, {"type": "Feature", "properties": {"nombre": "Bloque JS", "tipo": "residencial"}, "geometry": {"type": "Polygon", "coordinates": [[[-86.35324, 12.1459], [-86.35282, 12.146], [-86.35288, 12.14469], [-86.35328, 12.1447], [-86.35324, 12.1459]]]}}, {"type": "Feature", "properties": {"nombre": "Bloque AC", "tipo": "residencial"}, "geometry": {"type": "Polygon", "coordinates": [[[-86.35235, 12.14937], [-86.35205, 12.14943], [-86.35194, 12.14942], [-86.35192, 12.1493], [-86.35179, 12.14816], [-86.35215, 12.14807], [-86.35235, 12.14937]]]}}, {"type": "Feature", "properties": {"nombre": "Bloque BC", "tipo": "residencial"}, "geometry": {"type": "Polygon", "coordinates": [[[-86.35214, 12.148], [-86.35178, 12.14807], [-86.35169, 12.14728], [-86.35207, 12.14718], [-86.35214, 12.148]]]}}, {"type": "Feature", "properties": {"nombre": "Bloque BS", "tipo": "residencial"}, "geometry": {"type": "Polygon", "coordinates": [[[-86.35237, 12.14661], [-86.35234, 12.14621], [-86.35156, 12.1464], [-86.35161, 12.14681], [-86.35237, 12.14661]]]}}, {"type": "Feature", "properties": {"nombre": "Bloque CS", "tipo": "residencial"}, "geometry": {"type": "Polygon", "coordinates": [[[-86.35234, 12.14614], [-86.35234, 12.14575], [-86.35151, 12.14596], [-86.35157, 12.14634], [-86.35234, 12.14614]]]}}, {"type": "Feature", "properties": {"nombre": "Bloque DS", "tipo": "residencial"}, "geometry": {"type": "Polygon", "coordinates": [[[-86.3519, 12.14578], [-86.35152, 12.14588], [-86.35146, 12.1451], [-86.35193, 12.14511], [-86.3519, 12.14578]]]}}, {"type": "Feature", "properties": {"nombre": "Bloque ES", "tipo": "residencial"}, "geometry": {"type": "Polygon", "coordinates": [[[-86.35234, 12.14564], [-86.35196, 12.14576], [-86.35199, 12.14511], [-86.35238, 12.14511], [-86.35234, 12.14564]]]}}, {"type": "Feature", "properties": {"nombre": "Bloque FS", "tipo": "residencial"}, "geometry": {"type": "Polygon", "coordinates": [[[-86.35235, 12.14502], [-86.35237, 12.14468], [-86.3514, 12.14466], [-86.35141, 12.14502], [-86.35235, 12.14502]]]}}, {"type": "Feature", "properties": {"nombre": "Bloque IS", "tipo": "residencial"}, "geometry": {"type": "Polygon", "coordinates": [[[-86.35276, 12.14601], [-86.3524, 12.1461], [-86.35247, 12.1447], [-86.35282, 12.14469], [-86.35276, 12.14601]]]}}, {"type": "Feature", "properties": {"nombre": "Bloque VS", "tipo": "residencial"}, "geometry": {"type": "Polygon", "coordinates": [[[-86.35544, 12.14576], [-86.35554, 12.14481], [-86.35518, 12.14479], [-86.35513, 12.14574], [-86.35544, 12.14576]]]}}, {"type": "Feature", "properties": {"nombre": "Bloque US", "tipo": "residencial"}, "geometry": {"type": "Polygon", "coordinates": [[[-86.35579, 12.14578], [-86.35589, 12.14481], [-86.35559, 12.1448], [-86.3555, 12.14577], [-86.35579, 12.14578]]]}}, {"type": "Feature", "properties": {"nombre": "Bloque TS", "tipo": "residencial"}, "geometry": {"type": "Polygon", "coordinates": [[[-86.35625, 12.14483], [-86.35593, 12.14482], [-86.35583, 12.14578], [-86.35614, 12.1458], [-86.35625, 12.14483]]]}}, {"type": "Feature", "properties": {"nombre": "Bloque RS", "tipo": "residencial"}, "geometry": {"type": "Polygon", "coordinates": [[[-86.35629, 12.14667], [-86.3561, 12.14665], [-86.35632, 12.1448], [-86.3565, 12.14482], [-86.35629, 12.14667]]]}}, {"type": "Feature", "properties": {"nombre": "Bloque MS", "tipo": "residencial"}, "geometry": {"type": "Polygon", "coordinates": [[[-86.35467, 12.1466], [-86.35469, 12.14579], [-86.35441, 12.1458], [-86.35437, 12.1466], [-86.35467, 12.1466]]]}}, {"type": "Feature", "properties": {"nombre": "Bloque NS", "tipo": "residencial"}, "geometry": {"type": "Polygon", "coordinates": [[[-86.35501, 12.1466], [-86.35475, 12.1466], [-86.35478, 12.1458], [-86.35505, 12.14581], [-86.35501, 12.1466]]]}}, {"type": "Feature", "properties": {"nombre": "Bloque OS", "tipo": "residencial"}, "geometry": {"type": "Polygon", "coordinates": [[[-86.35531, 12.14661], [-86.35508, 12.1466], [-86.35513, 12.14581], [-86.35542, 12.14583], [-86.35531, 12.14661]]]}}, {"type": "Feature", "properties": {"nombre": "Bloque PS", "tipo": "residencial"}, "geometry": {"type": "Polygon", "coordinates": [[[-86.35565, 12.14662], [-86.35538, 12.14661], [-86.35551, 12.14582], [-86.3558, 12.14584], [-86.35565, 12.14662]]]}}, {"type": "Feature", "properties": {"nombre": "Bloque QS", "tipo": "residencial"}, "geometry": {"type": "Polygon", "coordinates": [[[-86.35602, 12.14663], [-86.35573, 12.14663], [-86.35584, 12.14583], [-86.35613, 12.14584], [-86.35602, 12.14663]]]}}, {"type": "Feature", "properties": {"nombre": "Bloque IN", "tipo": "residencial"}, "geometry": {"type": "Polygon", "coordinates": [[[-86.35466, 12.14986], [-86.35465, 12.14945], [-86.35398, 12.14951], [-86.35328, 12.14967], [-86.35334, 12.15008], [-86.35421, 12.14989], [-86.35466, 12.14986]]]}}, {"type": "Feature", "properties": {"nombre": "Bloque JN", "tipo": "residencial"}, "geometry": {"type": "Polygon", "coordinates": [[[-86.35465, 12.14945], [-86.35398, 12.14951], [-86.35328, 12.14967], [-86.3532, 12.14921], [-86.35377, 12.1491], [-86.35417, 12.14902], [-86.35455, 12.14898], [-86.35465, 12.14898], [-86.35465, 12.14945]]]}}, {"type": "Feature", "properties": {"nombre": "Bloque GN", "tipo": "residencial"}, "geometry": {"type": "Polygon", "coordinates": [[[-86.35437, 12.1511], [-86.35393, 12.15111], [-86.35384, 12.15039], [-86.35427, 12.15031], [-86.35437, 12.1511]]]}}, {"type": "Feature", "properties": {"nombre": "Bloque HN", "tipo": "residencial"}, "geometry": {"type": "Polygon", "coordinates": [[[-86.35466, 12.14986], [-86.35421, 12.14989], [-86.35427, 12.15031], [-86.35437, 12.1511], [-86.35482, 12.15117], [-86.35477, 12.15072], [-86.35466, 12.14986]]]}}, {"type": "Feature", "properties": {"nombre": "Bloque NN", "tipo": "residencial"}, "geometry": {"type": "Polygon", "coordinates": [[[-86.35565, 12.14986], [-86.3557, 12.14946], [-86.35465, 12.14945], [-86.35466, 12.14986], [-86.35565, 12.14986]]]}}, {"type": "Feature", "properties": {"nombre": "Bloque KN", "tipo": "residencial"}, "geometry": {"type": "Polygon", "coordinates": [[[-86.35547, 12.15124], [-86.35486, 12.15114], [-86.35481, 12.15072], [-86.35555, 12.15076], [-86.35547, 12.15124]]]}}, {"type": "Feature", "properties": {"nombre": "Bloque LN", "tipo": "residencial"}, "geometry": {"type": "Polygon", "coordinates": [[[-86.35554, 12.1507], [-86.35479, 12.15067], [-86.35475, 12.1503], [-86.35557, 12.15032], [-86.35554, 12.1507]]]}}, {"type": "Feature", "properties": {"nombre": "Bloque MN", "tipo": "residencial"}, "geometry": {"type": "Polygon", "coordinates": [[[-86.35559, 12.15027], [-86.35472, 12.15025], [-86.35468, 12.14988], [-86.35563, 12.14988], [-86.35559, 12.15027]]]}}, {"type": "Feature", "properties": {"nombre": "Bloque ON", "tipo": "residencial"}, "geometry": {"type": "Polygon", "coordinates": [[[-86.35568, 12.14942], [-86.3547, 12.1494], [-86.35469, 12.14901], [-86.35573, 12.14902], [-86.35568, 12.14942]]]}}, {"type": "Feature", "properties": {"nombre": "Bloque PN", "tipo": "residencial"}, "geometry": {"type": "Polygon", "coordinates": [[[-86.35554, 12.15118], [-86.35573, 12.1512], [-86.35596, 12.14923], [-86.35597, 12.1492], [-86.3558, 12.1492], [-86.35554, 12.15118]]]}}, {"type": "Feature", "properties": {"nombre": "Colinas del Memorial", "tipo": "residencial"}, "geometry": {"type": "Polygon", "coordinates": [[[-86.28835, 12.10263], [-86.28833, 12.1026], [-86.28828, 12.1025], [-86.28757, 12.10143], [-86.28661, 12.09989], [-86.28667, 12.09933], [-86.2871, 12.09908], [-86.28707, 12.09845], [-86.28698, 12.09815], [-86.28658, 12.09773], [-86.28745, 12.09702], [-86.28884, 12.09899], [-86.28773, 12.09973], [-86.28908, 12.10215], [-86.28904, 12.10233], [-86.28889, 12.10249], [-86.28859, 12.10268], [-86.28835, 12.10263]]]}}, {"type": "Feature", "properties": {"nombre": "Residencial Lomas de Santa Lucía", "tipo": "residencial"}, "geometry": {"type": "Polygon", "coordinates": [[[-86.24582, 12.07101], [-86.24498, 12.07103], [-86.24499, 12.07143], [-86.24393, 12.07141], [-86.24394, 12.07117], [-86.24395, 12.07081], [-86.24395, 12.07048], [-86.24396, 12.07014], [-86.24398, 12.06882], [-86.24482, 12.06893], [-86.2449, 12.06965], [-86.24601, 12.06973], [-86.24573, 12.07031], [-86.24571, 12.07038], [-86.24582, 12.07101]]]}}, {"type": "Feature", "properties": {"nombre": "Lomas de Guadalupe Townhouses", "tipo": "residencial"}, "geometry": {"type": "Polygon", "coordinates": [[[-86.26829, 12.12372], [-86.26755, 12.124], [-86.26756, 12.12406], [-86.26834, 12.12406], [-86.26834, 12.12389], [-86.26829, 12.12372]]]}}, {"type": "Feature", "properties": {"nombre": "Colonia Los Laureles", "tipo": "residencial"}, "geometry": {"type": "Polygon", "coordinates": [[[-86.37702, 12.12032], [-86.3753, 12.11976], [-86.37543, 12.11926], [-86.37726, 12.11976], [-86.37702, 12.12032]]]}}, {"type": "Feature", "properties": {"nombre": "Residencial Monte Clara", "tipo": "residencial"}, "geometry": {"type": "Polygon", "coordinates": [[[-86.21562, 12.05612], [-86.21579, 12.05607], [-86.21573, 12.05564], [-86.21771, 12.05528], [-86.21791, 12.05375], [-86.21743, 12.05381], [-86.21747, 12.05374], [-86.21712, 12.05353], [-86.21717, 12.0534], [-86.21649, 12.05306], [-86.21648, 12.05293], [-86.21644, 12.05282], [-86.21649, 12.05267], [-86.21652, 12.05261], [-86.2168, 12.05286], [-86.21722, 12.0531], [-86.21752, 12.05289], [-86.21737, 12.0527], [-86.2167, 12.05199], [-86.21647, 12.05218], [-86.21641, 12.05226], [-86.21634, 12.05242], [-86.21627, 12.05268], [-86.21623, 12.0529], [-86.21624, 12.05301], [-86.21631, 12.05332], [-86.21569, 12.05356], [-86.21546, 12.05363], [-86.21541, 12.0537], [-86.2154, 12.05377], [-86.21538, 12.05386], [-86.21536, 12.05392], [-86.21536, 12.05395], [-86.21641, 12.05416], [-86.2162, 12.05461], [-86.21611, 12.0546], [-86.21599, 12.05459], [-86.21596, 12.05459], [-86.21588, 12.05477], [-86.21568, 12.05519], [-86.21586, 12.05522], [-86.2158, 12.05539], [-86.2157, 12.0556], [-86.21555, 12.05608], [-86.21562, 12.05612]]]}}, {"type": "Feature", "properties": {"nombre": "barrio sifida miranda/monseñor lezcano oeste", "tipo": "residencial"}, "geometry": {"type": "Polygon", "coordinates": [[[-86.30423, 12.15821], [-86.30468, 12.14903], [-86.29561, 12.14836], [-86.29517, 12.15782], [-86.29984, 12.15803], [-86.30043, 12.15806], [-86.30423, 12.15821]]]}}, {"type": "Feature", "properties": {"nombre": "Residencial Versalles", "tipo": "residencial"}, "geometry": {"type": "Polygon", "coordinates": [[[-86.21613, 12.04862], [-86.21637, 12.04861], [-86.21686, 12.04869], [-86.21715, 12.04872], [-86.21751, 12.04874], [-86.21771, 12.04762], [-86.21826, 12.04759], [-86.21884, 12.04756], [-86.21911, 12.04665], [-86.21722, 12.04625], [-86.21707, 12.04671], [-86.2169, 12.04722], [-86.21669, 12.04763], [-86.21655, 12.04805], [-86.2163, 12.04845], [-86.21623, 12.04855], [-86.21613, 12.04862]]]}}, {"type": "Feature", "properties": {"nombre": "Casa Poder De Lo Alto", "tipo": "residencial"}, "geometry": {"type": "Polygon", "coordinates": [[[-86.1665, 12.15797], [-86.16634, 12.1585], [-86.16666, 12.15858], [-86.16682, 12.15806], [-86.1665, 12.15797]]]}}, {"type": "Feature", "properties": {"nombre": "Tramonto Condominios", "tipo": "residencial"}, "geometry": {"type": "Polygon", "coordinates": [[[-86.24163, 12.10366], [-86.24102, 12.10369], [-86.24094, 12.10233], [-86.24154, 12.10232], [-86.24158, 12.10294], [-86.24163, 12.10366]]]}}, {"type": "Feature", "properties": {"nombre": "Condominio San Juan", "tipo": "residencial"}, "geometry": {"type": "Polygon", "coordinates": [[[-86.2714, 12.11599], [-86.27133, 12.11563], [-86.27086, 12.11563], [-86.27086, 12.11588], [-86.27083, 12.11602], [-86.27109, 12.11604], [-86.2714, 12.11599]]]}}, {"type": "Feature", "properties": {"nombre": "Residencial Jerez de la Frontera", "tipo": "residencial"}, "geometry": {"type": "Polygon", "coordinates": [[[-86.17661, 12.0622], [-86.17678, 12.06211], [-86.17715, 12.06167], [-86.17616, 12.06092], [-86.17401, 12.06357], [-86.17493, 12.06411], [-86.17537, 12.06436], [-86.17571, 12.06391], [-86.1753, 12.06358], [-86.17532, 12.06335], [-86.17557, 12.0632], [-86.1757, 12.06287], [-86.17597, 12.06247], [-86.17619, 12.06225], [-86.17661, 12.0622]]]}}, {"type": "Feature", "properties": {"nombre": "Monte Cielo Residencial", "tipo": "residencial"}, "geometry": {"type": "Polygon", "coordinates": [[[-86.20351, 12.06297], [-86.20351, 12.06356], [-86.20348, 12.06385], [-86.20346, 12.06402], [-86.20341, 12.06414], [-86.20334, 12.06417], [-86.20328, 12.06415], [-86.20325, 12.06422], [-86.20323, 12.06427], [-86.20327, 12.0643], [-86.20331, 12.06436], [-86.20324, 12.06444], [-86.20312, 12.06459], [-86.20268, 12.06514], [-86.20263, 12.06513], [-86.20203, 12.06524], [-86.20189, 12.06527], [-86.2018, 12.06526], [-86.20029, 12.06511], [-86.2002, 12.06515], [-86.19925, 12.06513], [-86.19796, 12.06509], [-86.19781, 12.06583], [-86.19623, 12.06587], [-86.19634, 12.06518], [-86.19614, 12.06546], [-86.19599, 12.06568], [-86.19567, 12.06613], [-86.19542, 12.06642], [-86.19524, 12.06629], [-86.19341, 12.06543], [-86.1938, 12.06489], [-86.19502, 12.06392], [-86.19568, 12.06315], [-86.19649, 12.063], [-86.19734, 12.06274], [-86.19841, 12.06213], [-86.19896, 12.06204], [-86.1993, 12.06201], [-86.19941, 12.06202], [-86.19946, 12.06221], [-86.19964, 12.06257], [-86.19965, 12.06275], [-86.19939, 12.06276], [-86.1994, 12.06286], [-86.19932, 12.06286], [-86.19938, 12.06346], [-86.20044, 12.06346], [-86.20138, 12.06332], [-86.20336, 12.06295], [-86.20351, 12.06297]]]}}, {"type": "Feature", "properties": {"nombre": "Urbanización Las Sierritas", "tipo": "residencial"}, "geometry": {"type": "Polygon", "coordinates": [[[-86.23566, 12.07891], [-86.23422, 12.07895], [-86.23403, 12.08008], [-86.23324, 12.08016], [-86.23322, 12.07996], [-86.23321, 12.07972], [-86.23315, 12.07786], [-86.23401, 12.07794], [-86.23464, 12.07801], [-86.23533, 12.07807], [-86.23542, 12.07809], [-86.23546, 12.07813], [-86.23555, 12.07851], [-86.23566, 12.07891]]]}}, {"type": "Feature", "properties": {"nombre": "Praderas de Cofradía", "tipo": "residencial"}, "geometry": {"type": "Polygon", "coordinates": [[[-86.12362, 12.13048], [-86.12317, 12.12968], [-86.11405, 12.12969], [-86.11402, 12.1305], [-86.12362, 12.13048]]]}}, {"type": "Feature", "properties": {"nombre": "Cofradía", "tipo": "residencial"}, "geometry": {"type": "Polygon", "coordinates": [[[-86.12474, 12.11077], [-86.1247, 12.11118], [-86.12778, 12.11103], [-86.12436, 12.1112], [-86.12436, 12.1121], [-86.12393, 12.11355], [-86.12628, 12.11368], [-86.12628, 12.11448], [-86.12717, 12.11455], [-86.12712, 12.11573], [-86.12641, 12.11599], [-86.12631, 12.11726], [-86.12554, 12.11742], [-86.12296, 12.11701], [-86.12301, 12.11842], [-86.12258, 12.11981], [-86.12215, 12.12139], [-86.1222, 12.12269], [-86.12501, 12.12277], [-86.12552, 12.12356], [-86.12376, 12.124], [-86.12362, 12.12456], [-86.12244, 12.12499], [-86.12256, 12.12578], [-86.12341, 12.1258], [-86.12352, 12.12608], [-86.12156, 12.12621], [-86.12114, 12.12646], [-86.12071, 12.12615], [-86.1206, 12.12504], [-86.1219, 12.1243], [-86.12175, 12.1233], [-86.12016, 12.12401], [-86.11913, 12.12257], [-86.11822, 12.12302], [-86.11716, 12.1218], [-86.12077, 12.12043], [-86.12044, 12.11959], [-86.12159, 12.11855], [-86.12108, 12.11764], [-86.1212, 12.11636], [-86.12149, 12.11555], [-86.12208, 12.11443], [-86.12235, 12.11328], [-86.12287, 12.11235], [-86.1229, 12.1114], [-86.12308, 12.11103], [-86.12317, 12.11084], [-86.12474, 12.11077]]]}}, {"type": "Feature", "properties": {"nombre": "Valle Verde", "tipo": "residencial"}, "geometry": {"type": "Polygon", "coordinates": [[[-86.14984, 12.13101], [-86.14762, 12.13059], [-86.14717, 12.13055], [-86.14683, 12.13016], [-86.14611, 12.13013], [-86.14605, 12.13013], [-86.14198, 12.12993], [-86.14378, 12.12453], [-86.15096, 12.12585], [-86.15031, 12.12862], [-86.15003, 12.12988], [-86.14984, 12.13101]]]}}, {"type": "Feature", "properties": {"nombre": "Reparto San Antonio", "tipo": "residencial"}, "geometry": {"type": "Polygon", "coordinates": [[[-86.28055, 12.15463], [-86.28056, 12.15462], [-86.28057, 12.15459], [-86.28063, 12.15384], [-86.28067, 12.15316], [-86.28071, 12.15256], [-86.28075, 12.15207], [-86.28078, 12.15161], [-86.28078, 12.1516], [-86.28078, 12.15159], [-86.28077, 12.15158], [-86.28076, 12.15158], [-86.27993, 12.15149], [-86.27929, 12.15145], [-86.27889, 12.15142], [-86.27849, 12.15139], [-86.27815, 12.15137], [-86.27782, 12.15134], [-86.27723, 12.1513], [-86.2772, 12.15131], [-86.27717, 12.15133], [-86.27715, 12.15135], [-86.27715, 12.15139], [-86.27703, 12.15242], [-86.27684, 12.15434], [-86.27683, 12.15436], [-86.27684, 12.15438], [-86.27685, 12.1544], [-86.27687, 12.15441], [-86.27834, 12.15452], [-86.28051, 12.15464], [-86.28053, 12.15464], [-86.28055, 12.15463]]]}}, {"type": "Feature", "properties": {"nombre": "Ciudad El Doral", "tipo": "residencial"}, "geometry": {"type": "Polygon", "coordinates": [[[-86.39313, 12.20889], [-86.39424, 12.20686], [-86.39506, 12.20537], [-86.39559, 12.20441], [-86.39506, 12.20314], [-86.3951, 12.20303], [-86.39498, 12.20082], [-86.39508, 12.1994], [-86.39507, 12.19901], [-86.39505, 12.19861], [-86.39504, 12.19822], [-86.39502, 12.19783], [-86.39501, 12.19756], [-86.39499, 12.19717], [-86.39498, 12.1968], [-86.39496, 12.19655], [-86.39422, 12.19656], [-86.3908, 12.19659], [-86.39028, 12.19661], [-86.38987, 12.19658], [-86.38364, 12.1966], [-86.38319, 12.1967], [-86.38285, 12.19908], [-86.38398, 12.19975], [-86.38343, 12.2002], [-86.38328, 12.20033], [-86.38323, 12.20052], [-86.38328, 12.20056], [-86.39227, 12.20758], [-86.39205, 12.20803], [-86.39313, 12.20889]]]}}, {"type": "Feature", "properties": {"nombre": "Bosques de Xiloá", "tipo": "residencial"}, "geometry": {"type": "Polygon", "coordinates": [[[-86.31144, 12.21567], [-86.31206, 12.21516], [-86.31357, 12.21443], [-86.31482, 12.21451], [-86.31598, 12.21352], [-86.3164, 12.21367], [-86.31687, 12.21302], [-86.31675, 12.21223], [-86.3169, 12.21157], [-86.31751, 12.21094], [-86.31807, 12.2107], [-86.31849, 12.21066], [-86.31839, 12.21017], [-86.31834, 12.21012], [-86.31779, 12.20902], [-86.31655, 12.20722], [-86.31478, 12.20744], [-86.31491, 12.20804], [-86.31357, 12.20814], [-86.31346, 12.2077], [-86.31284, 12.20777], [-86.31256, 12.20674], [-86.31091, 12.20666], [-86.3098, 12.20979], [-86.30805, 12.20993], [-86.30959, 12.21267], [-86.30912, 12.21276], [-86.30914, 12.21356], [-86.31007, 12.21433], [-86.31144, 12.21567]]]}}, {"type": "Feature", "properties": {"nombre": "Villa Colombia", "tipo": "residencial"}, "geometry": {"type": "Polygon", "coordinates": [[[-86.35157, 12.08327], [-86.35081, 12.08312], [-86.35085, 12.08293], [-86.35094, 12.08277], [-86.35103, 12.08216], [-86.35177, 12.08238], [-86.35157, 12.08327]]]}}, {"type": "Feature", "properties": {"nombre": "Cumbres de Cedro Galán", "tipo": "residencial"}, "geometry": {"type": "Polygon", "coordinates": [[[-86.34539, 12.09553], [-86.34472, 12.0958], [-86.3439, 12.09427], [-86.34293, 12.0942], [-86.34288, 12.09492], [-86.34287, 12.09534], [-86.34289, 12.09554], [-86.34352, 12.09581], [-86.34423, 12.09606], [-86.34494, 12.09624], [-86.34495, 12.09634], [-86.34557, 12.09633], [-86.34558, 12.09608], [-86.34553, 12.09584], [-86.34539, 12.09553]]]}}, {"type": "Feature", "properties": {"nombre": "Praderas de Sandino 6ta etapa", "tipo": "residencial"}, "geometry": {"type": "Polygon", "coordinates": [[[-86.34441, 12.15453], [-86.34424, 12.15464], [-86.34393, 12.15491], [-86.34344, 12.15544], [-86.34296, 12.15589], [-86.34284, 12.15595], [-86.34279, 12.15574], [-86.3427, 12.15556], [-86.3424, 12.15505], [-86.34232, 12.15481], [-86.34219, 12.1546], [-86.34305, 12.15447], [-86.34347, 12.15445], [-86.34447, 12.15448], [-86.34441, 12.15453]]]}}, {"type": "Feature", "properties": {"nombre": "Harmony Condominium", "tipo": "residencial"}, "geometry": {"type": "Polygon", "coordinates": [[[-86.22362, 12.07962], [-86.22368, 12.08026], [-86.22315, 12.08029], [-86.22305, 12.07986], [-86.22362, 12.07962]]]}}, {"type": "Feature", "properties": {"nombre": "Sendero de Las Colinas", "tipo": "residencial"}, "geometry": {"type": "Polygon", "coordinates": [[[-86.22339, 12.09254], [-86.22193, 12.09318], [-86.22079, 12.0931], [-86.22094, 12.09222], [-86.22314, 12.09211], [-86.22339, 12.09254]]]}}, {"type": "Feature", "properties": {"nombre": "Callejón de La Cebadilla", "tipo": "residencial"}, "geometry": {"type": "Polygon", "coordinates": [[[-86.19676, 12.01153], [-86.19742, 12.01036], [-86.19618, 12.00972], [-86.19531, 12.01068], [-86.19534, 12.0116], [-86.19576, 12.01197], [-86.19565, 12.01218], [-86.19486, 12.01201], [-86.19398, 12.01236], [-86.19395, 12.01285], [-86.19532, 12.01282], [-86.19532, 12.01339], [-86.19538, 12.01365], [-86.19699, 12.0136], [-86.19753, 12.01298], [-86.19719, 12.01241], [-86.19646, 12.01259], [-86.19636, 12.01208], [-86.19678, 12.01199], [-86.19676, 12.01153]]]}}, {"type": "Feature", "properties": {"nombre": "Urbanización Bethel", "tipo": "residencial"}, "geometry": {"type": "Polygon", "coordinates": [[[-86.36442, 12.17934], [-86.36673, 12.18057], [-86.36925, 12.17728], [-86.36897, 12.17705], [-86.36844, 12.17719], [-86.36829, 12.17723], [-86.36791, 12.17733], [-86.36779, 12.17736], [-86.36729, 12.1775], [-86.36715, 12.17754], [-86.36681, 12.17763], [-86.36666, 12.17768], [-86.36578, 12.17791], [-86.36537, 12.17793], [-86.36506, 12.17795], [-86.36442, 12.17934]]]}}, {"type": "Feature", "properties": {"nombre": "Ciudad Europea", "tipo": "residencial"}, "geometry": {"type": "Polygon", "coordinates": [[[-86.1748, 12.07736], [-86.17439, 12.07716], [-86.1699, 12.07697], [-86.16987, 12.07762], [-86.17179, 12.07772], [-86.17395, 12.07779], [-86.17433, 12.0778], [-86.1748, 12.07736]]]}}, {"type": "Feature", "properties": {"nombre": "Lotificacion", "tipo": "residencial"}, "geometry": {"type": "Polygon", "coordinates": [[[-86.1748, 12.07736], [-86.17439, 12.07716], [-86.1699, 12.07697], [-86.1699, 12.07558], [-86.16994, 12.07559], [-86.17107, 12.07582], [-86.17232, 12.07613], [-86.17276, 12.07623], [-86.17356, 12.07641], [-86.17434, 12.07659], [-86.17528, 12.07683], [-86.17532, 12.07686], [-86.17503, 12.07711], [-86.1748, 12.07736]]]}}, {"type": "Feature", "properties": {"nombre": "Villa Los Mangales", "tipo": "residencial"}, "geometry": {"type": "Polygon", "coordinates": [[[-86.16604, 12.07986], [-86.16657, 12.07973], [-86.16668, 12.07999], [-86.16742, 12.07974], [-86.16802, 12.07954], [-86.16819, 12.07901], [-86.16821, 12.07897], [-86.16892, 12.07901], [-86.16893, 12.07899], [-86.16882, 12.07761], [-86.1685, 12.07775], [-86.16732, 12.07811], [-86.16728, 12.07813], [-86.16691, 12.07824], [-86.1672, 12.07895], [-86.16576, 12.07939], [-86.16604, 12.07986]]]}}, {"type": "Feature", "properties": {"nombre": "Veracruz Comunidad", "tipo": "residencial"}, "geometry": {"type": "Polygon", "coordinates": [[[-86.1665, 12.08846], [-86.16599, 12.08819], [-86.16612, 12.08786], [-86.16601, 12.08763], [-86.16556, 12.08751], [-86.16554, 12.08707], [-86.16652, 12.08571], [-86.16636, 12.08518], [-86.16584, 12.08522], [-86.16584, 12.08501], [-86.1645, 12.08497], [-86.16455, 12.08417], [-86.1658, 12.08419], [-86.16582, 12.08484], [-86.16622, 12.08487], [-86.16626, 12.08454], [-86.16652, 12.08455], [-86.16654, 12.08432], [-86.16657, 12.08401], [-86.16579, 12.08387], [-86.16588, 12.08194], [-86.16586, 12.0811], [-86.16299, 12.08081], [-86.16301, 12.08027], [-86.16432, 12.0803], [-86.16429, 12.07996], [-86.16582, 12.07989], [-86.1653, 12.07875], [-86.16317, 12.07862], [-86.16257, 12.07856], [-86.16253, 12.07919], [-86.1622, 12.07916], [-86.16206, 12.0807], [-86.16162, 12.08065], [-86.16187, 12.07841], [-86.16034, 12.07832], [-86.16036, 12.07797], [-86.16096, 12.07804], [-86.16097, 12.07736], [-86.15776, 12.07692], [-86.15784, 12.07608], [-86.16098, 12.07629], [-86.1609, 12.07474], [-86.16207, 12.07475], [-86.16198, 12.07669], [-86.16442, 12.07674], [-86.1644, 12.07646], [-86.1627, 12.07623], [-86.16273, 12.07545], [-86.16469, 12.0754], [-86.1646, 12.07436], [-86.16318, 12.0725], [-86.16309, 12.07199], [-86.16343, 12.07191], [-86.16358, 12.07238], [-86.16439, 12.07301], [-86.1657, 12.07272], [-86.16574, 12.07385], [-86.16595, 12.07386], [-86.16611, 12.07466], [-86.16611, 12.07642], [-86.16629, 12.07644], [-86.1663, 12.07691], [-86.16983, 12.07705], [-86.16977, 12.07758], [-86.16888, 12.07764], [-86.16898, 12.07907], [-86.16827, 12.07911], [-86.16808, 12.07962], [-86.16837, 12.07972], [-86.16819, 12.08076], [-86.16906, 12.08101], [-86.17002, 12.08143], [-86.17079, 12.08076], [-86.17105, 12.08013], [-86.17084, 12.07981], [-86.16935, 12.07967], [-86.16935, 12.07941], [-86.16935, 12.07918], [-86.16924, 12.07899], [-86.16922, 12.07857], [-86.1698, 12.07859], [-86.16981, 12.07767], [-86.17075, 12.07774], [-86.17083, 12.07858], [-86.17292, 12.07862], [-86.17314, 12.0788], [-86.17386, 12.07834], [-86.17423, 12.07886], [-86.17254, 12.07987], [-86.17232, 12.08008], [-86.1734, 12.08051], [-86.17335, 12.08119], [-86.17322, 12.08145], [-86.17278, 12.08144], [-86.17224, 12.08217], [-86.17188, 12.08266], [-86.17178, 12.08347], [-86.17128, 12.08435], [-86.17091, 12.08473], [-86.1704, 12.08501], [-86.17021, 12.0852], [-86.16845, 12.08469], [-86.16813, 12.08487], [-86.16814, 12.08577], [-86.16974, 12.08601], [-86.16982, 12.08639], [-86.16962, 12.08686], [-86.16755, 12.08648], [-86.16726, 12.08716], [-86.1665, 12.08846]]]}}, {"type": "Feature", "properties": {"nombre": "Lomas de Veracruz", "tipo": "residencial"}, "geometry": {"type": "Polygon", "coordinates": [[[-86.17537, 12.06436], [-86.17571, 12.06391], [-86.1753, 12.06358], [-86.17532, 12.06335], [-86.17557, 12.0632], [-86.1757, 12.06287], [-86.17597, 12.06247], [-86.17619, 12.06225], [-86.17661, 12.0622], [-86.17678, 12.06211], [-86.17715, 12.06167], [-86.18018, 12.06414], [-86.18119, 12.06485], [-86.18166, 12.06523], [-86.18204, 12.06563], [-86.18262, 12.06613], [-86.18326, 12.06657], [-86.18483, 12.06783], [-86.18459, 12.06808], [-86.18489, 12.06833], [-86.18364, 12.06968], [-86.18294, 12.06919], [-86.18196, 12.06849], [-86.17991, 12.06722], [-86.17905, 12.0667], [-86.17823, 12.06621], [-86.17752, 12.06576], [-86.17607, 12.06485], [-86.17563, 12.06453], [-86.17537, 12.06436]]]}}, {"type": "Feature", "properties": {"nombre": "Residencial El Cortes", "tipo": "residencial"}, "geometry": {"type": "Polygon", "coordinates": [[[-86.19224, 12.06067], [-86.19131, 12.06152], [-86.19014, 12.06077], [-86.19037, 12.06049], [-86.19013, 12.06027], [-86.19075, 12.0595], [-86.19224, 12.06067]]]}}, {"type": "Feature", "properties": {"nombre": "Ciudad el Doral, Anexo de las Y", "tipo": "residencial"}, "geometry": {"type": "Polygon", "coordinates": [[[-86.39502, 12.20014], [-86.39496, 12.19655], [-86.39028, 12.19661], [-86.39502, 12.20014]]]}}, {"type": "Feature", "properties": {"nombre": "Tipitapa", "tipo": "residencial"}, "geometry": {"type": "Polygon", "coordinates": [[[-86.10672, 12.19232], [-86.10707, 12.19118], [-86.10641, 12.19094], [-86.10663, 12.19005], [-86.10633, 12.18975], [-86.10598, 12.18939], [-86.10588, 12.18929], [-86.10544, 12.18978], [-86.10532, 12.18991], [-86.10492, 12.19099], [-86.10297, 12.19048], [-86.10343, 12.18862], [-86.10451, 12.18887], [-86.10453, 12.18873], [-86.10227, 12.18831], [-86.10151, 12.18835], [-86.10033, 12.18865], [-86.09977, 12.18874], [-86.10059, 12.18515], [-86.10063, 12.18496], [-86.10042, 12.18468], [-86.10008, 12.18452], [-86.10486, 12.1748], [-86.10362, 12.17415], [-86.10107, 12.17364], [-86.10086, 12.17418], [-86.09487, 12.17281], [-86.09368, 12.16862], [-86.09011, 12.16904], [-86.09185, 12.17335], [-86.09218, 12.1745], [-86.08979, 12.17472], [-86.09038, 12.17811], [-86.0898, 12.1785], [-86.08973, 12.17987], [-86.08969, 12.18125], [-86.08677, 12.1809], [-86.08507, 12.18158], [-86.085, 12.18324], [-86.08303, 12.18309], [-86.08282, 12.18521], [-86.08552, 12.18559], [-86.08756, 12.18573], [-86.08775, 12.18373], [-86.0882, 12.18482], [-86.08915, 12.1845], [-86.09073, 12.18375], [-86.09204, 12.18461], [-86.09099, 12.18731], [-86.09187, 12.1878], [-86.09181, 12.18933], [-86.09233, 12.18966], [-86.09419, 12.19006], [-86.09395, 12.19112], [-86.09078, 12.1912], [-86.09072, 12.19177], [-86.08773, 12.19137], [-86.08762, 12.19048], [-86.08544, 12.19069], [-86.08492, 12.19073], [-86.08506, 12.19242], [-86.08305, 12.19173], [-86.0833, 12.19001], [-86.08163, 12.18958], [-86.08109, 12.19406], [-86.08241, 12.19738], [-86.08326, 12.19748], [-86.08313, 12.19851], [-86.0824, 12.19851], [-86.08183, 12.20296], [-86.08455, 12.20401], [-86.0864, 12.20346], [-86.08898, 12.20418], [-86.08949, 12.20418], [-86.09056, 12.20339], [-86.09289, 12.20465], [-86.09163, 12.20558], [-86.09381, 12.20711], [-86.09488, 12.20612], [-86.09643, 12.2074], [-86.09703, 12.20462], [-86.09682, 12.20195], [-86.09929, 12.20101], [-86.10094, 12.2008], [-86.10233, 12.20104], [-86.10791, 12.20198], [-86.10873, 12.20192], [-86.10927, 12.2019], [-86.10938, 12.20163], [-86.10949, 12.19993], [-86.10694, 12.19982], [-86.10687, 12.199], [-86.10534, 12.19888], [-86.10523, 12.19517], [-86.10594, 12.19239], [-86.1068, 12.19236], [-86.10672, 12.19232]]]}}, {"type": "Feature", "properties": {"nombre": "Las Rosaledas", "tipo": "barrio"}, "geometry": {"type": "Polygon", "coordinates": [[[-86.21201, 12.04665], [-86.21212, 12.04652], [-86.21237, 12.04574], [-86.21215, 12.04567], [-86.21205, 12.04564], [-86.21216, 12.04531], [-86.21223, 12.04509], [-86.21233, 12.04469], [-86.20965, 12.04416], [-86.20954, 12.04514], [-86.20946, 12.04548], [-86.2096, 12.04545], [-86.21006, 12.04556], [-86.21044, 12.04576], [-86.2107, 12.04588], [-86.21106, 12.04609], [-86.21138, 12.04625], [-86.21181, 12.04654], [-86.21196, 12.04661], [-86.21201, 12.04665]]]}}, {"type": "Feature", "properties": {"nombre": "Barrio Colinas de la Bendición", "tipo": "barrio"}, "geometry": {"type": "Polygon", "coordinates": [[[-86.21589, 12.11332], [-86.21386, 12.11282], [-86.21401, 12.109], [-86.21477, 12.10902], [-86.21468, 12.11134], [-86.21467, 12.11134], [-86.21452, 12.11132], [-86.21446, 12.1123], [-86.2159, 12.1127], [-86.21589, 12.11332]]]}}, {"type": "Feature", "properties": {"nombre": "Residencial Bethel", "tipo": "residencial"}, "geometry": {"type": "Polygon", "coordinates": [[[-86.21579, 12.11161], [-86.21468, 12.11134], [-86.21477, 12.10902], [-86.2154, 12.10904], [-86.21538, 12.10917], [-86.21538, 12.10948], [-86.21544, 12.10948], [-86.21546, 12.10972], [-86.21538, 12.11078], [-86.21583, 12.11078], [-86.21582, 12.11127], [-86.21579, 12.11161]]]}}, {"type": "Feature", "properties": {"nombre": "Anexo Villa Libertad", "tipo": "barrio"}, "geometry": {"type": "Polygon", "coordinates": [[[-86.20472, 12.11243], [-86.20427, 12.11367], [-86.2034, 12.11341], [-86.20313, 12.11404], [-86.20266, 12.11526], [-86.20389, 12.11561], [-86.20419, 12.1157], [-86.20449, 12.11579], [-86.20478, 12.11586], [-86.20594, 12.11623], [-86.20582, 12.11827], [-86.2064, 12.11831], [-86.20638, 12.11839], [-86.20669, 12.11844], [-86.20669, 12.11851], [-86.20701, 12.11855], [-86.207, 12.11863], [-86.20764, 12.11875], [-86.20763, 12.11882], [-86.20794, 12.11887], [-86.20792, 12.11896], [-86.20825, 12.11902], [-86.20824, 12.11907], [-86.20857, 12.11915], [-86.20858, 12.1192], [-86.20887, 12.11925], [-86.20886, 12.11934], [-86.20915, 12.1194], [-86.20912, 12.11962], [-86.2095, 12.11971], [-86.20958, 12.11962], [-86.20977, 12.11957], [-86.20991, 12.11955], [-86.21067, 12.11984], [-86.21083, 12.11994], [-86.21099, 12.11957], [-86.21113, 12.11962], [-86.21117, 12.11931], [-86.21132, 12.11842], [-86.21144, 12.11797], [-86.21157, 12.11752], [-86.21165, 12.11709], [-86.21175, 12.11644], [-86.21183, 12.11594], [-86.21185, 12.11562], [-86.21179, 12.11559], [-86.20851, 12.11327], [-86.20831, 12.11315], [-86.2081, 12.11308], [-86.20479, 12.11241], [-86.20472, 12.11243]]]}}, {"type": "Feature", "properties": {"nombre": "Barrio Milagro de Dios", "tipo": "barrio"}, "geometry": {"type": "Polygon", "coordinates": [[[-86.21561, 12.11629], [-86.216, 12.11626], [-86.21621, 12.11623], [-86.21685, 12.11613], [-86.2168, 12.11647], [-86.21803, 12.1162], [-86.21805, 12.11599], [-86.21826, 12.11486], [-86.21829, 12.11393], [-86.21825, 12.11362], [-86.21852, 12.11355], [-86.21902, 12.11131], [-86.21723, 12.1112], [-86.21738, 12.10887], [-86.21662, 12.10876], [-86.21609, 12.10873], [-86.21599, 12.10889], [-86.2159, 12.109], [-86.21591, 12.10911], [-86.2161, 12.10933], [-86.21608, 12.1106], [-86.21594, 12.1119], [-86.21589, 12.11325], [-86.21566, 12.11568], [-86.21561, 12.11629]]]}}, {"type": "Feature", "properties": {"nombre": "Residencial San Cristobal", "tipo": "residencial"}, "geometry": {"type": "Polygon", "coordinates": [[[-86.21426, 12.11506], [-86.21387, 12.11497], [-86.21344, 12.11487], [-86.21305, 12.11483], [-86.21297, 12.11548], [-86.21293, 12.11579], [-86.21417, 12.11601], [-86.21426, 12.11506]]]}}, {"type": "Feature", "properties": {"nombre": "Barrio Vistas al Xolotlan", "tipo": "barrio"}, "geometry": {"type": "Polygon", "coordinates": [[[-86.21334, 12.11589], [-86.21317, 12.11708], [-86.21313, 12.11748], [-86.21326, 12.11798], [-86.21331, 12.11824], [-86.2139, 12.11831], [-86.21385, 12.11913], [-86.21387, 12.11917], [-86.21434, 12.11899], [-86.21439, 12.11898], [-86.21488, 12.11905], [-86.21492, 12.11866], [-86.21565, 12.11857], [-86.21597, 12.11849], [-86.2165, 12.11834], [-86.21734, 12.11813], [-86.21792, 12.11797], [-86.21798, 12.11706], [-86.21799, 12.11648], [-86.21803, 12.1162], [-86.2168, 12.11647], [-86.21685, 12.11613], [-86.21561, 12.11629], [-86.21576, 12.11475], [-86.21589, 12.11332], [-86.21455, 12.11299], [-86.21426, 12.11506], [-86.21417, 12.11601], [-86.21334, 12.11589]]]}}, {"type": "Feature", "properties": {"nombre": "Villa El Encanto", "tipo": "barrio"}, "geometry": {"type": "Polygon", "coordinates": [[[-86.21591, 12.11271], [-86.21446, 12.1123], [-86.21443, 12.11227], [-86.21448, 12.11131], [-86.21452, 12.11132], [-86.21467, 12.11134], [-86.21468, 12.11134], [-86.21579, 12.11161], [-86.21596, 12.11165], [-86.21595, 12.11172], [-86.21594, 12.1119], [-86.21592, 12.11211], [-86.21592, 12.11229], [-86.21591, 12.11254], [-86.2159, 12.11267], [-86.21591, 12.11271]]]}}, {"type": "Feature", "properties": {"nombre": "Barrio Divino Niño", "tipo": "barrio"}, "geometry": {"type": "Polygon", "coordinates": [[[-86.21068, 12.10832], [-86.21021, 12.10999], [-86.20978, 12.11153], [-86.20891, 12.11121], [-86.20843, 12.11269], [-86.20834, 12.11284], [-86.20811, 12.11299], [-86.20798, 12.11305], [-86.2065, 12.11275], [-86.20655, 12.11257], [-86.20661, 12.11234], [-86.20683, 12.11168], [-86.20706, 12.11101], [-86.20726, 12.11039], [-86.2076, 12.10941], [-86.20777, 12.10896], [-86.20809, 12.10899], [-86.20866, 12.10908], [-86.20914, 12.10911], [-86.20943, 12.10922], [-86.20958, 12.10893], [-86.20977, 12.10845], [-86.20983, 12.10832], [-86.2099, 12.10822], [-86.20997, 12.10815], [-86.21001, 12.10814], [-86.21006, 12.10813], [-86.21068, 12.10832]]]}}, {"type": "Feature", "properties": {"nombre": "Barrio Nueva Nicaragua", "tipo": "barrio"}, "geometry": {"type": "Polygon", "coordinates": [[[-86.20777, 12.10896], [-86.20766, 12.10895], [-86.20665, 12.1088], [-86.20627, 12.10876], [-86.20626, 12.10878], [-86.20619, 12.1089], [-86.20592, 12.10953], [-86.20568, 12.1101], [-86.20545, 12.1105], [-86.20524, 12.11112], [-86.20504, 12.11182], [-86.20479, 12.11241], [-86.2065, 12.11275], [-86.20706, 12.11101], [-86.20738, 12.11005], [-86.20777, 12.10896]]]}}, {"type": "Feature", "properties": {"nombre": "Barrio Sol de Libertad", "tipo": "barrio"}, "geometry": {"type": "Polygon", "coordinates": [[[-86.20479, 12.11241], [-86.20271, 12.11173], [-86.20282, 12.11109], [-86.20305, 12.1105], [-86.20351, 12.10923], [-86.20395, 12.10784], [-86.20411, 12.10747], [-86.20552, 12.10825], [-86.20587, 12.10845], [-86.20584, 12.10858], [-86.20617, 12.10875], [-86.20626, 12.10878], [-86.20619, 12.1089], [-86.20579, 12.10984], [-86.20562, 12.11023], [-86.20547, 12.11047], [-86.20514, 12.11146], [-86.20479, 12.11241]]]}}, {"type": "Feature", "properties": {"nombre": "Sector Sur Anexo Villa Libertad", "tipo": "barrio"}, "geometry": {"type": "Polygon", "coordinates": [[[-86.21137, 12.11527], [-86.21138, 12.11516], [-86.21132, 12.11516], [-86.21163, 12.11214], [-86.21386, 12.11282], [-86.21402, 12.10897], [-86.21302, 12.10886], [-86.21161, 12.1086], [-86.21068, 12.10832], [-86.21021, 12.10999], [-86.20978, 12.11153], [-86.20891, 12.11121], [-86.20843, 12.11269], [-86.20834, 12.11284], [-86.20811, 12.11299], [-86.20798, 12.11305], [-86.2081, 12.11308], [-86.20831, 12.11315], [-86.20851, 12.11327], [-86.21137, 12.11527]]]}}, {"type": "Feature", "properties": {"nombre": "Sector Sur Milagro de Dios", "tipo": "barrio"}, "geometry": {"type": "Polygon", "coordinates": [[[-86.21902, 12.11131], [-86.21924, 12.11006], [-86.21943, 12.1093], [-86.2195, 12.10915], [-86.21964, 12.10864], [-86.21971, 12.10831], [-86.22074, 12.10866], [-86.22181, 12.10844], [-86.22253, 12.1081], [-86.2226, 12.10806], [-86.2224, 12.10776], [-86.22228, 12.10775], [-86.22215, 12.10768], [-86.22133, 12.10669], [-86.22128, 12.10666], [-86.22078, 12.10668], [-86.22002, 12.10666], [-86.21902, 12.10657], [-86.21872, 12.10658], [-86.21857, 12.10662], [-86.21763, 12.10686], [-86.21744, 12.10687], [-86.21724, 12.10695], [-86.21717, 12.10703], [-86.21676, 12.10767], [-86.21609, 12.10873], [-86.21662, 12.10876], [-86.21738, 12.10887], [-86.21735, 12.10933], [-86.2173, 12.10975], [-86.21728, 12.11018], [-86.21728, 12.11062], [-86.21724, 12.11105], [-86.21723, 12.1112], [-86.21852, 12.11127], [-86.21902, 12.11131]]]}}, {"type": "Feature", "properties": {"nombre": "Sector Norte Comarca Las Jaguitas", "tipo": "barrio"}, "geometry": {"type": "Polygon", "coordinates": [[[-86.22088, 12.10529], [-86.22104, 12.1056], [-86.22119, 12.10602], [-86.22128, 12.10666], [-86.22002, 12.10666], [-86.21902, 12.10657], [-86.21872, 12.10658], [-86.21857, 12.10662], [-86.21817, 12.10674], [-86.21744, 12.10687], [-86.21724, 12.10695], [-86.21717, 12.10703], [-86.21609, 12.10873], [-86.2159, 12.109], [-86.21458, 12.10899], [-86.21352, 12.10893], [-86.2125, 12.10879], [-86.21161, 12.1086], [-86.21068, 12.10832], [-86.21001, 12.10815], [-86.2099, 12.10822], [-86.20983, 12.10832], [-86.20977, 12.10845], [-86.20968, 12.10866], [-86.20958, 12.10893], [-86.20947, 12.10902], [-86.20943, 12.10922], [-86.20914, 12.10911], [-86.20809, 12.10899], [-86.20733, 12.1089], [-86.20665, 12.1088], [-86.20617, 12.10875], [-86.20587, 12.10859], [-86.20632, 12.10684], [-86.207, 12.10698], [-86.2071, 12.10591], [-86.20656, 12.10577], [-86.20721, 12.10325], [-86.20765, 12.10168], [-86.20865, 12.10194], [-86.20964, 12.09953], [-86.20846, 12.0992], [-86.20925, 12.09755], [-86.21018, 12.09765], [-86.21076, 12.09778], [-86.21187, 12.09822], [-86.21341, 12.09878], [-86.21414, 12.09914], [-86.21504, 12.09953], [-86.21591, 12.10022], [-86.2166, 12.101], [-86.21682, 12.10121], [-86.21728, 12.10145], [-86.21807, 12.1018], [-86.21825, 12.10193], [-86.21854, 12.10228], [-86.219, 12.10294], [-86.21951, 12.10358], [-86.22022, 12.10431], [-86.22039, 12.10465], [-86.21998, 12.1052], [-86.21858, 12.10497], [-86.21808, 12.10584], [-86.2204, 12.10619], [-86.22088, 12.10529]]]}}, {"type": "Feature", "properties": {"nombre": "Lotificación Sueño Real", "tipo": "residencial"}, "geometry": {"type": "Polygon", "coordinates": [[[-86.36505, 12.13424], [-86.37024, 12.13372], [-86.37291, 12.13453], [-86.37484, 12.13412], [-86.37561, 12.13391], [-86.37566, 12.13323], [-86.37546, 12.13293], [-86.37549, 12.13229], [-86.37193, 12.13217], [-86.37172, 12.13241], [-86.37132, 12.13223], [-86.37113, 12.13257], [-86.37047, 12.13231], [-86.37007, 12.13251], [-86.36972, 12.13232], [-86.36956, 12.13177], [-86.36978, 12.13051], [-86.36872, 12.13041], [-86.36773, 12.13012], [-86.36685, 12.12968], [-86.3659, 12.12935], [-86.36516, 12.12913], [-86.36479, 12.12903], [-86.36455, 12.12901], [-86.36293, 12.12938], [-86.36254, 12.12956], [-86.36302, 12.13], [-86.36317, 12.13205], [-86.36361, 12.13259], [-86.36387, 12.13251], [-86.36406, 12.13249], [-86.36403, 12.13302], [-86.36425, 12.13338], [-86.36505, 12.13424]]]}}, {"type": "Feature", "properties": {"nombre": "Los Mercados", "tipo": "residencial"}, "geometry": {"type": "Polygon", "coordinates": [[[-86.10005, 12.05784], [-86.1001, 12.05747], [-86.09943, 12.05728], [-86.09953, 12.05684], [-86.09863, 12.05649], [-86.09885, 12.05587], [-86.09786, 12.0556], [-86.09806, 12.05496], [-86.09836, 12.05504], [-86.09912, 12.05333], [-86.09685, 12.05329], [-86.09687, 12.05363], [-86.09538, 12.05361], [-86.09536, 12.05407], [-86.09703, 12.05408], [-86.09701, 12.05523], [-86.09787, 12.05527], [-86.0973, 12.05714], [-86.09855, 12.0575], [-86.09858, 12.05784], [-86.10005, 12.05784]]]}}, {"type": "Feature", "properties": {"nombre": "Santa Ana", "tipo": "residencial"}, "geometry": {"type": "Polygon", "coordinates": [[[-86.10631, 12.06241], [-86.10543, 12.06245], [-86.10536, 12.06061], [-86.10729, 12.06054], [-86.1073, 12.06088], [-86.10684, 12.0609], [-86.10686, 12.06129], [-86.10627, 12.06131], [-86.10631, 12.06241]]]}}, {"type": "Feature", "properties": {"nombre": "Santa Juana", "tipo": "residencial"}, "geometry": {"type": "Polygon", "coordinates": [[[-86.11089, 12.0346], [-86.11078, 12.03308], [-86.11205, 12.03298], [-86.11201, 12.03275], [-86.11118, 12.03279], [-86.11114, 12.03256], [-86.1108, 12.03256], [-86.11074, 12.03219], [-86.11189, 12.0321], [-86.11183, 12.03163], [-86.11071, 12.0317], [-86.11065, 12.03049], [-86.11026, 12.03047], [-86.11023, 12.03064], [-86.10984, 12.03065], [-86.10983, 12.03085], [-86.11023, 12.03087], [-86.11024, 12.03115], [-86.10954, 12.03111], [-86.10953, 12.03134], [-86.1103, 12.03136], [-86.11031, 12.03164], [-86.10953, 12.03168], [-86.10952, 12.03191], [-86.11059, 12.03193], [-86.11066, 12.03375], [-86.10993, 12.0337], [-86.10976, 12.03245], [-86.10934, 12.03242], [-86.10921, 12.03374], [-86.10817, 12.03372], [-86.1084, 12.0317], [-86.10487, 12.03141], [-86.10439, 12.03215], [-86.10779, 12.03254], [-86.10751, 12.03442], [-86.11089, 12.0346]]]}}, {"type": "Feature", "properties": {"nombre": "Residencial San Mateo", "tipo": "residencial"}, "geometry": {"type": "Polygon", "coordinates": [[[-86.17587, 12.07653], [-86.17549, 12.07671], [-86.17533, 12.0768], [-86.1753, 12.07683], [-86.17434, 12.07659], [-86.17356, 12.07641], [-86.17276, 12.07623], [-86.17232, 12.07613], [-86.17107, 12.07582], [-86.16994, 12.07559], [-86.16996, 12.07521], [-86.16997, 12.07427], [-86.17003, 12.07352], [-86.17052, 12.07372], [-86.17297, 12.07504], [-86.17592, 12.0765], [-86.17587, 12.07653]]]}}, {"type": "Feature", "properties": {"nombre": "La Cruz", "tipo": "barrio"}, "geometry": {"type": "Polygon", "coordinates": [[[-86.34611, 12.16196], [-86.34572, 12.16215], [-86.34531, 12.16235], [-86.34491, 12.16158], [-86.3453, 12.16137], [-86.34531, 12.16136], [-86.34566, 12.16117], [-86.34611, 12.16196]]]}}, {"type": "Feature", "properties": {"nombre": "Calle Nueva Nº 2", "tipo": "residencial"}, "geometry": {"type": "Polygon", "coordinates": [[[-86.48285, 12.0874], [-86.48106, 12.0882], [-86.48086, 12.08776], [-86.4814, 12.08752], [-86.48088, 12.08642], [-86.48149, 12.08615], [-86.48188, 12.08698], [-86.48352, 12.08623], [-86.48335, 12.08586], [-86.48234, 12.08631], [-86.48212, 12.08586], [-86.48155, 12.08612], [-86.48126, 12.08551], [-86.48093, 12.08566], [-86.48068, 12.08511], [-86.47965, 12.08557], [-86.48127, 12.08901], [-86.48293, 12.08826], [-86.48353, 12.08952], [-86.4831, 12.08971], [-86.48327, 12.09007], [-86.48396, 12.08976], [-86.48341, 12.08859], [-86.48427, 12.0882], [-86.48449, 12.08866], [-86.48572, 12.08811], [-86.4855, 12.08765], [-86.48442, 12.08813], [-86.48421, 12.08769], [-86.4832, 12.08814], [-86.48285, 12.0874]]]}}, {"type": "Feature", "properties": {"nombre": "Santa Martha", "tipo": "residencial"}, "geometry": {"type": "Polygon", "coordinates": [[[-86.47097, 12.08409], [-86.47184, 12.08368], [-86.47224, 12.08451], [-86.47249, 12.08439], [-86.47208, 12.08357], [-86.47272, 12.08327], [-86.47288, 12.08359], [-86.47351, 12.08329], [-86.47328, 12.08281], [-86.47391, 12.08251], [-86.47403, 12.08275], [-86.47438, 12.08259], [-86.47426, 12.08235], [-86.4745, 12.08224], [-86.47431, 12.08185], [-86.47286, 12.08254], [-86.47253, 12.082], [-86.47232, 12.08213], [-86.4725, 12.08243], [-86.47177, 12.08311], [-86.472, 12.08335], [-86.47081, 12.08396], [-86.4686, 12.08396], [-86.4686, 12.08511], [-86.47023, 12.08511], [-86.47023, 12.0847], [-86.47097, 12.08469], [-86.47097, 12.08409]]]}}, {"type": "Feature", "properties": {"nombre": "Las Camelias", "tipo": "residencial"}, "geometry": {"type": "Polygon", "coordinates": [[[-86.45001, 12.06146], [-86.45006, 12.06181], [-86.44928, 12.06191], [-86.44942, 12.06289], [-86.448, 12.06308], [-86.44782, 12.06175], [-86.44706, 12.06184], [-86.4471, 12.06219], [-86.44579, 12.06236], [-86.44566, 12.06139], [-86.44697, 12.06122], [-86.44701, 12.0615], [-86.44877, 12.06127], [-86.44873, 12.061], [-86.44993, 12.06084], [-86.44997, 12.06112], [-86.45245, 12.0608], [-86.45241, 12.06052], [-86.45333, 12.0604], [-86.45346, 12.06137], [-86.45254, 12.06149], [-86.4525, 12.06114], [-86.45001, 12.06146]]]}}, {"type": "Feature", "properties": {"nombre": "Monte Fresco Nº 1", "tipo": "residencial"}, "geometry": {"type": "Polygon", "coordinates": [[[-86.45542, 12.06064], [-86.45625, 12.06034], [-86.4575, 12.06053], [-86.4599, 12.05964], [-86.46095, 12.05757], [-86.4615, 12.05783], [-86.46142, 12.0596], [-86.45793, 12.06086], [-86.4555, 12.06084], [-86.45542, 12.06064]]]}}, {"type": "Feature", "properties": {"nombre": "Carlos Fonseca Nº 2", "tipo": "residencial"}, "geometry": {"type": "Polygon", "coordinates": [[[-86.47072, 12.0483], [-86.47069, 12.05022], [-86.47134, 12.05023], [-86.47133, 12.05059], [-86.47181, 12.0506], [-86.47181, 12.05109], [-86.47264, 12.0511], [-86.47264, 12.05133], [-86.47144, 12.05131], [-86.47145, 12.05075], [-86.47022, 12.05073], [-86.47022, 12.05035], [-86.4684, 12.05032], [-86.46841, 12.04993], [-86.46715, 12.04991], [-86.46715, 12.04947], [-86.46634, 12.04946], [-86.46635, 12.04885], [-86.46689, 12.04886], [-86.46688, 12.04929], [-86.46998, 12.04934], [-86.47006, 12.04472], [-86.47089, 12.04473], [-86.47086, 12.04652], [-86.47014, 12.04651], [-86.47013, 12.04696], [-86.4713, 12.04698], [-86.47128, 12.04808], [-86.47336, 12.04919], [-86.47284, 12.05012], [-86.47208, 12.04972], [-86.47237, 12.04919], [-86.47072, 12.0483]]]}}, {"type": "Feature", "properties": {"nombre": "El Arca de Noé", "tipo": "residencial"}, "geometry": {"type": "Polygon", "coordinates": [[[-86.47008, 12.04398], [-86.46972, 12.04344], [-86.4701, 12.0432], [-86.46912, 12.04173], [-86.46887, 12.04188], [-86.46878, 12.04174], [-86.46902, 12.04158], [-86.46857, 12.0409], [-86.46873, 12.0408], [-86.46843, 12.04035], [-86.46783, 12.04073], [-86.46758, 12.04035], [-86.46842, 12.03982], [-86.46911, 12.04086], [-86.469, 12.04093], [-86.46932, 12.04141], [-86.46953, 12.04127], [-86.46983, 12.04172], [-86.47029, 12.04143], [-86.47062, 12.04191], [-86.47101, 12.04167], [-86.47068, 12.04118], [-86.47324, 12.03956], [-86.47389, 12.04054], [-86.47341, 12.04084], [-86.47365, 12.0412], [-86.4734, 12.04136], [-86.47283, 12.04051], [-86.47231, 12.04084], [-86.47259, 12.04127], [-86.47223, 12.0415], [-86.47195, 12.04107], [-86.4712, 12.04155], [-86.47137, 12.04181], [-86.47104, 12.04202], [-86.47133, 12.04246], [-86.47079, 12.04281], [-86.47014, 12.04184], [-86.46976, 12.04208], [-86.47098, 12.04391], [-86.4703, 12.04434], [-86.47007, 12.04449], [-86.46983, 12.04414], [-86.47008, 12.04398]]]}}, {"type": "Feature", "properties": {"nombre": "San Martín", "tipo": "residencial"}, "geometry": {"type": "MultiPolygon", "coordinates": [[[[-86.47104, 12.03703], [-86.46986, 12.03625], [-86.47008, 12.03593], [-86.46939, 12.03547], [-86.46957, 12.0352], [-86.47027, 12.03566], [-86.4708, 12.03488], [-86.47111, 12.03508], [-86.47039, 12.03613], [-86.47126, 12.03671], [-86.47117, 12.03684], [-86.47196, 12.03736], [-86.47164, 12.03784], [-86.47084, 12.03732], [-86.47104, 12.03703]]], [[[-86.46662, 12.03587], [-86.46662, 12.03616], [-86.46729, 12.03615], [-86.46729, 12.03674], [-86.46799, 12.03673], [-86.46799, 12.03725], [-86.46716, 12.03726], [-86.46716, 12.03742], [-86.46799, 12.03742], [-86.468, 12.03785], [-86.46664, 12.03786], [-86.46664, 12.03817], [-86.46865, 12.03816], [-86.46866, 12.03891], [-86.46848, 12.03891], [-86.46849, 12.03975], [-86.46904, 12.03975], [-86.46904, 12.03957], [-86.46885, 12.03957], [-86.46884, 12.0384], [-86.46938, 12.0384], [-86.46937, 12.03766], [-86.46884, 12.03766], [-86.46883, 12.03694], [-86.46943, 12.03693], [-86.46943, 12.03656], [-86.46883, 12.03657], [-86.46883, 12.03616], [-86.46864, 12.03616], [-86.46864, 12.03657], [-86.4675, 12.03658], [-86.46749, 12.03587], [-86.46662, 12.03587]]]]}}, {"type": "Feature", "properties": {"nombre": "El Brasil", "tipo": "residencial"}, "geometry": {"type": "MultiPolygon", "coordinates": [[[[-86.45189, 12.01175], [-86.45145, 12.01202], [-86.45117, 12.01159], [-86.45161, 12.01133], [-86.45189, 12.01175]]], [[[-86.44405, 12.01623], [-86.44911, 12.01312], [-86.44952, 12.01376], [-86.45158, 12.0125], [-86.45214, 12.01216], [-86.45256, 12.0119], [-86.45278, 12.01224], [-86.45133, 12.01313], [-86.45152, 12.01343], [-86.45068, 12.01395], [-86.45039, 12.0135], [-86.44835, 12.01475], [-86.44805, 12.01429], [-86.44664, 12.01515], [-86.44678, 12.01538], [-86.44551, 12.01616], [-86.44609, 12.01706], [-86.44501, 12.01772], [-86.44405, 12.01623]]]]}}, {"type": "Feature", "properties": {"nombre": "Bella Vista", "tipo": "residencial"}, "geometry": {"type": "Polygon", "coordinates": [[[-86.441, 12.01863], [-86.43937, 12.02059], [-86.43884, 12.02017], [-86.43863, 12.02042], [-86.43916, 12.02084], [-86.43875, 12.02134], [-86.43923, 12.02171], [-86.44148, 12.019], [-86.441, 12.01863]]]}}, {"type": "Feature", "properties": {"nombre": "Las Nubes", "tipo": "residencial"}, "geometry": {"type": "Polygon", "coordinates": [[[-86.28856, 12.00832], [-86.28826, 12.00784], [-86.28866, 12.0076], [-86.28896, 12.00808], [-86.28944, 12.00779], [-86.28898, 12.00707], [-86.28973, 12.00661], [-86.28988, 12.00685], [-86.29039, 12.00654], [-86.29023, 12.0063], [-86.29093, 12.00588], [-86.2908, 12.00567], [-86.28613, 12.00853], [-86.28594, 12.00823], [-86.28555, 12.00847], [-86.28529, 12.00794], [-86.28541, 12.00667], [-86.28466, 12.00617], [-86.2849, 12.00461], [-86.28452, 12.00453], [-86.28431, 12.00598], [-86.2835, 12.00543], [-86.28346, 12.00558], [-86.28552, 12.00952], [-86.28452, 12.01013], [-86.28473, 12.01045], [-86.28614, 12.00959], [-86.28605, 12.0092], [-86.28641, 12.00898], [-86.2872, 12.00915], [-86.28856, 12.00832]]]}}, {"type": "Feature", "properties": {"nombre": "La Estrella", "tipo": "residencial"}, "geometry": {"type": "Polygon", "coordinates": [[[-86.30306, 11.9981], [-86.30306, 11.99784], [-86.30262, 11.99785], [-86.30263, 11.99828], [-86.30117, 11.99831], [-86.30116, 11.99788], [-86.30068, 11.99788], [-86.29898, 11.99869], [-86.29804, 11.99856], [-86.29765, 11.99751], [-86.29712, 11.9977], [-86.29753, 11.99879], [-86.29677, 11.99933], [-86.29659, 12.00082], [-86.29518, 12.00126], [-86.29528, 12.00157], [-86.29713, 12.00099], [-86.2973, 11.99966], [-86.2981, 11.99911], [-86.2986, 11.99915], [-86.29867, 11.99943], [-86.30015, 11.99951], [-86.30082, 11.99854], [-86.3019, 11.99842], [-86.30223, 11.99892], [-86.30306, 11.9981]]]}}, {"type": "Feature", "properties": {"nombre": "La Soledad", "tipo": "residencial"}, "geometry": {"type": "Polygon", "coordinates": [[[-86.21794, 12.00673], [-86.21568, 12.00711], [-86.21561, 12.0067], [-86.2152, 12.00677], [-86.21511, 12.0062], [-86.21465, 12.00622], [-86.21447, 12.0059], [-86.21422, 12.00544], [-86.21421, 12.0045], [-86.21476, 12.00434], [-86.21399, 12.00257], [-86.21369, 12.00188], [-86.21352, 12.00151], [-86.21346, 12.00136], [-86.21318, 12.00071], [-86.21287, 12.00078], [-86.21277, 12.00054], [-86.21338, 12.0004], [-86.21421, 12.00022], [-86.21434, 12.00052], [-86.21465, 12.00125], [-86.21415, 12.00138], [-86.21436, 12.00194], [-86.21452, 12.00192], [-86.2153, 12.0018], [-86.2155, 12.00177], [-86.21539, 12.00142], [-86.21584, 12.00135], [-86.2156, 12.00089], [-86.21586, 12.00077], [-86.21648, 12.00181], [-86.21662, 12.00205], [-86.21622, 12.00227], [-86.21597, 12.00178], [-86.21562, 12.00185], [-86.21582, 12.00248], [-86.21463, 12.00267], [-86.21469, 12.00284], [-86.21488, 12.0028], [-86.21498, 12.00305], [-86.21552, 12.00295], [-86.2156, 12.00319], [-86.21634, 12.00305], [-86.21634, 12.00284], [-86.21664, 12.00283], [-86.21678, 12.00207], [-86.21695, 12.00209], [-86.21854, 12.0023], [-86.2185, 12.00262], [-86.21878, 12.0027], [-86.21871, 12.00295], [-86.21753, 12.00311], [-86.2175, 12.00321], [-86.21949, 12.00368], [-86.21938, 12.00406], [-86.21884, 12.00392], [-86.21858, 12.00463], [-86.2193, 12.0049], [-86.21921, 12.00512], [-86.21829, 12.00474], [-86.2185, 12.00514], [-86.21902, 12.00538], [-86.21887, 12.00577], [-86.21932, 12.00589], [-86.21908, 12.00658], [-86.21886, 12.00654], [-86.2187, 12.00621], [-86.21817, 12.00632], [-86.21805, 12.00592], [-86.21851, 12.00587], [-86.21762, 12.00418], [-86.21659, 12.00432], [-86.21649, 12.00488], [-86.217, 12.00483], [-86.21703, 12.00572], [-86.21651, 12.00579], [-86.21653, 12.0061], [-86.21764, 12.006], [-86.21773, 12.00646], [-86.21786, 12.00645], [-86.21794, 12.00673]]]}}, {"type": "Feature", "properties": {"nombre": "La Borgoña", "tipo": "residencial"}, "geometry": {"type": "Polygon", "coordinates": [[[-86.21318, 12.01844], [-86.21351, 12.01875], [-86.21386, 12.0189], [-86.21415, 12.01816], [-86.21382, 12.01806], [-86.21401, 12.01768], [-86.21552, 12.01741], [-86.21565, 12.01618], [-86.2163, 12.01608], [-86.21617, 12.01549], [-86.2164, 12.01546], [-86.2164, 12.01484], [-86.21677, 12.0148], [-86.21692, 12.01511], [-86.21723, 12.01506], [-86.21721, 12.01476], [-86.21691, 12.01471], [-86.21687, 12.01296], [-86.21545, 12.01316], [-86.21566, 12.01238], [-86.21647, 12.01228], [-86.2168, 12.0119], [-86.21698, 12.01064], [-86.21853, 12.01072], [-86.21878, 12.01044], [-86.21908, 12.00809], [-86.21941, 12.00884], [-86.21997, 12.00834], [-86.21934, 12.00718], [-86.21752, 12.0075], [-86.21658, 12.00751], [-86.21338, 12.00807], [-86.2138, 12.00967], [-86.21444, 12.00967], [-86.21451, 12.00946], [-86.21465, 12.00898], [-86.21456, 12.00822], [-86.21517, 12.00814], [-86.21542, 12.00846], [-86.21539, 12.00886], [-86.21533, 12.00981], [-86.21522, 12.01099], [-86.21508, 12.01187], [-86.21453, 12.0119], [-86.21477, 12.01218], [-86.21471, 12.01252], [-86.21447, 12.01407], [-86.21432, 12.01504], [-86.21287, 12.01529], [-86.21272, 12.01444], [-86.21207, 12.01442], [-86.21194, 12.01493], [-86.21161, 12.01506], [-86.21212, 12.01632], [-86.21261, 12.01734], [-86.21308, 12.01769], [-86.21318, 12.01844]]]}}, {"type": "Feature", "properties": {"nombre": "La Francia Nº 2", "tipo": "residencial"}, "geometry": {"type": "Polygon", "coordinates": [[[-86.22143, 12.00007], [-86.22206, 11.99944], [-86.22195, 11.99934], [-86.22209, 11.9992], [-86.22223, 11.99934], [-86.22213, 11.99944], [-86.22253, 11.99982], [-86.22229, 12.00006], [-86.22211, 11.99989], [-86.22165, 12.00034], [-86.22115, 11.99986], [-86.22098, 12.00003], [-86.22076, 11.99981], [-86.22096, 11.99962], [-86.22143, 12.00007]]]}}, {"type": "Feature", "properties": {"nombre": "Terreno", "tipo": "residencial"}, "geometry": {"type": "Polygon", "coordinates": [[[-86.2796, 12.13873], [-86.27946, 12.13871], [-86.27958, 12.13838], [-86.27977, 12.13845], [-86.2796, 12.13873]]]}}, {"type": "Feature", "properties": {"nombre": "La Trinidad Central", "tipo": "residencial"}, "geometry": {"type": "Polygon", "coordinates": [[[-86.38234, 12.13497], [-86.38236, 12.13581], [-86.38294, 12.1358], [-86.38293, 12.13529], [-86.38343, 12.13528], [-86.38345, 12.13603], [-86.38306, 12.13604], [-86.38307, 12.13652], [-86.38398, 12.1365], [-86.38399, 12.13699], [-86.38297, 12.13701], [-86.38295, 12.13604], [-86.38237, 12.13605], [-86.38239, 12.13709], [-86.38262, 12.13723], [-86.38201, 12.13813], [-86.38507, 12.13883], [-86.3849, 12.13957], [-86.38196, 12.1389], [-86.38182, 12.1395], [-86.3822, 12.13959], [-86.38204, 12.14027], [-86.38166, 12.14018], [-86.38149, 12.1409], [-86.38187, 12.14099], [-86.38196, 12.14061], [-86.38266, 12.14077], [-86.38274, 12.14043], [-86.38384, 12.14068], [-86.38376, 12.14102], [-86.38413, 12.1411], [-86.38404, 12.14148], [-86.38213, 12.14105], [-86.38207, 12.14134], [-86.3815, 12.14121], [-86.38124, 12.14226], [-86.38059, 12.14349], [-86.3793, 12.14362], [-86.37997, 12.14235], [-86.38078, 12.14229], [-86.38125, 12.1403], [-86.38085, 12.14021], [-86.38089, 12.14001], [-86.3813, 12.1401], [-86.38161, 12.13882], [-86.38168, 12.13851], [-86.38132, 12.13828], [-86.38212, 12.13709], [-86.38208, 12.13506], [-86.38156, 12.13507], [-86.38154, 12.13416], [-86.38206, 12.13415], [-86.38203, 12.13248], [-86.38151, 12.13249], [-86.38149, 12.13183], [-86.38201, 12.13182], [-86.382, 12.13131], [-86.38179, 12.13043], [-86.38148, 12.1305], [-86.38136, 12.13], [-86.38167, 12.12993], [-86.38157, 12.1295], [-86.38145, 12.12902], [-86.38086, 12.12916], [-86.38057, 12.12796], [-86.38015, 12.12805], [-86.38007, 12.12773], [-86.38049, 12.12763], [-86.3803, 12.12685], [-86.3809, 12.12671], [-86.38116, 12.12665], [-86.38161, 12.12852], [-86.38184, 12.12847], [-86.38187, 12.12858], [-86.38164, 12.12864], [-86.38172, 12.12896], [-86.38215, 12.12887], [-86.38226, 12.12934], [-86.38183, 12.12944], [-86.38211, 12.13061], [-86.38288, 12.13044], [-86.38279, 12.13005], [-86.38303, 12.13], [-86.38312, 12.13038], [-86.38365, 12.13026], [-86.3838, 12.13089], [-86.38226, 12.13125], [-86.38229, 12.13247], [-86.38254, 12.13247], [-86.38256, 12.1333], [-86.38231, 12.13331], [-86.38233, 12.13442], [-86.38318, 12.1344], [-86.3832, 12.13496], [-86.38234, 12.13497]]]}}, {"type": "Feature", "properties": {"nombre": "La Trinidad", "tipo": "residencial"}, "geometry": {"type": "Polygon", "coordinates": [[[-86.38288, 12.12542], [-86.3834, 12.1253], [-86.3836, 12.12612], [-86.38577, 12.12563], [-86.38765, 12.12569], [-86.38763, 12.12642], [-86.38709, 12.1264], [-86.3871, 12.12611], [-86.38576, 12.12606], [-86.38529, 12.12617], [-86.38537, 12.1265], [-86.38505, 12.12657], [-86.38509, 12.12674], [-86.38488, 12.12679], [-86.38476, 12.12629], [-86.38358, 12.12656], [-86.38376, 12.12732], [-86.38328, 12.12742], [-86.38287, 12.12572], [-86.38213, 12.12589], [-86.38202, 12.12545], [-86.38277, 12.12528], [-86.3826, 12.12459], [-86.3832, 12.12445], [-86.38328, 12.12477], [-86.38276, 12.12489], [-86.38288, 12.12542]]]}}, {"type": "Feature", "properties": {"nombre": "Residencial Paseo del Bosque", "tipo": "residencial"}, "geometry": {"type": "Polygon", "coordinates": [[[-86.18362, 12.0697], [-86.18214, 12.07118], [-86.18033, 12.07012], [-86.17776, 12.06879], [-86.17905, 12.0667], [-86.18196, 12.06849], [-86.18363, 12.06968], [-86.18362, 12.0697]]]}}, {"type": "Feature", "properties": {"nombre": "El Chiltepe", "tipo": "residencial"}, "geometry": {"type": "MultiPolygon", "coordinates": [[[[-86.36223, 12.21849], [-86.36207, 12.21868], [-86.36115, 12.21793], [-86.36102, 12.21808], [-86.36087, 12.21794], [-86.361, 12.2178], [-86.36049, 12.21737], [-86.36065, 12.21719], [-86.36166, 12.21803], [-86.36338, 12.21848], [-86.3633, 12.21877], [-86.36223, 12.21849]]], [[[-86.36482, 12.22043], [-86.3654, 12.22065], [-86.36517, 12.22092], [-86.36571, 12.22136], [-86.36594, 12.22109], [-86.36574, 12.22092], [-86.36585, 12.2208], [-86.36605, 12.22096], [-86.36696, 12.22171], [-86.36596, 12.22287], [-86.36517, 12.22222], [-86.36375, 12.22386], [-86.36391, 12.22398], [-86.36372, 12.22421], [-86.36356, 12.22408], [-86.36307, 12.22465], [-86.36295, 12.22455], [-86.36333, 12.22412], [-86.36311, 12.22394], [-86.36323, 12.2238], [-86.36345, 12.22398], [-86.36373, 12.22366], [-86.36327, 12.22327], [-86.36357, 12.22292], [-86.36404, 12.2233], [-86.36446, 12.22281], [-86.364, 12.22242], [-86.36426, 12.22212], [-86.36472, 12.2225], [-86.36522, 12.22193], [-86.36475, 12.22155], [-86.36487, 12.22142], [-86.36533, 12.2218], [-86.36561, 12.22148], [-86.36507, 12.22104], [-86.36488, 12.22125], [-86.36444, 12.22088], [-86.36462, 12.22067], [-86.36427, 12.22038], [-86.36408, 12.22059], [-86.36384, 12.22039], [-86.36403, 12.22018], [-86.36385, 12.22003], [-86.36366, 12.22025], [-86.36343, 12.22005], [-86.36361, 12.21984], [-86.36348, 12.21973], [-86.36329, 12.21994], [-86.36318, 12.21984], [-86.36346, 12.21951], [-86.36473, 12.22055], [-86.36482, 12.22043]]]]}}, {"type": "Feature", "properties": {"nombre": "Pereira", "tipo": "residencial"}, "geometry": {"type": "Polygon", "coordinates": [[[-86.3611, 12.21505], [-86.35811, 12.22005], [-86.35584, 12.21875], [-86.35738, 12.21618], [-86.35493, 12.21477], [-86.35754, 12.21041], [-86.36077, 12.21226], [-86.3611, 12.21505]]]}}, {"type": "Feature", "properties": {"nombre": "Los Castros", "tipo": "residencial"}, "geometry": {"type": "Polygon", "coordinates": [[[-86.34998, 12.21216], [-86.34915, 12.21196], [-86.34919, 12.21177], [-86.35003, 12.21197], [-86.35009, 12.21172], [-86.34977, 12.21164], [-86.34981, 12.2115], [-86.35013, 12.21157], [-86.35017, 12.21141], [-86.34985, 12.21133], [-86.34991, 12.21109], [-86.35023, 12.21117], [-86.35031, 12.21085], [-86.34999, 12.21077], [-86.35009, 12.21034], [-86.35041, 12.21042], [-86.35046, 12.21022], [-86.34963, 12.21002], [-86.3497, 12.20973], [-86.35102, 12.21004], [-86.35104, 12.20996], [-86.35108, 12.20978], [-86.3506, 12.20967], [-86.35065, 12.20945], [-86.3517, 12.20969], [-86.35165, 12.20991], [-86.35139, 12.20985], [-86.35127, 12.21032], [-86.35097, 12.21025], [-86.35079, 12.21096], [-86.3505, 12.2109], [-86.35044, 12.21116], [-86.35072, 12.21123], [-86.35069, 12.21135], [-86.35041, 12.21128], [-86.35032, 12.21162], [-86.35061, 12.21169], [-86.35057, 12.21183], [-86.35029, 12.21176], [-86.35001, 12.21289], [-86.35019, 12.21293], [-86.35016, 12.21306], [-86.34997, 12.21302], [-86.34972, 12.21402], [-86.34991, 12.21406], [-86.34981, 12.21444], [-86.34963, 12.21439], [-86.34957, 12.21465], [-86.34975, 12.2147], [-86.3497, 12.21488], [-86.34952, 12.21484], [-86.34942, 12.21524], [-86.34971, 12.21531], [-86.34959, 12.21579], [-86.3493, 12.21572], [-86.34914, 12.21635], [-86.34971, 12.21649], [-86.34958, 12.21704], [-86.34901, 12.21691], [-86.34886, 12.21748], [-86.34915, 12.21755], [-86.34897, 12.21828], [-86.34868, 12.21821], [-86.34851, 12.2189], [-86.34918, 12.21906], [-86.34906, 12.21954], [-86.3473, 12.21912], [-86.34775, 12.21732], [-86.34864, 12.21754], [-86.349, 12.21611], [-86.34868, 12.21604], [-86.34879, 12.2156], [-86.3491, 12.21567], [-86.34917, 12.21541], [-86.34834, 12.21521], [-86.34839, 12.21499], [-86.34922, 12.21519], [-86.34925, 12.21509], [-86.34872, 12.21496], [-86.34877, 12.21476], [-86.3493, 12.21489], [-86.34943, 12.21435], [-86.34912, 12.21427], [-86.34917, 12.21404], [-86.34866, 12.21391], [-86.34871, 12.21371], [-86.34954, 12.21391], [-86.34961, 12.21366], [-86.34929, 12.21358], [-86.34933, 12.21342], [-86.34965, 12.2135], [-86.34975, 12.21308], [-86.34943, 12.213], [-86.34947, 12.21287], [-86.34978, 12.21294], [-86.34998, 12.21216]]]}}, {"type": "Feature", "properties": {"nombre": "Gosén", "tipo": "residencial"}, "geometry": {"type": "Polygon", "coordinates": [[[-86.35294, 12.21022], [-86.35356, 12.21037], [-86.35362, 12.21015], [-86.35396, 12.21023], [-86.3539, 12.21045], [-86.35433, 12.21055], [-86.35407, 12.21158], [-86.35437, 12.21165], [-86.35431, 12.2119], [-86.35401, 12.21183], [-86.35382, 12.21261], [-86.35339, 12.21251], [-86.35354, 12.2119], [-86.3532, 12.21182], [-86.35326, 12.21157], [-86.3536, 12.21166], [-86.35381, 12.21081], [-86.35347, 12.21073], [-86.35352, 12.21053], [-86.35277, 12.21035], [-86.35272, 12.21055], [-86.3525, 12.21049], [-86.35255, 12.2103], [-86.35201, 12.21017], [-86.35205, 12.21001], [-86.35259, 12.21014], [-86.35264, 12.20992], [-86.35299, 12.21], [-86.35294, 12.21022]]]}}, {"type": "Feature", "properties": {"nombre": "Monte Fresco", "tipo": "residencial"}, "geometry": {"type": "MultiPolygon", "coordinates": [[[[-86.48739, 12.05], [-86.48726, 12.04958], [-86.48662, 12.04976], [-86.48682, 12.05207], [-86.486, 12.0523], [-86.48587, 12.05188], [-86.48535, 12.05203], [-86.48548, 12.05245], [-86.48494, 12.05261], [-86.48481, 12.05218], [-86.48238, 12.05288], [-86.48257, 12.0535], [-86.48024, 12.05417], [-86.48173, 12.05589], [-86.48296, 12.05598], [-86.48253, 12.05456], [-86.48302, 12.05442], [-86.4834, 12.05569], [-86.48396, 12.05553], [-86.48416, 12.05619], [-86.48312, 12.05649], [-86.48327, 12.05698], [-86.4828, 12.05712], [-86.48305, 12.05741], [-86.48532, 12.05675], [-86.48559, 12.05763], [-86.48684, 12.05727], [-86.48697, 12.05771], [-86.48549, 12.05814], [-86.48538, 12.05778], [-86.48486, 12.05793], [-86.48507, 12.05864], [-86.48455, 12.05879], [-86.48433, 12.05808], [-86.48367, 12.05864], [-86.48339, 12.05831], [-86.48244, 12.05722], [-86.48088, 12.05543], [-86.48038, 12.05558], [-86.48075, 12.0568], [-86.48112, 12.05669], [-86.48139, 12.05756], [-86.48042, 12.05784], [-86.48015, 12.05697], [-86.48043, 12.05689], [-86.47993, 12.05525], [-86.48057, 12.05507], [-86.47988, 12.05427], [-86.47969, 12.05366], [-86.47811, 12.05412], [-86.47857, 12.05565], [-86.47912, 12.05548], [-86.4792, 12.05573], [-86.47864, 12.05589], [-86.47816, 12.05604], [-86.47787, 12.05507], [-86.47759, 12.05515], [-86.47666, 12.05542], [-86.47674, 12.05568], [-86.47648, 12.05575], [-86.4764, 12.05549], [-86.476, 12.05561], [-86.4762, 12.05627], [-86.47686, 12.05608], [-86.47707, 12.05677], [-86.47619, 12.05703], [-86.47626, 12.05725], [-86.47582, 12.05738], [-86.47535, 12.0558], [-86.47352, 12.05632], [-86.47338, 12.05584], [-86.47199, 12.05624], [-86.47176, 12.05548], [-86.47051, 12.05584], [-86.47074, 12.0566], [-86.46985, 12.05686], [-86.46962, 12.0561], [-86.46686, 12.05803], [-86.46744, 12.05995], [-86.46663, 12.06019], [-86.46624, 12.0589], [-86.46474, 12.05933], [-86.46493, 12.05996], [-86.46399, 12.06023], [-86.46374, 12.05942], [-86.46468, 12.05915], [-86.46455, 12.05869], [-86.46483, 12.05861], [-86.46471, 12.05823], [-86.46593, 12.05788], [-86.46605, 12.05826], [-86.46694, 12.05764], [-86.46678, 12.05742], [-86.46736, 12.05702], [-86.46712, 12.0567], [-86.46789, 12.05616], [-86.46813, 12.05648], [-86.46843, 12.05627], [-86.4682, 12.05552], [-86.46866, 12.05539], [-86.46889, 12.05615], [-86.46948, 12.05597], [-86.46951, 12.05595], [-86.46952, 12.05596], [-86.46979, 12.05588], [-86.46956, 12.05513], [-86.47024, 12.05493], [-86.47047, 12.05569], [-86.47101, 12.05553], [-86.47078, 12.05477], [-86.47211, 12.05439], [-86.47177, 12.05328], [-86.47254, 12.05306], [-86.4728, 12.05393], [-86.47352, 12.05372], [-86.4736, 12.05397], [-86.47288, 12.05418], [-86.47315, 12.05508], [-86.47387, 12.05487], [-86.47403, 12.05542], [-86.47432, 12.05534], [-86.47438, 12.05555], [-86.47744, 12.05466], [-86.47722, 12.05395], [-86.47958, 12.05327], [-86.4794, 12.05268], [-86.47976, 12.05258], [-86.47993, 12.05317], [-86.48032, 12.05306], [-86.48014, 12.05247], [-86.48068, 12.05231], [-86.48086, 12.0529], [-86.48113, 12.05282], [-86.48095, 12.05223], [-86.48138, 12.05211], [-86.48156, 12.0527], [-86.48329, 12.0522], [-86.48287, 12.04715], [-86.48342, 12.04711], [-86.48369, 12.05025], [-86.48431, 12.0502], [-86.48437, 12.05086], [-86.48374, 12.05091], [-86.48384, 12.05204], [-86.48655, 12.05126], [-86.48631, 12.04839], [-86.48567, 12.04844], [-86.48549, 12.0464], [-86.48686, 12.04629], [-86.4869, 12.04678], [-86.48637, 12.04682], [-86.48646, 12.0479], [-86.48699, 12.04786], [-86.48703, 12.04833], [-86.4865, 12.04837], [-86.4866, 12.04946], [-86.48885, 12.04881], [-86.48882, 12.04869], [-86.48995, 12.04836], [-86.49005, 12.04871], [-86.49094, 12.04845], [-86.4911, 12.049], [-86.49058, 12.04915], [-86.49044, 12.04866], [-86.4875, 12.04951], [-86.48763, 12.04993], [-86.48739, 12.05]]], [[[-86.317, 12.05747], [-86.31666, 12.05678], [-86.31663, 12.05666], [-86.3166, 12.05654], [-86.31596, 12.05417], [-86.3153, 12.05174], [-86.31483, 12.05027], [-86.31475, 12.05013], [-86.31383, 12.04899], [-86.31279, 12.04788], [-86.31193, 12.04664], [-86.31128, 12.04502], [-86.31029, 12.04516], [-86.30914, 12.04584], [-86.30918, 12.04664], [-86.30926, 12.04726], [-86.30883, 12.04738], [-86.30908, 12.04829], [-86.30982, 12.04827], [-86.30974, 12.04883], [-86.30901, 12.04872], [-86.30884, 12.04956], [-86.30959, 12.04964], [-86.3095, 12.05091], [-86.30972, 12.05094], [-86.31015, 12.05162], [-86.31113, 12.05271], [-86.31061, 12.05483], [-86.31085, 12.05622], [-86.31041, 12.0575], [-86.3106, 12.05831], [-86.31248, 12.05994], [-86.31422, 12.05895], [-86.31459, 12.05807], [-86.31525, 12.05829], [-86.31465, 12.05982], [-86.31642, 12.05921], [-86.31653, 12.05957], [-86.31616, 12.05969], [-86.31626, 12.06], [-86.31725, 12.05967], [-86.31732, 12.05994], [-86.31801, 12.05968], [-86.31785, 12.05933], [-86.31806, 12.05928], [-86.31787, 12.05816], [-86.31871, 12.05811], [-86.31863, 12.05771], [-86.31777, 12.05773], [-86.31747, 12.05734], [-86.317, 12.05747]]], [[[-86.317, 12.05747], [-86.31666, 12.05678], [-86.31663, 12.05666], [-86.3166, 12.05654], [-86.31596, 12.05417], [-86.3153, 12.05174], [-86.31483, 12.05027], [-86.31475, 12.05013], [-86.31383, 12.04899], [-86.31279, 12.04788], [-86.31193, 12.04664], [-86.31128, 12.04502], [-86.31029, 12.04516], [-86.30914, 12.04584], [-86.30918, 12.04664], [-86.30926, 12.04726], [-86.30883, 12.04738], [-86.30908, 12.04829], [-86.30982, 12.04827], [-86.30974, 12.04883], [-86.30901, 12.04872], [-86.30884, 12.04956], [-86.30959, 12.04964], [-86.3095, 12.05091], [-86.30972, 12.05094], [-86.31015, 12.05162], [-86.31113, 12.05271], [-86.31061, 12.05483], [-86.31085, 12.05622], [-86.31041, 12.0575], [-86.3106, 12.05831], [-86.31248, 12.05994], [-86.31422, 12.05895], [-86.31459, 12.05807], [-86.31525, 12.05829], [-86.31465, 12.05982], [-86.31642, 12.05921], [-86.31653, 12.05957], [-86.31616, 12.05969], [-86.31626, 12.06], [-86.31725, 12.05967], [-86.31732, 12.05994], [-86.31801, 12.05968], [-86.31785, 12.05933], [-86.31806, 12.05928], [-86.31787, 12.05816], [-86.31871, 12.05811], [-86.31863, 12.05771], [-86.31777, 12.05773], [-86.31747, 12.05734], [-86.317, 12.05747]]]]}}, {"type": "Feature", "properties": {"nombre": "El Cañón", "tipo": "residencial"}, "geometry": {"type": "MultiPolygon", "coordinates": [[[[-86.31776, 12.05365], [-86.3177, 12.0533], [-86.31687, 12.05344], [-86.31672, 12.0526], [-86.31755, 12.05246], [-86.31744, 12.05184], [-86.31661, 12.05198], [-86.3164, 12.05079], [-86.31678, 12.05072], [-86.31698, 12.05181], [-86.31742, 12.05173], [-86.31723, 12.05065], [-86.31768, 12.05057], [-86.31787, 12.05166], [-86.31818, 12.0516], [-86.31759, 12.04831], [-86.31923, 12.04615], [-86.31962, 12.04644], [-86.31993, 12.04603], [-86.31954, 12.04574], [-86.32037, 12.04464], [-86.32114, 12.0452], [-86.31982, 12.04695], [-86.31944, 12.04668], [-86.31799, 12.0486], [-86.31806, 12.04902], [-86.31853, 12.04894], [-86.31901, 12.05161], [-86.31854, 12.05169], [-86.31875, 12.05288], [-86.31842, 12.05294], [-86.31868, 12.05441], [-86.31792, 12.05454], [-86.31809, 12.0555], [-86.31647, 12.05578], [-86.3156, 12.05256], [-86.31591, 12.05248], [-86.3163, 12.0539], [-86.31776, 12.05365]]], [[[-86.31776, 12.05365], [-86.3177, 12.0533], [-86.31687, 12.05344], [-86.31672, 12.0526], [-86.31755, 12.05246], [-86.31744, 12.05184], [-86.31661, 12.05198], [-86.3164, 12.05079], [-86.31678, 12.05072], [-86.31698, 12.05181], [-86.31742, 12.05173], [-86.31723, 12.05065], [-86.31768, 12.05057], [-86.31787, 12.05166], [-86.31818, 12.0516], [-86.31759, 12.04831], [-86.31923, 12.04615], [-86.31962, 12.04644], [-86.31993, 12.04603], [-86.31954, 12.04574], [-86.32037, 12.04464], [-86.32114, 12.0452], [-86.31982, 12.04695], [-86.31944, 12.04668], [-86.31799, 12.0486], [-86.31806, 12.04902], [-86.31853, 12.04894], [-86.31901, 12.05161], [-86.31854, 12.05169], [-86.31875, 12.05288], [-86.31842, 12.05294], [-86.31868, 12.05441], [-86.31792, 12.05454], [-86.31809, 12.0555], [-86.31647, 12.05578], [-86.3156, 12.05256], [-86.31591, 12.05248], [-86.3163, 12.0539], [-86.31776, 12.05365]]]]}}, {"type": "Feature", "properties": {"nombre": "Monte Tabor", "tipo": "residencial"}, "geometry": {"type": "MultiPolygon", "coordinates": [[[[-86.31422, 12.06043], [-86.31394, 12.06284], [-86.31468, 12.06509], [-86.3149, 12.06543], [-86.31596, 12.06602], [-86.31549, 12.0667], [-86.31475, 12.06696], [-86.31528, 12.06843], [-86.31592, 12.06994], [-86.3165, 12.07148], [-86.31711, 12.07122], [-86.31717, 12.07063], [-86.31708, 12.07019], [-86.31741, 12.06939], [-86.31809, 12.06922], [-86.31899, 12.06858], [-86.31954, 12.0691], [-86.32019, 12.06955], [-86.31935, 12.07051], [-86.31797, 12.07157], [-86.31842, 12.07258], [-86.31933, 12.07206], [-86.32059, 12.07132], [-86.32152, 12.07043], [-86.32214, 12.07127], [-86.32272, 12.07197], [-86.32181, 12.07244], [-86.32086, 12.0726], [-86.31959, 12.07278], [-86.31972, 12.07319], [-86.32041, 12.0732], [-86.32069, 12.07317], [-86.32097, 12.07312], [-86.32139, 12.07298], [-86.32148, 12.07295], [-86.32188, 12.07283], [-86.32238, 12.0727], [-86.323, 12.0726], [-86.32324, 12.07253], [-86.32325, 12.07254], [-86.32349, 12.07283], [-86.32358, 12.07302], [-86.3237, 12.07334], [-86.32376, 12.07347], [-86.32389, 12.07378], [-86.32401, 12.07384], [-86.32401, 12.07364], [-86.32403, 12.07282], [-86.32404, 12.07211], [-86.32515, 12.07198], [-86.32664, 12.07114], [-86.32682, 12.07092], [-86.32697, 12.07028], [-86.3279, 12.07038], [-86.32792, 12.0708], [-86.32818, 12.07063], [-86.32739, 12.0698], [-86.32682, 12.06927], [-86.32658, 12.06845], [-86.32653, 12.06815], [-86.32825, 12.06759], [-86.32779, 12.0664], [-86.32834, 12.06586], [-86.32779, 12.06474], [-86.32771, 12.06469], [-86.32717, 12.06507], [-86.32686, 12.06491], [-86.32701, 12.06395], [-86.3271, 12.06341], [-86.32668, 12.06299], [-86.32634, 12.06344], [-86.32624, 12.06411], [-86.32589, 12.06437], [-86.32429, 12.06481], [-86.32424, 12.06537], [-86.32264, 12.06512], [-86.32167, 12.06442], [-86.321, 12.06367], [-86.32, 12.06253], [-86.31976, 12.06229], [-86.32045, 12.06199], [-86.32002, 12.06099], [-86.31931, 12.06017], [-86.31829, 12.05999], [-86.31819, 12.0597], [-86.3178, 12.05984], [-86.31843, 12.06123], [-86.31767, 12.06149], [-86.31684, 12.0617], [-86.31634, 12.06143], [-86.31618, 12.06067], [-86.31584, 12.06034], [-86.31458, 12.06018], [-86.31422, 12.06043]]], [[[-86.31422, 12.06043], [-86.31394, 12.06284], [-86.31468, 12.06509], [-86.3149, 12.06543], [-86.31596, 12.06602], [-86.31549, 12.0667], [-86.31475, 12.06696], [-86.31528, 12.06843], [-86.31592, 12.06994], [-86.3165, 12.07148], [-86.31711, 12.07122], [-86.31717, 12.07063], [-86.31708, 12.07019], [-86.31741, 12.06939], [-86.31809, 12.06922], [-86.31899, 12.06858], [-86.31954, 12.0691], [-86.32019, 12.06955], [-86.31935, 12.07051], [-86.31797, 12.07157], [-86.31842, 12.07258], [-86.31933, 12.07206], [-86.32059, 12.07132], [-86.32152, 12.07043], [-86.32214, 12.07127], [-86.32272, 12.07197], [-86.32181, 12.07244], [-86.32086, 12.0726], [-86.31959, 12.07278], [-86.31972, 12.07319], [-86.32041, 12.0732], [-86.32069, 12.07317], [-86.32097, 12.07312], [-86.32139, 12.07298], [-86.32148, 12.07295], [-86.32188, 12.07283], [-86.32238, 12.0727], [-86.323, 12.0726], [-86.32324, 12.07253], [-86.32325, 12.07254], [-86.32349, 12.07283], [-86.32358, 12.07302], [-86.3237, 12.07334], [-86.32376, 12.07347], [-86.32389, 12.07378], [-86.32401, 12.07384], [-86.32401, 12.07364], [-86.32403, 12.07282], [-86.32404, 12.07211], [-86.32515, 12.07198], [-86.32664, 12.07114], [-86.32682, 12.07092], [-86.32697, 12.07028], [-86.3279, 12.07038], [-86.32792, 12.0708], [-86.32818, 12.07063], [-86.32739, 12.0698], [-86.32682, 12.06927], [-86.32658, 12.06845], [-86.32653, 12.06815], [-86.32825, 12.06759], [-86.32779, 12.0664], [-86.32834, 12.06586], [-86.32779, 12.06474], [-86.32771, 12.06469], [-86.32717, 12.06507], [-86.32686, 12.06491], [-86.32701, 12.06395], [-86.3271, 12.06341], [-86.32668, 12.06299], [-86.32634, 12.06344], [-86.32624, 12.06411], [-86.32589, 12.06437], [-86.32429, 12.06481], [-86.32424, 12.06537], [-86.32264, 12.06512], [-86.32167, 12.06442], [-86.321, 12.06367], [-86.32, 12.06253], [-86.31976, 12.06229], [-86.32045, 12.06199], [-86.32002, 12.06099], [-86.31931, 12.06017], [-86.31829, 12.05999], [-86.31819, 12.0597], [-86.3178, 12.05984], [-86.31843, 12.06123], [-86.31767, 12.06149], [-86.31684, 12.0617], [-86.31634, 12.06143], [-86.31618, 12.06067], [-86.31584, 12.06034], [-86.31458, 12.06018], [-86.31422, 12.06043]]]]}}, {"type": "Feature", "properties": {"nombre": "Los Ortiz", "tipo": "residencial"}, "geometry": {"type": "Polygon", "coordinates": [[[-86.3301, 12.05404], [-86.33024, 12.05454], [-86.32957, 12.05471], [-86.32975, 12.05537], [-86.33028, 12.0556], [-86.33062, 12.05485], [-86.33118, 12.05509], [-86.33073, 12.05607], [-86.33017, 12.05583], [-86.32908, 12.05823], [-86.32964, 12.05847], [-86.32884, 12.06024], [-86.32951, 12.06053], [-86.32926, 12.06108], [-86.32906, 12.06099], [-86.32878, 12.06162], [-86.32831, 12.06141], [-86.32859, 12.06079], [-86.3284, 12.06071], [-86.32891, 12.05958], [-86.32854, 12.05942], [-86.32897, 12.05848], [-86.32863, 12.05833], [-86.32874, 12.05808], [-86.32836, 12.05791], [-86.32731, 12.06023], [-86.32784, 12.06046], [-86.32779, 12.06058], [-86.32756, 12.06109], [-86.32678, 12.06075], [-86.32829, 12.05743], [-86.32853, 12.05753], [-86.32887, 12.05679], [-86.32925, 12.05695], [-86.32983, 12.05568], [-86.32945, 12.05551], [-86.32912, 12.05429], [-86.3301, 12.05404]]]}}, {"type": "Feature", "properties": {"nombre": "Guanacastillo", "tipo": "residencial"}, "geometry": {"type": "Polygon", "coordinates": [[[-86.10206, 12.07154], [-86.10235, 12.07047], [-86.10083, 12.07021], [-86.10095, 12.06952], [-86.10166, 12.06964], [-86.10179, 12.06886], [-86.1028, 12.06879], [-86.1045, 12.06923], [-86.10438, 12.06969], [-86.10532, 12.06994], [-86.10519, 12.07039], [-86.10426, 12.07014], [-86.1041, 12.07072], [-86.10504, 12.07096], [-86.10489, 12.07153], [-86.10367, 12.07122], [-86.10382, 12.07065], [-86.10291, 12.07041], [-86.1027, 12.07118], [-86.10358, 12.07141], [-86.1034, 12.07207], [-86.10222, 12.07176], [-86.10195, 12.07275], [-86.10288, 12.07299], [-86.10304, 12.07253], [-86.10411, 12.0729], [-86.10426, 12.07248], [-86.10441, 12.07204], [-86.10957, 12.07379], [-86.10942, 12.07422], [-86.10718, 12.07347], [-86.10681, 12.07451], [-86.10515, 12.07395], [-86.10505, 12.07422], [-86.10478, 12.07413], [-86.10487, 12.07385], [-86.10366, 12.07344], [-86.10323, 12.07503], [-86.10432, 12.0754], [-86.1041, 12.07603], [-86.10214, 12.07536], [-86.10232, 12.07486], [-86.10144, 12.07463], [-86.1013, 12.07515], [-86.10202, 12.07533], [-86.10176, 12.07631], [-86.10376, 12.07682], [-86.10346, 12.07797], [-86.10145, 12.07745], [-86.10132, 12.07793], [-86.10263, 12.07827], [-86.10236, 12.07925], [-86.10106, 12.07891], [-86.10093, 12.07937], [-86.10198, 12.07964], [-86.10193, 12.07985], [-86.10174, 12.08054], [-86.10134, 12.08043], [-86.10152, 12.07975], [-86.10016, 12.0794], [-86.09999, 12.08004], [-86.10073, 12.08023], [-86.1004, 12.08148], [-86.10004, 12.08138], [-86.09983, 12.08216], [-86.09944, 12.08206], [-86.09929, 12.08263], [-86.10013, 12.08285], [-86.0999, 12.08372], [-86.10033, 12.08383], [-86.10022, 12.08423], [-86.10107, 12.08445], [-86.10085, 12.08529], [-86.09956, 12.08496], [-86.0994, 12.08558], [-86.09991, 12.08571], [-86.09962, 12.0868], [-86.0991, 12.08666], [-86.09887, 12.08754], [-86.09802, 12.08732], [-86.09736, 12.08977], [-86.09642, 12.08953], [-86.09651, 12.08919], [-86.09691, 12.0893], [-86.09793, 12.08549], [-86.09827, 12.08558], [-86.09844, 12.08496], [-86.09857, 12.08447], [-86.09823, 12.08438], [-86.09851, 12.08336], [-86.09884, 12.08345], [-86.09923, 12.08201], [-86.0995, 12.08102], [-86.09799, 12.08064], [-86.09827, 12.0796], [-86.09929, 12.07986], [-86.09947, 12.07916], [-86.09997, 12.07929], [-86.10015, 12.07861], [-86.09776, 12.07821], [-86.09785, 12.07768], [-86.09867, 12.07782], [-86.09879, 12.07712], [-86.10047, 12.07741], [-86.10109, 12.07514], [-86.10017, 12.0749], [-86.10025, 12.07461], [-86.10116, 12.07485], [-86.1013, 12.07434], [-86.09879, 12.07392], [-86.09891, 12.07321], [-86.1009, 12.07355], [-86.10105, 12.07274], [-86.10016, 12.07259], [-86.10032, 12.0717], [-86.0996, 12.07157], [-86.09967, 12.07114], [-86.10206, 12.07154]]]}}, {"type": "Feature", "properties": {"nombre": "La Menuda", "tipo": "residencial"}, "geometry": {"type": "MultiPolygon", "coordinates": [[[[-86.15745, 12.03407], [-86.15752, 12.03534], [-86.15753, 12.03558], [-86.15699, 12.0356], [-86.15702, 12.03636], [-86.15659, 12.03638], [-86.15656, 12.03562], [-86.15601, 12.03565], [-86.15604, 12.03641], [-86.15554, 12.03643], [-86.1555, 12.03567], [-86.15549, 12.03543], [-86.15655, 12.03539], [-86.15646, 12.03356], [-86.15743, 12.03352], [-86.15875, 12.03345], [-86.15878, 12.03401], [-86.15745, 12.03407]]], [[[-86.15871, 12.0378], [-86.16001, 12.03783], [-86.16033, 12.03872], [-86.15947, 12.04088], [-86.15863, 12.04133], [-86.15854, 12.04215], [-86.15899, 12.04228], [-86.15857, 12.04363], [-86.15896, 12.04382], [-86.15899, 12.04397], [-86.15852, 12.04414], [-86.15848, 12.04445], [-86.15804, 12.0445], [-86.15791, 12.04502], [-86.15871, 12.04493], [-86.15865, 12.04543], [-86.15792, 12.04558], [-86.15762, 12.04752], [-86.15796, 12.04901], [-86.15845, 12.04888], [-86.15871, 12.04978], [-86.15936, 12.04962], [-86.15941, 12.0515], [-86.16125, 12.05118], [-86.16136, 12.05178], [-86.16234, 12.05171], [-86.16263, 12.05248], [-86.16187, 12.05258], [-86.16212, 12.05324], [-86.16167, 12.05327], [-86.16186, 12.05379], [-86.16254, 12.05376], [-86.16256, 12.05394], [-86.16132, 12.05416], [-86.16136, 12.05441], [-86.16036, 12.0546], [-86.15902, 12.05483], [-86.15825, 12.05343], [-86.15888, 12.05266], [-86.15838, 12.05125], [-86.15782, 12.05139], [-86.15784, 12.05154], [-86.15744, 12.05173], [-86.15755, 12.05197], [-86.15718, 12.05213], [-86.15649, 12.05149], [-86.15518, 12.05182], [-86.15511, 12.05134], [-86.15713, 12.05133], [-86.15782, 12.05115], [-86.15786, 12.05081], [-86.1574, 12.05078], [-86.15739, 12.0504], [-86.15698, 12.05035], [-86.15704, 12.0494], [-86.1574, 12.0494], [-86.15739, 12.04904], [-86.15663, 12.04902], [-86.15666, 12.04839], [-86.15597, 12.04835], [-86.15593, 12.04789], [-86.15612, 12.04787], [-86.15607, 12.0468], [-86.15475, 12.04694], [-86.15478, 12.04858], [-86.15452, 12.04857], [-86.1544, 12.04974], [-86.15314, 12.04972], [-86.15329, 12.04784], [-86.15436, 12.0478], [-86.15437, 12.04727], [-86.15277, 12.04745], [-86.15232, 12.04517], [-86.1526, 12.04513], [-86.15328, 12.0459], [-86.15402, 12.04573], [-86.15491, 12.0455], [-86.15438, 12.04261], [-86.15583, 12.04231], [-86.15592, 12.04266], [-86.15783, 12.04215], [-86.15792, 12.04147], [-86.15748, 12.04146], [-86.15747, 12.04009], [-86.15515, 12.04007], [-86.15523, 12.03951], [-86.15654, 12.03955], [-86.15662, 12.03915], [-86.15601, 12.03914], [-86.15621, 12.03784], [-86.15534, 12.03778], [-86.15547, 12.0371], [-86.15677, 12.03719], [-86.1567, 12.03822], [-86.1574, 12.03823], [-86.15747, 12.03762], [-86.15711, 12.03685], [-86.15825, 12.03669], [-86.15871, 12.0378]]]]}}, {"type": "Feature", "properties": {"nombre": "Campuzano", "tipo": "residencial"}, "geometry": {"type": "MultiPolygon", "coordinates": [[[[-86.13853, 12.05794], [-86.13884, 12.05811], [-86.13845, 12.05882], [-86.13814, 12.05866], [-86.13753, 12.05976], [-86.13709, 12.05952], [-86.13729, 12.05915], [-86.13669, 12.05884], [-86.13687, 12.05852], [-86.13756, 12.05866], [-86.13769, 12.05842], [-86.13685, 12.05741], [-86.137, 12.05714], [-86.13808, 12.05771], [-86.13848, 12.05698], [-86.13893, 12.05722], [-86.13853, 12.05794]]], [[[-86.13452, 12.04839], [-86.13556, 12.04826], [-86.13601, 12.04936], [-86.13442, 12.04999], [-86.13479, 12.05088], [-86.13542, 12.05063], [-86.13663, 12.05213], [-86.13548, 12.05258], [-86.13587, 12.05352], [-86.13694, 12.05352], [-86.13695, 12.05422], [-86.13616, 12.05422], [-86.13626, 12.05448], [-86.13747, 12.05447], [-86.13726, 12.05397], [-86.13772, 12.05379], [-86.13807, 12.05464], [-86.13878, 12.05512], [-86.13918, 12.05496], [-86.13939, 12.05549], [-86.13809, 12.05599], [-86.13833, 12.05657], [-86.13787, 12.05675], [-86.1375, 12.05585], [-86.13796, 12.05567], [-86.13771, 12.05506], [-86.1365, 12.05507], [-86.13679, 12.05576], [-86.13637, 12.05593], [-86.13653, 12.05632], [-86.13605, 12.05651], [-86.13572, 12.05571], [-86.13621, 12.05552], [-86.13568, 12.05423], [-86.135, 12.05423], [-86.135, 12.05398], [-86.13426, 12.05398], [-86.13426, 12.05353], [-86.13483, 12.05353], [-86.13434, 12.05233], [-86.13482, 12.05214], [-86.13313, 12.04802], [-86.13355, 12.04786], [-86.13387, 12.04865], [-86.13436, 12.04846], [-86.13448, 12.04874], [-86.13399, 12.04894], [-86.13412, 12.04924], [-86.1346, 12.04905], [-86.13472, 12.04933], [-86.13488, 12.04927], [-86.13464, 12.04868], [-86.13452, 12.04839]]]]}}, {"type": "Feature", "properties": {"nombre": "Las Dispersas", "tipo": "residencial"}, "geometry": {"type": "Polygon", "coordinates": [[[-86.25778, 12.01999], [-86.25626, 12.02013], [-86.25625, 12.02063], [-86.25536, 12.02055], [-86.25494, 12.02114], [-86.25271, 12.02177], [-86.25178, 12.02277], [-86.2513, 12.02423], [-86.25007, 12.02493], [-86.24995, 12.02634], [-86.25015, 12.02635], [-86.25058, 12.02496], [-86.2518, 12.0244], [-86.25218, 12.02488], [-86.25236, 12.02478], [-86.25183, 12.02361], [-86.25206, 12.02294], [-86.25298, 12.02253], [-86.25357, 12.02179], [-86.2547, 12.02153], [-86.25782, 12.02029], [-86.25778, 12.01999]]]}}, {"type": "Feature", "properties": {"nombre": "Santa Emilia", "tipo": "residencial"}, "geometry": {"type": "Polygon", "coordinates": [[[-86.20053, 12.00732], [-86.20171, 12.00719], [-86.20172, 12.00733], [-86.20176, 12.00769], [-86.20127, 12.00774], [-86.20123, 12.00738], [-86.20054, 12.00746], [-86.20018, 12.0075], [-86.20014, 12.00718], [-86.19862, 12.00734], [-86.19858, 12.00697], [-86.19978, 12.00684], [-86.19968, 12.00591], [-86.19998, 12.00588], [-86.19986, 12.00482], [-86.20024, 12.00478], [-86.20069, 12.00473], [-86.20077, 12.00536], [-86.20031, 12.00541], [-86.2005, 12.00714], [-86.20053, 12.00732]]]}}, {"type": "Feature", "properties": {"nombre": "Denis Larrios", "tipo": "residencial"}, "geometry": {"type": "Polygon", "coordinates": [[[-86.19267, 12.01406], [-86.19267, 12.01391], [-86.19219, 12.01394], [-86.19217, 12.01345], [-86.19269, 12.01343], [-86.19275, 12.01445], [-86.19383, 12.01439], [-86.19387, 12.01521], [-86.19628, 12.01509], [-86.19623, 12.01414], [-86.19713, 12.0141], [-86.19718, 12.01504], [-86.19782, 12.01501], [-86.19786, 12.0157], [-86.19721, 12.01573], [-86.19725, 12.01652], [-86.19507, 12.01663], [-86.19504, 12.01616], [-86.19373, 12.01623], [-86.1934, 12.01625], [-86.19342, 12.01654], [-86.19328, 12.01655], [-86.19327, 12.01626], [-86.19299, 12.01627], [-86.193, 12.01656], [-86.19272, 12.01658], [-86.1927, 12.01629], [-86.19226, 12.01631], [-86.19224, 12.01596], [-86.19183, 12.01598], [-86.19177, 12.01485], [-86.19271, 12.01481], [-86.19271, 12.01463], [-86.19196, 12.01467], [-86.19195, 12.01449], [-86.1927, 12.01445], [-86.19269, 12.01431], [-86.19246, 12.01432], [-86.19194, 12.01434], [-86.19193, 12.01421], [-86.19245, 12.01418], [-86.19245, 12.01407], [-86.19267, 12.01406]]]}}, {"type": "Feature", "properties": {"nombre": "El Portillo", "tipo": "residencial"}, "geometry": {"type": "MultiPolygon", "coordinates": [[[[-86.13998, 12.07769], [-86.13906, 12.07755], [-86.13932, 12.0767], [-86.13834, 12.07643], [-86.13832, 12.07622], [-86.13956, 12.07658], [-86.13967, 12.07629], [-86.13831, 12.076], [-86.13829, 12.07553], [-86.13866, 12.07563], [-86.13864, 12.07504], [-86.13906, 12.07499], [-86.13902, 12.07473], [-86.13803, 12.0748], [-86.13824, 12.07792], [-86.13985, 12.07783], [-86.13944, 12.07998], [-86.13853, 12.07992], [-86.13859, 12.08094], [-86.13893, 12.08092], [-86.13909, 12.08015], [-86.14097, 12.07994], [-86.1411, 12.07894], [-86.1416, 12.07889], [-86.1416, 12.07851], [-86.14215, 12.07848], [-86.14221, 12.07772], [-86.14144, 12.07775], [-86.14143, 12.07879], [-86.1411, 12.07882], [-86.14111, 12.07817], [-86.14016, 12.07819], [-86.14008, 12.07889], [-86.13978, 12.07892], [-86.13998, 12.07769]]], [[[-86.14003, 12.07058], [-86.1385, 12.07036], [-86.13768, 12.07144], [-86.13851, 12.07156], [-86.13818, 12.07328], [-86.13905, 12.07339], [-86.13907, 12.07189], [-86.14049, 12.07186], [-86.1405, 12.07156], [-86.13987, 12.07156], [-86.14003, 12.07058]]]]}}, {"type": "Feature", "properties": {"nombre": "San José", "tipo": "residencial"}, "geometry": {"type": "MultiPolygon", "coordinates": [[[[-86.12, 12.07417], [-86.12044, 12.07426], [-86.12026, 12.07507], [-86.12044, 12.07585], [-86.12015, 12.07591], [-86.12006, 12.07553], [-86.11897, 12.0753], [-86.11925, 12.07401], [-86.11981, 12.07413], [-86.11991, 12.07365], [-86.1213, 12.07394], [-86.12122, 12.0743], [-86.12003, 12.07405], [-86.12, 12.07417]]], [[[-86.28071, 12.15312], [-86.28159, 12.15311], [-86.28253, 12.15311], [-86.28071, 12.15312], [-86.28066, 12.15382], [-86.2806, 12.15467], [-86.28205, 12.15476], [-86.2814, 12.15473], [-86.28098, 12.1547], [-86.2806, 12.15467], [-86.28235, 12.15478], [-86.28205, 12.15476], [-86.28238, 12.15447], [-86.28235, 12.15478], [-86.28252, 12.1532], [-86.28249, 12.15351], [-86.28244, 12.15395], [-86.28238, 12.15447], [-86.28252, 12.1532], [-86.28253, 12.15311], [-86.28071, 12.15312]]]]}}, {"type": "Feature", "properties": {"nombre": "San Joaquín", "tipo": "residencial"}, "geometry": {"type": "MultiPolygon", "coordinates": [[[[-86.1165, 12.08529], [-86.1165, 12.08633], [-86.11585, 12.08635], [-86.11585, 12.08664], [-86.11628, 12.08667], [-86.11619, 12.08702], [-86.11576, 12.08693], [-86.11521, 12.08834], [-86.11408, 12.08861], [-86.1141, 12.08875], [-86.11391, 12.08879], [-86.11387, 12.08866], [-86.11319, 12.08883], [-86.11326, 12.08901], [-86.11285, 12.08912], [-86.11321, 12.08836], [-86.11384, 12.08838], [-86.11384, 12.08854], [-86.11455, 12.08834], [-86.11455, 12.08728], [-86.11557, 12.0871], [-86.11569, 12.08679], [-86.11517, 12.08687], [-86.11519, 12.08665], [-86.11572, 12.08657], [-86.11572, 12.08633], [-86.11533, 12.08633], [-86.11533, 12.08612], [-86.1157, 12.08611], [-86.11571, 12.08567], [-86.11494, 12.0857], [-86.11485, 12.08535], [-86.11573, 12.08509], [-86.11532, 12.08362], [-86.11558, 12.08354], [-86.11594, 12.08477], [-86.11594, 12.08539], [-86.11631, 12.08529], [-86.1163, 12.08466], [-86.11648, 12.08462], [-86.1165, 12.08529]]], [[[-86.12129, 12.08248], [-86.1212, 12.08197], [-86.12054, 12.08208], [-86.12043, 12.08148], [-86.1211, 12.08137], [-86.12125, 12.08134], [-86.12192, 12.08511], [-86.12138, 12.0852], [-86.12151, 12.08591], [-86.12075, 12.08604], [-86.12072, 12.08587], [-86.1213, 12.08577], [-86.1212, 12.08523], [-86.12066, 12.08532], [-86.12019, 12.08266], [-86.12129, 12.08248]]]]}}, {"type": "Feature", "properties": {"nombre": "Los Reyes", "tipo": "residencial"}, "geometry": {"type": "Polygon", "coordinates": [[[-86.11406, 12.12966], [-86.11504, 12.12965], [-86.11499, 12.12907], [-86.11588, 12.12905], [-86.11599, 12.12833], [-86.11651, 12.12847], [-86.11646, 12.12902], [-86.11678, 12.12903], [-86.11679, 12.12963], [-86.11834, 12.12961], [-86.11824, 12.12762], [-86.11964, 12.12695], [-86.11941, 12.12638], [-86.1183, 12.12684], [-86.11843, 12.12725], [-86.11764, 12.12752], [-86.11733, 12.12682], [-86.11805, 12.1265], [-86.1178, 12.12601], [-86.11709, 12.12634], [-86.1166, 12.1253], [-86.11856, 12.12438], [-86.11789, 12.1231], [-86.116, 12.12407], [-86.11587, 12.12382], [-86.11557, 12.12396], [-86.1165, 12.12575], [-86.11632, 12.12584], [-86.11616, 12.12722], [-86.1146, 12.12758], [-86.11477, 12.12838], [-86.11591, 12.12819], [-86.11587, 12.12853], [-86.1152, 12.12861], [-86.11406, 12.12966]]]}}, {"type": "Feature", "properties": {"nombre": "Montes de Oro", "tipo": "residencial"}, "geometry": {"type": "Polygon", "coordinates": [[[-86.12426, 12.10917], [-86.12616, 12.10623], [-86.12676, 12.10652], [-86.12638, 12.10711], [-86.12916, 12.10682], [-86.12909, 12.10716], [-86.12816, 12.1073], [-86.12807, 12.10767], [-86.13056, 12.10844], [-86.13049, 12.10867], [-86.12549, 12.10743], [-86.12484, 12.10845], [-86.12881, 12.10932], [-86.12871, 12.10971], [-86.1275, 12.1095], [-86.1274, 12.10995], [-86.12478, 12.10953], [-86.12473, 12.10994], [-86.12555, 12.11], [-86.12553, 12.11025], [-86.12466, 12.11063], [-86.12419, 12.1106], [-86.12426, 12.10917]]]}}, {"type": "Feature", "properties": {"nombre": "El Payapal", "tipo": "residencial"}, "geometry": {"type": "Polygon", "coordinates": [[[-86.11396, 12.10567], [-86.11491, 12.10702], [-86.11442, 12.10735], [-86.11504, 12.10822], [-86.1147, 12.10845], [-86.11355, 12.10682], [-86.11368, 12.10673], [-86.11305, 12.10585], [-86.11391, 12.10526], [-86.11373, 12.10501], [-86.11399, 12.10484], [-86.11371, 12.10444], [-86.11392, 12.1043], [-86.1142, 12.10469], [-86.11457, 12.10445], [-86.11495, 12.105], [-86.11475, 12.10513], [-86.11491, 12.10536], [-86.11472, 12.10549], [-86.11456, 12.10526], [-86.11396, 12.10567]]]}}, {"type": "Feature", "properties": {"nombre": "Guanacastillo Nº 2", "tipo": "residencial"}, "geometry": {"type": "Polygon", "coordinates": [[[-86.09903, 12.10252], [-86.09896, 12.10206], [-86.09936, 12.102], [-86.09929, 12.10155], [-86.09974, 12.10148], [-86.09961, 12.10058], [-86.09998, 12.10052], [-86.10025, 12.10234], [-86.09988, 12.1024], [-86.09983, 12.1021], [-86.09938, 12.10216], [-86.09942, 12.10246], [-86.09903, 12.10252]]]}}, {"type": "Feature", "properties": {"nombre": "Residencial Los Cuarezma", "tipo": "residencial"}, "geometry": {"type": "Polygon", "coordinates": [[[-86.20417, 12.09135], [-86.20392, 12.09118], [-86.20448, 12.09054], [-86.20527, 12.091], [-86.20472, 12.09171], [-86.20443, 12.0915], [-86.20417, 12.09135]]]}}, {"type": "Feature", "properties": {"nombre": "Barrio Los Ortices", "tipo": "residencial"}, "geometry": {"type": "Polygon", "coordinates": [[[-86.19981, 12.00492], [-86.19752, 12.00467], [-86.19755, 12.00379], [-86.19839, 12.00391], [-86.19842, 12.00355], [-86.19959, 12.00367], [-86.19959, 12.00347], [-86.19818, 12.00323], [-86.19822, 12.00284], [-86.19783, 12.00281], [-86.19786, 12.00252], [-86.19824, 12.00257], [-86.19874, 12.00291], [-86.19913, 12.00303], [-86.19908, 12.00228], [-86.19815, 12.00206], [-86.19802, 12.00155], [-86.19783, 12.00155], [-86.19776, 12.00033], [-86.19796, 12.0003], [-86.19807, 12.00059], [-86.19849, 12.00149], [-86.19876, 12.00144], [-86.19844, 12.00052], [-86.19971, 12.00087], [-86.19987, 12.00149], [-86.20019, 12.00138], [-86.20025, 12.00157], [-86.20003, 12.00165], [-86.20016, 12.00204], [-86.20038, 12.00196], [-86.20047, 12.00224], [-86.20076, 12.00212], [-86.20094, 12.00255], [-86.20021, 12.00281], [-86.20009, 12.00249], [-86.19976, 12.00261], [-86.19983, 12.00314], [-86.20008, 12.00304], [-86.20023, 12.00333], [-86.19991, 12.00341], [-86.19997, 12.00357], [-86.20099, 12.00393], [-86.20101, 12.00416], [-86.20012, 12.00409], [-86.20014, 12.00473], [-86.19981, 12.00475], [-86.19981, 12.00492]]]}}, {"type": "Feature", "properties": {"nombre": "san luis sur", "tipo": "residencial"}, "geometry": {"type": "Polygon", "coordinates": [[[-86.24787, 12.15257], [-86.24807, 12.15244], [-86.24828, 12.15168], [-86.24842, 12.15155], [-86.24842, 12.15132], [-86.24848, 12.15132], [-86.24848, 12.15079], [-86.24907, 12.15082], [-86.24912, 12.14934], [-86.24932, 12.14854], [-86.25002, 12.14781], [-86.25048, 12.14704], [-86.25074, 12.14622], [-86.25069, 12.14563], [-86.25026, 12.14542], [-86.24807, 12.1462], [-86.24725, 12.14642], [-86.24603, 12.14639], [-86.24148, 12.14603], [-86.24134, 12.14876], [-86.24037, 12.14983], [-86.23967, 12.1505], [-86.23958, 12.15183], [-86.24198, 12.15199], [-86.24394, 12.15214], [-86.24407, 12.15215], [-86.24787, 12.15257]]]}}, {"type": "Feature", "properties": {"nombre": "Condominio Bello Monte", "tipo": "residencial"}, "geometry": {"type": "Polygon", "coordinates": [[[-86.19664, 12.04481], [-86.19618, 12.04473], [-86.19644, 12.04344], [-86.1969, 12.04353], [-86.19664, 12.04481]]]}}, {"type": "Feature", "properties": {"nombre": "Ciudad Campuzano", "tipo": "residencial"}, "geometry": {"type": "Polygon", "coordinates": [[[-86.13586, 12.05538], [-86.13533, 12.05552], [-86.13536, 12.05579], [-86.13465, 12.0559], [-86.13487, 12.05639], [-86.13385, 12.05648], [-86.13471, 12.05833], [-86.13243, 12.0588], [-86.13237, 12.05957], [-86.13153, 12.05969], [-86.13124, 12.05772], [-86.13018, 12.05736], [-86.12991, 12.0563], [-86.12815, 12.05615], [-86.12813, 12.05597], [-86.12888, 12.05595], [-86.12903, 12.0544], [-86.12943, 12.05378], [-86.13004, 12.05346], [-86.13102, 12.05363], [-86.13189, 12.05366], [-86.13293, 12.05424], [-86.1333, 12.05476], [-86.13355, 12.05572], [-86.13422, 12.05537], [-86.13572, 12.05495], [-86.13586, 12.05538]]]}}, {"type": "Feature", "properties": {"nombre": "sitio", "tipo": "residencial"}, "geometry": {"type": "Polygon", "coordinates": [[[-86.22478, 12.09519], [-86.22148, 12.09534], [-86.22105, 12.09788], [-86.22605, 12.09728], [-86.22478, 12.09519]]]}}, {"type": "Feature", "properties": {"nombre": "Anexo Las Brisas (Los Martínez)", "tipo": "barrio"}, "geometry": {"type": "Polygon", "coordinates": [[[-86.31847, 12.16027], [-86.31861, 12.15967], [-86.31774, 12.15944], [-86.317, 12.15959], [-86.31637, 12.1601], [-86.31538, 12.15993], [-86.316, 12.15925], [-86.31557, 12.15892], [-86.31515, 12.15931], [-86.31491, 12.15905], [-86.3148, 12.15857], [-86.3147, 12.15781], [-86.31738, 12.16037], [-86.31764, 12.16027], [-86.31785, 12.16018], [-86.31795, 12.16016], [-86.31806, 12.16016], [-86.31847, 12.16027], [-86.31663, 12.16055], [-86.3169, 12.16053], [-86.31704, 12.1605], [-86.31738, 12.16037], [-86.31644, 12.16054], [-86.31663, 12.16055], [-86.31531, 12.16145], [-86.31545, 12.16091], [-86.31594, 12.16059], [-86.31641, 12.16086], [-86.31644, 12.16054], [-86.31445, 12.16109], [-86.31463, 12.16113], [-86.315, 12.16132], [-86.31531, 12.16145], [-86.31217, 12.16023], [-86.31223, 12.1602], [-86.31227, 12.16021], [-86.31322, 12.1606], [-86.31363, 12.16076], [-86.31402, 12.16092], [-86.31445, 12.16109], [-86.30964, 12.15936], [-86.3101, 12.1595], [-86.31058, 12.15967], [-86.31207, 12.16022], [-86.31217, 12.16023], [-86.30971, 12.15911], [-86.30964, 12.15936], [-86.30971, 12.15911], [-86.30983, 12.15879], [-86.30988, 12.15862], [-86.3099, 12.1585], [-86.3099, 12.15841], [-86.30986, 12.15815], [-86.30977, 12.15787], [-86.30971, 12.15776], [-86.30962, 12.15767], [-86.30943, 12.15754], [-86.3094, 12.15751], [-86.30853, 12.15772], [-86.30917, 12.15757], [-86.3094, 12.15751], [-86.30827, 12.15775], [-86.30853, 12.15772], [-86.30815, 12.15733], [-86.30827, 12.15775], [-86.30781, 12.15602], [-86.30815, 12.15733], [-86.30781, 12.15602], [-86.31002, 12.1555], [-86.31005, 12.15529], [-86.31035, 12.15526], [-86.31035, 12.15526], [-86.31046, 12.15528], [-86.31073, 12.15527], [-86.31191, 12.1547], [-86.31194, 12.1551], [-86.31073, 12.15527], [-86.31191, 12.1547], [-86.31214, 12.15465], [-86.31214, 12.15465], [-86.31285, 12.15676], [-86.31233, 12.15677], [-86.31233, 12.15677], [-86.31235, 12.15739], [-86.3124, 12.1582], [-86.3124, 12.1582], [-86.3125, 12.15833], [-86.31351, 12.15791], [-86.31341, 12.15795], [-86.31296, 12.15814], [-86.3127, 12.15825], [-86.31253, 12.15832], [-86.3125, 12.15833], [-86.31351, 12.15791], [-86.31364, 12.15822], [-86.31364, 12.15822], [-86.3147, 12.15781], [-86.31847, 12.16027]]]}}, {"type": "Feature", "properties": {"nombre": "Anexo Linda Vista Norte", "tipo": "barrio"}, "geometry": {"type": "Polygon", "coordinates": [[[-86.30815, 12.15733], [-86.30827, 12.15775], [-86.30827, 12.15775], [-86.30835, 12.15839], [-86.30832, 12.15898], [-86.30589, 12.15913], [-86.30629, 12.15912], [-86.30741, 12.15904], [-86.30832, 12.15898], [-86.30588, 12.15887], [-86.30589, 12.15913], [-86.30588, 12.15887], [-86.30596, 12.15886], [-86.30752, 12.15877], [-86.30764, 12.15877], [-86.30762, 12.15851], [-86.30762, 12.15851], [-86.30775, 12.15847], [-86.30785, 12.15843], [-86.30794, 12.15836], [-86.308, 12.15827], [-86.30803, 12.15816], [-86.30804, 12.15804], [-86.30797, 12.15777], [-86.30793, 12.15762], [-86.30787, 12.1574], [-86.30787, 12.1574], [-86.30815, 12.15733]]]}}, {"type": "Feature", "properties": {"nombre": "Las Brisas", "tipo": "barrio"}, "geometry": {"type": "Polygon", "coordinates": [[[-86.31488, 12.15365], [-86.31455, 12.15351], [-86.31375, 12.15054], [-86.31488, 12.15365], [-86.31554, 12.15394], [-86.31554, 12.15394], [-86.31602, 12.15415], [-86.31618, 12.15446], [-86.31629, 12.1556], [-86.31621, 12.15581], [-86.31509, 12.15759], [-86.31517, 12.15748], [-86.31521, 12.15741], [-86.31534, 12.15706], [-86.31551, 12.15674], [-86.31558, 12.15661], [-86.31573, 12.15641], [-86.31584, 12.15626], [-86.31595, 12.15614], [-86.31621, 12.15581], [-86.3147, 12.15781], [-86.31499, 12.15767], [-86.31504, 12.15763], [-86.31509, 12.15759], [-86.31364, 12.15822], [-86.3147, 12.15781], [-86.31351, 12.15791], [-86.31364, 12.15822], [-86.31351, 12.15791], [-86.31341, 12.15795], [-86.31296, 12.15814], [-86.3127, 12.15825], [-86.31253, 12.15832], [-86.3125, 12.15833], [-86.3124, 12.1582], [-86.3125, 12.15833], [-86.31233, 12.15677], [-86.31235, 12.15739], [-86.3124, 12.1582], [-86.31214, 12.15465], [-86.31285, 12.15676], [-86.31233, 12.15677], [-86.31191, 12.1547], [-86.31214, 12.15465], [-86.31191, 12.1547], [-86.31194, 12.1551], [-86.31073, 12.15527], [-86.31035, 12.15526], [-86.31046, 12.15528], [-86.31073, 12.15527], [-86.30781, 12.15602], [-86.31002, 12.1555], [-86.31005, 12.15529], [-86.31035, 12.15526], [-86.30734, 12.15338], [-86.30704, 12.1535], [-86.30781, 12.15602], [-86.30734, 12.15338], [-86.30717, 12.15278], [-86.30717, 12.15278], [-86.307, 12.15221], [-86.30699, 12.15217], [-86.30782, 12.15196], [-86.30767, 12.152], [-86.30763, 12.15201], [-86.30713, 12.15213], [-86.30699, 12.15217], [-86.3109, 12.1512], [-86.31076, 12.15124], [-86.31052, 12.15129], [-86.31047, 12.15131], [-86.3095, 12.15155], [-86.30912, 12.15164], [-86.30908, 12.15165], [-86.30905, 12.15166], [-86.30899, 12.15167], [-86.30894, 12.15169], [-86.30842, 12.15181], [-86.30823, 12.15186], [-86.30814, 12.15188], [-86.30782, 12.15196], [-86.31109, 12.15116], [-86.3109, 12.1512], [-86.3135, 12.1506], [-86.31317, 12.15068], [-86.31298, 12.15072], [-86.31287, 12.15075], [-86.31223, 12.15089], [-86.31187, 12.15098], [-86.31154, 12.15105], [-86.31109, 12.15116], [-86.3135, 12.1506], [-86.3136, 12.15058], [-86.31375, 12.15054], [-86.31488, 12.15365]]]}}, {"type": "Feature", "properties": {"nombre": "Los Martínez Sector Oeste", "tipo": "barrio"}, "geometry": {"type": "Polygon", "coordinates": [[[-86.31509, 12.15759], [-86.31586, 12.15784], [-86.3162, 12.15772], [-86.31642, 12.15745], [-86.31644, 12.15667], [-86.31673, 12.15567], [-86.31654, 12.15438], [-86.31625, 12.15394], [-86.31568, 12.15367], [-86.31554, 12.15394], [-86.31554, 12.15394], [-86.31602, 12.15415], [-86.31618, 12.15446], [-86.31629, 12.1556], [-86.31621, 12.15581], [-86.31509, 12.15759], [-86.31517, 12.15748], [-86.31521, 12.15741], [-86.31534, 12.15706], [-86.31551, 12.15674], [-86.31558, 12.15661], [-86.31573, 12.15641], [-86.31584, 12.15626], [-86.31595, 12.15614], [-86.31621, 12.15581], [-86.31509, 12.15759]]]}}, {"type": "Feature", "properties": {"nombre": "Valle Dorado", "tipo": "barrio"}, "geometry": {"type": "Polygon", "coordinates": [[[-86.31694, 12.14971], [-86.31705, 12.15023], [-86.31615, 12.15218], [-86.31505, 12.15327], [-86.31488, 12.15365], [-86.31488, 12.15365], [-86.31455, 12.15351], [-86.31375, 12.15054], [-86.31375, 12.15054], [-86.31403, 12.15047], [-86.31436, 12.15039], [-86.31446, 12.15037], [-86.3149, 12.15025], [-86.3149, 12.15025], [-86.31586, 12.15001], [-86.3162, 12.14992], [-86.3162, 12.14992], [-86.31668, 12.14979], [-86.31694, 12.14971]]]}}, {"type": "Feature", "properties": {"nombre": "Linda Vista Norte", "tipo": "barrio"}, "geometry": {"type": "Polygon", "coordinates": [[[-86.30717, 12.15278], [-86.307, 12.15221], [-86.30699, 12.15217], [-86.30734, 12.15338], [-86.30717, 12.15278], [-86.30734, 12.15338], [-86.30704, 12.1535], [-86.30781, 12.15602], [-86.30781, 12.15602], [-86.30815, 12.15733], [-86.30787, 12.1574], [-86.30815, 12.15733], [-86.30762, 12.15851], [-86.30775, 12.15847], [-86.30785, 12.15843], [-86.30794, 12.15836], [-86.308, 12.15827], [-86.30803, 12.15816], [-86.30804, 12.15804], [-86.30797, 12.15777], [-86.30793, 12.15762], [-86.30787, 12.1574], [-86.30588, 12.15887], [-86.30596, 12.15886], [-86.30752, 12.15877], [-86.30764, 12.15877], [-86.30762, 12.15851], [-86.30588, 12.15887], [-86.30589, 12.15913], [-86.30589, 12.15913], [-86.30576, 12.15912], [-86.30563, 12.15911], [-86.3055, 12.15908], [-86.30539, 12.15903], [-86.30515, 12.15891], [-86.30479, 12.15858], [-86.30447, 12.15818], [-86.30445, 12.15812], [-86.30435, 12.15788], [-86.30429, 12.15776], [-86.30438, 12.15577], [-86.30434, 12.15626], [-86.30433, 12.15668], [-86.3043, 12.15752], [-86.3043, 12.15767], [-86.30429, 12.15776], [-86.30443, 12.15476], [-86.30441, 12.1552], [-86.30438, 12.15561], [-86.30438, 12.15577], [-86.30451, 12.15322], [-86.3045, 12.15336], [-86.30449, 12.1536], [-86.30447, 12.15411], [-86.30443, 12.15476], [-86.30451, 12.15275], [-86.30451, 12.15311], [-86.30451, 12.15322], [-86.30497, 12.15266], [-86.30451, 12.15275], [-86.30506, 12.15264], [-86.30497, 12.15266], [-86.30536, 12.15257], [-86.30516, 12.15262], [-86.30506, 12.15264], [-86.3057, 12.15249], [-86.30536, 12.15257], [-86.30699, 12.15217], [-86.30658, 12.15227], [-86.30645, 12.1523], [-86.30642, 12.15231], [-86.30597, 12.15242], [-86.3057, 12.15249], [-86.30717, 12.15278]]]}}, {"type": "Feature", "properties": {"nombre": "Area Comunal Rafael Ríos", "tipo": "barrio"}, "geometry": {"type": "Polygon", "coordinates": [[[-86.30589, 12.15913], [-86.3059, 12.15938], [-86.30445, 12.15946], [-86.3059, 12.15938], [-86.30414, 12.15921], [-86.30444, 12.15921], [-86.30445, 12.15946], [-86.30414, 12.15921], [-86.30415, 12.1589], [-86.30414, 12.15875], [-86.30411, 12.15865], [-86.30406, 12.15857], [-86.30407, 12.15823], [-86.30406, 12.15857], [-86.30423, 12.15821], [-86.30419, 12.15822], [-86.30407, 12.15823], [-86.30429, 12.15776], [-86.30429, 12.15784], [-86.30429, 12.15809], [-86.30428, 12.15815], [-86.30426, 12.15818], [-86.30423, 12.15821], [-86.30589, 12.15913], [-86.30576, 12.15912], [-86.30563, 12.15911], [-86.3055, 12.15908], [-86.30539, 12.15903], [-86.30515, 12.15891], [-86.30479, 12.15858], [-86.30447, 12.15818], [-86.30445, 12.15812], [-86.30435, 12.15788], [-86.30429, 12.15776], [-86.30589, 12.15913]]]}}, {"type": "Feature", "properties": {"nombre": "Acahualinca Asserio", "tipo": "barrio"}, "geometry": {"type": "Polygon", "coordinates": [[[-86.29577, 12.16072], [-86.29567, 12.16071], [-86.29544, 12.16069], [-86.29526, 12.16067], [-86.2949, 12.16064], [-86.2949, 12.16064], [-86.29494, 12.16123], [-86.29494, 12.16123], [-86.29573, 12.16125], [-86.29573, 12.16125], [-86.29577, 12.16072]]]}}, {"type": "Feature", "properties": {"nombre": "Alemania Democrática", "tipo": "barrio"}, "geometry": {"type": "Polygon", "coordinates": [[[-86.29779, 12.15975], [-86.2987, 12.15968], [-86.29872, 12.15962], [-86.2996, 12.15957], [-86.3005, 12.15952], [-86.2969, 12.1598], [-86.29779, 12.15975], [-86.2969, 12.1598], [-86.29685, 12.16082], [-86.29685, 12.16082], [-86.29636, 12.16077], [-86.29577, 12.16072], [-86.29573, 12.16125], [-86.29577, 12.16072], [-86.2957, 12.16171], [-86.29573, 12.16125], [-86.2968, 12.16169], [-86.29597, 12.16165], [-86.2957, 12.16171], [-86.299, 12.162], [-86.2986, 12.16199], [-86.29857, 12.16198], [-86.29854, 12.16194], [-86.29848, 12.16189], [-86.29841, 12.16184], [-86.2984, 12.16184], [-86.2983, 12.1618], [-86.29807, 12.16176], [-86.29775, 12.16174], [-86.2968, 12.16169], [-86.30096, 12.16182], [-86.30044, 12.162], [-86.299, 12.162], [-86.30042, 12.16094], [-86.30046, 12.16112], [-86.30069, 12.16144], [-86.30096, 12.16182], [-86.3005, 12.15952], [-86.30042, 12.16094], [-86.29779, 12.15975]]]}}, {"type": "Feature", "properties": {"nombre": "Alfredo Silva", "tipo": "barrio"}, "geometry": {"type": "Polygon", "coordinates": [[[-86.2968, 12.16169], [-86.29597, 12.16165], [-86.2957, 12.16171], [-86.2957, 12.16171], [-86.29573, 12.16125], [-86.29494, 12.16123], [-86.29573, 12.16125], [-86.2949, 12.16064], [-86.29494, 12.16123], [-86.29404, 12.16069], [-86.29457, 12.16075], [-86.2947, 12.16049], [-86.2949, 12.16064], [-86.29404, 12.16069], [-86.29407, 12.16114], [-86.29412, 12.16146], [-86.2942, 12.16164], [-86.2942, 12.16164], [-86.29428, 12.16169], [-86.29497, 12.1617], [-86.29469, 12.16168], [-86.29428, 12.16169], [-86.29497, 12.1617], [-86.29496, 12.16241], [-86.29532, 12.1624], [-86.29496, 12.16241], [-86.29532, 12.1624], [-86.29533, 12.16288], [-86.29533, 12.16308], [-86.29533, 12.16308], [-86.29554, 12.163], [-86.29579, 12.16281], [-86.2965, 12.16226], [-86.29677, 12.16217], [-86.2968, 12.16169], [-86.29677, 12.16217], [-86.2968, 12.16169]]]}}, {"type": "Feature", "properties": {"nombre": "Area Comunal Alfredo Silva", "tipo": "barrio"}, "geometry": {"type": "Polygon", "coordinates": [[[-86.29533, 12.16308], [-86.29554, 12.163], [-86.29579, 12.16281], [-86.2965, 12.16226], [-86.29677, 12.16217], [-86.29533, 12.16308], [-86.29551, 12.16371], [-86.29707, 12.16268], [-86.29551, 12.16371], [-86.29707, 12.16268], [-86.29707, 12.16221], [-86.29677, 12.16217], [-86.29533, 12.16308]]]}}, {"type": "Feature", "properties": {"nombre": "Cerro Uno (Sector)", "tipo": "barrio"}, "geometry": {"type": "Polygon", "coordinates": [[[-86.2964, 12.15983], [-86.2969, 12.1598], [-86.2945, 12.15992], [-86.2953, 12.15988], [-86.29572, 12.15986], [-86.2964, 12.15983], [-86.2945, 12.15992], [-86.2944, 12.15984], [-86.29427, 12.15978], [-86.29419, 12.15978], [-86.29408, 12.15988], [-86.29419, 12.15978], [-86.29408, 12.15988], [-86.29405, 12.16011], [-86.29404, 12.16069], [-86.29404, 12.16069], [-86.29457, 12.16075], [-86.2947, 12.16049], [-86.2949, 12.16064], [-86.29577, 12.16072], [-86.29567, 12.16071], [-86.29544, 12.16069], [-86.29526, 12.16067], [-86.2949, 12.16064], [-86.29685, 12.16082], [-86.29636, 12.16077], [-86.29577, 12.16072], [-86.2969, 12.1598], [-86.29685, 12.16082], [-86.2964, 12.15983]]]}}, {"type": "Feature", "properties": {"nombre": "Copernic", "tipo": "barrio"}, "geometry": {"type": "Polygon", "coordinates": [[[-86.299, 12.162], [-86.2986, 12.16199], [-86.29857, 12.16198], [-86.29854, 12.16194], [-86.29848, 12.16189], [-86.29841, 12.16184], [-86.2984, 12.16184], [-86.2983, 12.1618], [-86.29807, 12.16176], [-86.29775, 12.16174], [-86.2968, 12.16169], [-86.2968, 12.16169], [-86.29677, 12.16217], [-86.29707, 12.16268], [-86.29707, 12.16221], [-86.29677, 12.16217], [-86.299, 12.162], [-86.29895, 12.16214], [-86.29829, 12.16251], [-86.29763, 12.1625], [-86.29737, 12.16254], [-86.29707, 12.16268], [-86.299, 12.162]]]}}, {"type": "Feature", "properties": {"nombre": "Este de Alfredo Silva", "tipo": "barrio"}, "geometry": {"type": "Polygon", "coordinates": [[[-86.29497, 12.1617], [-86.29469, 12.16168], [-86.29428, 12.16169], [-86.2942, 12.16164], [-86.29428, 12.16169], [-86.2942, 12.16164], [-86.2943, 12.16189], [-86.29441, 12.16202], [-86.29452, 12.16216], [-86.29469, 12.16238], [-86.29476, 12.16249], [-86.29482, 12.16266], [-86.29493, 12.16315], [-86.29504, 12.16358], [-86.29516, 12.16397], [-86.29554, 12.16516], [-86.2956, 12.16546], [-86.2957, 12.1662], [-86.29574, 12.16649], [-86.29568, 12.16683], [-86.29563, 12.16734], [-86.29563, 12.16798], [-86.29558, 12.16827], [-86.29537, 12.16903], [-86.29536, 12.16962], [-86.29551, 12.16371], [-86.296, 12.16584], [-86.29575, 12.16758], [-86.29573, 12.16804], [-86.29536, 12.16962], [-86.29533, 12.16308], [-86.29551, 12.16371], [-86.29532, 12.1624], [-86.29533, 12.16288], [-86.29533, 12.16308], [-86.29532, 12.1624], [-86.29496, 12.16241], [-86.29497, 12.1617], [-86.29496, 12.16241], [-86.29497, 12.1617]]]}}, {"type": "Feature", "properties": {"nombre": "Rafael Ríos", "tipo": "barrio"}, "geometry": {"type": "Polygon", "coordinates": [[[-86.30407, 12.15823], [-86.30406, 12.15857], [-86.30414, 12.15921], [-86.30415, 12.1589], [-86.30414, 12.15875], [-86.30411, 12.15865], [-86.30406, 12.15857], [-86.30414, 12.15921], [-86.30444, 12.15921], [-86.30445, 12.15946], [-86.30445, 12.15946], [-86.303, 12.15945], [-86.30146, 12.15953], [-86.30143, 12.15948], [-86.30143, 12.15948], [-86.30143, 12.15934], [-86.30143, 12.15929], [-86.30149, 12.1581], [-86.30332, 12.15819], [-86.30299, 12.15817], [-86.30242, 12.15814], [-86.30194, 12.15811], [-86.30149, 12.1581], [-86.30407, 12.15823], [-86.30372, 12.15821], [-86.30332, 12.15819], [-86.30407, 12.15823]]]}}, {"type": "Feature", "properties": {"nombre": "Sector Norte Linda Vista", "tipo": "barrio"}, "geometry": {"type": "Polygon", "coordinates": [[[-86.30445, 12.15946], [-86.3059, 12.15938], [-86.30445, 12.15946], [-86.303, 12.15945], [-86.30146, 12.15953], [-86.30143, 12.15948], [-86.3005, 12.15952], [-86.30143, 12.15948], [-86.3005, 12.15952], [-86.30042, 12.16094], [-86.30042, 12.16094], [-86.30046, 12.16112], [-86.30069, 12.16144], [-86.30096, 12.16182], [-86.30096, 12.16182], [-86.30154, 12.16098], [-86.30287, 12.16042], [-86.30333, 12.1603], [-86.30484, 12.16013], [-86.30486, 12.16068], [-86.30518, 12.16094], [-86.30508, 12.16199], [-86.30508, 12.16199], [-86.30592, 12.16204], [-86.30592, 12.16204], [-86.30597, 12.16189], [-86.30619, 12.16088], [-86.30606, 12.15944], [-86.3059, 12.15938], [-86.30445, 12.15946]]]}}, {"type": "Feature", "properties": {"nombre": "Colonia Morazán", "tipo": "barrio"}, "geometry": {"type": "Polygon", "coordinates": [[[-86.30451, 12.15275], [-86.30417, 12.15282], [-86.30417, 12.15282], [-86.30403, 12.15285], [-86.3038, 12.1529], [-86.30377, 12.15291], [-86.30276, 12.15314], [-86.30276, 12.15314], [-86.30248, 12.1532], [-86.30248, 12.1532], [-86.30188, 12.15334], [-86.30188, 12.15334], [-86.30171, 12.15338], [-86.30165, 12.15455], [-86.30169, 12.15377], [-86.30171, 12.15343], [-86.30171, 12.15338], [-86.30149, 12.1581], [-86.30153, 12.15721], [-86.30154, 12.15711], [-86.30156, 12.15666], [-86.30158, 12.15622], [-86.3016, 12.15578], [-86.30161, 12.15546], [-86.30162, 12.15536], [-86.30165, 12.15455], [-86.30332, 12.15819], [-86.30299, 12.15817], [-86.30242, 12.15814], [-86.30194, 12.15811], [-86.30149, 12.1581], [-86.30407, 12.15823], [-86.30372, 12.15821], [-86.30332, 12.15819], [-86.30423, 12.15821], [-86.30419, 12.15822], [-86.30407, 12.15823], [-86.30429, 12.15776], [-86.30429, 12.15784], [-86.30429, 12.15809], [-86.30428, 12.15815], [-86.30426, 12.15818], [-86.30423, 12.15821], [-86.30438, 12.15577], [-86.30434, 12.15626], [-86.30433, 12.15668], [-86.3043, 12.15752], [-86.3043, 12.15767], [-86.30429, 12.15776], [-86.30443, 12.15476], [-86.30441, 12.1552], [-86.30438, 12.15561], [-86.30438, 12.15577], [-86.30451, 12.15322], [-86.3045, 12.15336], [-86.30449, 12.1536], [-86.30447, 12.15411], [-86.30443, 12.15476], [-86.30451, 12.15275], [-86.30451, 12.15311], [-86.30451, 12.15322], [-86.30451, 12.15275]]]}}, {"type": "Feature", "properties": {"nombre": "Francisco y Ramón Sánchez", "tipo": "barrio"}, "geometry": {"type": "Polygon", "coordinates": [[[-86.29971, 12.15715], [-86.29926, 12.15713], [-86.29881, 12.15711], [-86.29791, 12.15706], [-86.29791, 12.15706], [-86.2975, 12.15704], [-86.29703, 12.15702], [-86.29703, 12.15702], [-86.29658, 12.157], [-86.29611, 12.15696], [-86.29611, 12.15696], [-86.29604, 12.15786], [-86.29698, 12.1579], [-86.29652, 12.15788], [-86.29604, 12.15786], [-86.29786, 12.15794], [-86.29743, 12.15792], [-86.29698, 12.1579], [-86.29966, 12.15802], [-86.29926, 12.15801], [-86.29922, 12.15801], [-86.29877, 12.15799], [-86.29786, 12.15794], [-86.29971, 12.15715], [-86.29969, 12.1576], [-86.29968, 12.15787], [-86.29966, 12.15802], [-86.29971, 12.15715]]]}}, {"type": "Feature", "properties": {"nombre": "Rubén Darío 1", "tipo": "barrio"}, "geometry": {"type": "Polygon", "coordinates": [[[-86.30171, 12.15338], [-86.30092, 12.15356], [-86.30078, 12.1536], [-86.30078, 12.1536], [-86.30053, 12.15366], [-86.30027, 12.15372], [-86.29984, 12.15382], [-86.29984, 12.15382], [-86.29909, 12.154], [-86.29896, 12.15404], [-86.29842, 12.15417], [-86.29812, 12.15425], [-86.29802, 12.15427], [-86.29791, 12.15706], [-86.29795, 12.15617], [-86.29798, 12.15529], [-86.29801, 12.15439], [-86.29802, 12.15427], [-86.29971, 12.15715], [-86.29926, 12.15713], [-86.29881, 12.15711], [-86.29791, 12.15706], [-86.29971, 12.15715], [-86.29969, 12.1576], [-86.29968, 12.15787], [-86.29966, 12.15802], [-86.29966, 12.15802], [-86.29926, 12.15801], [-86.29922, 12.15801], [-86.29877, 12.15799], [-86.29786, 12.15794], [-86.29779, 12.15975], [-86.29786, 12.15794], [-86.29779, 12.15975], [-86.2987, 12.15968], [-86.29872, 12.15962], [-86.2996, 12.15957], [-86.3005, 12.15952], [-86.3005, 12.15952], [-86.30143, 12.15948], [-86.30143, 12.15948], [-86.30143, 12.15934], [-86.30143, 12.15929], [-86.30149, 12.1581], [-86.30149, 12.1581], [-86.30153, 12.15721], [-86.30154, 12.15711], [-86.30156, 12.15666], [-86.30158, 12.15622], [-86.3016, 12.15578], [-86.30161, 12.15546], [-86.30162, 12.15536], [-86.30165, 12.15455], [-86.30165, 12.15455], [-86.30169, 12.15377], [-86.30171, 12.15343], [-86.30171, 12.15338]]]}}, {"type": "Feature", "properties": {"nombre": "Area Comunal Cuba", "tipo": "barrio"}, "geometry": {"type": "Polygon", "coordinates": [[[-86.29522, 12.15693], [-86.29429, 12.15689], [-86.29425, 12.15779], [-86.29429, 12.15689], [-86.29517, 12.15782], [-86.29482, 12.15781], [-86.29425, 12.15779], [-86.29517, 12.15782], [-86.29522, 12.15693]]]}}, {"type": "Feature", "properties": {"nombre": "Complejo Gadala María", "tipo": "barrio"}, "geometry": {"type": "Polygon", "coordinates": [[[-86.29604, 12.15786], [-86.29565, 12.15785], [-86.29562, 12.15784], [-86.29517, 12.15782], [-86.29517, 12.15782], [-86.29482, 12.15781], [-86.29425, 12.15779], [-86.29425, 12.15779], [-86.29419, 12.15896], [-86.29417, 12.15963], [-86.29417, 12.15963], [-86.29419, 12.15978], [-86.2945, 12.15992], [-86.2944, 12.15984], [-86.29427, 12.15978], [-86.29419, 12.15978], [-86.2945, 12.15992], [-86.2953, 12.15988], [-86.29572, 12.15986], [-86.2964, 12.15983], [-86.29604, 12.15786], [-86.29603, 12.15808], [-86.29649, 12.15811], [-86.2964, 12.15983], [-86.29604, 12.15786]]]}}, {"type": "Feature", "properties": {"nombre": "Gadala María", "tipo": "barrio"}, "geometry": {"type": "Polygon", "coordinates": [[[-86.29425, 12.15779], [-86.29373, 12.15777], [-86.29373, 12.15777], [-86.29362, 12.15784], [-86.29362, 12.15784], [-86.29367, 12.15808], [-86.2939, 12.15889], [-86.29409, 12.1597], [-86.29409, 12.1597], [-86.29408, 12.15988], [-86.29408, 12.15988], [-86.29419, 12.15978], [-86.29417, 12.15963], [-86.29419, 12.15978], [-86.29425, 12.15779], [-86.29419, 12.15896], [-86.29417, 12.15963], [-86.29425, 12.15779]]]}}, {"type": "Feature", "properties": {"nombre": "Manzana Cienfuego", "tipo": "barrio"}, "geometry": {"type": "Polygon", "coordinates": [[[-86.29526, 12.15606], [-86.29432, 12.15602], [-86.2943, 12.1565], [-86.29432, 12.15602], [-86.29524, 12.15651], [-86.2943, 12.1565], [-86.29524, 12.15651], [-86.29526, 12.15606]]]}}, {"type": "Feature", "properties": {"nombre": "Cuba", "tipo": "barrio"}, "geometry": {"type": "Polygon", "coordinates": [[[-86.29715, 12.15448], [-86.29623, 12.15469], [-86.29612, 12.15472], [-86.29531, 12.15489], [-86.29447, 12.15504], [-86.29437, 12.15506], [-86.29437, 12.15506], [-86.29416, 12.15509], [-86.2932, 12.15521], [-86.2932, 12.15521], [-86.29315, 12.15521], [-86.29307, 12.15522], [-86.29307, 12.15522], [-86.29303, 12.15529], [-86.29303, 12.15529], [-86.29319, 12.15593], [-86.29356, 12.15751], [-86.29359, 12.15771], [-86.29359, 12.15771], [-86.29362, 12.15784], [-86.29373, 12.15777], [-86.29362, 12.15784], [-86.29425, 12.15779], [-86.29373, 12.15777], [-86.29425, 12.15779], [-86.29429, 12.15689], [-86.29522, 12.15693], [-86.29429, 12.15689], [-86.29517, 12.15782], [-86.29522, 12.15693], [-86.29604, 12.15786], [-86.29565, 12.15785], [-86.29562, 12.15784], [-86.29517, 12.15782], [-86.29611, 12.15696], [-86.29604, 12.15786], [-86.29703, 12.15702], [-86.29658, 12.157], [-86.29611, 12.15696], [-86.29791, 12.15706], [-86.2975, 12.15704], [-86.29703, 12.15702], [-86.29791, 12.15706], [-86.29795, 12.15617], [-86.29798, 12.15529], [-86.29801, 12.15439], [-86.29802, 12.15427], [-86.29794, 12.15429], [-86.29802, 12.15427], [-86.29728, 12.15444], [-86.29738, 12.15444], [-86.2979, 12.15432], [-86.29794, 12.15429], [-86.29728, 12.15444], [-86.29721, 12.15446], [-86.29715, 12.15448], [-86.29786, 12.15794], [-86.29743, 12.15792], [-86.29698, 12.1579], [-86.2969, 12.1598], [-86.2969, 12.15971], [-86.29691, 12.15945], [-86.29691, 12.15939], [-86.29693, 12.15912], [-86.29693, 12.15903], [-86.29694, 12.15873], [-86.29695, 12.15868], [-86.29695, 12.15857], [-86.29696, 12.15832], [-86.29697, 12.15808], [-86.29698, 12.1579], [-86.2969, 12.1598], [-86.29779, 12.15975], [-86.29779, 12.15975], [-86.29786, 12.15794], [-86.29715, 12.15448]]]}}, {"type": "Feature", "properties": {"nombre": "El Cortijo", "tipo": "barrio"}, "geometry": {"type": "Polygon", "coordinates": [[[-86.30464, 12.14994], [-86.30455, 12.14992], [-86.30377, 12.14981], [-86.30288, 12.14969], [-86.30288, 12.14969], [-86.30286, 12.15045], [-86.30285, 12.15102], [-86.30285, 12.15114], [-86.30283, 12.1517], [-86.30282, 12.15203], [-86.30277, 12.15289], [-86.30276, 12.15308], [-86.30276, 12.15314], [-86.30417, 12.15282], [-86.30403, 12.15285], [-86.3038, 12.1529], [-86.30377, 12.15291], [-86.30276, 12.15314], [-86.30451, 12.15275], [-86.30417, 12.15282], [-86.30452, 12.15236], [-86.30451, 12.15275], [-86.30464, 12.14994], [-86.30461, 12.15054], [-86.3046, 12.15067], [-86.30459, 12.1508], [-86.30459, 12.15087], [-86.30459, 12.15098], [-86.30458, 12.1512], [-86.30457, 12.15131], [-86.30456, 12.15143], [-86.30455, 12.15164], [-86.30454, 12.15191], [-86.30452, 12.15228], [-86.30452, 12.15236], [-86.30464, 12.14994]]]}}, {"type": "Feature", "properties": {"nombre": "España", "tipo": "barrio"}, "geometry": {"type": "Polygon", "coordinates": [[[-86.30123, 12.1453], [-86.30105, 12.14531], [-86.30058, 12.14529], [-86.30033, 12.14528], [-86.30033, 12.14528], [-86.30027, 12.14619], [-86.30026, 12.14657], [-86.30024, 12.14708], [-86.30023, 12.14733], [-86.30022, 12.14749], [-86.30019, 12.1481], [-86.30017, 12.14858], [-86.30017, 12.14858], [-86.30108, 12.14859], [-86.30108, 12.14859], [-86.30109, 12.14826], [-86.30201, 12.14809], [-86.30177, 12.14813], [-86.30109, 12.14826], [-86.30123, 12.1453], [-86.30173, 12.14728], [-86.30201, 12.14809], [-86.30123, 12.1453]]]}}, {"type": "Feature", "properties": {"nombre": "Manuel Olivares", "tipo": "barrio"}, "geometry": {"type": "Polygon", "coordinates": [[[-86.29534, 12.14503], [-86.29492, 12.14501], [-86.29485, 12.145], [-86.29427, 12.14497], [-86.29263, 12.14488], [-86.2926, 12.14557], [-86.29256, 12.14618], [-86.29254, 12.14643], [-86.29246, 12.1468], [-86.29241, 12.14706], [-86.29236, 12.14746], [-86.29418, 12.14766], [-86.29328, 12.14754], [-86.29285, 12.1475], [-86.29236, 12.14746], [-86.29418, 12.14766], [-86.29427, 12.14678], [-86.29437, 12.14595], [-86.29526, 12.14598], [-86.29437, 12.14595], [-86.29534, 12.14503], [-86.29526, 12.14598], [-86.29427, 12.14497], [-86.29336, 12.14493], [-86.29263, 12.14488], [-86.29534, 12.14503]]]}}, {"type": "Feature", "properties": {"nombre": "Reparto Miraflores 1", "tipo": "barrio"}, "geometry": {"type": "Polygon", "coordinates": [[[-86.30415, 12.14459], [-86.30397, 12.14464], [-86.30307, 12.14487], [-86.30156, 12.14524], [-86.30123, 12.1453], [-86.30123, 12.1453], [-86.30173, 12.14728], [-86.30201, 12.14809], [-86.30472, 12.14816], [-86.30463, 12.14816], [-86.30384, 12.1481], [-86.30326, 12.14806], [-86.30296, 12.14805], [-86.30218, 12.14799], [-86.30212, 12.14799], [-86.30207, 12.14802], [-86.30204, 12.14806], [-86.30201, 12.14809], [-86.30478, 12.14641], [-86.30477, 12.14668], [-86.30475, 12.14728], [-86.30473, 12.14775], [-86.30472, 12.14816], [-86.30489, 12.1444], [-86.30486, 12.14495], [-86.30482, 12.14552], [-86.30481, 12.14584], [-86.3048, 12.14608], [-86.30478, 12.14641], [-86.30489, 12.1444], [-86.30453, 12.14449], [-86.30453, 12.14449], [-86.30415, 12.14459]]]}}, {"type": "Feature", "properties": {"nombre": "Monseñor Lezcano Este", "tipo": "barrio"}, "geometry": {"type": "Polygon", "coordinates": [[[-86.29755, 12.14514], [-86.29721, 12.14512], [-86.29697, 12.14511], [-86.29664, 12.14509], [-86.29603, 12.14506], [-86.29547, 12.14503], [-86.29534, 12.14503], [-86.29534, 12.14503], [-86.29526, 12.14598], [-86.29526, 12.14598], [-86.29437, 12.14595], [-86.29418, 12.14766], [-86.29427, 12.14678], [-86.29437, 12.14595], [-86.29418, 12.14766], [-86.29328, 12.14754], [-86.29285, 12.1475], [-86.29236, 12.14746], [-86.29236, 12.14746], [-86.29232, 12.14801], [-86.29232, 12.14801], [-86.29224, 12.14887], [-86.29224, 12.14887], [-86.29215, 12.14975], [-86.29215, 12.14975], [-86.29206, 12.15062], [-86.29206, 12.15062], [-86.29196, 12.15149], [-86.29192, 12.15197], [-86.29186, 12.15256], [-86.29192, 12.15197], [-86.2918, 12.15314], [-86.29186, 12.15256], [-86.29177, 12.15331], [-86.2918, 12.15314], [-86.29176, 12.15339], [-86.29177, 12.15331], [-86.29154, 12.15544], [-86.29162, 12.15469], [-86.29173, 12.15365], [-86.29176, 12.15339], [-86.29247, 12.15531], [-86.29172, 12.15541], [-86.29154, 12.15544], [-86.29297, 12.15523], [-86.29291, 12.15524], [-86.29247, 12.15531], [-86.29307, 12.15522], [-86.29297, 12.15523], [-86.2932, 12.15521], [-86.29315, 12.15521], [-86.29307, 12.15522], [-86.29437, 12.15506], [-86.29416, 12.15509], [-86.2932, 12.15521], [-86.29715, 12.15448], [-86.29623, 12.15469], [-86.29612, 12.15472], [-86.29531, 12.15489], [-86.29447, 12.15504], [-86.29437, 12.15506], [-86.29715, 12.15406], [-86.29715, 12.15434], [-86.29715, 12.15448], [-86.2973, 12.15091], [-86.29728, 12.15123], [-86.29726, 12.15178], [-86.29724, 12.15213], [-86.29724, 12.15222], [-86.29722, 12.15262], [-86.2972, 12.15304], [-86.29718, 12.15346], [-86.29715, 12.15406], [-86.29733, 12.15021], [-86.2973, 12.15091], [-86.29737, 12.14933], [-86.29733, 12.1501], [-86.29733, 12.15021], [-86.2974, 12.14845], [-86.29739, 12.14885], [-86.29737, 12.14933], [-86.29755, 12.14608], [-86.29754, 12.14624], [-86.29747, 12.14697], [-86.29744, 12.14754], [-86.29743, 12.14783], [-86.2974, 12.14845], [-86.29755, 12.14514], [-86.29757, 12.14533], [-86.29758, 12.1454], [-86.29758, 12.14547], [-86.29758, 12.14564], [-86.29755, 12.14608], [-86.29755, 12.14514]]]}}, {"type": "Feature", "properties": {"nombre": "Monseñor Lezcano Oeste", "tipo": "barrio"}, "geometry": {"type": "Polygon", "coordinates": [[[-86.30472, 12.14816], [-86.30463, 12.14816], [-86.30384, 12.1481], [-86.30326, 12.14806], [-86.30296, 12.14805], [-86.30218, 12.14799], [-86.30212, 12.14799], [-86.30207, 12.14802], [-86.30204, 12.14806], [-86.30201, 12.14809], [-86.30201, 12.14809], [-86.30177, 12.14813], [-86.30109, 12.14826], [-86.30108, 12.14859], [-86.30109, 12.14826], [-86.30017, 12.14858], [-86.30108, 12.14859], [-86.30033, 12.14528], [-86.30027, 12.14619], [-86.30026, 12.14657], [-86.30024, 12.14708], [-86.30023, 12.14733], [-86.30022, 12.14749], [-86.30019, 12.1481], [-86.30017, 12.14858], [-86.30033, 12.14528], [-86.30015, 12.14527], [-86.29941, 12.14523], [-86.29941, 12.14523], [-86.29848, 12.14518], [-86.29848, 12.14518], [-86.2978, 12.14515], [-86.29755, 12.14514], [-86.29755, 12.14514], [-86.29757, 12.14533], [-86.29758, 12.1454], [-86.29758, 12.14547], [-86.29758, 12.14564], [-86.29755, 12.14608], [-86.29755, 12.14608], [-86.29754, 12.14624], [-86.29747, 12.14697], [-86.29744, 12.14754], [-86.29743, 12.14783], [-86.2974, 12.14845], [-86.2974, 12.14845], [-86.29739, 12.14885], [-86.29737, 12.14933], [-86.29737, 12.14933], [-86.29733, 12.1501], [-86.29733, 12.15021], [-86.29733, 12.15021], [-86.2973, 12.15091], [-86.2973, 12.15091], [-86.29728, 12.15123], [-86.29726, 12.15178], [-86.29724, 12.15213], [-86.29724, 12.15222], [-86.29722, 12.15262], [-86.2972, 12.15304], [-86.29718, 12.15346], [-86.29715, 12.15406], [-86.29715, 12.15406], [-86.29715, 12.15434], [-86.29715, 12.15448], [-86.29728, 12.15444], [-86.29721, 12.15446], [-86.29715, 12.15448], [-86.29728, 12.15444], [-86.29738, 12.15444], [-86.2979, 12.15432], [-86.29794, 12.15429], [-86.29794, 12.15429], [-86.29802, 12.15427], [-86.29984, 12.15382], [-86.29909, 12.154], [-86.29896, 12.15404], [-86.29842, 12.15417], [-86.29812, 12.15425], [-86.29802, 12.15427], [-86.30078, 12.1536], [-86.30053, 12.15366], [-86.30027, 12.15372], [-86.29984, 12.15382], [-86.30171, 12.15338], [-86.30092, 12.15356], [-86.30078, 12.1536], [-86.30188, 12.15334], [-86.30171, 12.15338], [-86.30248, 12.1532], [-86.30188, 12.15334], [-86.30276, 12.15314], [-86.30248, 12.1532], [-86.30288, 12.14969], [-86.30286, 12.15045], [-86.30285, 12.15102], [-86.30285, 12.15114], [-86.30283, 12.1517], [-86.30282, 12.15203], [-86.30277, 12.15289], [-86.30276, 12.15308], [-86.30276, 12.15314], [-86.30464, 12.14994], [-86.30455, 12.14992], [-86.30377, 12.14981], [-86.30288, 12.14969], [-86.30472, 12.14816], [-86.30468, 12.14903], [-86.30464, 12.14978], [-86.30464, 12.14994], [-86.30472, 12.14816]]]}}, {"type": "Feature", "properties": {"nombre": "Colonia Mántica", "tipo": "barrio"}, "geometry": {"type": "Polygon", "coordinates": [[[-86.28924, 12.14606], [-86.28877, 12.14642], [-86.28845, 12.14667], [-86.28786, 12.14714], [-86.28786, 12.14714], [-86.28758, 12.14736], [-86.28726, 12.14784], [-86.28758, 12.14736], [-86.28655, 12.1495], [-86.28672, 12.14894], [-86.28696, 12.14838], [-86.28726, 12.14784], [-86.28655, 12.1495], [-86.28776, 12.14954], [-86.28782, 12.14788], [-86.28779, 12.14868], [-86.28776, 12.14954], [-86.28782, 12.14788], [-86.28831, 12.14788], [-86.2886, 12.14788], [-86.28882, 12.14788], [-86.28896, 12.14787], [-86.2893, 12.14787], [-86.28937, 12.14787], [-86.28937, 12.14787], [-86.28943, 12.1464], [-86.28943, 12.14632], [-86.28941, 12.14625], [-86.28924, 12.14606]]]}}, {"type": "Feature", "properties": {"nombre": "Édgard Lang 2", "tipo": "barrio"}, "geometry": {"type": "Polygon", "coordinates": [[[-86.29708, 12.13998], [-86.29683, 12.14017], [-86.29671, 12.14026], [-86.29651, 12.14041], [-86.29642, 12.14048], [-86.29633, 12.14055], [-86.29616, 12.14067], [-86.29597, 12.14082], [-86.29573, 12.14101], [-86.29554, 12.14115], [-86.29552, 12.14117], [-86.29552, 12.14117], [-86.2953, 12.14134], [-86.29523, 12.14139], [-86.29523, 12.14139], [-86.29531, 12.14148], [-86.29545, 12.14166], [-86.29545, 12.14166], [-86.29547, 12.14169], [-86.29547, 12.14169], [-86.29556, 12.14179], [-86.29559, 12.14183], [-86.29568, 12.14195], [-86.29581, 12.14212], [-86.29581, 12.14212], [-86.29597, 12.14231], [-86.29619, 12.14257], [-86.29639, 12.14286], [-86.29679, 12.14333], [-86.29708, 12.14372], [-86.29736, 12.14432], [-86.29755, 12.14514], [-86.29848, 12.14518], [-86.2978, 12.14515], [-86.29755, 12.14514], [-86.29848, 12.14518], [-86.29853, 12.14434], [-86.29855, 12.14347], [-86.29882, 12.14339], [-86.29855, 12.14347], [-86.29862, 12.14154], [-86.29854, 12.14249], [-86.29855, 12.14274], [-86.29882, 12.14339], [-86.29862, 12.14154], [-86.29842, 12.14153], [-86.2984, 12.14121], [-86.29807, 12.14088], [-86.29772, 12.1411], [-86.29751, 12.14088], [-86.29755, 12.1403], [-86.29739, 12.14041], [-86.29712, 12.13995], [-86.29712, 12.13995], [-86.29708, 12.13998]]]}}, {"type": "Feature", "properties": {"nombre": "Batahola Norte", "tipo": "barrio"}, "geometry": {"type": "Polygon", "coordinates": [[[-86.30744, 12.14033], [-86.30738, 12.1403], [-86.30702, 12.14004], [-86.30672, 12.13982], [-86.30637, 12.13957], [-86.30606, 12.13933], [-86.30597, 12.13931], [-86.30498, 12.13946], [-86.30426, 12.13959], [-86.30381, 12.13967], [-86.30279, 12.13985], [-86.30226, 12.13995], [-86.30214, 12.13997], [-86.30203, 12.13998], [-86.3013, 12.14007], [-86.30115, 12.14278], [-86.30119, 12.14207], [-86.30124, 12.14089], [-86.3013, 12.14007], [-86.30115, 12.14278], [-86.3007, 12.14277], [-86.30041, 12.14276], [-86.30041, 12.14276], [-86.30035, 12.14396], [-86.30035, 12.14396], [-86.3008, 12.14398], [-86.3008, 12.14398], [-86.30087, 12.14399], [-86.30224, 12.14316], [-86.30205, 12.14333], [-86.30118, 12.14385], [-86.30114, 12.14401], [-86.30087, 12.14399], [-86.30224, 12.14316], [-86.3025, 12.14312], [-86.30311, 12.14305], [-86.30337, 12.14302], [-86.30401, 12.14297], [-86.30436, 12.14293], [-86.30451, 12.14292], [-86.30462, 12.14293], [-86.30468, 12.14296], [-86.30524, 12.14335], [-86.30744, 12.14033], [-86.30738, 12.14045], [-86.30722, 12.14071], [-86.30699, 12.14103], [-86.30696, 12.14108], [-86.30675, 12.14134], [-86.30631, 12.14194], [-86.306, 12.14234], [-86.30524, 12.14335], [-86.30744, 12.14033]]]}}, {"type": "Feature", "properties": {"nombre": "Dinamarca", "tipo": "barrio"}, "geometry": {"type": "Polygon", "coordinates": [[[-86.30777, 12.1387], [-86.30777, 12.13885], [-86.30776, 12.13902], [-86.30776, 12.13915], [-86.30775, 12.13928], [-86.30775, 12.13936], [-86.30773, 12.13944], [-86.30771, 12.13956], [-86.30768, 12.13971], [-86.30761, 12.13993], [-86.30758, 12.14], [-86.30756, 12.14005], [-86.30744, 12.14033], [-86.3076, 12.13783], [-86.30765, 12.1379], [-86.30769, 12.13799], [-86.30771, 12.13807], [-86.30773, 12.13828], [-86.30775, 12.13849], [-86.30777, 12.1387], [-86.30738, 12.13763], [-86.30746, 12.1377], [-86.3076, 12.13783], [-86.30704, 12.13775], [-86.30717, 12.13771], [-86.30727, 12.13767], [-86.30738, 12.13763], [-86.3063, 12.13789], [-86.30652, 12.13785], [-86.30675, 12.13781], [-86.30691, 12.13778], [-86.30704, 12.13775], [-86.30618, 12.13791], [-86.3063, 12.13789], [-86.30475, 12.13814], [-86.30618, 12.13791], [-86.30451, 12.13818], [-86.30475, 12.13814], [-86.30403, 12.13826], [-86.30451, 12.13818], [-86.30359, 12.13833], [-86.30403, 12.13826], [-86.30208, 12.13858], [-86.30359, 12.13833], [-86.30209, 12.13867], [-86.30208, 12.13858], [-86.30217, 12.13923], [-86.30214, 12.13897], [-86.30209, 12.13867], [-86.30217, 12.13923], [-86.30176, 12.13929], [-86.30124, 12.13937], [-86.3013, 12.14007], [-86.30131, 12.1398], [-86.30129, 12.13963], [-86.30124, 12.13937], [-86.30744, 12.14033], [-86.30738, 12.1403], [-86.30702, 12.14004], [-86.30672, 12.13982], [-86.30637, 12.13957], [-86.30606, 12.13933], [-86.30597, 12.13931], [-86.30498, 12.13946], [-86.30426, 12.13959], [-86.30381, 12.13967], [-86.30279, 12.13985], [-86.30226, 12.13995], [-86.30214, 12.13997], [-86.30203, 12.13998], [-86.3013, 12.14007], [-86.30777, 12.1387]]]}}, {"type": "Feature", "properties": {"nombre": "Jardines de Managua", "tipo": "barrio"}, "geometry": {"type": "Polygon", "coordinates": [[[-86.30066, 12.13883], [-86.30137, 12.1387], [-86.30189, 12.13861], [-86.30208, 12.13858], [-86.30019, 12.13891], [-86.30047, 12.13886], [-86.30066, 12.13883], [-86.29948, 12.13902], [-86.30007, 12.13893], [-86.30019, 12.13891], [-86.29805, 12.13938], [-86.29819, 12.13932], [-86.29838, 12.13925], [-86.29859, 12.13918], [-86.29879, 12.13914], [-86.29948, 12.13902], [-86.2975, 12.13967], [-86.29772, 12.13956], [-86.29785, 12.13948], [-86.29805, 12.13938], [-86.2975, 12.13967], [-86.29731, 12.1398], [-86.29712, 12.13995], [-86.29862, 12.14154], [-86.29842, 12.14153], [-86.2984, 12.14121], [-86.29807, 12.14088], [-86.29772, 12.1411], [-86.29751, 12.14088], [-86.29755, 12.1403], [-86.29739, 12.14041], [-86.29712, 12.13995], [-86.29862, 12.14154], [-86.29854, 12.14249], [-86.29855, 12.14274], [-86.29882, 12.14339], [-86.30041, 12.14276], [-86.30034, 12.14276], [-86.30001, 12.14284], [-86.29991, 12.14286], [-86.29947, 12.14299], [-86.29927, 12.14305], [-86.29916, 12.14312], [-86.29903, 12.14324], [-86.29894, 12.14332], [-86.29882, 12.14339], [-86.30115, 12.14278], [-86.3007, 12.14277], [-86.30041, 12.14276], [-86.30115, 12.14278], [-86.30119, 12.14207], [-86.30124, 12.14089], [-86.3013, 12.14007], [-86.3013, 12.14007], [-86.30131, 12.1398], [-86.30129, 12.13963], [-86.30124, 12.13937], [-86.30217, 12.13923], [-86.30176, 12.13929], [-86.30124, 12.13937], [-86.30217, 12.13923], [-86.30214, 12.13897], [-86.30209, 12.13867], [-86.30209, 12.13867], [-86.30208, 12.13858], [-86.30066, 12.13883]]]}}, {"type": "Feature", "properties": {"nombre": "Miraflores 2", "tipo": "barrio"}, "geometry": {"type": "Polygon", "coordinates": [[[-86.30224, 12.14316], [-86.3025, 12.14312], [-86.30311, 12.14305], [-86.30337, 12.14302], [-86.30401, 12.14297], [-86.30436, 12.14293], [-86.30451, 12.14292], [-86.30462, 12.14293], [-86.30468, 12.14296], [-86.30524, 12.14335], [-86.30224, 12.14316], [-86.30205, 12.14333], [-86.30118, 12.14385], [-86.30114, 12.14401], [-86.30087, 12.14399], [-86.3008, 12.14398], [-86.30087, 12.14399], [-86.30035, 12.14396], [-86.3008, 12.14398], [-86.30041, 12.14276], [-86.30035, 12.14396], [-86.30041, 12.14276], [-86.30034, 12.14276], [-86.30001, 12.14284], [-86.29991, 12.14286], [-86.29947, 12.14299], [-86.29927, 12.14305], [-86.29916, 12.14312], [-86.29903, 12.14324], [-86.29894, 12.14332], [-86.29882, 12.14339], [-86.29882, 12.14339], [-86.29855, 12.14347], [-86.29848, 12.14518], [-86.29853, 12.14434], [-86.29855, 12.14347], [-86.29941, 12.14523], [-86.29848, 12.14518], [-86.30033, 12.14528], [-86.30015, 12.14527], [-86.29941, 12.14523], [-86.30123, 12.1453], [-86.30105, 12.14531], [-86.30058, 12.14529], [-86.30033, 12.14528], [-86.30415, 12.14459], [-86.30397, 12.14464], [-86.30307, 12.14487], [-86.30156, 12.14524], [-86.30123, 12.1453], [-86.30453, 12.14449], [-86.30415, 12.14459], [-86.30489, 12.1444], [-86.30453, 12.14449], [-86.30496, 12.1438], [-86.30495, 12.14384], [-86.30492, 12.14395], [-86.3049, 12.14409], [-86.30489, 12.1444], [-86.30524, 12.14335], [-86.30506, 12.14363], [-86.30496, 12.1438], [-86.30224, 12.14316]]]}}, {"type": "Feature", "properties": {"nombre": "Batahola Sur", "tipo": "barrio"}, "geometry": {"type": "MultiPolygon", "coordinates": [[[[-86.30206, 12.1331], [-86.30193, 12.13305], [-86.30187, 12.13315], [-86.30193, 12.13305], [-86.30187, 12.13315], [-86.3018, 12.13334], [-86.30172, 12.13362], [-86.30167, 12.13383], [-86.30164, 12.13397], [-86.30163, 12.13415], [-86.30165, 12.13442], [-86.30168, 12.13465], [-86.30174, 12.13491], [-86.30218, 12.13623], [-86.30218, 12.13623], [-86.3016, 12.13631], [-86.30113, 12.1364], [-86.30067, 12.13647], [-86.30023, 12.13655], [-86.30062, 12.13861], [-86.30055, 12.13823], [-86.30048, 12.13783], [-86.30041, 12.13744], [-86.30034, 12.13705], [-86.30026, 12.13667], [-86.30023, 12.13655], [-86.30063, 12.13864], [-86.30062, 12.13861], [-86.30064, 12.1387], [-86.30063, 12.13864], [-86.30064, 12.13875], [-86.30064, 12.1387], [-86.30066, 12.13883], [-86.30064, 12.13875], [-86.30066, 12.13883], [-86.30137, 12.1387], [-86.30189, 12.13861], [-86.30208, 12.13858], [-86.30208, 12.13858], [-86.30359, 12.13833], [-86.30359, 12.13833], [-86.30403, 12.13826], [-86.30403, 12.13826], [-86.30451, 12.13818], [-86.30451, 12.13818], [-86.30475, 12.13814], [-86.30475, 12.13814], [-86.30618, 12.13791], [-86.30618, 12.13791], [-86.3063, 12.13789], [-86.3063, 12.13789], [-86.30652, 12.13785], [-86.30675, 12.13781], [-86.30691, 12.13778], [-86.30704, 12.13775], [-86.30704, 12.13775], [-86.30717, 12.13771], [-86.30727, 12.13767], [-86.30738, 12.13763], [-86.30738, 12.13763], [-86.30756, 12.13753], [-86.30771, 12.13744], [-86.30785, 12.13734], [-86.30793, 12.13728], [-86.30802, 12.13719], [-86.30805, 12.13715], [-86.30817, 12.137], [-86.30835, 12.13675], [-86.30835, 12.13675], [-86.30852, 12.13633], [-86.30868, 12.13581], [-86.30964, 12.13329], [-86.30933, 12.13409], [-86.30899, 12.135], [-86.30868, 12.13581], [-86.30982, 12.13273], [-86.30964, 12.13329], [-86.30982, 12.13273], [-86.3096, 12.13272], [-86.30945, 12.13273], [-86.30945, 12.13273], [-86.30933, 12.13274], [-86.30922, 12.13275], [-86.30888, 12.13279], [-86.30873, 12.13281], [-86.30865, 12.13284], [-86.30861, 12.13285], [-86.30852, 12.1329], [-86.30821, 12.1331], [-86.30815, 12.13315], [-86.30811, 12.1332], [-86.30807, 12.13329], [-86.30789, 12.13368], [-86.30775, 12.13402], [-86.30765, 12.13426], [-86.30765, 12.13426], [-86.30741, 12.13425], [-86.30719, 12.13423], [-86.30698, 12.1342], [-86.30681, 12.13416], [-86.30676, 12.13415], [-86.30643, 12.13405], [-86.30622, 12.134], [-86.30586, 12.1339], [-86.30579, 12.13387], [-86.30575, 12.13384], [-86.30574, 12.13382], [-86.30572, 12.13368], [-86.30371, 12.13267], [-86.30367, 12.13215], [-86.30447, 12.13223], [-86.30501, 12.13179], [-86.30516, 12.13185], [-86.30507, 12.13229], [-86.30577, 12.13292], [-86.30546, 12.13324], [-86.30572, 12.13368], [-86.30371, 12.13267], [-86.30359, 12.13268], [-86.30312, 12.13278], [-86.30277, 12.13286], [-86.3025, 12.13295], [-86.30222, 12.13307], [-86.30213, 12.1331], [-86.30206, 12.1331]]], [[[-86.30206, 12.1331], [-86.30193, 12.13305], [-86.30187, 12.13315], [-86.30193, 12.13305], [-86.30187, 12.13315], [-86.3018, 12.13334], [-86.30172, 12.13362], [-86.30167, 12.13383], [-86.30164, 12.13397], [-86.30163, 12.13415], [-86.30165, 12.13442], [-86.30168, 12.13465], [-86.30174, 12.13491], [-86.30218, 12.13623], [-86.30218, 12.13623], [-86.3016, 12.13631], [-86.30113, 12.1364], [-86.30067, 12.13647], [-86.30023, 12.13655], [-86.30062, 12.13861], [-86.30055, 12.13823], [-86.30048, 12.13783], [-86.30041, 12.13744], [-86.30034, 12.13705], [-86.30026, 12.13667], [-86.30023, 12.13655], [-86.30063, 12.13864], [-86.30062, 12.13861], [-86.30064, 12.1387], [-86.30063, 12.13864], [-86.30064, 12.13875], [-86.30064, 12.1387], [-86.30066, 12.13883], [-86.30064, 12.13875], [-86.30066, 12.13883], [-86.30137, 12.1387], [-86.30189, 12.13861], [-86.30208, 12.13858], [-86.30208, 12.13858], [-86.30207, 12.13851], [-86.30207, 12.13839], [-86.30208, 12.13813], [-86.30216, 12.13707], [-86.30426, 12.13533], [-86.30406, 12.13552], [-86.30385, 12.1357], [-86.30347, 12.13602], [-86.3032, 12.13621], [-86.30286, 12.13649], [-86.30253, 12.13677], [-86.30216, 12.13707], [-86.30426, 12.13533], [-86.30431, 12.13548], [-86.30452, 12.13677], [-86.30604, 12.13651], [-86.30591, 12.13653], [-86.30537, 12.13662], [-86.30489, 12.1367], [-86.30452, 12.13677], [-86.30604, 12.13651], [-86.30607, 12.13685], [-86.30607, 12.13692], [-86.3061, 12.13719], [-86.30612, 12.13736], [-86.30614, 12.13757], [-86.30616, 12.1378], [-86.30617, 12.13784], [-86.30618, 12.13791], [-86.30618, 12.13791], [-86.3063, 12.13789], [-86.3063, 12.13789], [-86.30652, 12.13785], [-86.30675, 12.13781], [-86.30691, 12.13778], [-86.30704, 12.13775], [-86.30704, 12.13775], [-86.30717, 12.13771], [-86.30727, 12.13767], [-86.30738, 12.13763], [-86.30738, 12.13763], [-86.30756, 12.13753], [-86.30771, 12.13744], [-86.30785, 12.13734], [-86.30793, 12.13728], [-86.30802, 12.13719], [-86.30805, 12.13715], [-86.30817, 12.137], [-86.30835, 12.13675], [-86.30835, 12.13675], [-86.30852, 12.13633], [-86.30868, 12.13581], [-86.30964, 12.13329], [-86.30933, 12.13409], [-86.30899, 12.135], [-86.30868, 12.13581], [-86.30982, 12.13273], [-86.30964, 12.13329], [-86.30982, 12.13273], [-86.3096, 12.13272], [-86.30945, 12.13273], [-86.30945, 12.13273], [-86.30933, 12.13274], [-86.30922, 12.13275], [-86.30888, 12.13279], [-86.30873, 12.13281], [-86.30865, 12.13284], [-86.30861, 12.13285], [-86.30852, 12.1329], [-86.30821, 12.1331], [-86.30815, 12.13315], [-86.30811, 12.1332], [-86.30807, 12.13329], [-86.30789, 12.13368], [-86.30775, 12.13402], [-86.30765, 12.13426], [-86.30765, 12.13426], [-86.30741, 12.13425], [-86.30719, 12.13423], [-86.30698, 12.1342], [-86.30681, 12.13416], [-86.30676, 12.13415], [-86.30643, 12.13405], [-86.30622, 12.134], [-86.30586, 12.1339], [-86.30579, 12.13387], [-86.30575, 12.13384], [-86.30574, 12.13382], [-86.30572, 12.13368], [-86.30371, 12.13267], [-86.30367, 12.13215], [-86.30447, 12.13223], [-86.30501, 12.13179], [-86.30516, 12.13185], [-86.30507, 12.13229], [-86.30577, 12.13292], [-86.30546, 12.13324], [-86.30572, 12.13368], [-86.30371, 12.13267], [-86.30359, 12.13268], [-86.30312, 12.13278], [-86.30277, 12.13286], [-86.3025, 12.13295], [-86.30222, 12.13307], [-86.30213, 12.1331], [-86.30206, 12.1331]]]]}}, {"type": "Feature", "properties": {"nombre": "Anexo Batahola Sur", "tipo": "barrio"}, "geometry": {"type": "Polygon", "coordinates": [[[-86.30208, 12.13858], [-86.30359, 12.13833], [-86.30208, 12.13858], [-86.30207, 12.13851], [-86.30207, 12.13839], [-86.30208, 12.13813], [-86.30216, 12.13707], [-86.30426, 12.13533], [-86.30406, 12.13552], [-86.30385, 12.1357], [-86.30347, 12.13602], [-86.3032, 12.13621], [-86.30286, 12.13649], [-86.30253, 12.13677], [-86.30216, 12.13707], [-86.30426, 12.13533], [-86.30431, 12.13548], [-86.30452, 12.13677], [-86.30452, 12.13677], [-86.30456, 12.13711], [-86.30463, 12.13742], [-86.3047, 12.1378], [-86.30474, 12.13808], [-86.30475, 12.13814], [-86.30474, 12.13808], [-86.30451, 12.13818], [-86.30475, 12.13814], [-86.30403, 12.13826], [-86.30451, 12.13818], [-86.30359, 12.13833], [-86.30403, 12.13826], [-86.30208, 12.13858]]]}}, {"type": "Feature", "properties": {"nombre": "Embusa 1 y 2", "tipo": "barrio"}, "geometry": {"type": "Polygon", "coordinates": [[[-86.29784, 12.13918], [-86.2977, 12.13936], [-86.2975, 12.13967], [-86.29969, 12.13314], [-86.29964, 12.13343], [-86.29961, 12.13368], [-86.2996, 12.13374], [-86.29955, 12.13403], [-86.29949, 12.13435], [-86.29946, 12.13446], [-86.29942, 12.13472], [-86.29925, 12.13562], [-86.29919, 12.13599], [-86.29911, 12.13637], [-86.29903, 12.13682], [-86.2989, 12.1373], [-86.29884, 12.13748], [-86.29881, 12.13756], [-86.29876, 12.1377], [-86.29873, 12.13776], [-86.29854, 12.13814], [-86.29833, 12.13852], [-86.29828, 12.1386], [-86.298, 12.13895], [-86.29784, 12.13918], [-86.29969, 12.13314], [-86.29986, 12.13312], [-86.3, 12.13311], [-86.30019, 12.1331], [-86.30051, 12.13311], [-86.30074, 12.13314], [-86.30093, 12.13315], [-86.30093, 12.13315], [-86.30128, 12.13313], [-86.30136, 12.13313], [-86.30144, 12.13314], [-86.30168, 12.1332], [-86.30175, 12.1332], [-86.30181, 12.13318], [-86.30187, 12.13315], [-86.30187, 12.13315], [-86.3018, 12.13334], [-86.30172, 12.13362], [-86.30167, 12.13383], [-86.30164, 12.13397], [-86.30163, 12.13415], [-86.30165, 12.13442], [-86.30168, 12.13465], [-86.30174, 12.13491], [-86.30218, 12.13623], [-86.30218, 12.13623], [-86.3016, 12.13631], [-86.30113, 12.1364], [-86.30067, 12.13647], [-86.30023, 12.13655], [-86.30062, 12.13861], [-86.30055, 12.13823], [-86.30048, 12.13783], [-86.30041, 12.13744], [-86.30034, 12.13705], [-86.30026, 12.13667], [-86.30023, 12.13655], [-86.30063, 12.13864], [-86.30062, 12.13861], [-86.30064, 12.1387], [-86.30063, 12.13864], [-86.30064, 12.13875], [-86.30064, 12.1387], [-86.30066, 12.13883], [-86.30064, 12.13875], [-86.30019, 12.13891], [-86.30047, 12.13886], [-86.30066, 12.13883], [-86.29948, 12.13902], [-86.30007, 12.13893], [-86.30019, 12.13891], [-86.29805, 12.13938], [-86.29819, 12.13932], [-86.29838, 12.13925], [-86.29859, 12.13918], [-86.29879, 12.13914], [-86.29948, 12.13902], [-86.2975, 12.13967], [-86.29772, 12.13956], [-86.29785, 12.13948], [-86.29805, 12.13938], [-86.29784, 12.13918]]]}}, {"type": "Feature", "properties": {"nombre": "Llamas de Bosque", "tipo": "barrio"}, "geometry": {"type": "Polygon", "coordinates": [[[-86.30475, 12.13814], [-86.30618, 12.13791], [-86.30475, 12.13814], [-86.30474, 12.13808], [-86.30452, 12.13677], [-86.30456, 12.13711], [-86.30463, 12.13742], [-86.3047, 12.1378], [-86.30474, 12.13808], [-86.30604, 12.13651], [-86.30591, 12.13653], [-86.30537, 12.13662], [-86.30489, 12.1367], [-86.30452, 12.13677], [-86.30604, 12.13651], [-86.30607, 12.13685], [-86.30607, 12.13692], [-86.3061, 12.13719], [-86.30612, 12.13736], [-86.30614, 12.13757], [-86.30616, 12.1378], [-86.30617, 12.13784], [-86.30618, 12.13791], [-86.30475, 12.13814]]]}}, {"type": "Feature", "properties": {"nombre": "David Tejada", "tipo": "barrio"}, "geometry": {"type": "Polygon", "coordinates": [[[-86.31084, 12.12927], [-86.31103, 12.12953], [-86.31084, 12.12927], [-86.31092, 12.12903], [-86.31062, 12.12866], [-86.31032, 12.12824], [-86.31015, 12.12805], [-86.3096, 12.12747], [-86.30938, 12.1273], [-86.30902, 12.12707], [-86.30858, 12.12685], [-86.30819, 12.12671], [-86.30819, 12.12671], [-86.30805, 12.12673], [-86.30748, 12.12659], [-86.30692, 12.12659], [-86.3063, 12.12666], [-86.30576, 12.12694], [-86.3056, 12.12663], [-86.31098, 12.12871], [-86.31075, 12.12845], [-86.31056, 12.12816], [-86.31039, 12.1279], [-86.31019, 12.12768], [-86.3099, 12.12738], [-86.30951, 12.12706], [-86.30922, 12.12687], [-86.30891, 12.1267], [-86.30869, 12.12661], [-86.30844, 12.12652], [-86.30814, 12.12643], [-86.30761, 12.12636], [-86.3071, 12.12632], [-86.3069, 12.12632], [-86.3067, 12.12633], [-86.3064, 12.12639], [-86.30623, 12.12642], [-86.30604, 12.12648], [-86.3056, 12.12663], [-86.31098, 12.12871], [-86.31102, 12.12877], [-86.31128, 12.12888], [-86.31102, 12.12877], [-86.31123, 12.12901], [-86.31128, 12.12888], [-86.3112, 12.1291], [-86.31123, 12.12901], [-86.31103, 12.12953], [-86.3112, 12.1291], [-86.31084, 12.12927]]]}}, {"type": "Feature", "properties": {"nombre": "Daniel Chavarría", "tipo": "barrio"}, "geometry": {"type": "Polygon", "coordinates": [[[-86.30149, 12.12976], [-86.3014, 12.12974], [-86.30117, 12.12939], [-86.3014, 12.12974], [-86.30117, 12.12939], [-86.3011, 12.12951], [-86.30088, 12.12991], [-86.30078, 12.13005], [-86.30056, 12.13039], [-86.3004, 12.13061], [-86.30016, 12.13094], [-86.30007, 12.13106], [-86.30007, 12.13106], [-86.30034, 12.13122], [-86.30034, 12.13122], [-86.30028, 12.13132], [-86.30028, 12.13132], [-86.3002, 12.13147], [-86.30015, 12.13155], [-86.30015, 12.13155], [-86.30011, 12.13162], [-86.30011, 12.13162], [-86.3001, 12.13165], [-86.3001, 12.13165], [-86.30004, 12.13177], [-86.29992, 12.13203], [-86.29992, 12.13203], [-86.2998, 12.13232], [-86.29974, 12.13251], [-86.2997, 12.13271], [-86.2997, 12.13271], [-86.29969, 12.13282], [-86.29969, 12.13294], [-86.2997, 12.13305], [-86.2997, 12.13305], [-86.29969, 12.13314], [-86.29969, 12.13314], [-86.29986, 12.13312], [-86.3, 12.13311], [-86.30019, 12.1331], [-86.30051, 12.13311], [-86.30074, 12.13314], [-86.30093, 12.13315], [-86.30093, 12.13315], [-86.30037, 12.13285], [-86.30101, 12.13148], [-86.30162, 12.13155], [-86.30174, 12.13177], [-86.30193, 12.13167], [-86.30193, 12.13167], [-86.3018, 12.1312], [-86.3018, 12.1311], [-86.30187, 12.1309], [-86.30195, 12.1307], [-86.30197, 12.13061], [-86.30196, 12.13052], [-86.30178, 12.12994], [-86.30171, 12.12986], [-86.30163, 12.12981], [-86.30149, 12.12976]]]}}, {"type": "Feature", "properties": {"nombre": "Bella Vista Anexo", "tipo": "barrio"}, "geometry": {"type": "Polygon", "coordinates": [[[-86.30912, 12.14567], [-86.30925, 12.14571], [-86.30842, 12.14566], [-86.30884, 12.14566], [-86.30907, 12.14569], [-86.30912, 12.14567], [-86.30842, 12.14566], [-86.30846, 12.14459], [-86.30846, 12.14459], [-86.31004, 12.14433], [-86.30986, 12.14517], [-86.31007, 12.14513], [-86.31015, 12.14498], [-86.31004, 12.14433], [-86.30925, 12.14571], [-86.30929, 12.14525], [-86.30986, 12.14517], [-86.30912, 12.14567]]]}}, {"type": "Feature", "properties": {"nombre": "Juan Emilio Menocal", "tipo": "barrio"}, "geometry": {"type": "Polygon", "coordinates": [[[-86.30663, 12.14562], [-86.30718, 12.14563], [-86.30755, 12.14565], [-86.30787, 12.14565], [-86.30842, 12.14566], [-86.30663, 12.14562], [-86.30666, 12.14489], [-86.30846, 12.14459], [-86.30666, 12.14489], [-86.30842, 12.14566], [-86.30846, 12.14459], [-86.30663, 12.14562]]]}}, {"type": "Feature", "properties": {"nombre": "Linda Vista Sur", "tipo": "barrio"}, "geometry": {"type": "Polygon", "coordinates": [[[-86.30497, 12.15266], [-86.30451, 12.15275], [-86.30506, 12.15264], [-86.30497, 12.15266], [-86.30536, 12.15257], [-86.30516, 12.15262], [-86.30506, 12.15264], [-86.3057, 12.15249], [-86.30536, 12.15257], [-86.30699, 12.15217], [-86.30658, 12.15227], [-86.30645, 12.1523], [-86.30642, 12.15231], [-86.30597, 12.15242], [-86.3057, 12.15249], [-86.30782, 12.15196], [-86.30767, 12.152], [-86.30763, 12.15201], [-86.30713, 12.15213], [-86.30699, 12.15217], [-86.30782, 12.15196], [-86.30781, 12.15094], [-86.30749, 12.15091], [-86.30749, 12.14964], [-86.3074, 12.14892], [-86.3074, 12.14892], [-86.30694, 12.1489], [-86.30693, 12.14913], [-86.30651, 12.14912], [-86.30649, 12.15001], [-86.30464, 12.14994], [-86.30474, 12.14994], [-86.30526, 12.14996], [-86.30532, 12.14996], [-86.30541, 12.14997], [-86.30556, 12.14997], [-86.30649, 12.15001], [-86.30464, 12.14994], [-86.30461, 12.15054], [-86.3046, 12.15067], [-86.30459, 12.1508], [-86.30459, 12.15087], [-86.30459, 12.15098], [-86.30458, 12.1512], [-86.30457, 12.15131], [-86.30456, 12.15143], [-86.30455, 12.15164], [-86.30454, 12.15191], [-86.30452, 12.15228], [-86.30452, 12.15236], [-86.30452, 12.15236], [-86.30451, 12.15275], [-86.30497, 12.15266]]]}}, {"type": "Feature", "properties": {"nombre": "Loma Verde", "tipo": "barrio"}, "geometry": {"type": "Polygon", "coordinates": [[[-86.3074, 12.1483], [-86.30654, 12.14826], [-86.30562, 12.14821], [-86.30482, 12.14817], [-86.30472, 12.14816], [-86.30472, 12.14816], [-86.30468, 12.14903], [-86.30464, 12.14978], [-86.30464, 12.14994], [-86.30464, 12.14994], [-86.30474, 12.14994], [-86.30526, 12.14996], [-86.30532, 12.14996], [-86.30541, 12.14997], [-86.30556, 12.14997], [-86.30649, 12.15001], [-86.3074, 12.14892], [-86.30694, 12.1489], [-86.30693, 12.14913], [-86.30651, 12.14912], [-86.30649, 12.15001], [-86.3074, 12.14892], [-86.3074, 12.1483]]]}}, {"type": "Feature", "properties": {"nombre": "Los Arcos", "tipo": "barrio"}, "geometry": {"type": "Polygon", "coordinates": [[[-86.3109, 12.1512], [-86.31076, 12.15124], [-86.31052, 12.15129], [-86.31047, 12.15131], [-86.3095, 12.15155], [-86.30912, 12.15164], [-86.30908, 12.15165], [-86.30905, 12.15166], [-86.30899, 12.15167], [-86.30894, 12.15169], [-86.30842, 12.15181], [-86.30823, 12.15186], [-86.30814, 12.15188], [-86.30782, 12.15196], [-86.30782, 12.15196], [-86.30781, 12.15094], [-86.30749, 12.15091], [-86.30749, 12.14964], [-86.3074, 12.14892], [-86.3074, 12.14892], [-86.3074, 12.1483], [-86.3074, 12.1483], [-86.30745, 12.1474], [-86.3081, 12.14742], [-86.30745, 12.1474], [-86.30833, 12.14744], [-86.3081, 12.14742], [-86.30833, 12.14744], [-86.30835, 12.14735], [-86.30832, 12.14724], [-86.30836, 12.14713], [-86.30836, 12.14706], [-86.30837, 12.14696], [-86.30844, 12.14685], [-86.30849, 12.14676], [-86.30857, 12.14659], [-86.30859, 12.14653], [-86.30861, 12.14646], [-86.30867, 12.1464], [-86.30873, 12.14637], [-86.30875, 12.1463], [-86.30882, 12.14623], [-86.30891, 12.14617], [-86.30896, 12.14608], [-86.30904, 12.14601], [-86.30914, 12.14591], [-86.30919, 12.14585], [-86.30925, 12.14571], [-86.30925, 12.14571], [-86.30929, 12.14525], [-86.30986, 12.14517], [-86.31135, 12.14488], [-86.31142, 12.14438], [-86.31118, 12.14434], [-86.31137, 12.14342], [-86.31105, 12.14336], [-86.31099, 12.14376], [-86.31094, 12.14385], [-86.31083, 12.14394], [-86.31076, 12.14437], [-86.31072, 12.14474], [-86.31054, 12.14517], [-86.31022, 12.14536], [-86.31003, 12.14537], [-86.30995, 12.14533], [-86.30986, 12.14517], [-86.31067, 12.14896], [-86.30896, 12.14889], [-86.30897, 12.14744], [-86.30862, 12.14744], [-86.3091, 12.14619], [-86.3098, 12.14599], [-86.31031, 12.14594], [-86.31042, 12.14598], [-86.31116, 12.14589], [-86.31135, 12.14488], [-86.31086, 12.15096], [-86.31083, 12.15066], [-86.31076, 12.14979], [-86.31073, 12.14948], [-86.31071, 12.14921], [-86.31067, 12.14896], [-86.3109, 12.1512], [-86.31088, 12.1511], [-86.31086, 12.15096], [-86.3109, 12.1512]]]}}, {"type": "Feature", "properties": {"nombre": "Oscar Robelo", "tipo": "barrio"}, "geometry": {"type": "Polygon", "coordinates": [[[-86.30574, 12.14557], [-86.30663, 12.14562], [-86.30574, 12.14557], [-86.30569, 12.14645], [-86.30569, 12.14645], [-86.30527, 12.14643], [-86.30478, 12.14641], [-86.30489, 12.1444], [-86.30486, 12.14495], [-86.30482, 12.14552], [-86.30481, 12.14584], [-86.3048, 12.14608], [-86.30478, 12.14641], [-86.30489, 12.1444], [-86.30539, 12.14428], [-86.30577, 12.14419], [-86.30666, 12.14489], [-86.30636, 12.14494], [-86.30625, 12.14418], [-86.30577, 12.14419], [-86.30663, 12.14562], [-86.30666, 12.14489], [-86.30574, 12.14557]]]}}, {"type": "Feature", "properties": {"nombre": "Sector El Seminario", "tipo": "barrio"}, "geometry": {"type": "Polygon", "coordinates": [[[-86.30846, 12.14459], [-86.31004, 12.14433], [-86.30846, 12.14459], [-86.30666, 12.14489], [-86.30666, 12.14489], [-86.30636, 12.14494], [-86.30625, 12.14418], [-86.30577, 12.14419], [-86.30851, 12.14235], [-86.3062, 12.14378], [-86.30621, 12.14402], [-86.30577, 12.14416], [-86.30577, 12.14419], [-86.31004, 12.14433], [-86.30996, 12.14384], [-86.30969, 12.14374], [-86.30939, 12.14243], [-86.30851, 12.14235], [-86.30846, 12.14459]]]}}, {"type": "Feature", "properties": {"nombre": "Sector Laguna de Asososca", "tipo": "barrio"}, "geometry": {"type": "MultiPolygon", "coordinates": [[[[-86.30524, 12.14335], [-86.30506, 12.14363], [-86.30496, 12.1438], [-86.30744, 12.14033], [-86.30738, 12.14045], [-86.30722, 12.14071], [-86.30699, 12.14103], [-86.30696, 12.14108], [-86.30675, 12.14134], [-86.30631, 12.14194], [-86.306, 12.14234], [-86.30524, 12.14335], [-86.30777, 12.1387], [-86.30777, 12.13885], [-86.30776, 12.13902], [-86.30776, 12.13915], [-86.30775, 12.13928], [-86.30775, 12.13936], [-86.30773, 12.13944], [-86.30771, 12.13956], [-86.30768, 12.13971], [-86.30761, 12.13993], [-86.30758, 12.14], [-86.30756, 12.14005], [-86.30744, 12.14033], [-86.30777, 12.1387], [-86.3078, 12.13849], [-86.30782, 12.13832], [-86.30787, 12.13802], [-86.30798, 12.1377], [-86.3081, 12.13741], [-86.3081, 12.13741], [-86.30827, 12.13695], [-86.30835, 12.13675], [-86.30835, 12.13675], [-86.30914, 12.13657], [-86.30997, 12.13873], [-86.30984, 12.13841], [-86.30977, 12.1381], [-86.30972, 12.13775], [-86.30964, 12.13661], [-86.30953, 12.13653], [-86.30914, 12.13657], [-86.30851, 12.14235], [-86.30838, 12.14084], [-86.30899, 12.14081], [-86.30902, 12.14066], [-86.30977, 12.1405], [-86.30974, 12.13975], [-86.31002, 12.13971], [-86.30997, 12.13873], [-86.30851, 12.14235], [-86.3062, 12.14378], [-86.30621, 12.14402], [-86.30577, 12.14416], [-86.30577, 12.14419], [-86.30489, 12.1444], [-86.30539, 12.14428], [-86.30577, 12.14419], [-86.30496, 12.1438], [-86.30495, 12.14384], [-86.30492, 12.14395], [-86.3049, 12.14409], [-86.30489, 12.1444], [-86.30524, 12.14335]]], [[[-86.30981, 12.13322], [-86.3101, 12.13321], [-86.31049, 12.13308], [-86.31054, 12.13307], [-86.31068, 12.13307], [-86.31083, 12.13307], [-86.31106, 12.133], [-86.31136, 12.13292], [-86.31174, 12.13281], [-86.31194, 12.13251], [-86.31234, 12.13246], [-86.31245, 12.13251], [-86.31281, 12.13279], [-86.31287, 12.13282], [-86.31331, 12.13279], [-86.31335, 12.13279], [-86.31369, 12.13272], [-86.31369, 12.13272], [-86.31404, 12.13268], [-86.31438, 12.13265], [-86.31469, 12.13259], [-86.31469, 12.13259], [-86.31518, 12.1325], [-86.31536, 12.13246], [-86.31554, 12.13242], [-86.31598, 12.13231], [-86.31598, 12.13231], [-86.31693, 12.13212], [-86.31723, 12.13213], [-86.31762, 12.13219], [-86.31851, 12.13251], [-86.31903, 12.13264], [-86.31999, 12.13286], [-86.31999, 12.13286], [-86.32015, 12.13294], [-86.3204, 12.13313], [-86.32069, 12.13338], [-86.32091, 12.13358], [-86.32111, 12.13388], [-86.32127, 12.13409], [-86.32168, 12.13525], [-86.32183, 12.13555], [-86.322, 12.13578], [-86.32224, 12.13597], [-86.32256, 12.13614], [-86.32256, 12.13614], [-86.32297, 12.14216], [-86.32297, 12.14216], [-86.31617, 12.14256], [-86.31643, 12.14659], [-86.31643, 12.14659], [-86.31473, 12.14706], [-86.31473, 12.14706], [-86.31424, 12.1472], [-86.31421, 12.14651], [-86.3128, 12.14656], [-86.31266, 12.14489], [-86.31135, 12.14488], [-86.31135, 12.14488], [-86.31142, 12.14438], [-86.31118, 12.14434], [-86.31137, 12.14342], [-86.31105, 12.14336], [-86.31099, 12.14376], [-86.31094, 12.14385], [-86.31083, 12.14394], [-86.31076, 12.14437], [-86.31072, 12.14474], [-86.31054, 12.14517], [-86.31022, 12.14536], [-86.31003, 12.14537], [-86.30995, 12.14533], [-86.30986, 12.14517], [-86.30986, 12.14517], [-86.31007, 12.14513], [-86.31015, 12.14498], [-86.31004, 12.14433], [-86.31004, 12.14433], [-86.30996, 12.14384], [-86.30969, 12.14374], [-86.30939, 12.14243], [-86.30851, 12.14235], [-86.30851, 12.14235], [-86.30838, 12.14084], [-86.30899, 12.14081], [-86.30902, 12.14066], [-86.30977, 12.1405], [-86.30974, 12.13975], [-86.31002, 12.13971], [-86.30997, 12.13873], [-86.30997, 12.13873], [-86.30984, 12.13841], [-86.30977, 12.1381], [-86.30972, 12.13775], [-86.30964, 12.13661], [-86.30953, 12.13653], [-86.30914, 12.13657], [-86.30914, 12.13657], [-86.30862, 12.13662], [-86.30981, 12.13322]]]]}}, {"type": "Feature", "properties": {"nombre": "Sector Industrial Sur", "tipo": "barrio"}, "geometry": {"type": "Polygon", "coordinates": [[[-86.32224, 12.15076], [-86.32236, 12.15078], [-86.3227, 12.15083], [-86.32304, 12.15088], [-86.32063, 12.15036], [-86.3211, 12.15048], [-86.32124, 12.15052], [-86.32144, 12.15057], [-86.32161, 12.15061], [-86.32201, 12.1507], [-86.32216, 12.15074], [-86.32224, 12.15076], [-86.31974, 12.15012], [-86.3199, 12.15017], [-86.32023, 12.15026], [-86.32031, 12.15028], [-86.32063, 12.15036], [-86.31958, 12.15007], [-86.31974, 12.15012], [-86.31854, 12.1497], [-86.31901, 12.14987], [-86.31958, 12.15007], [-86.31835, 12.14675], [-86.31854, 12.1497], [-86.31835, 12.14675], [-86.31735, 12.14652], [-86.31714, 12.14647], [-86.31643, 12.14659], [-86.32297, 12.14216], [-86.31617, 12.14256], [-86.31643, 12.14659], [-86.32297, 12.14216], [-86.32338, 12.14785], [-86.32298, 12.14789], [-86.32304, 12.15088], [-86.32224, 12.15076]]]}}, {"type": "Feature", "properties": {"nombre": "Sector Paseo Las Brisas", "tipo": "barrio"}, "geometry": {"type": "Polygon", "coordinates": [[[-86.31375, 12.15054], [-86.31403, 12.15047], [-86.31436, 12.15039], [-86.31446, 12.15037], [-86.3149, 12.15025], [-86.3135, 12.1506], [-86.3136, 12.15058], [-86.31375, 12.15054], [-86.3135, 12.1506], [-86.31317, 12.15068], [-86.31298, 12.15072], [-86.31287, 12.15075], [-86.31223, 12.15089], [-86.31187, 12.15098], [-86.31154, 12.15105], [-86.31109, 12.15116], [-86.31109, 12.15116], [-86.3109, 12.1512], [-86.3109, 12.1512], [-86.31088, 12.1511], [-86.31086, 12.15096], [-86.31086, 12.15096], [-86.31083, 12.15066], [-86.31076, 12.14979], [-86.31073, 12.14948], [-86.31071, 12.14921], [-86.31067, 12.14896], [-86.31067, 12.14896], [-86.30896, 12.14889], [-86.30897, 12.14744], [-86.30862, 12.14744], [-86.3091, 12.14619], [-86.3098, 12.14599], [-86.31031, 12.14594], [-86.31042, 12.14598], [-86.31116, 12.14589], [-86.31135, 12.14488], [-86.31473, 12.14706], [-86.31424, 12.1472], [-86.31421, 12.14651], [-86.3128, 12.14656], [-86.31266, 12.14489], [-86.31135, 12.14488], [-86.3149, 12.15025], [-86.31473, 12.14706], [-86.31375, 12.15054]]]}}, {"type": "Feature", "properties": {"nombre": "Ulasa", "tipo": "barrio"}, "geometry": {"type": "Polygon", "coordinates": [[[-86.31694, 12.14971], [-86.31741, 12.14956], [-86.31757, 12.14952], [-86.31777, 12.1495], [-86.31792, 12.14951], [-86.31808, 12.14954], [-86.31829, 12.14962], [-86.31854, 12.1497], [-86.3162, 12.14992], [-86.31668, 12.14979], [-86.31694, 12.14971], [-86.3149, 12.15025], [-86.31586, 12.15001], [-86.3162, 12.14992], [-86.3149, 12.15025], [-86.31473, 12.14706], [-86.31643, 12.14659], [-86.31473, 12.14706], [-86.31835, 12.14675], [-86.31735, 12.14652], [-86.31714, 12.14647], [-86.31643, 12.14659], [-86.31835, 12.14675], [-86.31854, 12.1497], [-86.31694, 12.14971]]]}}, {"type": "Feature", "properties": {"nombre": "La Chureca", "tipo": "barrio"}, "geometry": {"type": "Polygon", "coordinates": [[[-86.30592, 12.16204], [-86.30997, 12.16231], [-86.30508, 12.16199], [-86.30592, 12.16204], [-86.30508, 12.16199], [-86.30506, 12.16245], [-86.30356, 12.16388], [-86.30239, 12.16343], [-86.30218, 12.16356], [-86.30218, 12.16356], [-86.30097, 12.16437], [-86.30083, 12.16437], [-86.30045, 12.16422], [-86.30031, 12.1642], [-86.30018, 12.16548], [-86.30018, 12.16559], [-86.30023, 12.16583], [-86.30059, 12.16612], [-86.30091, 12.16632], [-86.30091, 12.16632], [-86.30118, 12.16649], [-86.30151, 12.16667], [-86.3018, 12.16686], [-86.30207, 12.16707], [-86.30242, 12.16743], [-86.30264, 12.16764], [-86.30268, 12.16771], [-86.30305, 12.16807], [-86.30345, 12.16846], [-86.30381, 12.16883], [-86.30424, 12.16915], [-86.30454, 12.16934], [-86.30485, 12.16948], [-86.3052, 12.16958], [-86.30549, 12.16962], [-86.30587, 12.1696], [-86.30619, 12.16952], [-86.30653, 12.16939], [-86.30699, 12.16922], [-86.30739, 12.16911], [-86.30786, 12.16896], [-86.30846, 12.16873], [-86.30877, 12.16858], [-86.30902, 12.16845], [-86.30927, 12.16832], [-86.30944, 12.16826], [-86.30958, 12.16826], [-86.30974, 12.16831], [-86.30987, 12.16837], [-86.31002, 12.16845], [-86.31011, 12.16846], [-86.31023, 12.16846], [-86.31034, 12.16842], [-86.31046, 12.16838], [-86.31059, 12.16832], [-86.31069, 12.16825], [-86.31079, 12.16817], [-86.31089, 12.16808], [-86.31099, 12.16799], [-86.31112, 12.16789], [-86.31123, 12.16784], [-86.31133, 12.16781], [-86.31133, 12.16781], [-86.30997, 12.16231], [-86.30592, 12.16204]]]}}, {"type": "Feature", "properties": {"nombre": "Sector Cerro Los Martínez", "tipo": "barrio"}, "geometry": {"type": "Polygon", "coordinates": [[[-86.31694, 12.14971], [-86.31741, 12.14956], [-86.31757, 12.14952], [-86.31777, 12.1495], [-86.31792, 12.14951], [-86.31808, 12.14954], [-86.31829, 12.14962], [-86.31854, 12.1497], [-86.31854, 12.1497], [-86.31901, 12.14987], [-86.31958, 12.15007], [-86.31958, 12.15007], [-86.31974, 12.15012], [-86.31974, 12.15012], [-86.31973, 12.15025], [-86.31974, 12.15034], [-86.31977, 12.15043], [-86.31998, 12.15097], [-86.32003, 12.15112], [-86.32005, 12.15128], [-86.32008, 12.15202], [-86.32006, 12.1521], [-86.32134, 12.15575], [-86.32097, 12.15552], [-86.3208, 12.1554], [-86.3206, 12.15524], [-86.32013, 12.15477], [-86.31996, 12.1546], [-86.31981, 12.15439], [-86.31969, 12.15414], [-86.31965, 12.15397], [-86.31964, 12.15382], [-86.31966, 12.15331], [-86.31966, 12.15305], [-86.31969, 12.15287], [-86.31985, 12.15228], [-86.31988, 12.15222], [-86.31993, 12.15219], [-86.32, 12.15215], [-86.32006, 12.1521], [-86.32296, 12.15955], [-86.32308, 12.1594], [-86.32317, 12.15917], [-86.32324, 12.1589], [-86.32326, 12.1587], [-86.32322, 12.15842], [-86.32317, 12.15827], [-86.3231, 12.1581], [-86.32283, 12.15763], [-86.32267, 12.15728], [-86.32255, 12.15699], [-86.32246, 12.15682], [-86.32207, 12.15627], [-86.32183, 12.15604], [-86.32134, 12.15575], [-86.32296, 12.15955], [-86.3228, 12.15962], [-86.32265, 12.15964], [-86.32174, 12.15958], [-86.32111, 12.15958], [-86.32077, 12.15963], [-86.32045, 12.15972], [-86.32008, 12.15988], [-86.31977, 12.16006], [-86.31932, 12.16035], [-86.31869, 12.16074], [-86.31858, 12.16082], [-86.31807, 12.16115], [-86.31785, 12.16128], [-86.31756, 12.16143], [-86.31734, 12.16152], [-86.31531, 12.16145], [-86.31576, 12.1616], [-86.31617, 12.16169], [-86.31652, 12.16169], [-86.31658, 12.16168], [-86.31676, 12.16165], [-86.31706, 12.16159], [-86.31734, 12.16152], [-86.31531, 12.16145], [-86.31545, 12.16091], [-86.31594, 12.16059], [-86.31641, 12.16086], [-86.31644, 12.16054], [-86.31644, 12.16054], [-86.31663, 12.16055], [-86.31663, 12.16055], [-86.3169, 12.16053], [-86.31704, 12.1605], [-86.31738, 12.16037], [-86.31738, 12.16037], [-86.31764, 12.16027], [-86.31785, 12.16018], [-86.31795, 12.16016], [-86.31806, 12.16016], [-86.31847, 12.16027], [-86.31847, 12.16027], [-86.31861, 12.15967], [-86.31774, 12.15944], [-86.317, 12.15959], [-86.31637, 12.1601], [-86.31538, 12.15993], [-86.316, 12.15925], [-86.31557, 12.15892], [-86.31515, 12.15931], [-86.31491, 12.15905], [-86.3148, 12.15857], [-86.3147, 12.15781], [-86.3147, 12.15781], [-86.31499, 12.15767], [-86.31504, 12.15763], [-86.31509, 12.15759], [-86.31509, 12.15759], [-86.31586, 12.15784], [-86.3162, 12.15772], [-86.31642, 12.15745], [-86.31644, 12.15667], [-86.31673, 12.15567], [-86.31654, 12.15438], [-86.31625, 12.15394], [-86.31568, 12.15367], [-86.31554, 12.15394], [-86.31488, 12.15365], [-86.31554, 12.15394], [-86.31694, 12.14971], [-86.31705, 12.15023], [-86.31615, 12.15218], [-86.31505, 12.15327], [-86.31488, 12.15365], [-86.31694, 12.14971]]]}}, {"type": "Feature", "properties": {"nombre": "Sector Norte Las Brisas", "tipo": "barrio"}, "geometry": {"type": "Polygon", "coordinates": [[[-86.31445, 12.16109], [-86.31463, 12.16113], [-86.315, 12.16132], [-86.31531, 12.16145], [-86.31217, 12.16023], [-86.31223, 12.1602], [-86.31227, 12.16021], [-86.31322, 12.1606], [-86.31363, 12.16076], [-86.31402, 12.16092], [-86.31445, 12.16109], [-86.30964, 12.15936], [-86.3101, 12.1595], [-86.31058, 12.15967], [-86.31207, 12.16022], [-86.31217, 12.16023], [-86.3059, 12.15938], [-86.30873, 12.15923], [-86.30964, 12.15936], [-86.30592, 12.16204], [-86.30597, 12.16189], [-86.30619, 12.16088], [-86.30606, 12.15944], [-86.3059, 12.15938], [-86.30592, 12.16204], [-86.30997, 12.16231], [-86.30997, 12.16231], [-86.31279, 12.16298], [-86.31449, 12.16232], [-86.31531, 12.16145], [-86.31445, 12.16109]]]}}, {"type": "Feature", "properties": {"nombre": "Sector Occidental Lago Xolotlán", "tipo": "barrio"}, "geometry": {"type": "Polygon", "coordinates": [[[-86.32574, 12.15306], [-86.32581, 12.15307], [-86.32603, 12.15312], [-86.32631, 12.15324], [-86.32654, 12.15336], [-86.32676, 12.15354], [-86.32731, 12.15403], [-86.32792, 12.15468], [-86.32815, 12.15503], [-86.32595, 12.15977], [-86.32546, 12.15947], [-86.32405, 12.15917], [-86.32392, 12.16026], [-86.32389, 12.16081], [-86.32389, 12.16081], [-86.32131, 12.161], [-86.32043, 12.16136], [-86.3167, 12.16334], [-86.31658, 12.16387], [-86.31715, 12.16496], [-86.31697, 12.16597], [-86.31511, 12.16694], [-86.3147, 12.16793], [-86.30662, 12.17117], [-86.30436, 12.17107], [-86.30305, 12.1703], [-86.29826, 12.16567], [-86.29712, 12.1681], [-86.29463, 12.16972], [-86.29382, 12.16778], [-86.29282, 12.16811], [-86.29157, 12.16769], [-86.29093, 12.16671], [-86.29091, 12.16439], [-86.28903, 12.16298], [-86.28633, 12.16295], [-86.28503, 12.16414], [-86.28689, 12.16489], [-86.28759, 12.1665], [-86.28688, 12.16823], [-86.28465, 12.16897], [-86.27691, 12.1651], [-86.27522, 12.16425], [-86.2762, 12.16291], [-86.27522, 12.16425], [-86.28046, 12.16502], [-86.27984, 12.16472], [-86.27934, 12.16447], [-86.27882, 12.16421], [-86.27823, 12.16392], [-86.27771, 12.16365], [-86.27723, 12.16341], [-86.27684, 12.16321], [-86.27671, 12.16318], [-86.27658, 12.16317], [-86.27651, 12.16316], [-86.27645, 12.16314], [-86.27635, 12.16303], [-86.27628, 12.16296], [-86.2762, 12.16291], [-86.28102, 12.16171], [-86.28077, 12.16195], [-86.2804, 12.16243], [-86.28014, 12.16261], [-86.27984, 12.16273], [-86.27977, 12.16289], [-86.27955, 12.163], [-86.2794, 12.16309], [-86.28121, 12.16397], [-86.28046, 12.16502], [-86.28222, 12.16149], [-86.2815, 12.16162], [-86.28102, 12.16171], [-86.28575, 12.16233], [-86.28222, 12.16149], [-86.28575, 12.16233], [-86.28574, 12.16223], [-86.28574, 12.16214], [-86.28578, 12.1621], [-86.28581, 12.16206], [-86.28588, 12.16199], [-86.28593, 12.16198], [-86.28603, 12.16192], [-86.28606, 12.16189], [-86.2863, 12.16189], [-86.28645, 12.1619], [-86.28655, 12.16192], [-86.2866, 12.16193], [-86.28678, 12.16199], [-86.28689, 12.16204], [-86.28696, 12.16208], [-86.287, 12.16211], [-86.28704, 12.16214], [-86.28706, 12.16219], [-86.28706, 12.16223], [-86.28705, 12.16229], [-86.28704, 12.16233], [-86.28704, 12.16236], [-86.28706, 12.16238], [-86.28708, 12.1624], [-86.28714, 12.16245], [-86.28721, 12.16249], [-86.28731, 12.16252], [-86.28744, 12.16255], [-86.28749, 12.16256], [-86.28758, 12.16256], [-86.28769, 12.16257], [-86.28778, 12.16258], [-86.28783, 12.16256], [-86.28787, 12.16251], [-86.28795, 12.16242], [-86.28806, 12.16236], [-86.28812, 12.16235], [-86.28823, 12.16233], [-86.28835, 12.16233], [-86.28848, 12.16236], [-86.2886, 12.1624], [-86.28874, 12.16242], [-86.2889, 12.16244], [-86.28906, 12.16245], [-86.28921, 12.16247], [-86.28931, 12.16251], [-86.28941, 12.16258], [-86.28948, 12.16264], [-86.28954, 12.16266], [-86.28954, 12.16266], [-86.28958, 12.16267], [-86.28963, 12.16269], [-86.28966, 12.16269], [-86.28968, 12.16268], [-86.28971, 12.16267], [-86.28974, 12.16262], [-86.28976, 12.16258], [-86.28978, 12.16254], [-86.28983, 12.16252], [-86.28988, 12.16251], [-86.28994, 12.16251], [-86.28998, 12.16252], [-86.29001, 12.16255], [-86.29005, 12.1626], [-86.29008, 12.16263], [-86.29011, 12.16264], [-86.29013, 12.16264], [-86.29018, 12.16262], [-86.29025, 12.16258], [-86.29034, 12.16255], [-86.29041, 12.16253], [-86.29047, 12.16254], [-86.29056, 12.16258], [-86.29069, 12.16266], [-86.29091, 12.16281], [-86.29107, 12.16297], [-86.29119, 12.16312], [-86.29132, 12.16328], [-86.29139, 12.16335], [-86.29139, 12.16335], [-86.29152, 12.16352], [-86.29166, 12.1637], [-86.29178, 12.16384], [-86.29182, 12.16392], [-86.29183, 12.16399], [-86.29184, 12.16407], [-86.29186, 12.16412], [-86.29191, 12.1642], [-86.29198, 12.16434], [-86.29205, 12.16447], [-86.29208, 12.16463], [-86.29212, 12.16477], [-86.29218, 12.1649], [-86.29225, 12.16502], [-86.29232, 12.16515], [-86.29238, 12.16526], [-86.2924, 12.1654], [-86.2924, 12.16556], [-86.29239, 12.16561], [-86.2924, 12.16575], [-86.29243, 12.16591], [-86.29247, 12.16604], [-86.29255, 12.16618], [-86.29265, 12.16632], [-86.29273, 12.16642], [-86.29282, 12.16648], [-86.29291, 12.16652], [-86.29301, 12.16653], [-86.2931, 12.16651], [-86.29324, 12.16648], [-86.29336, 12.16643], [-86.29348, 12.16637], [-86.29362, 12.16631], [-86.29368, 12.1663], [-86.29377, 12.16629], [-86.29382, 12.16631], [-86.29386, 12.16633], [-86.294, 12.16644], [-86.29412, 12.16661], [-86.29423, 12.16685], [-86.29424, 12.16707], [-86.29412, 12.16719], [-86.29406, 12.16731], [-86.29421, 12.16739], [-86.29435, 12.16749], [-86.29442, 12.16764], [-86.29443, 12.16782], [-86.29449, 12.16799], [-86.29453, 12.16819], [-86.29456, 12.16834], [-86.29454, 12.16844], [-86.29449, 12.16852], [-86.2944, 12.16865], [-86.2944, 12.16876], [-86.29437, 12.16884], [-86.29434, 12.16897], [-86.29443, 12.16911], [-86.29451, 12.16919], [-86.29461, 12.16924], [-86.29471, 12.1693], [-86.29488, 12.16943], [-86.29498, 12.16968], [-86.29497, 12.16978], [-86.295, 12.16988], [-86.29506, 12.16992], [-86.29511, 12.16985], [-86.29522, 12.16967], [-86.29536, 12.16962], [-86.29551, 12.16371], [-86.296, 12.16584], [-86.29575, 12.16758], [-86.29573, 12.16804], [-86.29536, 12.16962], [-86.29707, 12.16268], [-86.29551, 12.16371], [-86.299, 12.162], [-86.29895, 12.16214], [-86.29829, 12.16251], [-86.29763, 12.1625], [-86.29737, 12.16254], [-86.29707, 12.16268], [-86.30096, 12.16182], [-86.30044, 12.162], [-86.299, 12.162], [-86.30096, 12.16182], [-86.30154, 12.16098], [-86.30287, 12.16042], [-86.30333, 12.1603], [-86.30484, 12.16013], [-86.30486, 12.16068], [-86.30518, 12.16094], [-86.30508, 12.16199], [-86.30508, 12.16199], [-86.30506, 12.16245], [-86.30356, 12.16388], [-86.30239, 12.16343], [-86.30218, 12.16356], [-86.30218, 12.16356], [-86.30097, 12.16437], [-86.30083, 12.16437], [-86.30045, 12.16422], [-86.30031, 12.1642], [-86.30018, 12.16548], [-86.30018, 12.16559], [-86.30023, 12.16583], [-86.30059, 12.16612], [-86.30091, 12.16632], [-86.30091, 12.16632], [-86.30118, 12.16649], [-86.30151, 12.16667], [-86.3018, 12.16686], [-86.30207, 12.16707], [-86.30242, 12.16743], [-86.30264, 12.16764], [-86.30268, 12.16771], [-86.30305, 12.16807], [-86.30345, 12.16846], [-86.30381, 12.16883], [-86.30424, 12.16915], [-86.30454, 12.16934], [-86.30485, 12.16948], [-86.3052, 12.16958], [-86.30549, 12.16962], [-86.30587, 12.1696], [-86.30619, 12.16952], [-86.30653, 12.16939], [-86.30699, 12.16922], [-86.30739, 12.16911], [-86.30786, 12.16896], [-86.30846, 12.16873], [-86.30877, 12.16858], [-86.30902, 12.16845], [-86.30927, 12.16832], [-86.30944, 12.16826], [-86.30958, 12.16826], [-86.30974, 12.16831], [-86.30987, 12.16837], [-86.31002, 12.16845], [-86.31011, 12.16846], [-86.31023, 12.16846], [-86.31034, 12.16842], [-86.31046, 12.16838], [-86.31059, 12.16832], [-86.31069, 12.16825], [-86.31079, 12.16817], [-86.31089, 12.16808], [-86.31099, 12.16799], [-86.31112, 12.16789], [-86.31123, 12.16784], [-86.31133, 12.16781], [-86.31133, 12.16781], [-86.30997, 12.16231], [-86.30997, 12.16231], [-86.31279, 12.16298], [-86.31449, 12.16232], [-86.31531, 12.16145], [-86.31531, 12.16145], [-86.31576, 12.1616], [-86.31617, 12.16169], [-86.31652, 12.16169], [-86.31658, 12.16168], [-86.31676, 12.16165], [-86.31706, 12.16159], [-86.31734, 12.16152], [-86.32296, 12.15955], [-86.3228, 12.15962], [-86.32265, 12.15964], [-86.32174, 12.15958], [-86.32111, 12.15958], [-86.32077, 12.15963], [-86.32045, 12.15972], [-86.32008, 12.15988], [-86.31977, 12.16006], [-86.31932, 12.16035], [-86.31869, 12.16074], [-86.31858, 12.16082], [-86.31807, 12.16115], [-86.31785, 12.16128], [-86.31756, 12.16143], [-86.31734, 12.16152], [-86.32296, 12.15955], [-86.32308, 12.1594], [-86.32317, 12.15917], [-86.32324, 12.1589], [-86.32326, 12.1587], [-86.32322, 12.15842], [-86.32317, 12.15827], [-86.3231, 12.1581], [-86.32283, 12.15763], [-86.32267, 12.15728], [-86.32255, 12.15699], [-86.32246, 12.15682], [-86.32207, 12.15627], [-86.32183, 12.15604], [-86.32134, 12.15575], [-86.32574, 12.15306], [-86.32403, 12.15579], [-86.32286, 12.15515], [-86.32309, 12.15474], [-86.32208, 12.15418], [-86.32134, 12.15575], [-86.32574, 12.15306]]]}}, {"type": "Feature", "properties": {"nombre": "Motastepe", "tipo": "barrio"}, "geometry": {"type": "Polygon", "coordinates": [[[-86.31103, 12.12953], [-86.3112, 12.1291], [-86.3112, 12.1291], [-86.31123, 12.12901], [-86.31258, 12.12928], [-86.31247, 12.12925], [-86.31234, 12.12922], [-86.31189, 12.12912], [-86.31123, 12.12901], [-86.3148, 12.12923], [-86.31467, 12.12926], [-86.31425, 12.12935], [-86.31375, 12.12946], [-86.31361, 12.1295], [-86.31354, 12.12952], [-86.31339, 12.12952], [-86.31317, 12.12948], [-86.31298, 12.12943], [-86.31258, 12.12928], [-86.31673, 12.12928], [-86.31637, 12.12933], [-86.31623, 12.1293], [-86.31583, 12.12926], [-86.3152, 12.12918], [-86.31509, 12.12917], [-86.3148, 12.12923], [-86.31673, 12.12928], [-86.31724, 12.12919], [-86.31794, 12.12906], [-86.31827, 12.12904], [-86.31852, 12.12905], [-86.31885, 12.12915], [-86.31954, 12.12952], [-86.31986, 12.12961], [-86.32057, 12.13004], [-86.32093, 12.13027], [-86.32093, 12.13027], [-86.32108, 12.13035], [-86.3216, 12.13055], [-86.32204, 12.13073], [-86.32281, 12.13111], [-86.3215, 12.1311], [-86.31901, 12.13122], [-86.31668, 12.13128], [-86.31644, 12.1313], [-86.31623, 12.13136], [-86.31599, 12.13148], [-86.31569, 12.13168], [-86.31598, 12.13231], [-86.31469, 12.13259], [-86.31518, 12.1325], [-86.31536, 12.13246], [-86.31554, 12.13242], [-86.31598, 12.13231], [-86.31466, 12.1325], [-86.31469, 12.13259], [-86.31438, 12.13251], [-86.31453, 12.1325], [-86.31466, 12.1325], [-86.31277, 12.13155], [-86.31295, 12.1318], [-86.31308, 12.13195], [-86.31325, 12.1321], [-86.31341, 12.13221], [-86.31359, 12.1323], [-86.31375, 12.13238], [-86.3139, 12.13243], [-86.31407, 12.13247], [-86.31422, 12.13249], [-86.31438, 12.13251], [-86.31103, 12.12953], [-86.31112, 12.12962], [-86.31237, 12.13101], [-86.31277, 12.13155], [-86.31103, 12.12953]]]}}, {"type": "Feature", "properties": {"nombre": "Sector Parque Las Piedrecitas", "tipo": "barrio"}, "geometry": {"type": "Polygon", "coordinates": [[[-86.31369, 12.13272], [-86.31404, 12.13268], [-86.31438, 12.13265], [-86.31469, 12.13259], [-86.30981, 12.13322], [-86.3101, 12.13321], [-86.31049, 12.13308], [-86.31054, 12.13307], [-86.31068, 12.13307], [-86.31083, 12.13307], [-86.31106, 12.133], [-86.31136, 12.13292], [-86.31174, 12.13281], [-86.31194, 12.13251], [-86.31234, 12.13246], [-86.31245, 12.13251], [-86.31281, 12.13279], [-86.31287, 12.13282], [-86.31331, 12.13279], [-86.31335, 12.13279], [-86.31369, 12.13272], [-86.30982, 12.13273], [-86.30981, 12.13322], [-86.30982, 12.13273], [-86.31067, 12.13063], [-86.31067, 12.13063], [-86.31103, 12.12953], [-86.31103, 12.12953], [-86.31112, 12.12962], [-86.31237, 12.13101], [-86.31277, 12.13155], [-86.31277, 12.13155], [-86.31295, 12.1318], [-86.31308, 12.13195], [-86.31325, 12.1321], [-86.31341, 12.13221], [-86.31359, 12.1323], [-86.31375, 12.13238], [-86.3139, 12.13243], [-86.31407, 12.13247], [-86.31422, 12.13249], [-86.31438, 12.13251], [-86.31438, 12.13251], [-86.31453, 12.1325], [-86.31466, 12.1325], [-86.31466, 12.1325], [-86.31469, 12.13259], [-86.31369, 12.13272]]]}}, {"type": "Feature", "properties": {"nombre": "Santa Ana Norte", "tipo": "barrio"}, "geometry": {"type": "Polygon", "coordinates": [[[-86.28575, 12.16233], [-86.28574, 12.16223], [-86.28574, 12.16214], [-86.28578, 12.1621], [-86.28581, 12.16206], [-86.28588, 12.16199], [-86.28593, 12.16198], [-86.28603, 12.16192], [-86.28606, 12.16189], [-86.2863, 12.16189], [-86.28645, 12.1619], [-86.28655, 12.16192], [-86.2866, 12.16193], [-86.28678, 12.16199], [-86.28689, 12.16204], [-86.28696, 12.16208], [-86.287, 12.16211], [-86.28704, 12.16214], [-86.28706, 12.16219], [-86.28706, 12.16223], [-86.28705, 12.16229], [-86.28704, 12.16233], [-86.28704, 12.16236], [-86.28706, 12.16238], [-86.28708, 12.1624], [-86.28714, 12.16245], [-86.28721, 12.16249], [-86.28731, 12.16252], [-86.28744, 12.16255], [-86.28749, 12.16256], [-86.28758, 12.16256], [-86.28769, 12.16257], [-86.28778, 12.16258], [-86.28783, 12.16256], [-86.28787, 12.16251], [-86.28795, 12.16242], [-86.28806, 12.16236], [-86.28812, 12.16235], [-86.28823, 12.16233], [-86.28835, 12.16233], [-86.28848, 12.16236], [-86.2886, 12.1624], [-86.28874, 12.16242], [-86.2889, 12.16244], [-86.28906, 12.16245], [-86.28921, 12.16247], [-86.28931, 12.16251], [-86.28941, 12.16258], [-86.28948, 12.16264], [-86.28954, 12.16266], [-86.28954, 12.16091], [-86.28954, 12.16266], [-86.28954, 12.16091], [-86.28955, 12.16058], [-86.28955, 12.16058], [-86.29062, 12.16063], [-86.29062, 12.16063], [-86.29065, 12.15983], [-86.29112, 12.15981], [-86.29067, 12.15983], [-86.29065, 12.15983], [-86.29293, 12.15978], [-86.29257, 12.15978], [-86.29202, 12.15979], [-86.29112, 12.15981], [-86.29395, 12.15978], [-86.29382, 12.15976], [-86.29293, 12.15978], [-86.29408, 12.15988], [-86.29395, 12.15978], [-86.29409, 12.1597], [-86.29408, 12.15988], [-86.29362, 12.15784], [-86.29367, 12.15808], [-86.2939, 12.15889], [-86.29409, 12.1597], [-86.29359, 12.15771], [-86.29362, 12.15784], [-86.29303, 12.15529], [-86.29319, 12.15593], [-86.29356, 12.15751], [-86.29359, 12.15771], [-86.29307, 12.15522], [-86.29303, 12.15529], [-86.29307, 12.15522], [-86.29297, 12.15523], [-86.29297, 12.15523], [-86.29291, 12.15524], [-86.29247, 12.15531], [-86.29247, 12.15531], [-86.29172, 12.15541], [-86.29154, 12.15544], [-86.29154, 12.15544], [-86.2912, 12.15549], [-86.29108, 12.1555], [-86.29088, 12.15553], [-86.29072, 12.15555], [-86.29052, 12.15558], [-86.29018, 12.15563], [-86.28991, 12.15567], [-86.28977, 12.15569], [-86.28977, 12.15569], [-86.28958, 12.15569], [-86.28916, 12.15568], [-86.28865, 12.15566], [-86.28865, 12.15566], [-86.28805, 12.15563], [-86.28797, 12.15562], [-86.28758, 12.15561], [-86.28758, 12.15561], [-86.28745, 12.1556], [-86.28745, 12.1556], [-86.28663, 12.15559], [-86.2862, 12.15742], [-86.28621, 12.15709], [-86.28621, 12.15673], [-86.28621, 12.15673], [-86.28628, 12.15673], [-86.28636, 12.15674], [-86.28663, 12.15674], [-86.28663, 12.15659], [-86.28663, 12.15633], [-86.28663, 12.15623], [-86.28663, 12.15615], [-86.28663, 12.15583], [-86.28663, 12.15559], [-86.2862, 12.15742], [-86.28503, 12.15738], [-86.28421, 12.15733], [-86.28305, 12.15941], [-86.28335, 12.15886], [-86.2834, 12.15878], [-86.28359, 12.15844], [-86.28385, 12.15798], [-86.28421, 12.15733], [-86.2822, 12.16091], [-86.2822, 12.16089], [-86.28221, 12.16087], [-86.28228, 12.16075], [-86.28275, 12.15992], [-86.28305, 12.15941], [-86.28222, 12.16149], [-86.2822, 12.16091], [-86.28575, 12.16233], [-86.28222, 12.16149], [-86.28575, 12.16233]]]}}, {"type": "Feature", "properties": {"nombre": "Acahualinca", "tipo": "barrio"}, "geometry": {"type": "Polygon", "coordinates": [[[-86.29395, 12.15978], [-86.29382, 12.15976], [-86.29293, 12.15978], [-86.29293, 12.15978], [-86.29257, 12.15978], [-86.29202, 12.15979], [-86.29112, 12.15981], [-86.29112, 12.15981], [-86.29067, 12.15983], [-86.29065, 12.15983], [-86.29062, 12.16063], [-86.29065, 12.15983], [-86.28955, 12.16058], [-86.29062, 12.16063], [-86.28954, 12.16091], [-86.28955, 12.16058], [-86.28954, 12.16091], [-86.28954, 12.16266], [-86.28954, 12.16266], [-86.28958, 12.16267], [-86.28963, 12.16269], [-86.28966, 12.16269], [-86.28968, 12.16268], [-86.28971, 12.16267], [-86.28974, 12.16262], [-86.28976, 12.16258], [-86.28978, 12.16254], [-86.28983, 12.16252], [-86.28988, 12.16251], [-86.28994, 12.16251], [-86.28998, 12.16252], [-86.29001, 12.16255], [-86.29005, 12.1626], [-86.29008, 12.16263], [-86.29011, 12.16264], [-86.29013, 12.16264], [-86.29018, 12.16262], [-86.29025, 12.16258], [-86.29034, 12.16255], [-86.29041, 12.16253], [-86.29047, 12.16254], [-86.29056, 12.16258], [-86.29069, 12.16266], [-86.29091, 12.16281], [-86.29107, 12.16297], [-86.29119, 12.16312], [-86.29132, 12.16328], [-86.29139, 12.16335], [-86.29139, 12.16335], [-86.29152, 12.16352], [-86.29166, 12.1637], [-86.29178, 12.16384], [-86.29182, 12.16392], [-86.29183, 12.16399], [-86.29184, 12.16407], [-86.29186, 12.16412], [-86.29191, 12.1642], [-86.29198, 12.16434], [-86.29205, 12.16447], [-86.29208, 12.16463], [-86.29212, 12.16477], [-86.29218, 12.1649], [-86.29225, 12.16502], [-86.29232, 12.16515], [-86.29238, 12.16526], [-86.2924, 12.1654], [-86.2924, 12.16556], [-86.29239, 12.16561], [-86.2924, 12.16575], [-86.29243, 12.16591], [-86.29247, 12.16604], [-86.29255, 12.16618], [-86.29265, 12.16632], [-86.29273, 12.16642], [-86.29282, 12.16648], [-86.29291, 12.16652], [-86.29301, 12.16653], [-86.2931, 12.16651], [-86.29324, 12.16648], [-86.29336, 12.16643], [-86.29348, 12.16637], [-86.29362, 12.16631], [-86.29368, 12.1663], [-86.29377, 12.16629], [-86.29382, 12.16631], [-86.29386, 12.16633], [-86.294, 12.16644], [-86.29412, 12.16661], [-86.29423, 12.16685], [-86.29424, 12.16707], [-86.29412, 12.16719], [-86.29406, 12.16731], [-86.29421, 12.16739], [-86.29435, 12.16749], [-86.29442, 12.16764], [-86.29443, 12.16782], [-86.29449, 12.16799], [-86.29453, 12.16819], [-86.29456, 12.16834], [-86.29454, 12.16844], [-86.29449, 12.16852], [-86.2944, 12.16865], [-86.2944, 12.16876], [-86.29437, 12.16884], [-86.29434, 12.16897], [-86.29443, 12.16911], [-86.29451, 12.16919], [-86.29461, 12.16924], [-86.29471, 12.1693], [-86.29488, 12.16943], [-86.29498, 12.16968], [-86.29497, 12.16978], [-86.295, 12.16988], [-86.29506, 12.16992], [-86.29511, 12.16985], [-86.29522, 12.16967], [-86.29536, 12.16962], [-86.2942, 12.16164], [-86.2943, 12.16189], [-86.29441, 12.16202], [-86.29452, 12.16216], [-86.29469, 12.16238], [-86.29476, 12.16249], [-86.29482, 12.16266], [-86.29493, 12.16315], [-86.29504, 12.16358], [-86.29516, 12.16397], [-86.29554, 12.16516], [-86.2956, 12.16546], [-86.2957, 12.1662], [-86.29574, 12.16649], [-86.29568, 12.16683], [-86.29563, 12.16734], [-86.29563, 12.16798], [-86.29558, 12.16827], [-86.29537, 12.16903], [-86.29536, 12.16962], [-86.29404, 12.16069], [-86.29407, 12.16114], [-86.29412, 12.16146], [-86.2942, 12.16164], [-86.29408, 12.15988], [-86.29405, 12.16011], [-86.29404, 12.16069], [-86.29408, 12.15988], [-86.29395, 12.15978]]]}}, {"type": "Feature", "properties": {"nombre": "Manzana 15 y 16 (Monseñor Lezcano)", "tipo": "barrio"}, "geometry": {"type": "Polygon", "coordinates": [[[-86.29224, 12.14887], [-86.29215, 12.14975], [-86.29215, 12.14975], [-86.29206, 12.15062], [-86.29206, 12.15062], [-86.29093, 12.15058], [-86.29095, 12.14968], [-86.29093, 12.15058], [-86.29099, 12.14882], [-86.29095, 12.14968], [-86.29224, 12.14887], [-86.29099, 12.14882], [-86.29224, 12.14887]]]}}, {"type": "Feature", "properties": {"nombre": "Santa Ana Sur", "tipo": "barrio"}, "geometry": {"type": "Polygon", "coordinates": [[[-86.28648, 12.15231], [-86.28728, 12.15235], [-86.28732, 12.15235], [-86.28761, 12.15237], [-86.28761, 12.15237], [-86.28777, 12.15237], [-86.2878, 12.15238], [-86.28808, 12.15239], [-86.2881, 12.15239], [-86.28838, 12.1524], [-86.28876, 12.15242], [-86.28876, 12.15242], [-86.28908, 12.15244], [-86.28968, 12.15246], [-86.2899, 12.15247], [-86.2899, 12.15247], [-86.29085, 12.15252], [-86.29085, 12.15252], [-86.2912, 12.15253], [-86.29134, 12.15254], [-86.29171, 12.15256], [-86.29178, 12.15256], [-86.29178, 12.15256], [-86.29186, 12.15256], [-86.2918, 12.15314], [-86.29186, 12.15256], [-86.29177, 12.15331], [-86.2918, 12.15314], [-86.29176, 12.15339], [-86.29177, 12.15331], [-86.29154, 12.15544], [-86.29162, 12.15469], [-86.29173, 12.15365], [-86.29176, 12.15339], [-86.29154, 12.15544], [-86.2912, 12.15549], [-86.29108, 12.1555], [-86.29088, 12.15553], [-86.29072, 12.15555], [-86.29052, 12.15558], [-86.29018, 12.15563], [-86.28991, 12.15567], [-86.28977, 12.15569], [-86.28977, 12.15569], [-86.28958, 12.15569], [-86.28916, 12.15568], [-86.28865, 12.15566], [-86.28865, 12.15566], [-86.28805, 12.15563], [-86.28797, 12.15562], [-86.28758, 12.15561], [-86.28758, 12.15561], [-86.28745, 12.1556], [-86.28745, 12.1556], [-86.28663, 12.15559], [-86.28663, 12.15559], [-86.28665, 12.15494], [-86.28667, 12.15476], [-86.28675, 12.15395], [-86.28655, 12.15379], [-86.28656, 12.15353], [-86.28632, 12.15349], [-86.28632, 12.15349], [-86.28639, 12.15299], [-86.28648, 12.15231]]]}}, {"type": "Feature", "properties": {"nombre": "Damnifications Hurrican Joan", "tipo": "barrio"}, "geometry": {"type": "Polygon", "coordinates": [[[-86.29112, 12.15981], [-86.29067, 12.15983], [-86.29065, 12.15983], [-86.29062, 12.16063], [-86.29065, 12.15983], [-86.29062, 12.16063], [-86.29082, 12.16064], [-86.29105, 12.16066], [-86.29112, 12.15981], [-86.29111, 12.15998], [-86.29105, 12.16066], [-86.29112, 12.15981]]]}}, {"type": "Feature", "properties": {"nombre": "El Rastro", "tipo": "barrio"}, "geometry": {"type": "Polygon", "coordinates": [[[-86.29192, 12.16072], [-86.29105, 12.16066], [-86.29062, 12.16063], [-86.29082, 12.16064], [-86.29105, 12.16066], [-86.28955, 12.16058], [-86.29062, 12.16063], [-86.28954, 12.16091], [-86.28955, 12.16058], [-86.28954, 12.16091], [-86.28954, 12.16266], [-86.28954, 12.16266], [-86.28958, 12.16267], [-86.28963, 12.16269], [-86.28966, 12.16269], [-86.28968, 12.16268], [-86.28971, 12.16267], [-86.28974, 12.16262], [-86.28976, 12.16258], [-86.28978, 12.16254], [-86.28983, 12.16252], [-86.28988, 12.16251], [-86.28994, 12.16251], [-86.28998, 12.16252], [-86.29001, 12.16255], [-86.29005, 12.1626], [-86.29008, 12.16263], [-86.29011, 12.16264], [-86.29013, 12.16264], [-86.29018, 12.16262], [-86.29025, 12.16258], [-86.29034, 12.16255], [-86.29041, 12.16253], [-86.29047, 12.16254], [-86.29056, 12.16258], [-86.29069, 12.16266], [-86.29091, 12.16281], [-86.29107, 12.16297], [-86.29119, 12.16312], [-86.29132, 12.16328], [-86.29139, 12.16335], [-86.29192, 12.16072], [-86.29185, 12.16127], [-86.29216, 12.16131], [-86.29139, 12.16335], [-86.29192, 12.16072]]]}}, {"type": "Feature", "properties": {"nombre": "El Bóer", "tipo": "barrio"}, "geometry": {"type": "Polygon", "coordinates": [[[-86.27995, 12.15082], [-86.27962, 12.15079], [-86.2793, 12.15076], [-86.27891, 12.15072], [-86.27853, 12.15069], [-86.27818, 12.15066], [-86.27783, 12.15062], [-86.27753, 12.15059], [-86.27718, 12.15056], [-86.27674, 12.15052], [-86.27661, 12.15051], [-86.27652, 12.15052], [-86.27647, 12.15053], [-86.28089, 12.1509], [-86.28039, 12.15086], [-86.28005, 12.15083], [-86.27995, 12.15082], [-86.28103, 12.14898], [-86.28099, 12.14955], [-86.28095, 12.14988], [-86.28093, 12.15021], [-86.28091, 12.15056], [-86.28089, 12.1509], [-86.28119, 12.14673], [-86.28118, 12.14732], [-86.28148, 12.14736], [-86.28139, 12.14831], [-86.28109, 12.1483], [-86.28103, 12.14898], [-86.27789, 12.14614], [-86.27798, 12.14616], [-86.27876, 12.14632], [-86.27939, 12.14642], [-86.28028, 12.14657], [-86.28119, 12.14673], [-86.27789, 12.14614], [-86.2778, 12.14667], [-86.27745, 12.14864], [-86.27745, 12.14864], [-86.27662, 12.14856], [-86.27647, 12.15053], [-86.27655, 12.14942], [-86.27662, 12.14856], [-86.27995, 12.15082]]]}}, {"type": "Feature", "properties": {"nombre": "Julio Buitrago", "tipo": "barrio"}, "geometry": {"type": "Polygon", "coordinates": [[[-86.28261, 12.15245], [-86.28265, 12.15213], [-86.28256, 12.15285], [-86.28257, 12.1528], [-86.28259, 12.15261], [-86.28261, 12.15245], [-86.28253, 12.15311], [-86.28254, 12.15302], [-86.28256, 12.15285], [-86.28252, 12.1532], [-86.28253, 12.15311], [-86.28252, 12.1532], [-86.28249, 12.15351], [-86.28244, 12.15395], [-86.28238, 12.15447], [-86.28238, 12.15447], [-86.28235, 12.15478], [-86.28235, 12.15478], [-86.28231, 12.1551], [-86.28229, 12.15536], [-86.28229, 12.15536], [-86.28225, 12.15565], [-86.28225, 12.15565], [-86.28224, 12.15574], [-86.28222, 12.15593], [-86.28216, 12.15635], [-86.28212, 12.15667], [-86.28209, 12.15693], [-86.28207, 12.15724], [-86.28421, 12.15733], [-86.28392, 12.15732], [-86.28361, 12.15731], [-86.28352, 12.15731], [-86.28303, 12.15729], [-86.28256, 12.15728], [-86.28207, 12.15724], [-86.2862, 12.15742], [-86.28503, 12.15738], [-86.28421, 12.15733], [-86.2862, 12.15742], [-86.28621, 12.15709], [-86.28621, 12.15673], [-86.28621, 12.15673], [-86.28628, 12.15673], [-86.28636, 12.15674], [-86.28663, 12.15674], [-86.28663, 12.15659], [-86.28663, 12.15633], [-86.28663, 12.15623], [-86.28663, 12.15615], [-86.28663, 12.15583], [-86.28663, 12.15559], [-86.28663, 12.15559], [-86.28665, 12.15494], [-86.28667, 12.15476], [-86.28675, 12.15395], [-86.28655, 12.15379], [-86.28656, 12.15353], [-86.28632, 12.15349], [-86.28632, 12.15349], [-86.28639, 12.15299], [-86.28648, 12.15231], [-86.28648, 12.15231], [-86.28643, 12.15216], [-86.28645, 12.15114], [-86.28645, 12.15114], [-86.28636, 12.15118], [-86.28634, 12.1512], [-86.28632, 12.15123], [-86.28632, 12.15123], [-86.28629, 12.15131], [-86.28629, 12.15131], [-86.28629, 12.15137], [-86.28548, 12.15227], [-86.28549, 12.15179], [-86.28551, 12.15134], [-86.28605, 12.15134], [-86.2862, 12.15137], [-86.28629, 12.15137], [-86.28293, 12.15215], [-86.28313, 12.15215], [-86.28346, 12.15217], [-86.28349, 12.15217], [-86.28365, 12.15218], [-86.28432, 12.15221], [-86.28493, 12.15224], [-86.28512, 12.15225], [-86.2854, 12.15226], [-86.28548, 12.15227], [-86.28265, 12.15213], [-86.28293, 12.15215], [-86.28261, 12.15245]]]}}, {"type": "Feature", "properties": {"nombre": "La Reforma", "tipo": "barrio"}, "geometry": {"type": "Polygon", "coordinates": [[[-86.28293, 12.15215], [-86.28313, 12.15215], [-86.28346, 12.15217], [-86.28349, 12.15217], [-86.28365, 12.15218], [-86.28432, 12.15221], [-86.28493, 12.15224], [-86.28512, 12.15225], [-86.2854, 12.15226], [-86.28548, 12.15227], [-86.28265, 12.15213], [-86.28293, 12.15215], [-86.28265, 12.15213], [-86.2827, 12.15178], [-86.2827, 12.15178], [-86.28274, 12.15162], [-86.2828, 12.1514], [-86.28284, 12.1513], [-86.28291, 12.15119], [-86.28291, 12.15119], [-86.28301, 12.15112], [-86.28325, 12.15097], [-86.28371, 12.15072], [-86.28363, 12.15077], [-86.28353, 12.15083], [-86.28338, 12.15091], [-86.28325, 12.15097], [-86.28371, 12.15072], [-86.28374, 12.15044], [-86.28375, 12.15033], [-86.2839, 12.14902], [-86.28398, 12.14836], [-86.28409, 12.14752], [-86.28412, 12.14726], [-86.28412, 12.14726], [-86.28432, 12.1473], [-86.28468, 12.14736], [-86.28483, 12.14739], [-86.28494, 12.14741], [-86.28528, 12.14748], [-86.28528, 12.14748], [-86.28541, 12.1475], [-86.28541, 12.1475], [-86.2857, 12.14755], [-86.2857, 12.14755], [-86.28613, 12.14762], [-86.28656, 12.1477], [-86.28708, 12.1478], [-86.28708, 12.1478], [-86.28726, 12.14784], [-86.28655, 12.1495], [-86.28672, 12.14894], [-86.28696, 12.14838], [-86.28726, 12.14784], [-86.28655, 12.1495], [-86.28649, 12.15037], [-86.28649, 12.15037], [-86.28643, 12.15107], [-86.28645, 12.15114], [-86.28645, 12.15114], [-86.28636, 12.15118], [-86.28634, 12.1512], [-86.28632, 12.15123], [-86.28632, 12.15123], [-86.28629, 12.15131], [-86.28629, 12.15131], [-86.28629, 12.15137], [-86.28548, 12.15227], [-86.28549, 12.15179], [-86.28551, 12.15134], [-86.28605, 12.15134], [-86.2862, 12.15137], [-86.28629, 12.15137], [-86.28293, 12.15215]]]}}, {"type": "Feature", "properties": {"nombre": "San Antonio", "tipo": "barrio"}, "geometry": {"type": "Polygon", "coordinates": [[[-86.27399, 12.153], [-86.27401, 12.15272], [-86.27404, 12.15245], [-86.27414, 12.15154], [-86.27393, 12.15352], [-86.27396, 12.15321], [-86.27399, 12.153], [-86.27389, 12.15384], [-86.27393, 12.15352], [-86.27385, 12.15412], [-86.27386, 12.15406], [-86.27389, 12.15384], [-86.27678, 12.15442], [-86.27624, 12.15436], [-86.27598, 12.15433], [-86.27585, 12.15431], [-86.27571, 12.1543], [-86.27536, 12.15426], [-86.27485, 12.1542], [-86.27416, 12.15414], [-86.27393, 12.15412], [-86.27385, 12.15412], [-86.2772, 12.15448], [-86.27678, 12.15442], [-86.2788, 12.1546], [-86.27849, 12.15459], [-86.27827, 12.15458], [-86.27792, 12.15456], [-86.27763, 12.15453], [-86.2772, 12.15448], [-86.2788, 12.1546], [-86.27884, 12.15416], [-86.27887, 12.15372], [-86.27887, 12.15372], [-86.27893, 12.15312], [-86.27893, 12.15312], [-86.27899, 12.15254], [-86.27899, 12.15254], [-86.27925, 12.15254], [-86.27929, 12.15143], [-86.27927, 12.15199], [-86.27925, 12.15254], [-86.27445, 12.15105], [-86.27463, 12.15107], [-86.27513, 12.15112], [-86.27574, 12.15117], [-86.27597, 12.15119], [-86.27623, 12.15121], [-86.27642, 12.15122], [-86.27651, 12.15123], [-86.2771, 12.15127], [-86.27745, 12.1513], [-86.27781, 12.15132], [-86.27814, 12.15135], [-86.27848, 12.15138], [-86.27888, 12.1514], [-86.27929, 12.15143], [-86.27427, 12.15103], [-86.27445, 12.15105], [-86.2742, 12.15104], [-86.27427, 12.15103], [-86.27419, 12.1511], [-86.2742, 12.15104], [-86.27414, 12.15154], [-86.27419, 12.1511], [-86.27399, 12.153]]]}}, {"type": "Feature", "properties": {"nombre": "San José - Bóer 1", "tipo": "barrio"}, "geometry": {"type": "Polygon", "coordinates": [[[-86.28089, 12.1509], [-86.28039, 12.15086], [-86.28005, 12.15083], [-86.27995, 12.15082], [-86.28184, 12.15097], [-86.28148, 12.15094], [-86.28089, 12.1509], [-86.28184, 12.15097], [-86.28175, 12.15166], [-86.28175, 12.15166], [-86.2817, 12.15209], [-86.2817, 12.15209], [-86.28222, 12.15211], [-86.28222, 12.15211], [-86.28229, 12.15225], [-86.28235, 12.15237], [-86.28242, 12.15249], [-86.28248, 12.15261], [-86.28251, 12.15267], [-86.28253, 12.15272], [-86.28254, 12.15276], [-86.28256, 12.15285], [-86.28253, 12.15311], [-86.28254, 12.15302], [-86.28256, 12.15285], [-86.28071, 12.15312], [-86.28159, 12.15311], [-86.28253, 12.15311], [-86.28071, 12.15312], [-86.28066, 12.15382], [-86.2806, 12.15467], [-86.2806, 12.15467], [-86.28011, 12.15464], [-86.2797, 12.15463], [-86.2788, 12.1546], [-86.2788, 12.1546], [-86.27884, 12.15416], [-86.27887, 12.15372], [-86.27899, 12.15254], [-86.27925, 12.15254], [-86.27893, 12.15312], [-86.27899, 12.15254], [-86.27887, 12.15372], [-86.27893, 12.15312], [-86.27929, 12.15143], [-86.27927, 12.15199], [-86.27925, 12.15254], [-86.27929, 12.15143], [-86.27959, 12.15145], [-86.27967, 12.15145], [-86.27991, 12.15147], [-86.27995, 12.15082], [-86.27991, 12.15147], [-86.28089, 12.1509]]]}}, {"type": "Feature", "properties": {"nombre": "San José - Bóer 2", "tipo": "barrio"}, "geometry": {"type": "Polygon", "coordinates": [[[-86.27513, 12.15112], [-86.27507, 12.1518], [-86.27504, 12.15215], [-86.27502, 12.15242], [-86.27502, 12.15242], [-86.27556, 12.15245], [-86.27556, 12.15245], [-86.27562, 12.15215], [-86.27567, 12.15184], [-86.2757, 12.15164], [-86.27574, 12.15117], [-86.27513, 12.15112]]]}}, {"type": "Feature", "properties": {"nombre": "San José - Sector Oeste Dupla Sur", "tipo": "barrio"}, "geometry": {"type": "Polygon", "coordinates": [[[-86.2742, 12.15104], [-86.27427, 12.15103], [-86.27427, 12.15103], [-86.27445, 12.15105], [-86.27445, 12.15105], [-86.27463, 12.15107], [-86.27513, 12.15112], [-86.27574, 12.15117], [-86.27597, 12.15119], [-86.27623, 12.15121], [-86.27642, 12.15122], [-86.27651, 12.15123], [-86.2771, 12.15127], [-86.27745, 12.1513], [-86.27781, 12.15132], [-86.27814, 12.15135], [-86.27848, 12.15138], [-86.27888, 12.1514], [-86.27929, 12.15143], [-86.27929, 12.15143], [-86.27959, 12.15145], [-86.27967, 12.15145], [-86.27991, 12.15147], [-86.27995, 12.15082], [-86.27991, 12.15147], [-86.27995, 12.15082], [-86.27962, 12.15079], [-86.2793, 12.15076], [-86.27891, 12.15072], [-86.27853, 12.15069], [-86.27818, 12.15066], [-86.27783, 12.15062], [-86.27753, 12.15059], [-86.27718, 12.15056], [-86.27674, 12.15052], [-86.27661, 12.15051], [-86.27652, 12.15052], [-86.27647, 12.15053], [-86.27647, 12.15053], [-86.27639, 12.15056], [-86.27625, 12.15062], [-86.27579, 12.15088], [-86.27568, 12.15093], [-86.27556, 12.15096], [-86.27546, 12.15097], [-86.27535, 12.15098], [-86.27504, 12.15096], [-86.2746, 12.15093], [-86.27429, 12.15091], [-86.27429, 12.15091], [-86.27422, 12.1509], [-86.2742, 12.15104], [-86.27422, 12.1509], [-86.2742, 12.15104]]]}}, {"type": "Feature", "properties": {"nombre": "San Pedro", "tipo": "barrio"}, "geometry": {"type": "Polygon", "coordinates": [[[-86.27647, 12.15053], [-86.27639, 12.15056], [-86.27625, 12.15062], [-86.27579, 12.15088], [-86.27568, 12.15093], [-86.27556, 12.15096], [-86.27546, 12.15097], [-86.27535, 12.15098], [-86.27504, 12.15096], [-86.2746, 12.15093], [-86.27429, 12.15091], [-86.27429, 12.15091], [-86.27422, 12.1509], [-86.27422, 12.1509], [-86.27422, 12.15083], [-86.27422, 12.15083], [-86.27426, 12.15054], [-86.27426, 12.15054], [-86.27434, 12.14988], [-86.27444, 12.14906], [-86.27446, 12.14889], [-86.27446, 12.14889], [-86.27448, 12.14875], [-86.2745, 12.14856], [-86.2745, 12.14856], [-86.27452, 12.14844], [-86.27456, 12.14807], [-86.27456, 12.14807], [-86.27459, 12.14776], [-86.27462, 12.14743], [-86.27462, 12.14743], [-86.27469, 12.14686], [-86.2747, 12.14677], [-86.2747, 12.14677], [-86.2747, 12.14626], [-86.2747, 12.14626], [-86.27488, 12.14618], [-86.27488, 12.14618], [-86.27496, 12.14613], [-86.27502, 12.1461], [-86.27513, 12.14605], [-86.27524, 12.146], [-86.27555, 12.14589], [-86.27586, 12.1458], [-86.27592, 12.1458], [-86.27648, 12.14589], [-86.27789, 12.14614], [-86.27789, 12.14614], [-86.2778, 12.14667], [-86.27745, 12.14864], [-86.27745, 12.14864], [-86.27662, 12.14856], [-86.27647, 12.15053], [-86.27655, 12.14942], [-86.27662, 12.14856], [-86.27647, 12.15053]]]}}, {"type": "Feature", "properties": {"nombre": "San Sebastián", "tipo": "barrio"}, "geometry": {"type": "Polygon", "coordinates": [[[-86.27475, 12.15658], [-86.27476, 12.15651], [-86.27486, 12.15595], [-86.27494, 12.15538], [-86.27498, 12.15483], [-86.27602, 12.15677], [-86.27538, 12.15666], [-86.27475, 12.15658], [-86.27602, 12.15677], [-86.27589, 12.15773], [-86.27589, 12.15773], [-86.27654, 12.15776], [-86.27651, 12.15864], [-86.27652, 12.15851], [-86.27653, 12.158], [-86.27654, 12.15776], [-86.2765, 12.1592], [-86.2765, 12.15897], [-86.27651, 12.15864], [-86.27649, 12.15937], [-86.2765, 12.1592], [-86.27649, 12.15984], [-86.27649, 12.15937], [-86.27649, 12.15984], [-86.27731, 12.15984], [-86.27731, 12.15984], [-86.27794, 12.15981], [-86.27797, 12.15924], [-86.27794, 12.15981], [-86.27797, 12.15924], [-86.27735, 12.15922], [-86.27738, 12.15865], [-86.27735, 12.15922], [-86.278, 12.15866], [-86.27738, 12.15865], [-86.27808, 12.15694], [-86.27805, 12.15778], [-86.278, 12.15866], [-86.27808, 12.15694], [-86.27862, 12.15699], [-86.27893, 12.15702], [-86.27935, 12.15707], [-86.27948, 12.15708], [-86.27956, 12.15623], [-86.27948, 12.15708], [-86.27956, 12.15623], [-86.28041, 12.15627], [-86.28131, 12.15632], [-86.28131, 12.15632], [-86.28125, 12.1572], [-86.28125, 12.1572], [-86.28172, 12.15722], [-86.28191, 12.15723], [-86.28207, 12.15724], [-86.28225, 12.15565], [-86.28224, 12.15574], [-86.28222, 12.15593], [-86.28216, 12.15635], [-86.28212, 12.15667], [-86.28209, 12.15693], [-86.28207, 12.15724], [-86.28229, 12.15536], [-86.28225, 12.15565], [-86.28185, 12.15534], [-86.28199, 12.15535], [-86.28229, 12.15536], [-86.27965, 12.1552], [-86.27991, 12.15521], [-86.28019, 12.15523], [-86.28045, 12.15525], [-86.28049, 12.15525], [-86.28139, 12.15531], [-86.28185, 12.15534], [-86.27673, 12.15496], [-86.27703, 12.15499], [-86.27715, 12.15501], [-86.27726, 12.15502], [-86.27763, 12.15505], [-86.27789, 12.15507], [-86.27823, 12.1551], [-86.27843, 12.15511], [-86.27876, 12.15514], [-86.27946, 12.15518], [-86.27965, 12.1552], [-86.27498, 12.15483], [-86.27527, 12.15484], [-86.27577, 12.15487], [-86.27631, 12.15492], [-86.27673, 12.15496], [-86.27475, 12.15658]]]}}, {"type": "Feature", "properties": {"nombre": "Sector El Bóer", "tipo": "barrio"}, "geometry": {"type": "Polygon", "coordinates": [[[-86.28229, 12.14692], [-86.2828, 12.14701], [-86.28318, 12.14708], [-86.28359, 12.14716], [-86.2837, 12.14718], [-86.28412, 12.14726], [-86.28119, 12.14673], [-86.28163, 12.1468], [-86.28197, 12.14686], [-86.28229, 12.14692], [-86.28119, 12.14673], [-86.28118, 12.14732], [-86.28148, 12.14736], [-86.28139, 12.14831], [-86.28109, 12.1483], [-86.28103, 12.14898], [-86.28103, 12.14898], [-86.28099, 12.14955], [-86.28095, 12.14988], [-86.28093, 12.15021], [-86.28091, 12.15056], [-86.28089, 12.1509], [-86.28184, 12.15097], [-86.28148, 12.15094], [-86.28089, 12.1509], [-86.28184, 12.15097], [-86.28175, 12.15166], [-86.28175, 12.15166], [-86.2817, 12.15209], [-86.2817, 12.15209], [-86.28222, 12.15211], [-86.28222, 12.15211], [-86.28229, 12.15225], [-86.28235, 12.15237], [-86.28242, 12.15249], [-86.28248, 12.15261], [-86.28251, 12.15267], [-86.28253, 12.15272], [-86.28254, 12.15276], [-86.28256, 12.15285], [-86.28256, 12.15285], [-86.28257, 12.1528], [-86.28259, 12.15261], [-86.28261, 12.15245], [-86.28261, 12.15245], [-86.28265, 12.15213], [-86.28265, 12.15213], [-86.2827, 12.15178], [-86.2827, 12.15178], [-86.28274, 12.15162], [-86.2828, 12.1514], [-86.28284, 12.1513], [-86.28291, 12.15119], [-86.28291, 12.15119], [-86.28301, 12.15112], [-86.28325, 12.15097], [-86.28371, 12.15072], [-86.28363, 12.15077], [-86.28353, 12.15083], [-86.28338, 12.15091], [-86.28325, 12.15097], [-86.28371, 12.15072], [-86.28374, 12.15044], [-86.28375, 12.15033], [-86.2839, 12.14902], [-86.28398, 12.14836], [-86.28409, 12.14752], [-86.28412, 12.14726], [-86.28229, 12.14692]]]}}, {"type": "Feature", "properties": {"nombre": "Sector Oeste Dupla Norte (San Sebastián)", "tipo": "barrio"}, "geometry": {"type": "Polygon", "coordinates": [[[-86.28235, 12.15478], [-86.28205, 12.15476], [-86.28205, 12.15476], [-86.2814, 12.15473], [-86.28098, 12.1547], [-86.2806, 12.15467], [-86.2806, 12.15467], [-86.28011, 12.15464], [-86.2797, 12.15463], [-86.2788, 12.1546], [-86.2788, 12.1546], [-86.27849, 12.15459], [-86.27827, 12.15458], [-86.27792, 12.15456], [-86.27763, 12.15453], [-86.2772, 12.15448], [-86.2772, 12.15448], [-86.27678, 12.15442], [-86.27678, 12.15442], [-86.27624, 12.15436], [-86.27598, 12.15433], [-86.27585, 12.15431], [-86.27571, 12.1543], [-86.27536, 12.15426], [-86.27485, 12.1542], [-86.27416, 12.15414], [-86.27393, 12.15412], [-86.27385, 12.15412], [-86.27378, 12.1547], [-86.27379, 12.1546], [-86.27385, 12.15419], [-86.27385, 12.15412], [-86.27378, 12.1547], [-86.27383, 12.1547], [-86.27386, 12.15471], [-86.27408, 12.15473], [-86.27446, 12.15478], [-86.27482, 12.15481], [-86.27498, 12.15483], [-86.27498, 12.15483], [-86.27527, 12.15484], [-86.27577, 12.15487], [-86.27631, 12.15492], [-86.27673, 12.15496], [-86.27673, 12.15496], [-86.27703, 12.15499], [-86.27715, 12.15501], [-86.27726, 12.15502], [-86.27763, 12.15505], [-86.27789, 12.15507], [-86.27823, 12.1551], [-86.27843, 12.15511], [-86.27876, 12.15514], [-86.27946, 12.15518], [-86.27965, 12.1552], [-86.27965, 12.1552], [-86.27991, 12.15521], [-86.28019, 12.15523], [-86.28045, 12.15525], [-86.28049, 12.15525], [-86.28139, 12.15531], [-86.28185, 12.15534], [-86.28185, 12.15534], [-86.28199, 12.15535], [-86.28229, 12.15536], [-86.28235, 12.15478], [-86.28231, 12.1551], [-86.28229, 12.15536], [-86.28235, 12.15478]]]}}, {"type": "Feature", "properties": {"nombre": "Cristo del Rosario", "tipo": "barrio"}, "geometry": {"type": "Polygon", "coordinates": [[[-86.28421, 12.15733], [-86.28392, 12.15732], [-86.28361, 12.15731], [-86.28352, 12.15731], [-86.28303, 12.15729], [-86.28256, 12.15728], [-86.28207, 12.15724], [-86.28125, 12.1572], [-86.28172, 12.15722], [-86.28191, 12.15723], [-86.28207, 12.15724], [-86.28131, 12.15632], [-86.28125, 12.1572], [-86.27956, 12.15623], [-86.28041, 12.15627], [-86.28131, 12.15632], [-86.27956, 12.15623], [-86.27948, 12.15708], [-86.27808, 12.15694], [-86.27862, 12.15699], [-86.27893, 12.15702], [-86.27935, 12.15707], [-86.27948, 12.15708], [-86.27808, 12.15694], [-86.27805, 12.15778], [-86.278, 12.15866], [-86.278, 12.15866], [-86.27738, 12.15865], [-86.27738, 12.15865], [-86.27735, 12.15922], [-86.27797, 12.15924], [-86.27735, 12.15922], [-86.27797, 12.15924], [-86.27794, 12.15981], [-86.27731, 12.15984], [-86.27794, 12.15981], [-86.27649, 12.15984], [-86.27731, 12.15984], [-86.27649, 12.15984], [-86.27649, 12.15937], [-86.27649, 12.15937], [-86.2765, 12.1592], [-86.2765, 12.1592], [-86.2765, 12.15897], [-86.27651, 12.15864], [-86.27651, 12.15864], [-86.27612, 12.15864], [-86.27578, 12.15863], [-86.27578, 12.15863], [-86.27572, 12.1594], [-86.2757, 12.15962], [-86.27565, 12.15978], [-86.27562, 12.15989], [-86.27562, 12.15989], [-86.27581, 12.16019], [-86.27593, 12.16037], [-86.27611, 12.16063], [-86.27631, 12.16088], [-86.27631, 12.16088], [-86.27637, 12.16081], [-86.27641, 12.16071], [-86.27644, 12.16057], [-86.27647, 12.16016], [-86.27647, 12.16016], [-86.27922, 12.1609], [-86.27918, 12.16146], [-86.27922, 12.1609], [-86.28006, 12.16163], [-86.27918, 12.16146], [-86.28104, 12.16155], [-86.28099, 12.16159], [-86.28089, 12.16161], [-86.28061, 12.16165], [-86.28044, 12.16165], [-86.28024, 12.16165], [-86.28006, 12.16163], [-86.28102, 12.16171], [-86.28104, 12.16155], [-86.28222, 12.16149], [-86.2815, 12.16162], [-86.28102, 12.16171], [-86.28222, 12.16149], [-86.2822, 12.16091], [-86.2822, 12.16091], [-86.2822, 12.16089], [-86.28221, 12.16087], [-86.28228, 12.16075], [-86.28275, 12.15992], [-86.28305, 12.15941], [-86.28305, 12.15941], [-86.28335, 12.15886], [-86.2834, 12.15878], [-86.28359, 12.15844], [-86.28385, 12.15798], [-86.28421, 12.15733]]]}}, {"type": "Feature", "properties": {"nombre": "Javier Cuadra", "tipo": "barrio"}, "geometry": {"type": "Polygon", "coordinates": [[[-86.28937, 12.14787], [-86.29008, 12.14789], [-86.29104, 12.14794], [-86.29206, 12.14799], [-86.29232, 12.14801], [-86.29232, 12.14801], [-86.29224, 12.14887], [-86.29224, 12.14887], [-86.29099, 12.14882], [-86.29099, 12.14882], [-86.29095, 12.14968], [-86.29095, 12.14968], [-86.29093, 12.15058], [-86.29206, 12.15062], [-86.29093, 12.15058], [-86.29206, 12.15062], [-86.29196, 12.15149], [-86.29192, 12.15197], [-86.29186, 12.15256], [-86.29192, 12.15197], [-86.29178, 12.15256], [-86.29186, 12.15256], [-86.29085, 12.15252], [-86.2912, 12.15253], [-86.29134, 12.15254], [-86.29171, 12.15256], [-86.29178, 12.15256], [-86.2899, 12.15247], [-86.29085, 12.15252], [-86.28876, 12.15242], [-86.28908, 12.15244], [-86.28968, 12.15246], [-86.2899, 12.15247], [-86.28761, 12.15237], [-86.28777, 12.15237], [-86.2878, 12.15238], [-86.28808, 12.15239], [-86.2881, 12.15239], [-86.28838, 12.1524], [-86.28876, 12.15242], [-86.28648, 12.15231], [-86.28728, 12.15235], [-86.28732, 12.15235], [-86.28761, 12.15237], [-86.28648, 12.15231], [-86.28643, 12.15216], [-86.28645, 12.15114], [-86.28649, 12.15037], [-86.28643, 12.15107], [-86.28645, 12.15114], [-86.28655, 12.1495], [-86.28649, 12.15037], [-86.28655, 12.1495], [-86.28776, 12.14954], [-86.28782, 12.14788], [-86.28779, 12.14868], [-86.28776, 12.14954], [-86.28782, 12.14788], [-86.28831, 12.14788], [-86.2886, 12.14788], [-86.28882, 12.14788], [-86.28896, 12.14787], [-86.2893, 12.14787], [-86.28937, 12.14787]]]}}, {"type": "Feature", "properties": {"nombre": "Manchester", "tipo": "barrio"}, "geometry": {"type": "Polygon", "coordinates": [[[-86.28104, 12.16155], [-86.28099, 12.16159], [-86.28089, 12.16161], [-86.28061, 12.16165], [-86.28044, 12.16165], [-86.28024, 12.16165], [-86.28006, 12.16163], [-86.28006, 12.16163], [-86.27918, 12.16146], [-86.27918, 12.16146], [-86.27922, 12.1609], [-86.27647, 12.16016], [-86.27922, 12.1609], [-86.27631, 12.16088], [-86.27637, 12.16081], [-86.27641, 12.16071], [-86.27644, 12.16057], [-86.27647, 12.16016], [-86.27631, 12.16088], [-86.27691, 12.16169], [-86.2762, 12.16291], [-86.28046, 12.16502], [-86.27984, 12.16472], [-86.27934, 12.16447], [-86.27882, 12.16421], [-86.27823, 12.16392], [-86.27771, 12.16365], [-86.27723, 12.16341], [-86.27684, 12.16321], [-86.27671, 12.16318], [-86.27658, 12.16317], [-86.27651, 12.16316], [-86.27645, 12.16314], [-86.27635, 12.16303], [-86.27628, 12.16296], [-86.2762, 12.16291], [-86.28102, 12.16171], [-86.28077, 12.16195], [-86.2804, 12.16243], [-86.28014, 12.16261], [-86.27984, 12.16273], [-86.27977, 12.16289], [-86.27955, 12.163], [-86.2794, 12.16309], [-86.28121, 12.16397], [-86.28046, 12.16502], [-86.28102, 12.16171], [-86.28104, 12.16155]]]}}, {"type": "Feature", "properties": {"nombre": "Centro Histórico Cultural", "tipo": "barrio"}, "geometry": {"type": "Polygon", "coordinates": [[[-86.27631, 12.16088], [-86.27691, 12.16169], [-86.2762, 12.16291], [-86.27242, 12.16047], [-86.2725, 12.16054], [-86.27259, 12.16063], [-86.27265, 12.16069], [-86.2727, 12.16075], [-86.27274, 12.16082], [-86.27277, 12.16086], [-86.27281, 12.1609], [-86.27286, 12.16092], [-86.2729, 12.16093], [-86.27297, 12.16092], [-86.27306, 12.16093], [-86.27311, 12.16096], [-86.27316, 12.161], [-86.27323, 12.16105], [-86.2734, 12.16118], [-86.27355, 12.16131], [-86.27372, 12.16143], [-86.27388, 12.16152], [-86.27406, 12.16161], [-86.27419, 12.16168], [-86.27429, 12.16175], [-86.2744, 12.16183], [-86.27453, 12.16197], [-86.2747, 12.16212], [-86.27481, 12.16222], [-86.27491, 12.16234], [-86.27501, 12.16247], [-86.27509, 12.16257], [-86.27515, 12.16263], [-86.27518, 12.16265], [-86.27532, 12.16264], [-86.27549, 12.16263], [-86.27554, 12.16263], [-86.27559, 12.16265], [-86.27569, 12.1627], [-86.27584, 12.16277], [-86.27595, 12.16281], [-86.27609, 12.16287], [-86.2762, 12.16291], [-86.27242, 12.16047], [-86.27279, 12.16003], [-86.27307, 12.1597], [-86.27307, 12.1597], [-86.27301, 12.15963], [-86.27298, 12.1596], [-86.27297, 12.15957], [-86.27295, 12.15955], [-86.27293, 12.15953], [-86.27291, 12.15951], [-86.27289, 12.1595], [-86.27262, 12.15934], [-86.27219, 12.15908], [-86.27182, 12.15886], [-86.27149, 12.15866], [-86.27141, 12.1586], [-86.27099, 12.15834], [-86.27078, 12.15826], [-86.27078, 12.15826], [-86.27039, 12.15804], [-86.2699, 12.15777], [-86.2699, 12.15777], [-86.2696, 12.15761], [-86.26954, 12.15758], [-86.26941, 12.15751], [-86.26941, 12.15751], [-86.26942, 12.15737], [-86.26944, 12.15707], [-86.26944, 12.15707], [-86.26944, 12.157], [-86.26947, 12.15635], [-86.26947, 12.15635], [-86.26954, 12.15583], [-86.26953, 12.15519], [-86.26958, 12.1546], [-86.26958, 12.15456], [-86.26958, 12.15456], [-86.2706, 12.15467], [-86.27085, 12.15468], [-86.27085, 12.15468], [-86.27125, 12.15468], [-86.27148, 12.15468], [-86.2715, 12.15467], [-86.27167, 12.15467], [-86.27234, 12.15466], [-86.2726, 12.15465], [-86.2726, 12.15465], [-86.27311, 12.15466], [-86.27362, 12.15468], [-86.27368, 12.15469], [-86.27368, 12.15469], [-86.27378, 12.1547], [-86.2737, 12.15528], [-86.27372, 12.15514], [-86.27377, 12.15476], [-86.27378, 12.1547], [-86.27359, 12.15612], [-86.27367, 12.15553], [-86.2737, 12.15528], [-86.27355, 12.15642], [-86.27356, 12.15631], [-86.27359, 12.15612], [-86.27334, 12.15811], [-86.27343, 12.15742], [-86.27346, 12.15712], [-86.2735, 12.15683], [-86.27351, 12.15672], [-86.27354, 12.15649], [-86.27355, 12.15642], [-86.27578, 12.15863], [-86.27571, 12.15865], [-86.27556, 12.15867], [-86.27538, 12.15862], [-86.27523, 12.15846], [-86.27514, 12.1583], [-86.27578, 12.15863], [-86.27572, 12.1594], [-86.2757, 12.15962], [-86.27565, 12.15978], [-86.27562, 12.15989], [-86.27562, 12.15989], [-86.27581, 12.16019], [-86.27593, 12.16037], [-86.27611, 12.16063], [-86.27631, 12.16088]]]}}, {"type": "Feature", "properties": {"nombre": "Sector Oeste Centro Histórico Cultural", "tipo": "barrio"}, "geometry": {"type": "Polygon", "coordinates": [[[-86.27378, 12.1547], [-86.27383, 12.1547], [-86.27386, 12.15471], [-86.27408, 12.15473], [-86.27446, 12.15478], [-86.27482, 12.15481], [-86.27498, 12.15483], [-86.2737, 12.15528], [-86.27372, 12.15514], [-86.27377, 12.15476], [-86.27378, 12.1547], [-86.27359, 12.15612], [-86.27367, 12.15553], [-86.2737, 12.15528], [-86.27355, 12.15642], [-86.27356, 12.15631], [-86.27359, 12.15612], [-86.27334, 12.15811], [-86.27343, 12.15742], [-86.27346, 12.15712], [-86.2735, 12.15683], [-86.27351, 12.15672], [-86.27354, 12.15649], [-86.27355, 12.15642], [-86.27334, 12.15811], [-86.27385, 12.15817], [-86.27394, 12.15817], [-86.27403, 12.15818], [-86.27412, 12.15819], [-86.2743, 12.15821], [-86.27514, 12.1583], [-86.27578, 12.15863], [-86.27571, 12.15865], [-86.27556, 12.15867], [-86.27538, 12.15862], [-86.27523, 12.15846], [-86.27514, 12.1583], [-86.27651, 12.15864], [-86.27612, 12.15864], [-86.27578, 12.15863], [-86.27651, 12.15864], [-86.27652, 12.15851], [-86.27653, 12.158], [-86.27654, 12.15776], [-86.27589, 12.15773], [-86.27654, 12.15776], [-86.27602, 12.15677], [-86.27589, 12.15773], [-86.27602, 12.15677], [-86.27538, 12.15666], [-86.27475, 12.15658], [-86.27475, 12.15658], [-86.27476, 12.15651], [-86.27486, 12.15595], [-86.27494, 12.15538], [-86.27498, 12.15483], [-86.27378, 12.1547]]]}}, {"type": "Feature", "properties": {"nombre": "Candelaria (Rubén Darío)", "tipo": "barrio"}, "geometry": {"type": "Polygon", "coordinates": [[[-86.26872, 12.15458], [-86.26873, 12.15448], [-86.2686, 12.15693], [-86.2686, 12.15687], [-86.26863, 12.15625], [-86.26866, 12.15575], [-86.26866, 12.15571], [-86.26869, 12.15514], [-86.26869, 12.1551], [-86.26872, 12.15458], [-86.26858, 12.15705], [-86.2686, 12.15693], [-86.26849, 12.15733], [-86.26858, 12.15705], [-86.26849, 12.15733], [-86.26941, 12.15751], [-86.26941, 12.15751], [-86.26942, 12.15737], [-86.26944, 12.15707], [-86.26944, 12.15707], [-86.26944, 12.157], [-86.26947, 12.15635], [-86.26947, 12.15635], [-86.26954, 12.15583], [-86.26953, 12.15519], [-86.26958, 12.1546], [-86.26958, 12.15456], [-86.26873, 12.15448], [-86.26891, 12.1545], [-86.26916, 12.15452], [-86.26958, 12.15456], [-86.26872, 12.15458]]]}}, {"type": "Feature", "properties": {"nombre": "Los Pescadores", "tipo": "barrio"}, "geometry": {"type": "Polygon", "coordinates": [[[-86.26415, 12.15518], [-86.264, 12.15505], [-86.26311, 12.15452], [-86.26295, 12.15443], [-86.26286, 12.15437], [-86.2628, 12.1543], [-86.26277, 12.15421], [-86.26265, 12.15421], [-86.26277, 12.15421], [-86.26198, 12.154], [-86.26233, 12.15411], [-86.26265, 12.15421], [-86.2619, 12.15396], [-86.26193, 12.15398], [-86.26198, 12.154], [-86.26187, 12.15382], [-86.26186, 12.15385], [-86.26187, 12.15389], [-86.26188, 12.15392], [-86.2619, 12.15396], [-86.26187, 12.15382], [-86.261, 12.15374], [-86.261, 12.15374], [-86.26014, 12.15366], [-86.25927, 12.15358], [-86.25927, 12.15358], [-86.25899, 12.15378], [-86.25894, 12.15458], [-86.25859, 12.15456], [-86.25837, 12.15697], [-86.25837, 12.15697], [-86.25845, 12.15698], [-86.25858, 12.15702], [-86.25872, 12.15706], [-86.25883, 12.15709], [-86.25892, 12.15709], [-86.259, 12.15711], [-86.2591, 12.15714], [-86.25922, 12.15715], [-86.25932, 12.15714], [-86.25942, 12.15712], [-86.25948, 12.15709], [-86.25954, 12.15708], [-86.25962, 12.1571], [-86.25971, 12.15712], [-86.25981, 12.15716], [-86.25993, 12.15723], [-86.26005, 12.15727], [-86.26019, 12.15731], [-86.26032, 12.15732], [-86.26042, 12.15736], [-86.26059, 12.15743], [-86.26069, 12.15747], [-86.2608, 12.15748], [-86.26091, 12.15747], [-86.26103, 12.15744], [-86.26115, 12.15742], [-86.26122, 12.15743], [-86.2613, 12.15748], [-86.26139, 12.15753], [-86.26148, 12.1576], [-86.26155, 12.15762], [-86.26161, 12.15761], [-86.26167, 12.15758], [-86.2617, 12.15752], [-86.26174, 12.15747], [-86.26179, 12.15743], [-86.26186, 12.15742], [-86.262, 12.15742], [-86.26212, 12.15744], [-86.26223, 12.15749], [-86.2623, 12.15756], [-86.26233, 12.15763], [-86.26235, 12.15773], [-86.26235, 12.15782], [-86.26236, 12.15793], [-86.26237, 12.15802], [-86.2624, 12.15807], [-86.26244, 12.15811], [-86.26248, 12.15812], [-86.26251, 12.1581], [-86.26254, 12.15806], [-86.26254, 12.15802], [-86.26255, 12.15787], [-86.26256, 12.15776], [-86.26259, 12.15766], [-86.26265, 12.15758], [-86.26271, 12.15754], [-86.26276, 12.15752], [-86.2628, 12.15752], [-86.26284, 12.15756], [-86.26288, 12.15762], [-86.26293, 12.15767], [-86.26301, 12.15772], [-86.26311, 12.15776], [-86.26328, 12.15779], [-86.26349, 12.15784], [-86.26365, 12.15788], [-86.26379, 12.15789], [-86.2639, 12.15787], [-86.26405, 12.15785], [-86.26419, 12.15785], [-86.26431, 12.15787], [-86.2644, 12.15792], [-86.2645, 12.15797], [-86.26462, 12.15805], [-86.26473, 12.15809], [-86.26482, 12.15813], [-86.26492, 12.15816], [-86.265, 12.15818], [-86.26505, 12.15817], [-86.26512, 12.15815], [-86.26519, 12.15811], [-86.26525, 12.1581], [-86.2653, 12.1581], [-86.26534, 12.15811], [-86.26587, 12.15669], [-86.26534, 12.15811], [-86.26589, 12.15613], [-86.26587, 12.15669], [-86.26589, 12.15613], [-86.26588, 12.15602], [-86.26522, 12.15558], [-86.26536, 12.15568], [-86.26588, 12.15602], [-86.26468, 12.15536], [-86.26473, 12.15537], [-86.26488, 12.1554], [-86.26504, 12.15547], [-86.26522, 12.15558], [-86.26468, 12.15536], [-86.26467, 12.15535], [-86.26442, 12.15528], [-86.26415, 12.15518]]]}}, {"type": "Feature", "properties": {"nombre": "Sector Antigua Estacion del Ferrocarril", "tipo": "barrio"}, "geometry": {"type": "Polygon", "coordinates": [[[-86.26589, 12.15613], [-86.26588, 12.15602], [-86.26589, 12.15613], [-86.26587, 12.15669], [-86.26587, 12.15669], [-86.26685, 12.15711], [-86.26849, 12.15733], [-86.26849, 12.15733], [-86.26858, 12.15705], [-86.26858, 12.15705], [-86.2686, 12.15693], [-86.2686, 12.15693], [-86.2686, 12.15687], [-86.26863, 12.15625], [-86.26866, 12.15575], [-86.26866, 12.15571], [-86.26869, 12.15514], [-86.26869, 12.1551], [-86.26872, 12.15458], [-86.26872, 12.15458], [-86.26873, 12.15448], [-86.26792, 12.1544], [-86.26797, 12.1544], [-86.2681, 12.15442], [-86.26864, 12.15447], [-86.26873, 12.15448], [-86.26788, 12.15439], [-86.26792, 12.1544], [-86.26277, 12.15421], [-86.26283, 12.15421], [-86.2631, 12.15421], [-86.26345, 12.15419], [-86.26374, 12.15416], [-86.26406, 12.15411], [-86.26406, 12.15411], [-86.26429, 12.15409], [-86.26451, 12.15407], [-86.26477, 12.15406], [-86.26536, 12.15412], [-86.26566, 12.15416], [-86.26588, 12.15418], [-86.26595, 12.15418], [-86.26708, 12.15431], [-86.26764, 12.15438], [-86.26788, 12.15439], [-86.26415, 12.15518], [-86.264, 12.15505], [-86.26311, 12.15452], [-86.26295, 12.15443], [-86.26286, 12.15437], [-86.2628, 12.1543], [-86.26277, 12.15421], [-86.26468, 12.15536], [-86.26467, 12.15535], [-86.26442, 12.15528], [-86.26415, 12.15518], [-86.26468, 12.15536], [-86.26473, 12.15537], [-86.26488, 12.1554], [-86.26504, 12.15547], [-86.26522, 12.15558], [-86.26522, 12.15558], [-86.26536, 12.15568], [-86.26588, 12.15602], [-86.26589, 12.15613]]]}}, {"type": "Feature", "properties": {"nombre": "Sector Este Dupla Norte", "tipo": "barrio"}, "geometry": {"type": "Polygon", "coordinates": [[[-86.26379, 12.15363], [-86.26329, 12.15372], [-86.26283, 12.15379], [-86.26256, 12.15385], [-86.26486, 12.15361], [-86.26426, 12.1536], [-86.26406, 12.1536], [-86.26394, 12.15361], [-86.26379, 12.15363], [-86.2679, 12.1539], [-86.26755, 12.15387], [-86.26708, 12.15382], [-86.26693, 12.1538], [-86.26672, 12.15378], [-86.26665, 12.15378], [-86.26597, 12.15371], [-86.26592, 12.1537], [-86.26577, 12.15369], [-86.26499, 12.15362], [-86.26486, 12.15361], [-86.26855, 12.15397], [-86.268, 12.15391], [-86.2679, 12.1539], [-86.26962, 12.15407], [-86.26921, 12.15403], [-86.26893, 12.15401], [-86.26855, 12.15397], [-86.27024, 12.15409], [-86.26993, 12.15409], [-86.26962, 12.15407], [-86.27262, 12.15405], [-86.27234, 12.15404], [-86.27168, 12.15403], [-86.27131, 12.15404], [-86.27105, 12.15405], [-86.2709, 12.15406], [-86.27062, 12.15407], [-86.27024, 12.15409], [-86.2735, 12.1541], [-86.27291, 12.15407], [-86.27262, 12.15405], [-86.27375, 12.15411], [-86.2737, 12.15411], [-86.2735, 12.1541], [-86.27375, 12.15411], [-86.27374, 12.15418], [-86.27369, 12.15459], [-86.27368, 12.15469], [-86.2726, 12.15465], [-86.27311, 12.15466], [-86.27362, 12.15468], [-86.27368, 12.15469], [-86.27085, 12.15468], [-86.27125, 12.15468], [-86.27148, 12.15468], [-86.2715, 12.15467], [-86.27167, 12.15467], [-86.27234, 12.15466], [-86.2726, 12.15465], [-86.26958, 12.15456], [-86.2706, 12.15467], [-86.27085, 12.15468], [-86.26873, 12.15448], [-86.26891, 12.1545], [-86.26916, 12.15452], [-86.26958, 12.15456], [-86.26792, 12.1544], [-86.26797, 12.1544], [-86.2681, 12.15442], [-86.26864, 12.15447], [-86.26873, 12.15448], [-86.26788, 12.15439], [-86.26792, 12.1544], [-86.26277, 12.15421], [-86.26283, 12.15421], [-86.2631, 12.15421], [-86.26345, 12.15419], [-86.26374, 12.15416], [-86.26406, 12.15411], [-86.26406, 12.15411], [-86.26429, 12.15409], [-86.26451, 12.15407], [-86.26477, 12.15406], [-86.26536, 12.15412], [-86.26566, 12.15416], [-86.26588, 12.15418], [-86.26595, 12.15418], [-86.26708, 12.15431], [-86.26764, 12.15438], [-86.26788, 12.15439], [-86.26265, 12.15421], [-86.26277, 12.15421], [-86.26198, 12.154], [-86.26233, 12.15411], [-86.26265, 12.15421], [-86.2619, 12.15396], [-86.26193, 12.15398], [-86.26198, 12.154], [-86.26201, 12.15395], [-86.2619, 12.15396], [-86.26256, 12.15385], [-86.26201, 12.15395], [-86.26379, 12.15363]]]}}, {"type": "Feature", "properties": {"nombre": "Sector Central 1 Lago Xolotlán", "tipo": "barrio"}, "geometry": {"type": "Polygon", "coordinates": [[[-86.25837, 12.15697], [-86.25836, 12.15822], [-86.26827, 12.16034], [-86.27522, 12.16425], [-86.25837, 12.15697], [-86.25845, 12.15698], [-86.25858, 12.15702], [-86.25872, 12.15706], [-86.25883, 12.15709], [-86.25892, 12.15709], [-86.259, 12.15711], [-86.2591, 12.15714], [-86.25922, 12.15715], [-86.25932, 12.15714], [-86.25942, 12.15712], [-86.25948, 12.15709], [-86.25954, 12.15708], [-86.25962, 12.1571], [-86.25971, 12.15712], [-86.25981, 12.15716], [-86.25993, 12.15723], [-86.26005, 12.15727], [-86.26019, 12.15731], [-86.26032, 12.15732], [-86.26042, 12.15736], [-86.26059, 12.15743], [-86.26069, 12.15747], [-86.2608, 12.15748], [-86.26091, 12.15747], [-86.26103, 12.15744], [-86.26115, 12.15742], [-86.26122, 12.15743], [-86.2613, 12.15748], [-86.26139, 12.15753], [-86.26148, 12.1576], [-86.26155, 12.15762], [-86.26161, 12.15761], [-86.26167, 12.15758], [-86.2617, 12.15752], [-86.26174, 12.15747], [-86.26179, 12.15743], [-86.26186, 12.15742], [-86.262, 12.15742], [-86.26212, 12.15744], [-86.26223, 12.15749], [-86.2623, 12.15756], [-86.26233, 12.15763], [-86.26235, 12.15773], [-86.26235, 12.15782], [-86.26236, 12.15793], [-86.26237, 12.15802], [-86.2624, 12.15807], [-86.26244, 12.15811], [-86.26248, 12.15812], [-86.26251, 12.1581], [-86.26254, 12.15806], [-86.26254, 12.15802], [-86.26255, 12.15787], [-86.26256, 12.15776], [-86.26259, 12.15766], [-86.26265, 12.15758], [-86.26271, 12.15754], [-86.26276, 12.15752], [-86.2628, 12.15752], [-86.26284, 12.15756], [-86.26288, 12.15762], [-86.26293, 12.15767], [-86.26301, 12.15772], [-86.26311, 12.15776], [-86.26328, 12.15779], [-86.26349, 12.15784], [-86.26365, 12.15788], [-86.26379, 12.15789], [-86.2639, 12.15787], [-86.26405, 12.15785], [-86.26419, 12.15785], [-86.26431, 12.15787], [-86.2644, 12.15792], [-86.2645, 12.15797], [-86.26462, 12.15805], [-86.26473, 12.15809], [-86.26482, 12.15813], [-86.26492, 12.15816], [-86.265, 12.15818], [-86.26505, 12.15817], [-86.26512, 12.15815], [-86.26519, 12.15811], [-86.26525, 12.1581], [-86.2653, 12.1581], [-86.26534, 12.15811], [-86.26587, 12.15669], [-86.26534, 12.15811], [-86.26587, 12.15669], [-86.26685, 12.15711], [-86.26849, 12.15733], [-86.26849, 12.15733], [-86.26941, 12.15751], [-86.2699, 12.15777], [-86.2696, 12.15761], [-86.26954, 12.15758], [-86.26941, 12.15751], [-86.27078, 12.15826], [-86.27039, 12.15804], [-86.2699, 12.15777], [-86.27307, 12.1597], [-86.27301, 12.15963], [-86.27298, 12.1596], [-86.27297, 12.15957], [-86.27295, 12.15955], [-86.27293, 12.15953], [-86.27291, 12.15951], [-86.27289, 12.1595], [-86.27262, 12.15934], [-86.27219, 12.15908], [-86.27182, 12.15886], [-86.27149, 12.15866], [-86.27141, 12.1586], [-86.27099, 12.15834], [-86.27078, 12.15826], [-86.27242, 12.16047], [-86.27279, 12.16003], [-86.27307, 12.1597], [-86.27242, 12.16047], [-86.2725, 12.16054], [-86.27259, 12.16063], [-86.27265, 12.16069], [-86.2727, 12.16075], [-86.27274, 12.16082], [-86.27277, 12.16086], [-86.27281, 12.1609], [-86.27286, 12.16092], [-86.2729, 12.16093], [-86.27297, 12.16092], [-86.27306, 12.16093], [-86.27311, 12.16096], [-86.27316, 12.161], [-86.27323, 12.16105], [-86.2734, 12.16118], [-86.27355, 12.16131], [-86.27372, 12.16143], [-86.27388, 12.16152], [-86.27406, 12.16161], [-86.27419, 12.16168], [-86.27429, 12.16175], [-86.2744, 12.16183], [-86.27453, 12.16197], [-86.2747, 12.16212], [-86.27481, 12.16222], [-86.27491, 12.16234], [-86.27501, 12.16247], [-86.27509, 12.16257], [-86.27515, 12.16263], [-86.27518, 12.16265], [-86.27532, 12.16264], [-86.27549, 12.16263], [-86.27554, 12.16263], [-86.27559, 12.16265], [-86.27569, 12.1627], [-86.27584, 12.16277], [-86.27595, 12.16281], [-86.27609, 12.16287], [-86.2762, 12.16291], [-86.2762, 12.16291], [-86.27522, 12.16425], [-86.25837, 12.15697]]]}}, {"type": "Feature", "properties": {"nombre": "Blas Real Espinales", "tipo": "barrio"}, "geometry": {"type": "Polygon", "coordinates": [[[-86.27275, 12.14532], [-86.27282, 12.1453], [-86.27287, 12.1453], [-86.27293, 12.14529], [-86.27299, 12.1453], [-86.27305, 12.1453], [-86.2732, 12.14532], [-86.27275, 12.14532], [-86.27267, 12.14537], [-86.27245, 12.14551], [-86.27229, 12.14558], [-86.27211, 12.14563], [-86.27175, 12.14564], [-86.27157, 12.14563], [-86.27131, 12.14558], [-86.27105, 12.1455], [-86.27086, 12.1454], [-86.27076, 12.14535], [-86.27076, 12.14535], [-86.27076, 12.14547], [-86.27076, 12.14585], [-86.27076, 12.14608], [-86.27317, 12.14579], [-86.27076, 12.14608], [-86.27317, 12.14579], [-86.2732, 12.14542], [-86.2732, 12.14542], [-86.2732, 12.14532], [-86.27275, 12.14532]]]}}, {"type": "Feature", "properties": {"nombre": "Buenos Aires", "tipo": "barrio"}, "geometry": {"type": "Polygon", "coordinates": [[[-86.26783, 12.14437], [-86.26791, 12.14442], [-86.26818, 12.14447], [-86.26825, 12.14448], [-86.26848, 12.14452], [-86.26783, 12.14437], [-86.2673, 12.14428], [-86.2673, 12.14428], [-86.26711, 12.14424], [-86.26674, 12.14418], [-86.26648, 12.14413], [-86.26648, 12.14413], [-86.26568, 12.14401], [-86.26547, 12.14403], [-86.26547, 12.14403], [-86.26525, 12.14405], [-86.26491, 12.14407], [-86.26473, 12.14408], [-86.26473, 12.14408], [-86.26439, 12.1441], [-86.2641, 12.14412], [-86.26388, 12.14413], [-86.26359, 12.14408], [-86.26359, 12.14408], [-86.26314, 12.14396], [-86.26297, 12.14392], [-86.26297, 12.14392], [-86.26271, 12.14392], [-86.26244, 12.14394], [-86.26221, 12.14399], [-86.26199, 12.14406], [-86.26199, 12.14406], [-86.26187, 12.14412], [-86.26162, 12.14427], [-86.2614, 12.14443], [-86.26078, 12.14499], [-86.26078, 12.14499], [-86.26061, 12.14515], [-86.26045, 12.14527], [-86.26045, 12.14527], [-86.2605, 12.14537], [-86.26053, 12.14543], [-86.2606, 12.14558], [-86.26067, 12.14569], [-86.26081, 12.14587], [-86.26493, 12.14964], [-86.26425, 12.14903], [-86.26419, 12.14899], [-86.26417, 12.14898], [-86.26407, 12.1489], [-86.26351, 12.14835], [-86.26265, 12.14762], [-86.26213, 12.14707], [-86.26162, 12.14658], [-86.26142, 12.14643], [-86.26097, 12.14602], [-86.26081, 12.14587], [-86.26611, 12.1497], [-86.26522, 12.14966], [-86.26493, 12.14964], [-86.26637, 12.14972], [-86.26611, 12.1497], [-86.26818, 12.14982], [-86.26728, 12.14977], [-86.26668, 12.14973], [-86.26637, 12.14972], [-86.26818, 12.14982], [-86.26825, 12.14884], [-86.26831, 12.14771], [-86.26834, 12.14718], [-86.26839, 12.1462], [-86.26843, 12.14548], [-86.26845, 12.14509], [-86.26848, 12.14452], [-86.26783, 12.14437]]]}}, {"type": "Feature", "properties": {"nombre": "Centro Histórico (Sur)", "tipo": "barrio"}, "geometry": {"type": "Polygon", "coordinates": [[[-86.26962, 12.15407], [-86.2696, 12.15382], [-86.26963, 12.15337], [-86.26965, 12.15281], [-86.26965, 12.15281], [-86.26966, 12.15263], [-86.26968, 12.15224], [-86.26971, 12.15166], [-86.26974, 12.15113], [-86.26974, 12.15113], [-86.26977, 12.15059], [-86.26977, 12.15059], [-86.27024, 12.15064], [-86.27029, 12.15064], [-86.27066, 12.15068], [-86.27066, 12.15068], [-86.2712, 12.15074], [-86.27244, 12.15087], [-86.27283, 12.15091], [-86.27283, 12.15091], [-86.27341, 12.15096], [-86.27347, 12.15097], [-86.27347, 12.15097], [-86.27404, 12.15103], [-86.27404, 12.15103], [-86.27409, 12.15103], [-86.27409, 12.15103], [-86.2742, 12.15104], [-86.27419, 12.1511], [-86.2742, 12.15104], [-86.27414, 12.15154], [-86.27419, 12.1511], [-86.27399, 12.153], [-86.27401, 12.15272], [-86.27404, 12.15245], [-86.27414, 12.15154], [-86.27393, 12.15352], [-86.27396, 12.15321], [-86.27399, 12.153], [-86.27389, 12.15384], [-86.27393, 12.15352], [-86.27385, 12.15412], [-86.27386, 12.15406], [-86.27389, 12.15384], [-86.27385, 12.15412], [-86.27375, 12.15411], [-86.27375, 12.15411], [-86.2737, 12.15411], [-86.2735, 12.1541], [-86.2735, 12.1541], [-86.27291, 12.15407], [-86.27262, 12.15405], [-86.27262, 12.15405], [-86.27234, 12.15404], [-86.27168, 12.15403], [-86.27131, 12.15404], [-86.27105, 12.15405], [-86.2709, 12.15406], [-86.27062, 12.15407], [-86.27024, 12.15409], [-86.27024, 12.15409], [-86.26993, 12.15409], [-86.26962, 12.15407]]]}}, {"type": "Feature", "properties": {"nombre": "Explanada Loma de Tiscapa", "tipo": "barrio"}, "geometry": {"type": "Polygon", "coordinates": [[[-86.2747, 12.14626], [-86.27442, 12.14614], [-86.2732, 12.14532], [-86.27331, 12.14533], [-86.27347, 12.14536], [-86.27356, 12.14539], [-86.27363, 12.14541], [-86.2737, 12.14544], [-86.27375, 12.14546], [-86.27379, 12.14549], [-86.27383, 12.14551], [-86.27386, 12.14554], [-86.27398, 12.14564], [-86.27406, 12.14572], [-86.27414, 12.14581], [-86.27427, 12.14595], [-86.27442, 12.14614], [-86.27275, 12.14532], [-86.27282, 12.1453], [-86.27287, 12.1453], [-86.27293, 12.14529], [-86.27299, 12.1453], [-86.27305, 12.1453], [-86.2732, 12.14532], [-86.27275, 12.14532], [-86.27267, 12.14537], [-86.27245, 12.14551], [-86.27229, 12.14558], [-86.27211, 12.14563], [-86.27175, 12.14564], [-86.27157, 12.14563], [-86.27131, 12.14558], [-86.27105, 12.1455], [-86.27086, 12.1454], [-86.27076, 12.14535], [-86.27076, 12.14535], [-86.2707, 12.14531], [-86.27059, 12.14522], [-86.27055, 12.14518], [-86.2705, 12.14512], [-86.2704, 12.14495], [-86.27034, 12.14488], [-86.27026, 12.14482], [-86.27019, 12.14479], [-86.27013, 12.14478], [-86.27013, 12.14478], [-86.27007, 12.14473], [-86.26941, 12.14462], [-86.26927, 12.14459], [-86.26924, 12.14459], [-86.26875, 12.14451], [-86.26848, 12.14446], [-86.26848, 12.14446], [-86.2685, 12.14388], [-86.2685, 12.14369], [-86.2685, 12.14369], [-86.26862, 12.14366], [-86.26859, 12.14308], [-86.26861, 12.14295], [-86.26868, 12.14291], [-86.26884, 12.14247], [-86.26884, 12.14226], [-86.26893, 12.1421], [-86.26897, 12.14206], [-86.26908, 12.14199], [-86.27086, 12.14189], [-86.27037, 12.14181], [-86.27011, 12.14182], [-86.27, 12.14182], [-86.26989, 12.14183], [-86.26981, 12.14179], [-86.26973, 12.14178], [-86.26966, 12.14179], [-86.26959, 12.14183], [-86.26945, 12.14187], [-86.26934, 12.14191], [-86.26922, 12.14193], [-86.26908, 12.14199], [-86.27086, 12.14189], [-86.27081, 12.14197], [-86.27079, 12.14204], [-86.27078, 12.1421], [-86.2708, 12.14216], [-86.27085, 12.14221], [-86.27089, 12.14225], [-86.27096, 12.14228], [-86.27148, 12.14239], [-86.27292, 12.14275], [-86.27292, 12.14275], [-86.27341, 12.14282], [-86.27376, 12.14286], [-86.27341, 12.14282], [-86.27506, 12.14294], [-86.27409, 12.14288], [-86.27376, 12.14286], [-86.27496, 12.14371], [-86.27497, 12.14366], [-86.27499, 12.14354], [-86.27506, 12.14294], [-86.27495, 12.14382], [-86.27496, 12.14371], [-86.27492, 12.14409], [-86.27495, 12.14382], [-86.27492, 12.14409], [-86.27481, 12.14439], [-86.27473, 12.14559], [-86.2747, 12.14626]]]}}, {"type": "Feature", "properties": {"nombre": "Sector Laguna de Tiscapa", "tipo": "barrio"}, "geometry": {"type": "Polygon", "coordinates": [[[-86.2685, 12.14369], [-86.26862, 12.14366], [-86.26859, 12.14308], [-86.26861, 12.14295], [-86.26868, 12.14291], [-86.26884, 12.14247], [-86.26884, 12.14226], [-86.26893, 12.1421], [-86.26897, 12.14206], [-86.26908, 12.14199], [-86.2685, 12.14369], [-86.26841, 12.1435], [-86.26828, 12.14324], [-86.26824, 12.14313], [-86.26816, 12.14286], [-86.26802, 12.14208], [-86.26801, 12.14205], [-86.26786, 12.14123], [-86.2679, 12.13896], [-86.2679, 12.13901], [-86.26787, 12.1394], [-86.26786, 12.13975], [-86.26784, 12.14019], [-86.26782, 12.14062], [-86.26784, 12.14096], [-86.26785, 12.14114], [-86.26786, 12.14123], [-86.26816, 12.13819], [-86.26809, 12.13836], [-86.26804, 12.13846], [-86.26795, 12.13875], [-86.26791, 12.13892], [-86.2679, 12.13896], [-86.26849, 12.13713], [-86.26816, 12.13819], [-86.26851, 12.13609], [-86.26855, 12.13633], [-86.26857, 12.13652], [-86.26857, 12.13666], [-86.26856, 12.13676], [-86.26854, 12.13687], [-86.26851, 12.13702], [-86.26849, 12.13713], [-86.26851, 12.13609], [-86.26859, 12.13629], [-86.26859, 12.13629], [-86.26867, 12.13641], [-86.26875, 12.13652], [-86.26882, 12.1366], [-86.269, 12.13675], [-86.26903, 12.13677], [-86.26908, 12.1368], [-86.26911, 12.13682], [-86.26914, 12.13683], [-86.26917, 12.13684], [-86.26923, 12.13686], [-86.26933, 12.13688], [-86.26933, 12.13688], [-86.26943, 12.1369], [-86.26943, 12.1369], [-86.26956, 12.13692], [-86.26976, 12.13693], [-86.26991, 12.13694], [-86.26991, 12.13694], [-86.27046, 12.13691], [-86.27073, 12.1369], [-86.27073, 12.1369], [-86.27168, 12.13685], [-86.27168, 12.13685], [-86.27221, 12.13683], [-86.27221, 12.13683], [-86.27245, 12.13684], [-86.27258, 12.13685], [-86.27275, 12.13687], [-86.27285, 12.13689], [-86.27298, 12.13692], [-86.27328, 12.13703], [-86.27374, 12.1372], [-86.27412, 12.13737], [-86.27427, 12.13744], [-86.27438, 12.13751], [-86.27465, 12.13773], [-86.27484, 12.1379], [-86.27497, 12.13803], [-86.2751, 12.13819], [-86.27546, 12.13872], [-86.27546, 12.13872], [-86.27546, 12.13911], [-86.27546, 12.13926], [-86.27546, 12.13926], [-86.27545, 12.13937], [-86.27537, 12.13925], [-86.27539, 12.13931], [-86.27541, 12.13934], [-86.27545, 12.13937], [-86.27537, 12.13925], [-86.27523, 12.13923], [-86.2752, 12.1392], [-86.27504, 12.1391], [-86.27489, 12.13948], [-86.27483, 12.13932], [-86.27481, 12.13923], [-86.27481, 12.13919], [-86.27483, 12.13914], [-86.27487, 12.13909], [-86.27492, 12.13908], [-86.27498, 12.13908], [-86.27504, 12.1391], [-86.27379, 12.14208], [-86.2736, 12.14186], [-86.27399, 12.14167], [-86.27433, 12.14145], [-86.27455, 12.14125], [-86.27472, 12.14106], [-86.27482, 12.14085], [-86.27487, 12.14065], [-86.2749, 12.14039], [-86.27488, 12.14023], [-86.27469, 12.13961], [-86.27489, 12.13948], [-86.27379, 12.14208], [-86.27378, 12.14228], [-86.27376, 12.14286], [-86.27376, 12.14286], [-86.27341, 12.14282], [-86.27292, 12.14275], [-86.27341, 12.14282], [-86.27086, 12.14189], [-86.27081, 12.14197], [-86.27079, 12.14204], [-86.27078, 12.1421], [-86.2708, 12.14216], [-86.27085, 12.14221], [-86.27089, 12.14225], [-86.27096, 12.14228], [-86.27148, 12.14239], [-86.27292, 12.14275], [-86.27086, 12.14189], [-86.27037, 12.14181], [-86.27011, 12.14182], [-86.27, 12.14182], [-86.26989, 12.14183], [-86.26981, 12.14179], [-86.26973, 12.14178], [-86.26966, 12.14179], [-86.26959, 12.14183], [-86.26945, 12.14187], [-86.26934, 12.14191], [-86.26922, 12.14193], [-86.26908, 12.14199], [-86.2685, 12.14369]]]}}, {"type": "Feature", "properties": {"nombre": "Sajonia", "tipo": "barrio"}, "geometry": {"type": "Polygon", "coordinates": [[[-86.2698, 12.14992], [-86.26898, 12.14987], [-86.26855, 12.14985], [-86.26818, 12.14982], [-86.26818, 12.14982], [-86.26825, 12.14884], [-86.26831, 12.14771], [-86.26834, 12.14718], [-86.26839, 12.1462], [-86.26843, 12.14548], [-86.26845, 12.14509], [-86.26848, 12.14452], [-86.26848, 12.14452], [-86.26924, 12.14466], [-86.26926, 12.14466], [-86.26961, 12.14472], [-86.27005, 12.1448], [-86.27013, 12.14478], [-86.27076, 12.14535], [-86.2707, 12.14531], [-86.27059, 12.14522], [-86.27055, 12.14518], [-86.2705, 12.14512], [-86.2704, 12.14495], [-86.27034, 12.14488], [-86.27026, 12.14482], [-86.27019, 12.14479], [-86.27013, 12.14478], [-86.27076, 12.14535], [-86.27076, 12.14547], [-86.27076, 12.14585], [-86.27076, 12.14608], [-86.27076, 12.14608], [-86.27044, 12.1461], [-86.271, 12.14864], [-86.27096, 12.14783], [-86.27086, 12.1469], [-86.27083, 12.14679], [-86.27044, 12.1461], [-86.271, 12.14871], [-86.271, 12.14864], [-86.271, 12.14871], [-86.27077, 12.14872], [-86.27061, 12.14874], [-86.27051, 12.14874], [-86.27051, 12.14874], [-86.26991, 12.14876], [-86.26987, 12.14876], [-86.2698, 12.14992], [-86.26987, 12.14876], [-86.2698, 12.14992]]]}}, {"type": "Feature", "properties": {"nombre": "Sector Este Dupla Sur", "tipo": "barrio"}, "geometry": {"type": "Polygon", "coordinates": [[[-86.2698, 12.14992], [-86.26898, 12.14987], [-86.26855, 12.14985], [-86.26818, 12.14982], [-86.26818, 12.14982], [-86.26728, 12.14977], [-86.26668, 12.14973], [-86.26637, 12.14972], [-86.26637, 12.14972], [-86.26611, 12.1497], [-86.26611, 12.1497], [-86.26522, 12.14966], [-86.26493, 12.14964], [-86.26467, 12.15053], [-86.26473, 12.15035], [-86.2649, 12.14975], [-86.26493, 12.14964], [-86.26467, 12.15053], [-86.26486, 12.1505], [-86.26514, 12.15046], [-86.26549, 12.15042], [-86.26609, 12.15038], [-86.26609, 12.15038], [-86.26668, 12.15038], [-86.26725, 12.1504], [-86.26786, 12.15043], [-86.26814, 12.15044], [-86.26814, 12.15044], [-86.26893, 12.15051], [-86.26893, 12.15051], [-86.26977, 12.15059], [-86.26977, 12.15059], [-86.27024, 12.15064], [-86.27029, 12.15064], [-86.27066, 12.15068], [-86.27066, 12.15068], [-86.27065, 12.15042], [-86.27065, 12.15021], [-86.27065, 12.15021], [-86.27058, 12.15011], [-86.27051, 12.15004], [-86.27045, 12.15], [-86.27038, 12.14997], [-86.27035, 12.14996], [-86.2698, 12.14992]]]}}, {"type": "Feature", "properties": {"nombre": "Sector Gobierno", "tipo": "barrio"}, "geometry": {"type": "Polygon", "coordinates": [[[-86.2747, 12.14677], [-86.2747, 12.14626], [-86.27448, 12.1462], [-86.27449, 12.14621], [-86.27452, 12.14623], [-86.27456, 12.14624], [-86.27458, 12.14625], [-86.27461, 12.14626], [-86.27464, 12.14626], [-86.27467, 12.14626], [-86.2747, 12.14626], [-86.27442, 12.14614], [-86.27444, 12.14617], [-86.27446, 12.14618], [-86.27448, 12.1462], [-86.2732, 12.14532], [-86.27331, 12.14533], [-86.27347, 12.14536], [-86.27356, 12.14539], [-86.27363, 12.14541], [-86.2737, 12.14544], [-86.27375, 12.14546], [-86.27379, 12.14549], [-86.27383, 12.14551], [-86.27386, 12.14554], [-86.27398, 12.14564], [-86.27406, 12.14572], [-86.27414, 12.14581], [-86.27427, 12.14595], [-86.27442, 12.14614], [-86.2732, 12.14542], [-86.2732, 12.14532], [-86.27317, 12.14579], [-86.2732, 12.14542], [-86.27317, 12.14579], [-86.27076, 12.14608], [-86.27076, 12.14608], [-86.27044, 12.1461], [-86.271, 12.14864], [-86.27096, 12.14783], [-86.27086, 12.1469], [-86.27083, 12.14679], [-86.27044, 12.1461], [-86.271, 12.14871], [-86.271, 12.14864], [-86.271, 12.14871], [-86.27077, 12.14872], [-86.27061, 12.14874], [-86.27051, 12.14874], [-86.27051, 12.14874], [-86.26991, 12.14876], [-86.26987, 12.14876], [-86.2698, 12.14992], [-86.26987, 12.14876], [-86.27065, 12.15021], [-86.27058, 12.15011], [-86.27051, 12.15004], [-86.27045, 12.15], [-86.27038, 12.14997], [-86.27035, 12.14996], [-86.2698, 12.14992], [-86.27066, 12.15068], [-86.27065, 12.15042], [-86.27065, 12.15021], [-86.27066, 12.15068], [-86.2712, 12.15074], [-86.27244, 12.15087], [-86.27283, 12.15091], [-86.27283, 12.15091], [-86.27341, 12.15096], [-86.27347, 12.15097], [-86.27347, 12.15097], [-86.27404, 12.15103], [-86.27404, 12.15103], [-86.27409, 12.15103], [-86.27409, 12.15103], [-86.2742, 12.15104], [-86.2742, 12.15104], [-86.27422, 12.1509], [-86.27422, 12.1509], [-86.27422, 12.15083], [-86.27422, 12.15083], [-86.27426, 12.15054], [-86.27426, 12.15054], [-86.27434, 12.14988], [-86.27444, 12.14906], [-86.27446, 12.14889], [-86.27446, 12.14889], [-86.27448, 12.14875], [-86.2745, 12.14856], [-86.2745, 12.14856], [-86.27452, 12.14844], [-86.27456, 12.14807], [-86.27456, 12.14807], [-86.27459, 12.14776], [-86.27462, 12.14743], [-86.27462, 12.14743], [-86.27469, 12.14686], [-86.2747, 12.14677]]]}}, {"type": "Feature", "properties": {"nombre": "Francisco Meza", "tipo": "barrio"}, "geometry": {"type": "Polygon", "coordinates": [[[-86.25963, 12.14081], [-86.26078, 12.14093], [-86.26079, 12.14151], [-86.26185, 12.14163], [-86.26189, 12.14164], [-86.25954, 12.14021], [-86.25957, 12.14042], [-86.25963, 12.14081], [-86.25937, 12.1395], [-86.2595, 12.14004], [-86.25954, 12.14021], [-86.25907, 12.13846], [-86.25909, 12.13852], [-86.25916, 12.13877], [-86.25921, 12.13896], [-86.25922, 12.13899], [-86.25924, 12.13907], [-86.25926, 12.13912], [-86.25937, 12.1395], [-86.25907, 12.13846], [-86.25888, 12.13783], [-86.26003, 12.13759], [-86.25976, 12.13761], [-86.25921, 12.13774], [-86.25916, 12.13775], [-86.25894, 12.13781], [-86.25888, 12.13783], [-86.26012, 12.13759], [-86.26003, 12.13759], [-86.26078, 12.13764], [-86.26063, 12.13761], [-86.2605, 12.13759], [-86.26012, 12.13759], [-86.26263, 12.13804], [-86.26233, 12.13798], [-86.26214, 12.13793], [-86.26169, 12.13784], [-86.26155, 12.13781], [-86.26142, 12.13778], [-86.26078, 12.13764], [-86.26263, 12.13804], [-86.2625, 12.13878], [-86.2625, 12.13878], [-86.26164, 12.13864], [-86.26165, 12.1394], [-86.26164, 12.13879], [-86.26164, 12.13864], [-86.26184, 12.13943], [-86.26165, 12.1394], [-86.26184, 12.13943], [-86.26185, 12.14007], [-86.26189, 12.14149], [-86.26189, 12.14164], [-86.25963, 12.14081]]]}}, {"type": "Feature", "properties": {"nombre": "Hogar Propio", "tipo": "barrio"}, "geometry": {"type": "Polygon", "coordinates": [[[-86.26297, 12.14392], [-86.26271, 12.14392], [-86.26244, 12.14394], [-86.26221, 12.14399], [-86.26199, 12.14406], [-86.26199, 12.14406], [-86.26187, 12.14412], [-86.26162, 12.14427], [-86.2614, 12.14443], [-86.26078, 12.14499], [-86.26078, 12.14499], [-86.26061, 12.14515], [-86.26045, 12.14527], [-86.26045, 12.14527], [-86.26036, 12.14501], [-86.26036, 12.14501], [-86.26026, 12.1447], [-86.26014, 12.14434], [-86.26014, 12.14434], [-86.25994, 12.14364], [-86.25994, 12.14364], [-86.25979, 12.14295], [-86.25963, 12.14081], [-86.25969, 12.14111], [-86.25975, 12.14163], [-86.25978, 12.14215], [-86.25978, 12.1423], [-86.25978, 12.14264], [-86.25979, 12.14295], [-86.25963, 12.14081], [-86.26078, 12.14093], [-86.26079, 12.14151], [-86.26185, 12.14163], [-86.26189, 12.14164], [-86.26189, 12.14164], [-86.2619, 12.14176], [-86.26194, 12.14288], [-86.26304, 12.14301], [-86.26214, 12.14288], [-86.26194, 12.14288], [-86.26297, 12.14392], [-86.26295, 12.14373], [-86.26295, 12.1436], [-86.26298, 12.1434], [-86.26304, 12.14301], [-86.26297, 12.14392]]]}}, {"type": "Feature", "properties": {"nombre": "Largaespada", "tipo": "barrio"}, "geometry": {"type": "Polygon", "coordinates": [[[-86.26848, 12.14446], [-86.26792, 12.14436], [-86.26783, 12.14437], [-86.26783, 12.14437], [-86.2673, 12.14428], [-86.2673, 12.14428], [-86.26711, 12.14424], [-86.26674, 12.14418], [-86.26648, 12.14413], [-86.26648, 12.14413], [-86.26568, 12.14401], [-86.26547, 12.14403], [-86.26547, 12.14403], [-86.26525, 12.14405], [-86.26491, 12.14407], [-86.26473, 12.14408], [-86.26473, 12.14408], [-86.26439, 12.1441], [-86.2641, 12.14412], [-86.26388, 12.14413], [-86.26359, 12.14408], [-86.26359, 12.14408], [-86.26314, 12.14396], [-86.26297, 12.14392], [-86.26297, 12.14392], [-86.26295, 12.14373], [-86.26295, 12.1436], [-86.26298, 12.1434], [-86.26304, 12.14301], [-86.26304, 12.14301], [-86.26214, 12.14288], [-86.26194, 12.14288], [-86.26189, 12.14164], [-86.2619, 12.14176], [-86.26194, 12.14288], [-86.26184, 12.13943], [-86.26185, 12.14007], [-86.26189, 12.14149], [-86.26189, 12.14164], [-86.26184, 12.13943], [-86.26165, 12.1394], [-86.26165, 12.1394], [-86.26164, 12.13879], [-86.26164, 12.13864], [-86.2625, 12.13878], [-86.26164, 12.13864], [-86.26263, 12.13804], [-86.2625, 12.13878], [-86.26263, 12.13804], [-86.26273, 12.138], [-86.26281, 12.13751], [-86.26338, 12.1376], [-86.26281, 12.13751], [-86.26343, 12.13721], [-86.2634, 12.13743], [-86.26338, 12.1376], [-86.26347, 12.13681], [-86.26347, 12.13694], [-86.26343, 12.13721], [-86.26347, 12.13681], [-86.26372, 12.13682], [-86.26437, 12.1368], [-86.26372, 12.13682], [-86.26439, 12.13647], [-86.26441, 12.1366], [-86.26437, 12.1368], [-86.26559, 12.13649], [-86.26499, 12.1366], [-86.26494, 12.13647], [-86.26439, 12.13647], [-86.26559, 12.13649], [-86.26569, 12.1367], [-86.2659, 12.13704], [-86.26605, 12.13714], [-86.26605, 12.13714], [-86.26639, 12.13761], [-86.26669, 12.13797], [-86.26669, 12.13797], [-86.26709, 12.1386], [-86.26717, 12.13872], [-86.26717, 12.13872], [-86.2679, 12.13896], [-86.2679, 12.13896], [-86.2679, 12.13901], [-86.26787, 12.1394], [-86.26786, 12.13975], [-86.26784, 12.14019], [-86.26782, 12.14062], [-86.26784, 12.14096], [-86.26785, 12.14114], [-86.26786, 12.14123], [-86.2685, 12.14369], [-86.26841, 12.1435], [-86.26828, 12.14324], [-86.26824, 12.14313], [-86.26816, 12.14286], [-86.26802, 12.14208], [-86.26801, 12.14205], [-86.26786, 12.14123], [-86.26848, 12.14446], [-86.2685, 12.14388], [-86.2685, 12.14369], [-86.26848, 12.14446]]]}}, {"type": "Feature", "properties": {"nombre": "Santo Domingo", "tipo": "barrio"}, "geometry": {"type": "Polygon", "coordinates": [[[-86.26609, 12.15038], [-86.26668, 12.15038], [-86.26725, 12.1504], [-86.26786, 12.15043], [-86.26814, 12.15044], [-86.26467, 12.15053], [-86.26486, 12.1505], [-86.26514, 12.15046], [-86.26549, 12.15042], [-86.26609, 12.15038], [-86.26286, 12.15057], [-86.26341, 12.15058], [-86.26372, 12.15057], [-86.26467, 12.15053], [-86.26286, 12.15057], [-86.26249, 12.15055], [-86.26191, 12.15052], [-86.26191, 12.15052], [-86.26104, 12.15049], [-86.26104, 12.15049], [-86.26061, 12.15046], [-86.2603, 12.15044], [-86.26013, 12.15046], [-86.26013, 12.15046], [-86.26007, 12.15046], [-86.25999, 12.15045], [-86.25994, 12.15045], [-86.25979, 12.15045], [-86.25964, 12.15044], [-86.25958, 12.15044], [-86.25954, 12.15044], [-86.25935, 12.15043], [-86.2593, 12.15043], [-86.25924, 12.15043], [-86.2591, 12.15105], [-86.25924, 12.15043], [-86.2591, 12.15105], [-86.25886, 12.15191], [-86.25873, 12.15249], [-86.25886, 12.15191], [-86.25854, 12.15351], [-86.25859, 12.15323], [-86.25864, 12.153], [-86.25872, 12.15254], [-86.25873, 12.15252], [-86.25873, 12.15249], [-86.25927, 12.15358], [-86.25913, 12.15357], [-86.25854, 12.15351], [-86.261, 12.15374], [-86.26014, 12.15366], [-86.25927, 12.15358], [-86.26187, 12.15382], [-86.261, 12.15374], [-86.26187, 12.15382], [-86.26186, 12.15385], [-86.26187, 12.15389], [-86.26188, 12.15392], [-86.2619, 12.15396], [-86.26201, 12.15395], [-86.2619, 12.15396], [-86.26256, 12.15385], [-86.26201, 12.15395], [-86.26379, 12.15363], [-86.26329, 12.15372], [-86.26283, 12.15379], [-86.26256, 12.15385], [-86.26486, 12.15361], [-86.26426, 12.1536], [-86.26406, 12.1536], [-86.26394, 12.15361], [-86.26379, 12.15363], [-86.2679, 12.1539], [-86.26755, 12.15387], [-86.26708, 12.15382], [-86.26693, 12.1538], [-86.26672, 12.15378], [-86.26665, 12.15378], [-86.26597, 12.15371], [-86.26592, 12.1537], [-86.26577, 12.15369], [-86.26499, 12.15362], [-86.26486, 12.15361], [-86.26855, 12.15397], [-86.268, 12.15391], [-86.2679, 12.1539], [-86.26962, 12.15407], [-86.26921, 12.15403], [-86.26893, 12.15401], [-86.26855, 12.15397], [-86.26962, 12.15407], [-86.2696, 12.15382], [-86.26963, 12.15337], [-86.26965, 12.15281], [-86.26965, 12.15281], [-86.26966, 12.15263], [-86.26968, 12.15224], [-86.26971, 12.15166], [-86.26974, 12.15113], [-86.26974, 12.15113], [-86.26977, 12.15059], [-86.26893, 12.15051], [-86.26977, 12.15059], [-86.26814, 12.15044], [-86.26893, 12.15051], [-86.26609, 12.15038]]]}}, {"type": "Feature", "properties": {"nombre": "Catedral de Managua", "tipo": "barrio"}, "geometry": {"type": "Polygon", "coordinates": [[[-86.266, 12.1346], [-86.26643, 12.1346], [-86.26741, 12.1346], [-86.26752, 12.1346], [-86.26763, 12.13459], [-86.26785, 12.13456], [-86.26801, 12.13452], [-86.2652, 12.13461], [-86.26525, 12.13461], [-86.266, 12.1346], [-86.26474, 12.13281], [-86.26501, 12.13354], [-86.26512, 12.13384], [-86.26516, 12.134], [-86.2652, 12.13461], [-86.26474, 12.13281], [-86.26486, 12.1327], [-86.26549, 12.12949], [-86.26527, 12.1296], [-86.26534, 12.12984], [-86.26474, 12.13001], [-86.26464, 12.13009], [-86.26459, 12.13021], [-86.26456, 12.13035], [-86.26456, 12.13047], [-86.26472, 12.13155], [-86.26506, 12.13263], [-86.26486, 12.1327], [-86.26549, 12.12949], [-86.26557, 12.12942], [-86.26557, 12.12942], [-86.26568, 12.12939], [-86.26573, 12.12938], [-86.26577, 12.12938], [-86.26581, 12.12939], [-86.26585, 12.12939], [-86.26588, 12.1294], [-86.26609, 12.12949], [-86.26609, 12.12949], [-86.26616, 12.12952], [-86.26616, 12.12952], [-86.26628, 12.12959], [-86.26634, 12.12963], [-86.26639, 12.12967], [-86.26644, 12.12972], [-86.26647, 12.12976], [-86.26649, 12.12981], [-86.26654, 12.12993], [-86.26671, 12.13042], [-86.26671, 12.13042], [-86.26673, 12.13049], [-86.26687, 12.13092], [-86.26697, 12.13122], [-86.26711, 12.13168], [-86.26782, 12.13388], [-86.26801, 12.13452], [-86.266, 12.1346]]]}}, {"type": "Feature", "properties": {"nombre": "Costado El Sol (Costado Sur Catedral)", "tipo": "barrio"}, "geometry": {"type": "Polygon", "coordinates": [[[-86.26549, 12.12949], [-86.26557, 12.12942], [-86.26549, 12.12949], [-86.26527, 12.1296], [-86.26534, 12.12984], [-86.26474, 12.13001], [-86.26464, 12.13009], [-86.26459, 12.13021], [-86.26456, 12.13035], [-86.26456, 12.13047], [-86.26472, 12.13155], [-86.26506, 12.13263], [-86.26486, 12.1327], [-86.26474, 12.13281], [-86.26486, 12.1327], [-86.26424, 12.13067], [-86.26436, 12.1315], [-86.26439, 12.13165], [-86.26441, 12.13178], [-86.26448, 12.13202], [-86.26457, 12.1323], [-86.26458, 12.13235], [-86.26474, 12.13281], [-86.26424, 12.13067], [-86.26423, 12.13038], [-86.26424, 12.13026], [-86.26424, 12.13022], [-86.26426, 12.13017], [-86.26428, 12.13011], [-86.2643, 12.13005], [-86.26435, 12.12997], [-86.2644, 12.1299], [-86.26444, 12.12986], [-86.26449, 12.12981], [-86.26454, 12.12977], [-86.26459, 12.12974], [-86.26469, 12.12968], [-86.26469, 12.12968], [-86.26476, 12.12966], [-86.26476, 12.12966], [-86.26484, 12.12964], [-86.26511, 12.12956], [-86.26541, 12.12947], [-86.26557, 12.12942], [-86.26549, 12.12949]]]}}, {"type": "Feature", "properties": {"nombre": "Serrano", "tipo": "barrio"}, "geometry": {"type": "Polygon", "coordinates": [[[-86.26816, 12.13819], [-86.26809, 12.13836], [-86.26804, 12.13846], [-86.26795, 12.13875], [-86.26791, 12.13892], [-86.2679, 12.13896], [-86.26717, 12.13872], [-86.2679, 12.13896], [-86.26669, 12.13797], [-86.26709, 12.1386], [-86.26717, 12.13872], [-86.26605, 12.13714], [-86.26639, 12.13761], [-86.26669, 12.13797], [-86.26559, 12.13649], [-86.26569, 12.1367], [-86.2659, 12.13704], [-86.26605, 12.13714], [-86.26517, 12.13505], [-86.26542, 12.13597], [-86.26551, 12.13625], [-86.26559, 12.13649], [-86.26517, 12.13505], [-86.2652, 12.13461], [-86.2652, 12.13461], [-86.26525, 12.13461], [-86.266, 12.1346], [-86.266, 12.1346], [-86.26643, 12.1346], [-86.26741, 12.1346], [-86.26752, 12.1346], [-86.26763, 12.13459], [-86.26785, 12.13456], [-86.26801, 12.13452], [-86.26801, 12.13452], [-86.26819, 12.13506], [-86.26835, 12.13554], [-86.26835, 12.13554], [-86.26838, 12.13564], [-86.26851, 12.13609], [-86.26851, 12.13609], [-86.26855, 12.13633], [-86.26857, 12.13652], [-86.26857, 12.13666], [-86.26856, 12.13676], [-86.26854, 12.13687], [-86.26851, 12.13702], [-86.26849, 12.13713], [-86.26849, 12.13713], [-86.26816, 12.13819]]]}}, {"type": "Feature", "properties": {"nombre": "Jorge Dimitrov", "tipo": "barrio"}, "geometry": {"type": "Polygon", "coordinates": [[[-86.25738, 12.13292], [-86.25742, 12.13293], [-86.25742, 12.13293], [-86.25747, 12.13301], [-86.25751, 12.13308], [-86.2576, 12.13328], [-86.25763, 12.13338], [-86.25776, 12.13379], [-86.25781, 12.13385], [-86.25781, 12.13385], [-86.25784, 12.13399], [-86.25788, 12.13413], [-86.25788, 12.13413], [-86.25794, 12.13436], [-86.25819, 12.13521], [-86.25835, 12.1358], [-86.25835, 12.1358], [-86.25848, 12.13629], [-86.25852, 12.13646], [-86.25864, 12.13692], [-86.25871, 12.13719], [-86.2588, 12.13745], [-86.2588, 12.13745], [-86.25879, 12.13751], [-86.25888, 12.13783], [-86.26003, 12.13759], [-86.25976, 12.13761], [-86.25921, 12.13774], [-86.25916, 12.13775], [-86.25894, 12.13781], [-86.25888, 12.13783], [-86.26012, 12.13759], [-86.26003, 12.13759], [-86.26078, 12.13764], [-86.26063, 12.13761], [-86.2605, 12.13759], [-86.26012, 12.13759], [-86.26263, 12.13804], [-86.26233, 12.13798], [-86.26214, 12.13793], [-86.26169, 12.13784], [-86.26155, 12.13781], [-86.26142, 12.13778], [-86.26078, 12.13764], [-86.26263, 12.13804], [-86.26273, 12.138], [-86.26281, 12.13751], [-86.26338, 12.1376], [-86.26281, 12.13751], [-86.26343, 12.13721], [-86.2634, 12.13743], [-86.26338, 12.1376], [-86.26347, 12.13681], [-86.26347, 12.13694], [-86.26343, 12.13721], [-86.26347, 12.13681], [-86.26372, 12.13682], [-86.26437, 12.1368], [-86.26372, 12.13682], [-86.26439, 12.13647], [-86.26441, 12.1366], [-86.26437, 12.1368], [-86.26559, 12.13649], [-86.26499, 12.1366], [-86.26494, 12.13647], [-86.26439, 12.13647], [-86.26517, 12.13505], [-86.26542, 12.13597], [-86.26551, 12.13625], [-86.26559, 12.13649], [-86.26517, 12.13505], [-86.2652, 12.13461], [-86.26474, 12.13281], [-86.26501, 12.13354], [-86.26512, 12.13384], [-86.26516, 12.134], [-86.2652, 12.13461], [-86.26424, 12.13067], [-86.26436, 12.1315], [-86.26439, 12.13165], [-86.26441, 12.13178], [-86.26448, 12.13202], [-86.26457, 12.1323], [-86.26458, 12.13235], [-86.26474, 12.13281], [-86.26424, 12.13067], [-86.26423, 12.13038], [-86.26424, 12.13026], [-86.26424, 12.13022], [-86.26426, 12.13017], [-86.26428, 12.13011], [-86.2643, 12.13005], [-86.26435, 12.12997], [-86.2644, 12.1299], [-86.26444, 12.12986], [-86.26449, 12.12981], [-86.26454, 12.12977], [-86.26459, 12.12974], [-86.26469, 12.12968], [-86.26447, 12.12966], [-86.26469, 12.12968], [-86.26447, 12.12966], [-86.26353, 12.12998], [-86.2631, 12.13013], [-86.26279, 12.13024], [-86.26252, 12.13034], [-86.26252, 12.13034], [-86.26236, 12.13041], [-86.26225, 12.13048], [-86.26218, 12.13054], [-86.26218, 12.13054], [-86.262, 12.13063], [-86.26177, 12.13076], [-86.26177, 12.13076], [-86.26163, 12.13085], [-86.26163, 12.13085], [-86.26147, 12.13095], [-86.26139, 12.13099], [-86.26139, 12.13099], [-86.26113, 12.13115], [-86.26113, 12.13115], [-86.26086, 12.13128], [-86.26066, 12.13138], [-86.26042, 12.13148], [-86.26024, 12.13153], [-86.25998, 12.13163], [-86.25986, 12.13167], [-86.25935, 12.13184], [-86.2591, 12.13193], [-86.2591, 12.13193], [-86.25905, 12.13195], [-86.25898, 12.13198], [-86.25898, 12.13198], [-86.25836, 12.13223], [-86.25813, 12.13231], [-86.25806, 12.13233], [-86.25797, 12.13235], [-86.25793, 12.13235], [-86.25789, 12.13235], [-86.25784, 12.13234], [-86.25773, 12.13231], [-86.25773, 12.13231], [-86.25722, 12.13258], [-86.25722, 12.13258], [-86.25738, 12.13292]]]}}, {"type": "Feature", "properties": {"nombre": "Bolonia", "tipo": "barrio"}, "geometry": {"type": "Polygon", "coordinates": [[[-86.28333, 12.13489], [-86.28347, 12.1349], [-86.28362, 12.13492], [-86.28386, 12.13496], [-86.284, 12.135], [-86.28414, 12.13505], [-86.28427, 12.1351], [-86.28431, 12.13512], [-86.28446, 12.13519], [-86.28511, 12.13555], [-86.28525, 12.13562], [-86.28554, 12.13578], [-86.28233, 12.13503], [-86.28254, 12.13499], [-86.28277, 12.13496], [-86.28289, 12.13495], [-86.28303, 12.13494], [-86.28315, 12.13494], [-86.28333, 12.13489], [-86.28216, 12.13506], [-86.28233, 12.13503], [-86.28168, 12.13515], [-86.28216, 12.13506], [-86.28137, 12.13527], [-86.28147, 12.13522], [-86.28153, 12.13519], [-86.28159, 12.13517], [-86.28168, 12.13515], [-86.28081, 12.13538], [-86.28087, 12.13544], [-86.28095, 12.13547], [-86.28105, 12.13549], [-86.28115, 12.13548], [-86.28121, 12.13545], [-86.28124, 12.13544], [-86.28125, 12.13543], [-86.28128, 12.1354], [-86.28132, 12.13536], [-86.28133, 12.13534], [-86.28135, 12.13532], [-86.28135, 12.1353], [-86.28136, 12.13529], [-86.28137, 12.13527], [-86.27932, 12.13555], [-86.27975, 12.13545], [-86.28004, 12.13539], [-86.28029, 12.13534], [-86.2805, 12.13532], [-86.28058, 12.13531], [-86.28063, 12.13532], [-86.28067, 12.13533], [-86.28081, 12.13538], [-86.2792, 12.13557], [-86.27932, 12.13555], [-86.27809, 12.13579], [-86.27875, 12.13566], [-86.27891, 12.13563], [-86.2792, 12.13557], [-86.2774, 12.13595], [-86.27809, 12.13579], [-86.27566, 12.1363], [-86.27631, 12.13616], [-86.27679, 12.13606], [-86.27685, 12.13605], [-86.27694, 12.13603], [-86.27708, 12.13601], [-86.27713, 12.136], [-86.2774, 12.13595], [-86.27536, 12.13636], [-86.27566, 12.1363], [-86.27523, 12.13639], [-86.27536, 12.13636], [-86.2749, 12.13645], [-86.27523, 12.13639], [-86.27334, 12.13669], [-86.27404, 12.1366], [-86.27472, 12.13648], [-86.2749, 12.13645], [-86.27221, 12.13683], [-86.27277, 12.13678], [-86.27334, 12.13669], [-86.27221, 12.13683], [-86.27245, 12.13684], [-86.27258, 12.13685], [-86.27275, 12.13687], [-86.27285, 12.13689], [-86.27298, 12.13692], [-86.27328, 12.13703], [-86.27374, 12.1372], [-86.27412, 12.13737], [-86.27427, 12.13744], [-86.27438, 12.13751], [-86.27465, 12.13773], [-86.27484, 12.1379], [-86.27497, 12.13803], [-86.2751, 12.13819], [-86.27546, 12.13872], [-86.27546, 12.13872], [-86.27546, 12.13911], [-86.27546, 12.13926], [-86.27546, 12.13926], [-86.27545, 12.13937], [-86.27545, 12.13937], [-86.27543, 12.13981], [-86.27543, 12.13981], [-86.27539, 12.1401], [-86.27538, 12.14039], [-86.27518, 12.14193], [-86.27531, 12.14098], [-86.27538, 12.14039], [-86.27827, 12.14199], [-86.27798, 12.14213], [-86.27773, 12.14223], [-86.27753, 12.14227], [-86.2773, 12.14228], [-86.27709, 12.14227], [-86.27682, 12.14223], [-86.27629, 12.14214], [-86.27621, 12.14213], [-86.27614, 12.14211], [-86.27566, 12.14202], [-86.27523, 12.14194], [-86.27518, 12.14193], [-86.2827, 12.14229], [-86.28152, 12.14209], [-86.28062, 12.14193], [-86.28006, 12.14182], [-86.2795, 12.14172], [-86.27916, 12.14167], [-86.27888, 12.14173], [-86.27851, 12.14187], [-86.27827, 12.14199], [-86.28441, 12.14256], [-86.28383, 12.14252], [-86.28351, 12.14247], [-86.2832, 12.1424], [-86.2827, 12.14229], [-86.28539, 12.1422], [-86.2851, 12.14235], [-86.28479, 12.14249], [-86.28457, 12.14255], [-86.28441, 12.14256], [-86.28592, 12.14205], [-86.28568, 12.1421], [-86.28539, 12.1422], [-86.28682, 12.14199], [-86.2865, 12.14202], [-86.28592, 12.14205], [-86.28682, 12.14199], [-86.2872, 12.14199], [-86.28736, 12.14202], [-86.28736, 12.14202], [-86.28747, 12.14207], [-86.28747, 12.14207], [-86.28778, 12.1415], [-86.28796, 12.14113], [-86.288, 12.141], [-86.28801, 12.14085], [-86.28801, 12.14071], [-86.28795, 12.14041], [-86.28794, 12.14024], [-86.28798, 12.14009], [-86.28811, 12.13962], [-86.28831, 12.13732], [-86.28826, 12.13788], [-86.28818, 12.13873], [-86.28811, 12.13962], [-86.28791, 12.1371], [-86.28822, 12.13727], [-86.28831, 12.13732], [-86.28554, 12.13578], [-86.28623, 12.13616], [-86.28642, 12.13626], [-86.28691, 12.13655], [-86.28738, 12.1368], [-86.28743, 12.13683], [-86.28771, 12.13699], [-86.28791, 12.1371], [-86.28333, 12.13489]]]}}, {"type": "Feature", "properties": {"nombre": "Bosques de Bologna", "tipo": "barrio"}, "geometry": {"type": "Polygon", "coordinates": [[[-86.28437, 12.13326], [-86.2852, 12.1325], [-86.28544, 12.13205], [-86.28603, 12.13201], [-86.28616, 12.13225], [-86.28616, 12.13225], [-86.28598, 12.13271], [-86.28592, 12.13315], [-86.28554, 12.13578], [-86.28566, 12.13504], [-86.2856, 12.13502], [-86.28566, 12.13417], [-86.28582, 12.13416], [-86.28589, 12.13339], [-86.28592, 12.13315], [-86.28333, 12.13489], [-86.28347, 12.1349], [-86.28362, 12.13492], [-86.28386, 12.13496], [-86.284, 12.135], [-86.28414, 12.13505], [-86.28427, 12.1351], [-86.28431, 12.13512], [-86.28446, 12.13519], [-86.28511, 12.13555], [-86.28525, 12.13562], [-86.28554, 12.13578], [-86.28391, 12.13372], [-86.28383, 12.13379], [-86.28364, 12.13396], [-86.28347, 12.13414], [-86.28335, 12.13442], [-86.28333, 12.13489], [-86.28437, 12.13326], [-86.28419, 12.13346], [-86.28391, 12.13372], [-86.28437, 12.13326]]]}}, {"type": "Feature", "properties": {"nombre": "Leonardo Garcia Jara", "tipo": "barrio"}, "geometry": {"type": "Polygon", "coordinates": [[[-86.28697, 12.13055], [-86.28669, 12.13035], [-86.28586, 12.13057], [-86.28607, 12.13057], [-86.28629, 12.13057], [-86.28664, 12.13059], [-86.28669, 12.13035], [-86.28586, 12.13057], [-86.28578, 12.13075], [-86.28571, 12.13089], [-86.28565, 12.13098], [-86.28553, 12.13121], [-86.28546, 12.13138], [-86.28546, 12.13138], [-86.28543, 12.13152], [-86.28533, 12.13194], [-86.28528, 12.1321], [-86.28521, 12.13226], [-86.28512, 12.1324], [-86.28491, 12.13268], [-86.2848, 12.13281], [-86.28463, 12.133], [-86.28437, 12.13326], [-86.28437, 12.13326], [-86.2852, 12.1325], [-86.28544, 12.13205], [-86.28603, 12.13201], [-86.28616, 12.13225], [-86.28697, 12.13055], [-86.28677, 12.13108], [-86.28631, 12.13188], [-86.28616, 12.13225], [-86.28697, 12.13055]]]}}, {"type": "Feature", "properties": {"nombre": "Plaza España Sur", "tipo": "barrio"}, "geometry": {"type": "Polygon", "coordinates": [[[-86.28437, 12.13326], [-86.28426, 12.13311], [-86.28398, 12.13257], [-86.28383, 12.13231], [-86.28378, 12.13224], [-86.28372, 12.13218], [-86.28367, 12.13214], [-86.28362, 12.13212], [-86.28311, 12.13187], [-86.28272, 12.13168], [-86.2826, 12.13162], [-86.2821, 12.13137], [-86.28205, 12.13135], [-86.28198, 12.13131], [-86.28181, 12.1313], [-86.28158, 12.13133], [-86.2813, 12.13141], [-86.28125, 12.13143], [-86.28112, 12.13147], [-86.2807, 12.13162], [-86.28126, 12.13271], [-86.28107, 12.13233], [-86.28085, 12.13197], [-86.2808, 12.13188], [-86.28075, 12.13176], [-86.2807, 12.13162], [-86.28134, 12.13267], [-86.28126, 12.13271], [-86.28387, 12.13366], [-86.283, 12.13325], [-86.28305, 12.13315], [-86.28162, 12.13249], [-86.28134, 12.13267], [-86.28391, 12.13372], [-86.28387, 12.13366], [-86.28437, 12.13326], [-86.28419, 12.13346], [-86.28391, 12.13372], [-86.28437, 12.13326]]]}}, {"type": "Feature", "properties": {"nombre": "Rene Cisneros", "tipo": "barrio"}, "geometry": {"type": "Polygon", "coordinates": [[[-86.28911, 12.12593], [-86.28877, 12.12591], [-86.28746, 12.12583], [-86.287, 12.12579], [-86.28674, 12.12584], [-86.28674, 12.12584], [-86.2861, 12.12577], [-86.28477, 12.12563], [-86.28461, 12.12561], [-86.28461, 12.12561], [-86.28446, 12.12559], [-86.28446, 12.12559], [-86.28431, 12.12557], [-86.28425, 12.12557], [-86.28424, 12.12567], [-86.28425, 12.12557], [-86.28424, 12.12567], [-86.28424, 12.12575], [-86.2842, 12.1263], [-86.28476, 12.12762], [-86.28447, 12.12731], [-86.28417, 12.12691], [-86.2842, 12.1263], [-86.28534, 12.13134], [-86.28548, 12.13089], [-86.28563, 12.13], [-86.28602, 12.12904], [-86.28627, 12.12853], [-86.28603, 12.12811], [-86.28544, 12.1278], [-86.28476, 12.12762], [-86.28534, 12.13134], [-86.28546, 12.13138], [-86.28586, 12.13057], [-86.28578, 12.13075], [-86.28571, 12.13089], [-86.28565, 12.13098], [-86.28553, 12.13121], [-86.28546, 12.13138], [-86.28586, 12.13057], [-86.28607, 12.13057], [-86.28629, 12.13057], [-86.28664, 12.13059], [-86.28669, 12.13035], [-86.28697, 12.13055], [-86.28669, 12.13035], [-86.28898, 12.12628], [-86.28892, 12.12671], [-86.28878, 12.12699], [-86.28868, 12.12724], [-86.28852, 12.12769], [-86.28833, 12.12828], [-86.28822, 12.12857], [-86.28785, 12.12931], [-86.28764, 12.12959], [-86.28736, 12.12988], [-86.28718, 12.13016], [-86.28697, 12.13055], [-86.28898, 12.12596], [-86.28899, 12.12611], [-86.28898, 12.12628], [-86.28911, 12.12593]]]}}, {"type": "Feature", "properties": {"nombre": "Sector Oeste Avenida Naciones Unidas", "tipo": "barrio"}, "geometry": {"type": "Polygon", "coordinates": [[[-86.28425, 12.12557], [-86.28409, 12.12553], [-86.28397, 12.12549], [-86.28387, 12.12545], [-86.2838, 12.12541], [-86.28377, 12.12539], [-86.28367, 12.12532], [-86.28355, 12.12568], [-86.28359, 12.12565], [-86.28361, 12.12563], [-86.28362, 12.12562], [-86.28364, 12.1256], [-86.28365, 12.12558], [-86.28366, 12.12555], [-86.28367, 12.12553], [-86.28368, 12.1255], [-86.28368, 12.12548], [-86.28368, 12.12546], [-86.28368, 12.12543], [-86.28368, 12.12541], [-86.28368, 12.12538], [-86.28368, 12.12536], [-86.28368, 12.12534], [-86.28367, 12.12532], [-86.2835, 12.1257], [-86.28355, 12.12568], [-86.28285, 12.12618], [-86.28311, 12.12593], [-86.28318, 12.12587], [-86.28323, 12.12584], [-86.28329, 12.1258], [-86.2835, 12.1257], [-86.28266, 12.12644], [-86.28285, 12.12618], [-86.28193, 12.12741], [-86.28203, 12.12728], [-86.28232, 12.12688], [-86.28243, 12.12673], [-86.28266, 12.12644], [-86.28131, 12.12835], [-86.28141, 12.12819], [-86.28167, 12.12777], [-86.28193, 12.12741], [-86.28115, 12.12868], [-86.28131, 12.12835], [-86.28094, 12.12933], [-86.28099, 12.12913], [-86.28107, 12.12889], [-86.28111, 12.12878], [-86.28115, 12.12868], [-86.28087, 12.12963], [-86.28088, 12.12958], [-86.28094, 12.12933], [-86.28064, 12.13101], [-86.28068, 12.13079], [-86.28074, 12.13037], [-86.28077, 12.13018], [-86.28083, 12.12982], [-86.28087, 12.12963], [-86.2807, 12.13162], [-86.28065, 12.13144], [-86.28063, 12.1313], [-86.28064, 12.13101], [-86.28437, 12.13326], [-86.28426, 12.13311], [-86.28398, 12.13257], [-86.28383, 12.13231], [-86.28378, 12.13224], [-86.28372, 12.13218], [-86.28367, 12.13214], [-86.28362, 12.13212], [-86.28311, 12.13187], [-86.28272, 12.13168], [-86.2826, 12.13162], [-86.2821, 12.13137], [-86.28205, 12.13135], [-86.28198, 12.13131], [-86.28181, 12.1313], [-86.28158, 12.13133], [-86.2813, 12.13141], [-86.28125, 12.13143], [-86.28112, 12.13147], [-86.2807, 12.13162], [-86.28546, 12.13138], [-86.28543, 12.13152], [-86.28533, 12.13194], [-86.28528, 12.1321], [-86.28521, 12.13226], [-86.28512, 12.1324], [-86.28491, 12.13268], [-86.2848, 12.13281], [-86.28463, 12.133], [-86.28437, 12.13326], [-86.28534, 12.13134], [-86.28546, 12.13138], [-86.28534, 12.13134], [-86.28548, 12.13089], [-86.28563, 12.13], [-86.28602, 12.12904], [-86.28627, 12.12853], [-86.28603, 12.12811], [-86.28544, 12.1278], [-86.28476, 12.12762], [-86.28476, 12.12762], [-86.28447, 12.12731], [-86.28417, 12.12691], [-86.2842, 12.1263], [-86.28424, 12.12567], [-86.28424, 12.12575], [-86.2842, 12.1263], [-86.28424, 12.12567], [-86.28425, 12.12557]]]}}, {"type": "Feature", "properties": {"nombre": "Sector Plaza España", "tipo": "barrio"}, "geometry": {"type": "Polygon", "coordinates": [[[-86.28391, 12.13372], [-86.28387, 12.13366], [-86.28387, 12.13366], [-86.283, 12.13325], [-86.28305, 12.13315], [-86.28162, 12.13249], [-86.28134, 12.13267], [-86.28134, 12.13267], [-86.28126, 12.13271], [-86.28123, 12.13488], [-86.28121, 12.13481], [-86.28118, 12.13475], [-86.28116, 12.13469], [-86.28116, 12.13462], [-86.2812, 12.13443], [-86.28124, 12.13421], [-86.28132, 12.13373], [-86.28136, 12.13351], [-86.28138, 12.13335], [-86.28138, 12.1332], [-86.28137, 12.13312], [-86.28135, 12.13302], [-86.28134, 12.13295], [-86.28132, 12.13287], [-86.28126, 12.13271], [-86.28133, 12.13499], [-86.2813, 12.13494], [-86.28128, 12.13492], [-86.28123, 12.13488], [-86.28206, 12.13497], [-86.28186, 12.13501], [-86.28174, 12.13504], [-86.28163, 12.13506], [-86.28152, 12.13505], [-86.28147, 12.13505], [-86.28143, 12.13504], [-86.28138, 12.13502], [-86.28133, 12.13499], [-86.28333, 12.13489], [-86.28315, 12.13485], [-86.28286, 12.13485], [-86.28259, 12.13488], [-86.2823, 12.13492], [-86.28206, 12.13497], [-86.28391, 12.13372], [-86.28383, 12.13379], [-86.28364, 12.13396], [-86.28347, 12.13414], [-86.28335, 12.13442], [-86.28333, 12.13489], [-86.28391, 12.13372]]]}}, {"type": "Feature", "properties": {"nombre": "Complejo Habitacional Ernesto \"Che\" Guevara", "tipo": "barrio"}, "geometry": {"type": "Polygon", "coordinates": [[[-86.27673, 12.14417], [-86.27628, 12.14411], [-86.27621, 12.1441], [-86.27589, 12.14401], [-86.27621, 12.1441], [-86.27589, 12.14401], [-86.27577, 12.14456], [-86.2757, 12.1449], [-86.27655, 12.14507], [-86.27612, 12.14498], [-86.2757, 12.1449], [-86.27655, 12.14507], [-86.27673, 12.14417]]]}}, {"type": "Feature", "properties": {"nombre": "El Carmen", "tipo": "barrio"}, "geometry": {"type": "Polygon", "coordinates": [[[-86.28331, 12.14554], [-86.28358, 12.14558], [-86.28386, 12.14476], [-86.28381, 12.14406], [-86.28359, 12.14399], [-86.28441, 12.14256], [-86.2844, 12.14279], [-86.28438, 12.14287], [-86.28432, 12.14294], [-86.28401, 12.1432], [-86.2837, 12.1435], [-86.28368, 12.14352], [-86.28359, 12.14399], [-86.28539, 12.1422], [-86.2851, 12.14235], [-86.28479, 12.14249], [-86.28457, 12.14255], [-86.28441, 12.14256], [-86.28592, 12.14205], [-86.28568, 12.1421], [-86.28539, 12.1422], [-86.28682, 12.14199], [-86.2865, 12.14202], [-86.28592, 12.14205], [-86.28682, 12.14199], [-86.2872, 12.14199], [-86.28736, 12.14202], [-86.28736, 12.14202], [-86.28747, 12.14207], [-86.28747, 12.14207], [-86.28757, 12.14211], [-86.28773, 12.14221], [-86.28789, 12.14236], [-86.28789, 12.14236], [-86.28798, 12.1425], [-86.28803, 12.14263], [-86.28805, 12.1428], [-86.28805, 12.14308], [-86.28804, 12.14323], [-86.28804, 12.14323], [-86.28804, 12.14331], [-86.28799, 12.14424], [-86.28799, 12.14424], [-86.28795, 12.14519], [-86.2879, 12.14637], [-86.2879, 12.1466], [-86.2857, 12.14755], [-86.28587, 12.14753], [-86.28605, 12.14751], [-86.28622, 12.14748], [-86.28635, 12.14744], [-86.2865, 12.14739], [-86.28666, 12.14731], [-86.28703, 12.14711], [-86.28734, 12.14693], [-86.28746, 12.14687], [-86.28759, 12.14681], [-86.2879, 12.1466], [-86.28541, 12.1475], [-86.2857, 12.14755], [-86.28528, 12.14748], [-86.28541, 12.1475], [-86.28412, 12.14726], [-86.28432, 12.1473], [-86.28468, 12.14736], [-86.28483, 12.14739], [-86.28494, 12.14741], [-86.28528, 12.14748], [-86.28229, 12.14692], [-86.2828, 12.14701], [-86.28318, 12.14708], [-86.28359, 12.14716], [-86.2837, 12.14718], [-86.28412, 12.14726], [-86.28235, 12.1459], [-86.28235, 12.14595], [-86.28233, 12.14631], [-86.28229, 12.14692], [-86.28328, 12.14599], [-86.28244, 12.14591], [-86.28235, 12.1459], [-86.28331, 12.14554], [-86.28328, 12.14599], [-86.28331, 12.14554]]]}}, {"type": "Feature", "properties": {"nombre": "William Diaz", "tipo": "barrio"}, "geometry": {"type": "Polygon", "coordinates": [[[-86.28441, 12.14256], [-86.28383, 12.14252], [-86.28351, 12.14247], [-86.2832, 12.1424], [-86.2827, 12.14229], [-86.2827, 12.14229], [-86.28261, 12.14329], [-86.28256, 12.14394], [-86.28252, 12.14432], [-86.28246, 12.14485], [-86.28241, 12.14536], [-86.28236, 12.14585], [-86.28235, 12.1459], [-86.28328, 12.14599], [-86.28244, 12.14591], [-86.28235, 12.1459], [-86.28331, 12.14554], [-86.28328, 12.14599], [-86.28331, 12.14554], [-86.28358, 12.14558], [-86.28386, 12.14476], [-86.28381, 12.14406], [-86.28359, 12.14399], [-86.28441, 12.14256], [-86.2844, 12.14279], [-86.28438, 12.14287], [-86.28432, 12.14294], [-86.28401, 12.1432], [-86.2837, 12.1435], [-86.28368, 12.14352], [-86.28359, 12.14399], [-86.28441, 12.14256]]]}}, {"type": "Feature", "properties": {"nombre": "Cesar Jeréz", "tipo": "barrio"}, "geometry": {"type": "Polygon", "coordinates": [[[-86.27035, 12.12893], [-86.27038, 12.12903], [-86.27047, 12.12928], [-86.27049, 12.12935], [-86.27057, 12.12958], [-86.27172, 12.12888], [-86.27156, 12.12858], [-86.27054, 12.12886], [-86.27035, 12.12893], [-86.27057, 12.12958], [-86.27083, 12.12942], [-86.27172, 12.12888], [-86.27035, 12.12893]]]}}, {"type": "Feature", "properties": {"nombre": "La Florida", "tipo": "barrio"}, "geometry": {"type": "Polygon", "coordinates": [[[-86.27183, 12.13366], [-86.27183, 12.13375], [-86.27182, 12.13384], [-86.27182, 12.13389], [-86.27179, 12.13406], [-86.27179, 12.13416], [-86.27179, 12.13427], [-86.27179, 12.13427], [-86.2717, 12.13488], [-86.27165, 12.13515], [-86.27163, 12.13524], [-86.27156, 12.13568], [-86.27151, 12.13595], [-86.27151, 12.13598], [-86.27145, 12.13626], [-86.27145, 12.13626], [-86.27139, 12.13652], [-86.27138, 12.13662], [-86.27138, 12.13666], [-86.2714, 12.1367], [-86.2714, 12.1367], [-86.27141, 12.13673], [-86.27143, 12.13675], [-86.27148, 12.13679], [-86.27154, 12.13682], [-86.27159, 12.13683], [-86.27168, 12.13685], [-86.27168, 12.13685], [-86.27221, 12.13683], [-86.27221, 12.13683], [-86.27277, 12.13678], [-86.27334, 12.13669], [-86.27334, 12.13669], [-86.27404, 12.1366], [-86.27472, 12.13648], [-86.2749, 12.13645], [-86.2749, 12.13645], [-86.27523, 12.13639], [-86.27523, 12.13639], [-86.27536, 12.13636], [-86.27536, 12.13636], [-86.27535, 12.13626], [-86.27535, 12.13626], [-86.27531, 12.13593], [-86.27531, 12.13593], [-86.27526, 12.13552], [-86.27524, 12.13534], [-86.27522, 12.1351], [-86.27517, 12.13466], [-86.27512, 12.1338], [-86.2751, 12.13327], [-86.27508, 12.13286], [-86.27506, 12.13197], [-86.27494, 12.13195], [-86.27506, 12.13197], [-86.27365, 12.13178], [-86.27375, 12.13179], [-86.27391, 12.13181], [-86.27395, 12.13181], [-86.27494, 12.13195], [-86.27315, 12.13171], [-86.27316, 12.13175], [-86.27365, 12.13178], [-86.27315, 12.13171], [-86.27297, 12.13195], [-86.27271, 12.13232], [-86.27243, 12.13272], [-86.27222, 12.13294], [-86.27189, 12.13318], [-86.27173, 12.13307], [-86.27189, 12.13318], [-86.27173, 12.13307], [-86.27178, 12.13327], [-86.2718, 12.13338], [-86.2718, 12.13338], [-86.27183, 12.13366]]]}}, {"type": "Feature", "properties": {"nombre": "Sector Este Avenida Bolivar", "tipo": "barrio"}, "geometry": {"type": "Polygon", "coordinates": [[[-86.27492, 12.12917], [-86.27492, 12.1292], [-86.2749, 12.12939], [-86.2749, 12.12959], [-86.2749, 12.12959], [-86.27489, 12.12982], [-86.27488, 12.13001], [-86.27488, 12.13001], [-86.27488, 12.13011], [-86.27489, 12.13086], [-86.27494, 12.13195], [-86.27365, 12.13178], [-86.27375, 12.13179], [-86.27391, 12.13181], [-86.27395, 12.13181], [-86.27494, 12.13195], [-86.27315, 12.13171], [-86.27316, 12.13175], [-86.27365, 12.13178], [-86.27444, 12.12981], [-86.2744, 12.12986], [-86.27413, 12.13028], [-86.27381, 12.13075], [-86.27345, 12.13126], [-86.27315, 12.13171], [-86.27457, 12.12961], [-86.27444, 12.12981], [-86.27486, 12.12913], [-86.27468, 12.12945], [-86.27457, 12.12961], [-86.27493, 12.12894], [-86.27486, 12.12913], [-86.27493, 12.12894], [-86.27492, 12.12917]]]}}, {"type": "Feature", "properties": {"nombre": "Sector La Piñata", "tipo": "barrio"}, "geometry": {"type": "Polygon", "coordinates": [[[-86.27355, 12.12545], [-86.27394, 12.12521], [-86.27468, 12.12478], [-86.27468, 12.12479], [-86.26994, 12.12767], [-86.27277, 12.12592], [-86.27355, 12.12545], [-86.26997, 12.12773], [-86.26994, 12.12767], [-86.26997, 12.12773], [-86.27006, 12.12806], [-86.27006, 12.12806], [-86.27007, 12.12809], [-86.27035, 12.12893], [-86.27172, 12.12888], [-86.27156, 12.12858], [-86.27054, 12.12886], [-86.27035, 12.12893], [-86.27172, 12.12888], [-86.27215, 12.1286], [-86.27215, 12.1286], [-86.27413, 12.12739], [-86.27476, 12.12915], [-86.27486, 12.12913], [-86.27493, 12.12894], [-86.27486, 12.12913], [-86.27491, 12.12665], [-86.27492, 12.12675], [-86.27494, 12.12685], [-86.27498, 12.12723], [-86.27499, 12.12731], [-86.275, 12.12762], [-86.27497, 12.12813], [-86.27495, 12.12848], [-86.27493, 12.12894], [-86.27473, 12.12526], [-86.27477, 12.1256], [-86.27481, 12.12593], [-86.27482, 12.12596], [-86.27491, 12.12665], [-86.27468, 12.12479], [-86.27473, 12.12526], [-86.27355, 12.12545]]]}}, {"type": "Feature", "properties": {"nombre": "Sector Noroeste Rotonda Rubén Darío", "tipo": "barrio"}, "geometry": {"type": "Polygon", "coordinates": [[[-86.26659, 12.12904], [-86.26616, 12.12952], [-86.26659, 12.12904], [-86.26692, 12.12894], [-86.26817, 12.12853], [-86.26873, 12.12832], [-86.26896, 12.12821], [-86.26994, 12.12767], [-86.26896, 12.12821], [-86.26997, 12.12773], [-86.26994, 12.12767], [-86.26997, 12.12773], [-86.27006, 12.12806], [-86.27006, 12.12806], [-86.27007, 12.12809], [-86.27035, 12.12893], [-86.27035, 12.12893], [-86.27038, 12.12903], [-86.27047, 12.12928], [-86.27049, 12.12935], [-86.27057, 12.12958], [-86.27057, 12.12958], [-86.27064, 12.12976], [-86.27101, 12.13083], [-86.2712, 12.13137], [-86.27129, 12.13163], [-86.27129, 12.13163], [-86.27132, 12.13177], [-86.27133, 12.13182], [-86.27135, 12.13187], [-86.2715, 12.13237], [-86.27151, 12.13242], [-86.27151, 12.13242], [-86.27155, 12.13251], [-86.27155, 12.13251], [-86.27156, 12.13256], [-86.27157, 12.13259], [-86.27157, 12.13259], [-86.27168, 12.13287], [-86.27173, 12.13307], [-86.27173, 12.13307], [-86.27178, 12.13327], [-86.2718, 12.13338], [-86.2718, 12.13338], [-86.27183, 12.13366], [-86.27183, 12.13366], [-86.27183, 12.13375], [-86.27182, 12.13384], [-86.27182, 12.13389], [-86.27179, 12.13406], [-86.27179, 12.13416], [-86.27179, 12.13427], [-86.27179, 12.13427], [-86.2717, 12.13488], [-86.27165, 12.13515], [-86.27163, 12.13524], [-86.27156, 12.13568], [-86.27151, 12.13595], [-86.27151, 12.13598], [-86.27145, 12.13626], [-86.27145, 12.13626], [-86.27139, 12.13652], [-86.27138, 12.13662], [-86.27138, 12.13666], [-86.2714, 12.1367], [-86.2714, 12.1367], [-86.27141, 12.13673], [-86.27143, 12.13675], [-86.27148, 12.13679], [-86.27154, 12.13682], [-86.27159, 12.13683], [-86.27168, 12.13685], [-86.27073, 12.1369], [-86.27168, 12.13685], [-86.26851, 12.13609], [-86.27063, 12.13612], [-86.2707, 12.13675], [-86.27073, 12.1369], [-86.26835, 12.13554], [-86.26838, 12.13564], [-86.26851, 12.13609], [-86.26801, 12.13452], [-86.26819, 12.13506], [-86.26835, 12.13554], [-86.26671, 12.13042], [-86.26673, 12.13049], [-86.26687, 12.13092], [-86.26697, 12.13122], [-86.26711, 12.13168], [-86.26782, 12.13388], [-86.26801, 12.13452], [-86.26616, 12.12952], [-86.26628, 12.12959], [-86.26634, 12.12963], [-86.26639, 12.12967], [-86.26644, 12.12972], [-86.26647, 12.12976], [-86.26649, 12.12981], [-86.26654, 12.12993], [-86.26671, 12.13042], [-86.26659, 12.12904]]]}}, {"type": "Feature", "properties": {"nombre": "Villa Tiscapa", "tipo": "barrio"}, "geometry": {"type": "Polygon", "coordinates": [[[-86.27486, 12.12913], [-86.27468, 12.12945], [-86.27457, 12.12961], [-86.27457, 12.12961], [-86.27444, 12.12981], [-86.27444, 12.12981], [-86.2744, 12.12986], [-86.27413, 12.13028], [-86.27381, 12.13075], [-86.27345, 12.13126], [-86.27315, 12.13171], [-86.27315, 12.13171], [-86.27311, 12.13138], [-86.27215, 12.1286], [-86.27215, 12.1286], [-86.27413, 12.12739], [-86.27476, 12.12915], [-86.27486, 12.12913]]]}}, {"type": "Feature", "properties": {"nombre": "El Retiro", "tipo": "barrio"}, "geometry": {"type": "Polygon", "coordinates": [[[-86.28081, 12.13538], [-86.28088, 12.13544], [-86.28095, 12.13547], [-86.28095, 12.13547], [-86.28105, 12.13549], [-86.28115, 12.13547], [-86.28121, 12.13545], [-86.28125, 12.13543], [-86.28128, 12.1354], [-86.28132, 12.13536], [-86.28132, 12.13536], [-86.28133, 12.13534], [-86.28135, 12.13532], [-86.28136, 12.13529], [-86.28137, 12.13527], [-86.28137, 12.13527], [-86.28138, 12.13523], [-86.28138, 12.13519], [-86.28139, 12.13515], [-86.28138, 12.13512], [-86.28138, 12.13509], [-86.28137, 12.13505], [-86.28135, 12.13502], [-86.28133, 12.13499], [-86.28133, 12.13499], [-86.2813, 12.13494], [-86.28128, 12.13492], [-86.28123, 12.13488], [-86.28123, 12.13488], [-86.28121, 12.13481], [-86.28118, 12.13475], [-86.28116, 12.13469], [-86.28116, 12.13462], [-86.2812, 12.13443], [-86.28124, 12.13421], [-86.28132, 12.13373], [-86.28136, 12.13351], [-86.28138, 12.13335], [-86.28138, 12.1332], [-86.28137, 12.13312], [-86.28135, 12.13302], [-86.28134, 12.13295], [-86.28132, 12.13287], [-86.28126, 12.13271], [-86.28126, 12.13271], [-86.28107, 12.13233], [-86.28085, 12.13197], [-86.2808, 12.13188], [-86.28075, 12.13176], [-86.2807, 12.13162], [-86.2807, 12.13162], [-86.28065, 12.13144], [-86.28063, 12.1313], [-86.28064, 12.13101], [-86.28064, 12.13101], [-86.28048, 12.131], [-86.27927, 12.13089], [-86.27953, 12.13093], [-86.27995, 12.13097], [-86.28048, 12.131], [-86.27927, 12.13089], [-86.27931, 12.13119], [-86.27917, 12.13119], [-86.27915, 12.13164], [-86.279, 12.13254], [-86.27831, 12.13242], [-86.27803, 12.13246], [-86.27803, 12.13246], [-86.27797, 12.13281], [-86.27783, 12.13369], [-86.27781, 12.13382], [-86.27781, 12.13385], [-86.27776, 12.13409], [-86.27757, 12.1351], [-86.27755, 12.13517], [-86.27753, 12.13573], [-86.2774, 12.13595], [-86.27753, 12.13573], [-86.2774, 12.13595], [-86.27809, 12.13579], [-86.27809, 12.13579], [-86.27875, 12.13566], [-86.27891, 12.13563], [-86.2792, 12.13557], [-86.2792, 12.13557], [-86.27932, 12.13555], [-86.27932, 12.13555], [-86.27975, 12.13545], [-86.28004, 12.13539], [-86.28029, 12.13534], [-86.2805, 12.13532], [-86.28058, 12.13531], [-86.28063, 12.13532], [-86.28067, 12.13533], [-86.28081, 12.13538]]]}}, {"type": "Feature", "properties": {"nombre": "Norte de ENEL", "tipo": "barrio"}, "geometry": {"type": "Polygon", "coordinates": [[[-86.27569, 12.12618], [-86.27566, 12.12629], [-86.27562, 12.12631], [-86.27543, 12.12634], [-86.27523, 12.12631], [-86.27521, 12.1263], [-86.27521, 12.1263], [-86.2751, 12.12628], [-86.2751, 12.12628], [-86.27503, 12.12627], [-86.27499, 12.12626], [-86.27499, 12.12626], [-86.27496, 12.12627], [-86.27494, 12.12627], [-86.27493, 12.12628], [-86.27492, 12.1263], [-86.27491, 12.12632], [-86.27491, 12.12634], [-86.2749, 12.12635], [-86.27493, 12.12653], [-86.27491, 12.12665], [-86.27491, 12.12665], [-86.27492, 12.12675], [-86.27494, 12.12685], [-86.27498, 12.12723], [-86.27499, 12.12731], [-86.275, 12.12762], [-86.27497, 12.12813], [-86.27495, 12.12848], [-86.27493, 12.12894], [-86.27493, 12.12894], [-86.27486, 12.12913], [-86.27494, 12.129], [-86.27486, 12.12913], [-86.27513, 12.12875], [-86.27494, 12.129], [-86.27533, 12.12849], [-86.27513, 12.12875], [-86.27533, 12.12849], [-86.27559, 12.12821], [-86.27566, 12.12826], [-86.27682, 12.12693], [-86.27673, 12.12705], [-86.27666, 12.12714], [-86.27644, 12.12741], [-86.27594, 12.1279], [-86.27573, 12.12814], [-86.27566, 12.12826], [-86.27682, 12.12693], [-86.2757, 12.12668], [-86.27569, 12.12618]]]}}, {"type": "Feature", "properties": {"nombre": "Carlos Núñez", "tipo": "barrio"}, "geometry": {"type": "Polygon", "coordinates": [[[-86.28115, 12.12868], [-86.28097, 12.12864], [-86.28097, 12.12864], [-86.28051, 12.12859], [-86.28013, 12.12854], [-86.27969, 12.12849], [-86.27949, 12.12847], [-86.27946, 12.12845], [-86.27946, 12.12845], [-86.27945, 12.12843], [-86.27946, 12.1283], [-86.27945, 12.12827], [-86.27945, 12.12827], [-86.27946, 12.12823], [-86.27949, 12.12809], [-86.2795, 12.12801], [-86.27956, 12.12775], [-86.27956, 12.12773], [-86.27966, 12.12736], [-86.27989, 12.12744], [-86.27966, 12.12736], [-86.27989, 12.12744], [-86.27996, 12.12722], [-86.28026, 12.12728], [-86.27996, 12.12722], [-86.28026, 12.12728], [-86.2803, 12.12703], [-86.28031, 12.12702], [-86.28177, 12.12731], [-86.28164, 12.12724], [-86.28151, 12.12719], [-86.2814, 12.12717], [-86.28127, 12.12715], [-86.2807, 12.12708], [-86.28062, 12.12707], [-86.28033, 12.12701], [-86.28031, 12.12702], [-86.28193, 12.12741], [-86.28177, 12.12731], [-86.28131, 12.12835], [-86.28141, 12.12819], [-86.28167, 12.12777], [-86.28193, 12.12741], [-86.28115, 12.12868], [-86.28131, 12.12835], [-86.28115, 12.12868]]]}}, {"type": "Feature", "properties": {"nombre": "Enrique Bermúdez 380", "tipo": "barrio"}, "geometry": {"type": "Polygon", "coordinates": [[[-86.28193, 12.12741], [-86.28177, 12.12731], [-86.28177, 12.12731], [-86.28164, 12.12724], [-86.28151, 12.12719], [-86.2814, 12.12717], [-86.28127, 12.12715], [-86.2807, 12.12708], [-86.28062, 12.12707], [-86.28033, 12.12701], [-86.28031, 12.12702], [-86.28026, 12.12728], [-86.2803, 12.12703], [-86.28031, 12.12702], [-86.28026, 12.12728], [-86.27996, 12.12722], [-86.27989, 12.12744], [-86.27996, 12.12722], [-86.27989, 12.12744], [-86.27966, 12.12736], [-86.27966, 12.12736], [-86.2795, 12.12732], [-86.27943, 12.1273], [-86.27943, 12.1273], [-86.27909, 12.12722], [-86.27896, 12.12719], [-86.27861, 12.12714], [-86.27829, 12.12709], [-86.27807, 12.12706], [-86.27781, 12.12701], [-86.27781, 12.12701], [-86.2777, 12.12699], [-86.27735, 12.12692], [-86.27735, 12.12692], [-86.27729, 12.12705], [-86.27682, 12.12693], [-86.27729, 12.12705], [-86.2781, 12.12456], [-86.27806, 12.12465], [-86.27765, 12.12545], [-86.27763, 12.12548], [-86.27734, 12.12602], [-86.27705, 12.12657], [-86.27696, 12.12671], [-86.27682, 12.12693], [-86.2781, 12.12456], [-86.27857, 12.1247], [-86.27908, 12.12483], [-86.28013, 12.125], [-86.28063, 12.12509], [-86.28186, 12.12529], [-86.28217, 12.12535], [-86.28257, 12.12543], [-86.28262, 12.12545], [-86.28267, 12.12547], [-86.28271, 12.12549], [-86.28273, 12.1255], [-86.28282, 12.12555], [-86.28282, 12.12555], [-86.28283, 12.12558], [-86.28283, 12.12558], [-86.28289, 12.12562], [-86.28294, 12.12564], [-86.28301, 12.12567], [-86.2833, 12.12571], [-86.28334, 12.12572], [-86.28337, 12.12572], [-86.28339, 12.12572], [-86.28343, 12.12572], [-86.28346, 12.12571], [-86.2835, 12.1257], [-86.28285, 12.12618], [-86.28311, 12.12593], [-86.28318, 12.12587], [-86.28323, 12.12584], [-86.28329, 12.1258], [-86.2835, 12.1257], [-86.28266, 12.12644], [-86.28285, 12.12618], [-86.28193, 12.12741], [-86.28203, 12.12728], [-86.28232, 12.12688], [-86.28243, 12.12673], [-86.28266, 12.12644], [-86.28193, 12.12741]]]}}, {"type": "Feature", "properties": {"nombre": "Golfo Pérsico", "tipo": "barrio"}, "geometry": {"type": "Polygon", "coordinates": [[[-86.27966, 12.12736], [-86.2795, 12.12732], [-86.27943, 12.1273], [-86.27943, 12.1273], [-86.27909, 12.12722], [-86.27896, 12.12719], [-86.27861, 12.12714], [-86.27829, 12.12709], [-86.27807, 12.12706], [-86.27781, 12.12701], [-86.27781, 12.12701], [-86.2777, 12.12699], [-86.27735, 12.12692], [-86.27735, 12.12692], [-86.27729, 12.12705], [-86.27682, 12.12693], [-86.27729, 12.12705], [-86.27682, 12.12693], [-86.27673, 12.12705], [-86.27666, 12.12714], [-86.27644, 12.12741], [-86.27594, 12.1279], [-86.27573, 12.12814], [-86.27566, 12.12826], [-86.27554, 12.12982], [-86.27554, 12.1293], [-86.2755, 12.12878], [-86.2755, 12.12872], [-86.27556, 12.12843], [-86.27566, 12.12826], [-86.27554, 12.12982], [-86.27613, 12.12979], [-86.27659, 12.12979], [-86.27719, 12.12978], [-86.27767, 12.12977], [-86.27775, 12.12977], [-86.27842, 12.12977], [-86.27882, 12.12977], [-86.27915, 12.12974], [-86.27927, 12.12969], [-86.27927, 12.12969], [-86.27927, 12.1296], [-86.27934, 12.1291], [-86.27944, 12.12851], [-86.27946, 12.12845], [-86.27946, 12.12845], [-86.27945, 12.12843], [-86.27946, 12.1283], [-86.27945, 12.12827], [-86.27945, 12.12827], [-86.27946, 12.12823], [-86.27949, 12.12809], [-86.2795, 12.12801], [-86.27956, 12.12775], [-86.27956, 12.12773], [-86.27966, 12.12736]]]}}, {"type": "Feature", "properties": {"nombre": "Jonathan González", "tipo": "barrio"}, "geometry": {"type": "Polygon", "coordinates": [[[-86.28115, 12.12868], [-86.28097, 12.12864], [-86.28097, 12.12864], [-86.28051, 12.12859], [-86.28013, 12.12854], [-86.27969, 12.12849], [-86.27949, 12.12847], [-86.27946, 12.12845], [-86.27927, 12.12969], [-86.27927, 12.1296], [-86.27934, 12.1291], [-86.27944, 12.12851], [-86.27946, 12.12845], [-86.27554, 12.12982], [-86.27613, 12.12979], [-86.27659, 12.12979], [-86.27719, 12.12978], [-86.27767, 12.12977], [-86.27775, 12.12977], [-86.27842, 12.12977], [-86.27882, 12.12977], [-86.27915, 12.12974], [-86.27927, 12.12969], [-86.27543, 12.13109], [-86.27552, 12.13028], [-86.27554, 12.12982], [-86.27543, 12.13109], [-86.27533, 12.13132], [-86.27523, 12.13159], [-86.27517, 12.13182], [-86.27514, 12.13197], [-86.27514, 12.13197], [-86.27506, 12.13197], [-86.27531, 12.13593], [-86.27526, 12.13552], [-86.27524, 12.13534], [-86.27522, 12.1351], [-86.27517, 12.13466], [-86.27512, 12.1338], [-86.2751, 12.13327], [-86.27508, 12.13286], [-86.27506, 12.13197], [-86.27535, 12.13626], [-86.27531, 12.13593], [-86.27536, 12.13636], [-86.27535, 12.13626], [-86.27536, 12.13636], [-86.27566, 12.1363], [-86.27566, 12.1363], [-86.27631, 12.13616], [-86.27679, 12.13606], [-86.27685, 12.13605], [-86.27694, 12.13603], [-86.27708, 12.13601], [-86.27713, 12.136], [-86.2774, 12.13595], [-86.2774, 12.13595], [-86.27753, 12.13573], [-86.27803, 12.13246], [-86.27797, 12.13281], [-86.27783, 12.13369], [-86.27781, 12.13382], [-86.27781, 12.13385], [-86.27776, 12.13409], [-86.27757, 12.1351], [-86.27755, 12.13517], [-86.27753, 12.13573], [-86.27927, 12.13089], [-86.27931, 12.13119], [-86.27917, 12.13119], [-86.27915, 12.13164], [-86.279, 12.13254], [-86.27831, 12.13242], [-86.27803, 12.13246], [-86.27927, 12.13089], [-86.27953, 12.13093], [-86.27995, 12.13097], [-86.28048, 12.131], [-86.28064, 12.13101], [-86.28048, 12.131], [-86.28064, 12.13101], [-86.28068, 12.13079], [-86.28074, 12.13037], [-86.28077, 12.13018], [-86.28083, 12.12982], [-86.28087, 12.12963], [-86.28087, 12.12963], [-86.28088, 12.12958], [-86.28094, 12.12933], [-86.28094, 12.12933], [-86.28099, 12.12913], [-86.28107, 12.12889], [-86.28111, 12.12878], [-86.28115, 12.12868]]]}}, {"type": "Feature", "properties": {"nombre": "Sector Oeste Avenida Bolívar", "tipo": "barrio"}, "geometry": {"type": "Polygon", "coordinates": [[[-86.27792, 12.12452], [-86.2781, 12.12456], [-86.27755, 12.12442], [-86.27792, 12.12452], [-86.27737, 12.12438], [-86.27755, 12.12442], [-86.27611, 12.12433], [-86.27642, 12.1243], [-86.27654, 12.12429], [-86.27657, 12.12429], [-86.27665, 12.1243], [-86.27683, 12.1243], [-86.2771, 12.12433], [-86.27737, 12.12438], [-86.27611, 12.12433], [-86.27609, 12.12424], [-86.27609, 12.12424], [-86.2757, 12.12431], [-86.27538, 12.12438], [-86.27532, 12.1244], [-86.27532, 12.1244], [-86.27499, 12.12454], [-86.27477, 12.12463], [-86.27477, 12.12463], [-86.27466, 12.12468], [-86.27466, 12.12468], [-86.27468, 12.12479], [-86.27468, 12.12479], [-86.27473, 12.12526], [-86.27473, 12.12526], [-86.27477, 12.1256], [-86.27481, 12.12593], [-86.27482, 12.12596], [-86.27491, 12.12665], [-86.27499, 12.12626], [-86.27496, 12.12627], [-86.27494, 12.12627], [-86.27493, 12.12628], [-86.27492, 12.1263], [-86.27491, 12.12632], [-86.27491, 12.12634], [-86.2749, 12.12635], [-86.27493, 12.12653], [-86.27491, 12.12665], [-86.2751, 12.12628], [-86.27503, 12.12627], [-86.27499, 12.12626], [-86.27521, 12.1263], [-86.2751, 12.12628], [-86.27569, 12.12618], [-86.27566, 12.12629], [-86.27562, 12.12631], [-86.27543, 12.12634], [-86.27523, 12.12631], [-86.27521, 12.1263], [-86.27682, 12.12693], [-86.2757, 12.12668], [-86.27569, 12.12618], [-86.2781, 12.12456], [-86.27806, 12.12465], [-86.27765, 12.12545], [-86.27763, 12.12548], [-86.27734, 12.12602], [-86.27705, 12.12657], [-86.27696, 12.12671], [-86.27682, 12.12693], [-86.27792, 12.12452]]]}}, {"type": "Feature", "properties": {"nombre": "Villa Argentina", "tipo": "barrio"}, "geometry": {"type": "Polygon", "coordinates": [[[-86.27533, 12.12849], [-86.27559, 12.12821], [-86.27566, 12.12826], [-86.27533, 12.12849], [-86.27513, 12.12875], [-86.27513, 12.12875], [-86.27494, 12.129], [-86.27494, 12.129], [-86.27492, 12.12917], [-86.27492, 12.12917], [-86.27492, 12.1292], [-86.2749, 12.12939], [-86.2749, 12.12959], [-86.2749, 12.12959], [-86.27489, 12.12982], [-86.27488, 12.13001], [-86.27488, 12.13001], [-86.27488, 12.13011], [-86.27489, 12.13086], [-86.27494, 12.13195], [-86.27494, 12.13195], [-86.27506, 12.13197], [-86.27514, 12.13197], [-86.27506, 12.13197], [-86.27543, 12.13109], [-86.27533, 12.13132], [-86.27523, 12.13159], [-86.27517, 12.13182], [-86.27514, 12.13197], [-86.27543, 12.13109], [-86.27552, 12.13028], [-86.27554, 12.12982], [-86.27554, 12.12982], [-86.27554, 12.1293], [-86.2755, 12.12878], [-86.2755, 12.12872], [-86.27556, 12.12843], [-86.27566, 12.12826], [-86.27533, 12.12849]]]}}, {"type": "Feature", "properties": {"nombre": "Colonia del Periodista", "tipo": "barrio"}, "geometry": {"type": "Polygon", "coordinates": [[[-86.28446, 12.12559], [-86.28431, 12.12557], [-86.28425, 12.12557], [-86.28461, 12.12561], [-86.28446, 12.12559], [-86.28674, 12.12584], [-86.2861, 12.12577], [-86.28477, 12.12563], [-86.28461, 12.12561], [-86.28911, 12.12593], [-86.28877, 12.12591], [-86.28746, 12.12583], [-86.287, 12.12579], [-86.28674, 12.12584], [-86.28876, 12.12582], [-86.28875, 12.12577], [-86.28864, 12.12522], [-86.28622, 12.12509], [-86.28864, 12.12522], [-86.28622, 12.12509], [-86.28625, 12.125], [-86.28628, 12.12488], [-86.28633, 12.12473], [-86.28664, 12.12397], [-86.28698, 12.12325], [-86.28552, 12.12307], [-86.28509, 12.12302], [-86.28467, 12.12297], [-86.28475, 12.12297], [-86.2848, 12.1229], [-86.28509, 12.12293], [-86.28509, 12.12302], [-86.28425, 12.12557], [-86.28467, 12.12297], [-86.28446, 12.12559]]]}}, {"type": "Feature", "properties": {"nombre": "Academia Militar", "tipo": "barrio"}, "geometry": {"type": "Polygon", "coordinates": [[[-86.28864, 12.12522], [-86.28861, 12.12509], [-86.2886, 12.12497], [-86.28859, 12.1248], [-86.28859, 12.12463], [-86.28866, 12.12405], [-86.28871, 12.12378], [-86.28874, 12.12366], [-86.28879, 12.12338], [-86.28882, 12.12321], [-86.28885, 12.12307], [-86.28889, 12.12267], [-86.2889, 12.12221], [-86.28886, 12.12188], [-86.2888, 12.12154], [-86.28873, 12.12115], [-86.28872, 12.12096], [-86.28874, 12.12059], [-86.2888, 12.12014], [-86.28889, 12.11949], [-86.28905, 12.11834], [-86.28622, 12.12509], [-86.28864, 12.12522], [-86.28622, 12.12509], [-86.28625, 12.125], [-86.28628, 12.12488], [-86.28633, 12.12473], [-86.28664, 12.12397], [-86.28698, 12.12325], [-86.28552, 12.12307], [-86.28509, 12.12302], [-86.28467, 12.12297], [-86.28475, 12.12297], [-86.2848, 12.1229], [-86.28509, 12.12293], [-86.28509, 12.12302], [-86.2853, 12.12142], [-86.28467, 12.12297], [-86.28564, 12.12155], [-86.2853, 12.12142], [-86.28564, 12.12155], [-86.28567, 12.12131], [-86.28576, 12.12081], [-86.28583, 12.1206], [-86.2859, 12.12038], [-86.2859, 12.12038], [-86.28598, 12.12013], [-86.28603, 12.11997], [-86.28617, 12.1195], [-86.28619, 12.11943], [-86.28629, 12.1191], [-86.28633, 12.11898], [-86.28646, 12.11856], [-86.2866, 12.11808], [-86.2866, 12.11808], [-86.28896, 12.11836], [-86.28905, 12.11834], [-86.28864, 12.12522]]]}}, {"type": "Feature", "properties": {"nombre": "Bosques de Nejapa", "tipo": "barrio"}, "geometry": {"type": "Polygon", "coordinates": [[[-86.28456, 12.11611], [-86.28433, 12.11662], [-86.28412, 12.11711], [-86.28456, 12.11611], [-86.28461, 12.11572], [-86.28461, 12.11572], [-86.28468, 12.11529], [-86.2846, 12.11525], [-86.2846, 12.11525], [-86.28465, 12.11508], [-86.28465, 12.1148], [-86.28458, 12.11467], [-86.28457, 12.11461], [-86.2846, 12.11455], [-86.28464, 12.11449], [-86.28473, 12.11409], [-86.28513, 12.11345], [-86.28525, 12.11258], [-86.2853, 12.11254], [-86.2853, 12.11254], [-86.2866, 12.11353], [-86.28683, 12.11358], [-86.2866, 12.11353], [-86.28683, 12.11358], [-86.28716, 12.11359], [-86.28721, 12.11381], [-86.28712, 12.11385], [-86.28778, 12.11504], [-86.28815, 12.11551], [-86.28834, 12.11585], [-86.28874, 12.11768], [-86.2867, 12.11744], [-86.28874, 12.11768], [-86.28412, 12.11711], [-86.28668, 12.11753], [-86.2867, 12.11744], [-86.28456, 12.11611]]]}}, {"type": "Feature", "properties": {"nombre": "Carolina 2", "tipo": "barrio"}, "geometry": {"type": "Polygon", "coordinates": [[[-86.28905, 12.11834], [-86.28917, 12.11835], [-86.28928, 12.1184], [-86.28933, 12.11853], [-86.28947, 12.11893], [-86.28965, 12.11913], [-86.28972, 12.11919], [-86.28972, 12.11919], [-86.28963, 12.11936], [-86.28924, 12.12019], [-86.28915, 12.12038], [-86.28902, 12.12071], [-86.28893, 12.12105], [-86.28894, 12.12134], [-86.28901, 12.12164], [-86.28918, 12.1219], [-86.28913, 12.12261], [-86.28906, 12.12327], [-86.28894, 12.12373], [-86.2889, 12.12425], [-86.28883, 12.12493], [-86.28895, 12.12569], [-86.28895, 12.12569], [-86.28898, 12.12596], [-86.28876, 12.12582], [-86.28875, 12.12577], [-86.28864, 12.12522], [-86.28864, 12.12522], [-86.28861, 12.12509], [-86.2886, 12.12497], [-86.28859, 12.1248], [-86.28859, 12.12463], [-86.28866, 12.12405], [-86.28871, 12.12378], [-86.28874, 12.12366], [-86.28879, 12.12338], [-86.28882, 12.12321], [-86.28885, 12.12307], [-86.28889, 12.12267], [-86.2889, 12.12221], [-86.28886, 12.12188], [-86.2888, 12.12154], [-86.28873, 12.12115], [-86.28872, 12.12096], [-86.28874, 12.12059], [-86.2888, 12.12014], [-86.28889, 12.11949], [-86.28905, 12.11834]]]}}, {"type": "Feature", "properties": {"nombre": "Los Altos de Nejapa", "tipo": "barrio"}, "geometry": {"type": "MultiPolygon", "coordinates": [[[[-86.28564, 12.12155], [-86.2853, 12.12142], [-86.28412, 12.12098], [-86.2853, 12.12142], [-86.28364, 12.1193], [-86.28443, 12.11943], [-86.28427, 12.12034], [-86.2842, 12.12082], [-86.28412, 12.12098], [-86.2835, 12.11927], [-86.28364, 12.1193], [-86.28384, 12.11838], [-86.28378, 12.11854], [-86.28368, 12.11876], [-86.2836, 12.11897], [-86.2835, 12.11927], [-86.28388, 12.11824], [-86.28384, 12.11838], [-86.28404, 12.11744], [-86.284, 12.11778], [-86.28395, 12.118], [-86.28392, 12.11812], [-86.28388, 12.11824], [-86.28412, 12.11711], [-86.28406, 12.11728], [-86.28404, 12.11744], [-86.28412, 12.11711], [-86.28668, 12.11753], [-86.2867, 12.11744], [-86.2867, 12.11744], [-86.28874, 12.11768], [-86.28874, 12.11768], [-86.28895, 12.11772], [-86.28901, 12.11774], [-86.28905, 12.11779], [-86.28903, 12.11792], [-86.28922, 12.11786], [-86.28905, 12.11834], [-86.28912, 12.11805], [-86.28914, 12.11798], [-86.28916, 12.11794], [-86.28922, 12.11786], [-86.2866, 12.11808], [-86.28896, 12.11836], [-86.28905, 12.11834], [-86.2859, 12.12038], [-86.28598, 12.12013], [-86.28603, 12.11997], [-86.28617, 12.1195], [-86.28619, 12.11943], [-86.28629, 12.1191], [-86.28633, 12.11898], [-86.28646, 12.11856], [-86.2866, 12.11808], [-86.28564, 12.12155], [-86.28567, 12.12131], [-86.28576, 12.12081], [-86.28583, 12.1206], [-86.2859, 12.12038], [-86.28564, 12.12155]]], [[[-86.2867, 12.11744], [-86.28874, 12.11768], [-86.2867, 12.11744], [-86.28674, 12.1172], [-86.28676, 12.117], [-86.28675, 12.11684], [-86.28669, 12.11669], [-86.2866, 12.11659], [-86.28632, 12.11637], [-86.28584, 12.11596], [-86.28595, 12.11585], [-86.28606, 12.11571], [-86.28633, 12.11513], [-86.28638, 12.11509], [-86.28646, 12.11507], [-86.28653, 12.11508], [-86.28653, 12.11508], [-86.28662, 12.11489], [-86.28662, 12.11489], [-86.28656, 12.1148], [-86.28655, 12.11466], [-86.28657, 12.11458], [-86.28683, 12.11358], [-86.28683, 12.11358], [-86.28716, 12.11359], [-86.28721, 12.11381], [-86.28712, 12.11385], [-86.28778, 12.11504], [-86.28815, 12.11551], [-86.28834, 12.11585], [-86.28874, 12.11768], [-86.2867, 12.11744]]]]}}, {"type": "Feature", "properties": {"nombre": "Memorial Sandino Sur", "tipo": "barrio"}, "geometry": {"type": "Polygon", "coordinates": [[[-86.28532, 12.11238], [-86.28526, 12.11251], [-86.2853, 12.11254], [-86.28596, 12.1106], [-86.28594, 12.11073], [-86.28589, 12.11106], [-86.28572, 12.11155], [-86.28553, 12.11202], [-86.28546, 12.11215], [-86.28532, 12.11238], [-86.28596, 12.1106], [-86.28664, 12.11054], [-86.28686, 12.11051], [-86.28686, 12.11051], [-86.28694, 12.11052], [-86.28876, 12.11066], [-86.28834, 12.11063], [-86.28792, 12.11059], [-86.28749, 12.11056], [-86.28694, 12.11052], [-86.28889, 12.11067], [-86.28876, 12.11066], [-86.2902, 12.11072], [-86.28969, 12.1107], [-86.28925, 12.11068], [-86.28889, 12.11067], [-86.2902, 12.11072], [-86.29017, 12.11094], [-86.29011, 12.11156], [-86.29005, 12.11214], [-86.28999, 12.11283], [-86.28999, 12.11283], [-86.28997, 12.11304], [-86.28997, 12.11304], [-86.2899, 12.11365], [-86.28988, 12.11383], [-86.28985, 12.11413], [-86.28981, 12.11458], [-86.28979, 12.11475], [-86.28974, 12.1152], [-86.28965, 12.11604], [-86.28959, 12.11663], [-86.28949, 12.1174], [-86.28944, 12.11754], [-86.28934, 12.11772], [-86.28922, 12.11786], [-86.28874, 12.11768], [-86.28895, 12.11772], [-86.28901, 12.11774], [-86.28905, 12.11779], [-86.28903, 12.11792], [-86.28922, 12.11786], [-86.28683, 12.11358], [-86.28716, 12.11359], [-86.28721, 12.11381], [-86.28712, 12.11385], [-86.28778, 12.11504], [-86.28815, 12.11551], [-86.28834, 12.11585], [-86.28874, 12.11768], [-86.28683, 12.11358], [-86.2866, 12.11353], [-86.2853, 12.11254], [-86.2866, 12.11353], [-86.28532, 12.11238]]]}}, {"type": "Feature", "properties": {"nombre": "San Francisco De Asís", "tipo": "barrio"}, "geometry": {"type": "Polygon", "coordinates": [[[-86.29085, 12.11712], [-86.29094, 12.11737], [-86.29092, 12.11769], [-86.29092, 12.11774], [-86.29092, 12.11788], [-86.29079, 12.11799], [-86.29056, 12.11813], [-86.29049, 12.11818], [-86.29044, 12.11822], [-86.29019, 12.11849], [-86.28996, 12.11881], [-86.28975, 12.11913], [-86.28972, 12.11919], [-86.29103, 12.11311], [-86.29097, 12.11342], [-86.29085, 12.11453], [-86.29078, 12.11523], [-86.29072, 12.11589], [-86.29073, 12.11643], [-86.29075, 12.11657], [-86.29085, 12.11712], [-86.29105, 12.11302], [-86.29103, 12.11311], [-86.2911, 12.11271], [-86.29105, 12.11302], [-86.29117, 12.11231], [-86.2911, 12.11271], [-86.29123, 12.11158], [-86.29121, 12.11183], [-86.29119, 12.11214], [-86.29117, 12.11231], [-86.29122, 12.11141], [-86.29123, 12.11158], [-86.29107, 12.1099], [-86.2911, 12.11049], [-86.29111, 12.11066], [-86.29116, 12.11093], [-86.29118, 12.11103], [-86.29122, 12.11141], [-86.29113, 12.1087], [-86.29107, 12.10918], [-86.29107, 12.1099], [-86.29113, 12.1087], [-86.29058, 12.10874], [-86.29059, 12.10878], [-86.29059, 12.10878], [-86.29053, 12.10905], [-86.29053, 12.10905], [-86.29037, 12.1095], [-86.29032, 12.10964], [-86.29028, 12.10991], [-86.2902, 12.11072], [-86.2902, 12.11072], [-86.29017, 12.11094], [-86.29011, 12.11156], [-86.29005, 12.11214], [-86.28999, 12.11283], [-86.28999, 12.11283], [-86.28997, 12.11304], [-86.28997, 12.11304], [-86.2899, 12.11365], [-86.28988, 12.11383], [-86.28985, 12.11413], [-86.28981, 12.11458], [-86.28979, 12.11475], [-86.28974, 12.1152], [-86.28965, 12.11604], [-86.28959, 12.11663], [-86.28949, 12.1174], [-86.28944, 12.11754], [-86.28934, 12.11772], [-86.28922, 12.11786], [-86.28905, 12.11834], [-86.28912, 12.11805], [-86.28914, 12.11798], [-86.28916, 12.11794], [-86.28922, 12.11786], [-86.28905, 12.11834], [-86.28917, 12.11835], [-86.28928, 12.1184], [-86.28933, 12.11853], [-86.28947, 12.11893], [-86.28965, 12.11913], [-86.28972, 12.11919], [-86.29085, 12.11712]]]}}, {"type": "Feature", "properties": {"nombre": "Sector Ofiplaza", "tipo": "barrio"}, "geometry": {"type": "Polygon", "coordinates": [[[-86.2835, 12.11927], [-86.28364, 12.1193], [-86.28364, 12.1193], [-86.28443, 12.11943], [-86.28427, 12.12034], [-86.2842, 12.12082], [-86.28412, 12.12098], [-86.28412, 12.12098], [-86.2853, 12.12142], [-86.2853, 12.12142], [-86.28467, 12.12297], [-86.28425, 12.12557], [-86.28467, 12.12297], [-86.28425, 12.12557], [-86.28409, 12.12553], [-86.28397, 12.12549], [-86.28387, 12.12545], [-86.2838, 12.12541], [-86.28377, 12.12539], [-86.28367, 12.12532], [-86.28367, 12.12532], [-86.28366, 12.12529], [-86.28341, 12.12488], [-86.28366, 12.12529], [-86.2835, 12.12423], [-86.2835, 12.12432], [-86.2835, 12.12446], [-86.28349, 12.12462], [-86.28348, 12.12469], [-86.28347, 12.12475], [-86.28344, 12.12483], [-86.28341, 12.12488], [-86.28364, 12.12334], [-86.28353, 12.12364], [-86.28351, 12.12377], [-86.28351, 12.12403], [-86.28351, 12.12414], [-86.2835, 12.12423], [-86.28377, 12.12292], [-86.28371, 12.12312], [-86.28364, 12.12334], [-86.28368, 12.12208], [-86.28376, 12.12233], [-86.2838, 12.12254], [-86.2838, 12.12276], [-86.28377, 12.12292], [-86.28349, 12.12157], [-86.28368, 12.12208], [-86.28334, 12.12118], [-86.28349, 12.12157], [-86.28338, 12.11982], [-86.28337, 12.11991], [-86.28328, 12.12042], [-86.28324, 12.12064], [-86.28325, 12.12077], [-86.28327, 12.12094], [-86.28334, 12.12118], [-86.2835, 12.11927], [-86.28346, 12.11938], [-86.28338, 12.11982], [-86.2835, 12.11927]]]}}, {"type": "Feature", "properties": {"nombre": "Memorial Sandino", "tipo": "barrio"}, "geometry": {"type": "Polygon", "coordinates": [[[-86.2829, 12.10531], [-86.28322, 12.10737], [-86.28278, 12.10798], [-86.28276, 12.10831], [-86.28272, 12.10904], [-86.28272, 12.10904], [-86.28408, 12.10894], [-86.28451, 12.10892], [-86.28496, 12.10892], [-86.28534, 12.10894], [-86.28585, 12.10897], [-86.28631, 12.10899], [-86.28705, 12.10902], [-86.2871, 12.10908], [-86.2871, 12.10908], [-86.28708, 12.10927], [-86.28707, 12.10943], [-86.28707, 12.10943], [-86.28702, 12.1097], [-86.28698, 12.10996], [-86.28697, 12.11007], [-86.28689, 12.11041], [-86.28686, 12.11051], [-86.28686, 12.11051], [-86.28694, 12.11052], [-86.28876, 12.11066], [-86.28834, 12.11063], [-86.28792, 12.11059], [-86.28749, 12.11056], [-86.28694, 12.11052], [-86.28889, 12.11067], [-86.28876, 12.11066], [-86.2902, 12.11072], [-86.28969, 12.1107], [-86.28925, 12.11068], [-86.28889, 12.11067], [-86.29053, 12.10905], [-86.29037, 12.1095], [-86.29032, 12.10964], [-86.29028, 12.10991], [-86.2902, 12.11072], [-86.29059, 12.10878], [-86.29053, 12.10905], [-86.29113, 12.1087], [-86.29058, 12.10874], [-86.29059, 12.10878], [-86.29117, 12.10839], [-86.29113, 12.1087], [-86.29117, 12.10839], [-86.29093, 12.10842], [-86.29052, 12.10848], [-86.29029, 12.10812], [-86.29029, 12.10798], [-86.29021, 12.10802], [-86.28988, 12.10749], [-86.2896, 12.10656], [-86.28832, 12.10716], [-86.28811, 12.10673], [-86.28765, 12.10691], [-86.28783, 12.1077], [-86.287, 12.10789], [-86.28687, 12.10773], [-86.28679, 12.10753], [-86.28671, 12.10729], [-86.28668, 12.10715], [-86.28671, 12.10686], [-86.28678, 12.10661], [-86.28678, 12.10643], [-86.28674, 12.1063], [-86.28653, 12.10606], [-86.28625, 12.10588], [-86.2848, 12.10561], [-86.2848, 12.1053], [-86.28443, 12.10529], [-86.28444, 12.10542], [-86.2837, 12.10539], [-86.2837, 12.10488], [-86.28348, 12.10488], [-86.28349, 12.10537], [-86.2829, 12.10531]]]}}, {"type": "Feature", "properties": {"nombre": "Acrópolis 1", "tipo": "barrio"}, "geometry": {"type": "Polygon", "coordinates": [[[-86.27635, 12.11318], [-86.27488, 12.11338], [-86.27492, 12.11382], [-86.27478, 12.11383], [-86.2748, 12.11477], [-86.27491, 12.11483], [-86.27636, 12.11394], [-86.27635, 12.11318], [-86.27491, 12.11415], [-86.27636, 12.11394], [-86.27491, 12.11483], [-86.27491, 12.11415], [-86.27635, 12.11318]]]}}, {"type": "Feature", "properties": {"nombre": "Casimiro Sotelo", "tipo": "barrio"}, "geometry": {"type": "Polygon", "coordinates": [[[-86.2745, 12.12351], [-86.27488, 12.12368], [-86.2745, 12.12351], [-86.27444, 12.12331], [-86.27439, 12.12324], [-86.27439, 12.12324], [-86.27431, 12.1229], [-86.27431, 12.1229], [-86.27408, 12.12184], [-86.27408, 12.12184], [-86.27394, 12.12135], [-86.27394, 12.12135], [-86.27392, 12.12126], [-86.27385, 12.12096], [-86.27385, 12.12096], [-86.2738, 12.12068], [-86.27371, 12.12034], [-86.27365, 12.12007], [-86.27365, 12.12007], [-86.27363, 12.11999], [-86.27363, 12.11999], [-86.27358, 12.11979], [-86.27346, 12.11925], [-86.2734, 12.11902], [-86.2734, 12.11902], [-86.27335, 12.11873], [-86.27333, 12.11865], [-86.27451, 12.11846], [-86.27429, 12.11853], [-86.27451, 12.11846], [-86.27472, 12.11888], [-86.27478, 12.11918], [-86.27488, 12.11957], [-86.27489, 12.11987], [-86.27489, 12.12], [-86.27493, 12.1205], [-86.27492, 12.12064], [-86.2749, 12.12098], [-86.27487, 12.12117], [-86.27472, 12.12137], [-86.27467, 12.12159], [-86.27465, 12.12183], [-86.27467, 12.12202], [-86.2747, 12.12224], [-86.2747, 12.1225], [-86.27471, 12.12276], [-86.27472, 12.12284], [-86.27476, 12.12314], [-86.27483, 12.12349], [-86.27488, 12.12368], [-86.27333, 12.11865], [-86.27371, 12.11861], [-86.27396, 12.11856], [-86.27429, 12.11853], [-86.2745, 12.12351]]]}}, {"type": "Feature", "properties": {"nombre": "Catalina", "tipo": "barrio"}, "geometry": {"type": "Polygon", "coordinates": [[[-86.2765, 12.11458], [-86.27639, 12.11462], [-86.27552, 12.11474], [-86.27502, 12.11481], [-86.27491, 12.11483], [-86.27491, 12.11483], [-86.27491, 12.11415], [-86.27491, 12.11415], [-86.27636, 12.11394], [-86.27636, 12.11394], [-86.2765, 12.11458]]]}}, {"type": "Feature", "properties": {"nombre": "El Bosque", "tipo": "barrio"}, "geometry": {"type": "Polygon", "coordinates": [[[-86.27737, 12.12438], [-86.27755, 12.12442], [-86.27737, 12.12438], [-86.27749, 12.12381], [-86.27804, 12.12269], [-86.27864, 12.12277], [-86.27864, 12.12277], [-86.27861, 12.12292], [-86.27853, 12.1231], [-86.27807, 12.12371], [-86.27799, 12.12387], [-86.27796, 12.12439], [-86.27796, 12.12439], [-86.27792, 12.12452], [-86.27755, 12.12442], [-86.27792, 12.12452], [-86.27737, 12.12438]]]}}, {"type": "Feature", "properties": {"nombre": "Hialeah 1 y 2", "tipo": "barrio"}, "geometry": {"type": "Polygon", "coordinates": [[[-86.27914, 12.12214], [-86.27886, 12.12211], [-86.27886, 12.12211], [-86.27832, 12.12204], [-86.27753, 12.12195], [-86.27745, 12.12193], [-86.27745, 12.12193], [-86.27679, 12.12153], [-86.27585, 12.12156], [-86.27606, 12.12154], [-86.27632, 12.12153], [-86.27679, 12.12153], [-86.27585, 12.12156], [-86.27568, 12.11988], [-86.27568, 12.11988], [-86.27562, 12.11885], [-86.27561, 12.11878], [-86.28002, 12.11857], [-86.27799, 12.11836], [-86.27646, 12.11852], [-86.27561, 12.11878], [-86.28002, 12.11857], [-86.28026, 12.11861], [-86.28066, 12.1189], [-86.28066, 12.1189], [-86.28037, 12.11923], [-86.28029, 12.11933], [-86.28029, 12.11933], [-86.28, 12.11984], [-86.27979, 12.1206], [-86.27975, 12.1208], [-86.2794, 12.12122], [-86.27919, 12.12205], [-86.27914, 12.12214]]]}}, {"type": "Feature", "properties": {"nombre": "Hialeah 4", "tipo": "barrio"}, "geometry": {"type": "Polygon", "coordinates": [[[-86.28272, 12.10904], [-86.28298, 12.11092], [-86.2827, 12.11193], [-86.28299, 12.11537], [-86.28297, 12.11514], [-86.28296, 12.1149], [-86.28295, 12.11478], [-86.28289, 12.11449], [-86.28285, 12.11412], [-86.28285, 12.11412], [-86.28286, 12.11397], [-86.28287, 12.11382], [-86.28289, 12.11345], [-86.28283, 12.11291], [-86.28279, 12.11253], [-86.28278, 12.11245], [-86.28272, 12.11205], [-86.2827, 12.11193], [-86.28284, 12.11634], [-86.28284, 12.11629], [-86.28284, 12.1162], [-86.28291, 12.11577], [-86.28293, 12.11563], [-86.28299, 12.11537], [-86.28284, 12.11634], [-86.28285, 12.11637], [-86.28292, 12.11623], [-86.28285, 12.11637], [-86.28346, 12.115], [-86.2832, 12.11566], [-86.28297, 12.11611], [-86.28292, 12.11623], [-86.28346, 12.115], [-86.28363, 12.11506], [-86.28438, 12.1153], [-86.28395, 12.11516], [-86.28363, 12.11506], [-86.2846, 12.11525], [-86.28438, 12.1153], [-86.2846, 12.11525], [-86.28465, 12.11508], [-86.28465, 12.1148], [-86.28458, 12.11467], [-86.28457, 12.11461], [-86.2846, 12.11455], [-86.28464, 12.11449], [-86.28473, 12.11409], [-86.28513, 12.11345], [-86.28525, 12.11258], [-86.2853, 12.11254], [-86.28532, 12.11238], [-86.28526, 12.11251], [-86.2853, 12.11254], [-86.28596, 12.1106], [-86.28594, 12.11073], [-86.28589, 12.11106], [-86.28572, 12.11155], [-86.28553, 12.11202], [-86.28546, 12.11215], [-86.28532, 12.11238], [-86.28596, 12.1106], [-86.28664, 12.11054], [-86.28686, 12.11051], [-86.28707, 12.10943], [-86.28702, 12.1097], [-86.28698, 12.10996], [-86.28697, 12.11007], [-86.28689, 12.11041], [-86.28686, 12.11051], [-86.2871, 12.10908], [-86.28708, 12.10927], [-86.28707, 12.10943], [-86.28272, 12.10904], [-86.28408, 12.10894], [-86.28451, 12.10892], [-86.28496, 12.10892], [-86.28534, 12.10894], [-86.28585, 12.10897], [-86.28631, 12.10899], [-86.28705, 12.10902], [-86.2871, 12.10908], [-86.28272, 12.10904]]]}}, {"type": "Feature", "properties": {"nombre": "Lomas De San Ángel 1", "tipo": "barrio"}, "geometry": {"type": "Polygon", "coordinates": [[[-86.28087, 12.11693], [-86.28044, 12.117], [-86.28021, 12.117], [-86.2802, 12.11711], [-86.2802, 12.11711], [-86.28004, 12.11708], [-86.28005, 12.11697], [-86.2795, 12.11697], [-86.27871, 12.11702], [-86.27869, 12.11663], [-86.27871, 12.11702], [-86.27869, 12.11663], [-86.27854, 12.11663], [-86.27854, 12.11663], [-86.2785, 12.11585], [-86.2785, 12.11572], [-86.2785, 12.11572], [-86.27908, 12.11566], [-86.27916, 12.11563], [-86.27982, 12.11554], [-86.27982, 12.11554], [-86.27962, 12.115], [-86.27934, 12.11431], [-86.27934, 12.11431], [-86.27922, 12.11432], [-86.27917, 12.11372], [-86.27922, 12.11432], [-86.27917, 12.11372], [-86.28007, 12.11377], [-86.28007, 12.11377], [-86.28007, 12.11426], [-86.28018, 12.11457], [-86.28043, 12.11461], [-86.2807, 12.11575], [-86.28087, 12.11693]]]}}, {"type": "Feature", "properties": {"nombre": "Lomas De San Ángel 2", "tipo": "barrio"}, "geometry": {"type": "Polygon", "coordinates": [[[-86.27918, 12.11275], [-86.27904, 12.11284], [-86.27895, 12.11289], [-86.27895, 12.11289], [-86.27848, 12.11303], [-86.27816, 12.11315], [-86.27798, 12.11324], [-86.27775, 12.11336], [-86.27917, 12.11372], [-86.27842, 12.11402], [-86.27809, 12.11408], [-86.27775, 12.11336], [-86.27917, 12.11372], [-86.28007, 12.11377], [-86.28007, 12.11377], [-86.28006, 12.11341], [-86.27987, 12.11287], [-86.27953, 12.11291], [-86.27918, 12.11275]]]}}, {"type": "Feature", "properties": {"nombre": "Lomas de Monserrat", "tipo": "barrio"}, "geometry": {"type": "Polygon", "coordinates": [[[-86.27305, 12.11617], [-86.27315, 12.11615], [-86.27315, 12.11615], [-86.27317, 12.11626], [-86.27326, 12.11652], [-86.27349, 12.11689], [-86.27372, 12.11723], [-86.27398, 12.11754], [-86.2741, 12.1177], [-86.27439, 12.11806], [-86.27444, 12.11813], [-86.27666, 12.11603], [-86.2763, 12.1165], [-86.27558, 12.11708], [-86.27515, 12.11735], [-86.27483, 12.11778], [-86.27444, 12.11813], [-86.27733, 12.11642], [-86.27684, 12.11614], [-86.27668, 12.11605], [-86.27666, 12.11603], [-86.27871, 12.11702], [-86.27741, 12.11712], [-86.2772, 12.11652], [-86.27733, 12.11642], [-86.27869, 12.11663], [-86.27871, 12.11702], [-86.27869, 12.11663], [-86.27854, 12.11663], [-86.27854, 12.11663], [-86.2785, 12.11585], [-86.2785, 12.11572], [-86.2785, 12.11572], [-86.27908, 12.11566], [-86.27916, 12.11563], [-86.27982, 12.11554], [-86.27982, 12.11554], [-86.27962, 12.115], [-86.27934, 12.11431], [-86.27934, 12.11431], [-86.27922, 12.11432], [-86.27917, 12.11372], [-86.27922, 12.11432], [-86.27917, 12.11372], [-86.27842, 12.11402], [-86.27809, 12.11408], [-86.27775, 12.11336], [-86.27775, 12.11336], [-86.27756, 12.11351], [-86.27739, 12.11363], [-86.27715, 12.11382], [-86.2768, 12.11424], [-86.27669, 12.11441], [-86.27659, 12.11453], [-86.2765, 12.11458], [-86.2765, 12.11458], [-86.27639, 12.11462], [-86.27552, 12.11474], [-86.27502, 12.11481], [-86.27491, 12.11483], [-86.27491, 12.11483], [-86.27486, 12.11483], [-86.27476, 12.11484], [-86.27471, 12.11484], [-86.27389, 12.11489], [-86.27318, 12.11492], [-86.27309, 12.11492], [-86.27309, 12.11492], [-86.273, 12.11493], [-86.273, 12.11493], [-86.27292, 12.11494], [-86.27305, 12.11617], [-86.27302, 12.1158], [-86.27297, 12.11526], [-86.27296, 12.11513], [-86.27294, 12.11507], [-86.27292, 12.11494], [-86.27305, 12.11617]]]}}, {"type": "Feature", "properties": {"nombre": "Lomas del Consuelo", "tipo": "barrio"}, "geometry": {"type": "Polygon", "coordinates": [[[-86.2792, 12.11139], [-86.28008, 12.11128], [-86.27998, 12.11051], [-86.27911, 12.11063], [-86.27911, 12.11063], [-86.27911, 12.11085], [-86.27912, 12.11102], [-86.2792, 12.11139]]]}}, {"type": "Feature", "properties": {"nombre": "Sector Instituto Salomón de la Selva", "tipo": "barrio"}, "geometry": {"type": "Polygon", "coordinates": [[[-86.27611, 12.12433], [-86.27642, 12.1243], [-86.27654, 12.12429], [-86.27657, 12.12429], [-86.27665, 12.1243], [-86.27683, 12.1243], [-86.2771, 12.12433], [-86.27737, 12.12438], [-86.27609, 12.12424], [-86.2757, 12.12431], [-86.27538, 12.12438], [-86.27532, 12.1244], [-86.27532, 12.1244], [-86.2752, 12.12441], [-86.27499, 12.12444], [-86.27494, 12.12444], [-86.27489, 12.12442], [-86.27481, 12.12436], [-86.2747, 12.12423], [-86.2747, 12.12423], [-86.27463, 12.12389], [-86.2745, 12.12351], [-86.2745, 12.12351], [-86.27488, 12.12368], [-86.27451, 12.11846], [-86.27472, 12.11888], [-86.27478, 12.11918], [-86.27488, 12.11957], [-86.27489, 12.11987], [-86.27489, 12.12], [-86.27493, 12.1205], [-86.27492, 12.12064], [-86.2749, 12.12098], [-86.27487, 12.12117], [-86.27472, 12.12137], [-86.27467, 12.12159], [-86.27465, 12.12183], [-86.27467, 12.12202], [-86.2747, 12.12224], [-86.2747, 12.1225], [-86.27471, 12.12276], [-86.27472, 12.12284], [-86.27476, 12.12314], [-86.27483, 12.12349], [-86.27488, 12.12368], [-86.27451, 12.11846], [-86.27429, 12.11853], [-86.27333, 12.11865], [-86.27371, 12.11861], [-86.27396, 12.11856], [-86.27429, 12.11853], [-86.27333, 12.11865], [-86.2733, 12.11844], [-86.27329, 12.11836], [-86.27327, 12.11818], [-86.27325, 12.11797], [-86.27325, 12.11797], [-86.27319, 12.11748], [-86.27318, 12.11737], [-86.27312, 12.11685], [-86.27309, 12.11655], [-86.27306, 12.11626], [-86.27305, 12.11617], [-86.27305, 12.11617], [-86.27315, 12.11615], [-86.27315, 12.11615], [-86.27317, 12.11626], [-86.27326, 12.11652], [-86.27349, 12.11689], [-86.27372, 12.11723], [-86.27398, 12.11754], [-86.2741, 12.1177], [-86.27439, 12.11806], [-86.27444, 12.11813], [-86.27666, 12.11603], [-86.2763, 12.1165], [-86.27558, 12.11708], [-86.27515, 12.11735], [-86.27483, 12.11778], [-86.27444, 12.11813], [-86.27733, 12.11642], [-86.27684, 12.11614], [-86.27668, 12.11605], [-86.27666, 12.11603], [-86.27871, 12.11702], [-86.27741, 12.11712], [-86.2772, 12.11652], [-86.27733, 12.11642], [-86.2802, 12.11711], [-86.28004, 12.11708], [-86.28005, 12.11697], [-86.2795, 12.11697], [-86.27871, 12.11702], [-86.2802, 12.11711], [-86.28002, 12.11857], [-86.28002, 12.11857], [-86.27799, 12.11836], [-86.27646, 12.11852], [-86.27561, 12.11878], [-86.27568, 12.11988], [-86.27562, 12.11885], [-86.27561, 12.11878], [-86.27585, 12.12156], [-86.27568, 12.11988], [-86.27585, 12.12156], [-86.27606, 12.12154], [-86.27632, 12.12153], [-86.27679, 12.12153], [-86.27745, 12.12193], [-86.27679, 12.12153], [-86.27886, 12.12211], [-86.27832, 12.12204], [-86.27753, 12.12195], [-86.27745, 12.12193], [-86.27914, 12.12214], [-86.27886, 12.12211], [-86.27914, 12.12214], [-86.27881, 12.12245], [-86.27864, 12.12277], [-86.27737, 12.12438], [-86.27749, 12.12381], [-86.27804, 12.12269], [-86.27864, 12.12277], [-86.27611, 12.12433]]]}}, {"type": "Feature", "properties": {"nombre": "Sector Oeste Lomas de San Ángel", "tipo": "barrio"}, "geometry": {"type": "Polygon", "coordinates": [[[-86.27925, 12.11177], [-86.27932, 12.11232], [-86.27932, 12.11245], [-86.2793, 12.11258], [-86.27925, 12.11268], [-86.27918, 12.11275], [-86.28007, 12.11377], [-86.28006, 12.11341], [-86.27987, 12.11287], [-86.27953, 12.11291], [-86.27918, 12.11275], [-86.28007, 12.11377], [-86.28007, 12.11426], [-86.28018, 12.11457], [-86.28043, 12.11461], [-86.2807, 12.11575], [-86.28087, 12.11693], [-86.2814, 12.11814], [-86.281, 12.11793], [-86.28119, 12.11701], [-86.28087, 12.11693], [-86.28285, 12.11637], [-86.28267, 12.11681], [-86.28254, 12.11689], [-86.28228, 12.11721], [-86.28161, 12.11789], [-86.2814, 12.11814], [-86.28284, 12.11634], [-86.28285, 12.11637], [-86.28284, 12.11634], [-86.28284, 12.11629], [-86.28284, 12.1162], [-86.28291, 12.11577], [-86.28293, 12.11563], [-86.28299, 12.11537], [-86.28299, 12.11537], [-86.28297, 12.11514], [-86.28296, 12.1149], [-86.28295, 12.11478], [-86.28289, 12.11449], [-86.28285, 12.11412], [-86.28285, 12.11412], [-86.28286, 12.11397], [-86.28287, 12.11382], [-86.28289, 12.11345], [-86.28283, 12.11291], [-86.28279, 12.11253], [-86.28278, 12.11245], [-86.28272, 12.11205], [-86.2827, 12.11193], [-86.2827, 12.11193], [-86.27925, 12.11177]]]}}, {"type": "Feature", "properties": {"nombre": "Sector Sur Pista Juan Pablo II", "tipo": "barrio"}, "geometry": {"type": "Polygon", "coordinates": [[[-86.28341, 12.12488], [-86.28366, 12.12529], [-86.28367, 12.12532], [-86.28366, 12.12529], [-86.28355, 12.12568], [-86.28359, 12.12565], [-86.28361, 12.12563], [-86.28362, 12.12562], [-86.28364, 12.1256], [-86.28365, 12.12558], [-86.28366, 12.12555], [-86.28367, 12.12553], [-86.28368, 12.1255], [-86.28368, 12.12548], [-86.28368, 12.12546], [-86.28368, 12.12543], [-86.28368, 12.12541], [-86.28368, 12.12538], [-86.28368, 12.12536], [-86.28368, 12.12534], [-86.28367, 12.12532], [-86.2835, 12.1257], [-86.28355, 12.12568], [-86.28283, 12.12558], [-86.28289, 12.12562], [-86.28294, 12.12564], [-86.28301, 12.12567], [-86.2833, 12.12571], [-86.28334, 12.12572], [-86.28337, 12.12572], [-86.28339, 12.12572], [-86.28343, 12.12572], [-86.28346, 12.12571], [-86.2835, 12.1257], [-86.28282, 12.12555], [-86.28283, 12.12558], [-86.2781, 12.12456], [-86.27857, 12.1247], [-86.27908, 12.12483], [-86.28013, 12.125], [-86.28063, 12.12509], [-86.28186, 12.12529], [-86.28217, 12.12535], [-86.28257, 12.12543], [-86.28262, 12.12545], [-86.28267, 12.12547], [-86.28271, 12.12549], [-86.28273, 12.1255], [-86.28282, 12.12555], [-86.27792, 12.12452], [-86.2781, 12.12456], [-86.27796, 12.12439], [-86.27792, 12.12452], [-86.27864, 12.12277], [-86.27861, 12.12292], [-86.27853, 12.1231], [-86.27807, 12.12371], [-86.27799, 12.12387], [-86.27796, 12.12439], [-86.27914, 12.12214], [-86.27881, 12.12245], [-86.27864, 12.12277], [-86.28029, 12.11933], [-86.28, 12.11984], [-86.27979, 12.1206], [-86.27975, 12.1208], [-86.2794, 12.12122], [-86.27919, 12.12205], [-86.27914, 12.12214], [-86.28029, 12.11933], [-86.28067, 12.11939], [-86.28338, 12.11982], [-86.28067, 12.11939], [-86.28338, 12.11982], [-86.28337, 12.11991], [-86.28328, 12.12042], [-86.28324, 12.12064], [-86.28325, 12.12077], [-86.28327, 12.12094], [-86.28334, 12.12118], [-86.28334, 12.12118], [-86.28349, 12.12157], [-86.28349, 12.12157], [-86.28368, 12.12208], [-86.28368, 12.12208], [-86.28376, 12.12233], [-86.2838, 12.12254], [-86.2838, 12.12276], [-86.28377, 12.12292], [-86.28377, 12.12292], [-86.28371, 12.12312], [-86.28364, 12.12334], [-86.28364, 12.12334], [-86.28353, 12.12364], [-86.28351, 12.12377], [-86.28351, 12.12403], [-86.28351, 12.12414], [-86.2835, 12.12423], [-86.2835, 12.12423], [-86.2835, 12.12432], [-86.2835, 12.12446], [-86.28349, 12.12462], [-86.28348, 12.12469], [-86.28347, 12.12475], [-86.28344, 12.12483], [-86.28341, 12.12488]]]}}, {"type": "Feature", "properties": {"nombre": "Villa San Ángel", "tipo": "barrio"}, "geometry": {"type": "Polygon", "coordinates": [[[-86.2814, 12.11814], [-86.28103, 12.11858], [-86.28066, 12.1189], [-86.2814, 12.11814], [-86.281, 12.11793], [-86.28119, 12.11701], [-86.28087, 12.11693], [-86.28087, 12.11693], [-86.28044, 12.117], [-86.28021, 12.117], [-86.2802, 12.11711], [-86.2802, 12.11711], [-86.28002, 12.11857], [-86.28002, 12.11857], [-86.28026, 12.11861], [-86.28066, 12.1189], [-86.2814, 12.11814]]]}}, {"type": "Feature", "properties": {"nombre": "Villa Santa Fé", "tipo": "barrio"}, "geometry": {"type": "Polygon", "coordinates": [[[-86.27294, 12.1162], [-86.27305, 12.11617], [-86.27294, 12.1162], [-86.27098, 12.11654], [-86.27067, 12.11659], [-86.27067, 12.11659], [-86.27069, 12.11694], [-86.2707, 12.11709], [-86.27075, 12.11722], [-86.2708, 12.11735], [-86.27085, 12.11749], [-86.27092, 12.11761], [-86.27155, 12.11855], [-86.27155, 12.11855], [-86.27193, 12.11853], [-86.27191, 12.11795], [-86.27302, 12.11798], [-86.27325, 12.11797], [-86.27325, 12.11797], [-86.27319, 12.11748], [-86.27318, 12.11737], [-86.27312, 12.11685], [-86.27309, 12.11655], [-86.27306, 12.11626], [-86.27305, 12.11617], [-86.27294, 12.1162]]]}}, {"type": "Feature", "properties": {"nombre": "Sector Colegio Americano", "tipo": "barrio"}, "geometry": {"type": "Polygon", "coordinates": [[[-86.27685, 12.10963], [-86.27701, 12.10956], [-86.27717, 12.1095], [-86.27733, 12.10947], [-86.2777, 12.10944], [-86.27921, 12.10934], [-86.27685, 12.10963], [-86.27694, 12.10972], [-86.27676, 12.11005], [-86.2766, 12.11046], [-86.27647, 12.11099], [-86.27638, 12.1116], [-86.27638, 12.11186], [-86.2764, 12.11234], [-86.27635, 12.11318], [-86.27636, 12.11394], [-86.27635, 12.11318], [-86.27636, 12.11394], [-86.2765, 12.11458], [-86.27775, 12.11336], [-86.27756, 12.11351], [-86.27739, 12.11363], [-86.27715, 12.11382], [-86.2768, 12.11424], [-86.27669, 12.11441], [-86.27659, 12.11453], [-86.2765, 12.11458], [-86.27895, 12.11289], [-86.27848, 12.11303], [-86.27816, 12.11315], [-86.27798, 12.11324], [-86.27775, 12.11336], [-86.27918, 12.11275], [-86.27904, 12.11284], [-86.27895, 12.11289], [-86.27925, 12.11177], [-86.27932, 12.11232], [-86.27932, 12.11245], [-86.2793, 12.11258], [-86.27925, 12.11268], [-86.27918, 12.11275], [-86.2792, 12.11139], [-86.27925, 12.11177], [-86.27911, 12.11063], [-86.27911, 12.11085], [-86.27912, 12.11102], [-86.2792, 12.11139], [-86.27921, 12.10934], [-86.2792, 12.10947], [-86.2792, 12.1095], [-86.27916, 12.11006], [-86.27912, 12.11061], [-86.27911, 12.11063], [-86.27685, 12.10963]]]}}, {"type": "Feature", "properties": {"nombre": "Sector Suroeste Rotonda Universitaria", "tipo": "barrio"}, "geometry": {"type": "Polygon", "coordinates": [[[-86.27635, 12.11318], [-86.27488, 12.11338], [-86.27492, 12.11382], [-86.27478, 12.11383], [-86.2748, 12.11477], [-86.27491, 12.11483], [-86.27491, 12.11483], [-86.27486, 12.11483], [-86.27476, 12.11484], [-86.27471, 12.11484], [-86.27389, 12.11489], [-86.27318, 12.11492], [-86.27309, 12.11492], [-86.27309, 12.11492], [-86.273, 12.11493], [-86.273, 12.11493], [-86.27292, 12.11494], [-86.27292, 12.11494], [-86.27291, 12.11485], [-86.27288, 12.11472], [-86.2728, 12.11448], [-86.27276, 12.11436], [-86.27271, 12.11425], [-86.27268, 12.11419], [-86.27268, 12.11419], [-86.27261, 12.11396], [-86.2726, 12.11386], [-86.2726, 12.11375], [-86.27262, 12.11362], [-86.27262, 12.11362], [-86.27264, 12.11357], [-86.27264, 12.11357], [-86.27272, 12.11347], [-86.27277, 12.11344], [-86.27281, 12.11341], [-86.27286, 12.11339], [-86.27295, 12.11335], [-86.27302, 12.11334], [-86.27314, 12.11331], [-86.27324, 12.11329], [-86.2733, 12.11328], [-86.27431, 12.11305], [-86.27455, 12.11298], [-86.27465, 12.11295], [-86.27477, 12.11291], [-86.275, 12.11279], [-86.27515, 12.11269], [-86.2753, 12.11256], [-86.27535, 12.11251], [-86.27541, 12.11246], [-86.27555, 12.11229], [-86.27565, 12.11214], [-86.27573, 12.11198], [-86.27581, 12.11179], [-86.27589, 12.11152], [-86.27594, 12.11137], [-86.27613, 12.11073], [-86.27616, 12.11064], [-86.27616, 12.11064], [-86.27622, 12.11044], [-86.27629, 12.11024], [-86.27633, 12.11016], [-86.27633, 12.11016], [-86.27651, 12.10992], [-86.27662, 12.1098], [-86.27669, 12.10974], [-86.27685, 12.10963], [-86.27685, 12.10963], [-86.27694, 12.10972], [-86.27676, 12.11005], [-86.2766, 12.11046], [-86.27647, 12.11099], [-86.27638, 12.1116], [-86.27638, 12.11186], [-86.2764, 12.11234], [-86.27635, 12.11318]]]}}, {"type": "Feature", "properties": {"nombre": "Lomas de San Juan", "tipo": "barrio"}, "geometry": {"type": "MultiPolygon", "coordinates": [[[[-86.27029, 12.11754], [-86.26952, 12.1169], [-86.26937, 12.11682], [-86.26924, 12.11677], [-86.26905, 12.11674], [-86.26895, 12.11673], [-86.2689, 12.11673], [-86.26882, 12.11673], [-86.26812, 12.11669], [-86.26812, 12.11669], [-86.26803, 12.11815], [-86.26802, 12.11824], [-86.26867, 12.11829], [-86.26848, 12.11825], [-86.26824, 12.11823], [-86.26802, 12.11824], [-86.26897, 12.1185], [-86.26867, 12.11829], [-86.2693, 12.11875], [-86.26923, 12.1187], [-86.26897, 12.1185], [-86.2693, 12.11875], [-86.26939, 12.11861], [-86.2698, 12.11814], [-86.2699, 12.11801], [-86.27029, 12.11754]]], [[[-86.26897, 12.1185], [-86.26867, 12.11829], [-86.26867, 12.11829], [-86.26848, 12.11825], [-86.26824, 12.11823], [-86.26802, 12.11824], [-86.26812, 12.11669], [-86.26803, 12.11815], [-86.26802, 12.11824], [-86.27029, 12.11754], [-86.26952, 12.1169], [-86.26937, 12.11682], [-86.26924, 12.11677], [-86.26905, 12.11674], [-86.26895, 12.11673], [-86.2689, 12.11673], [-86.26882, 12.11673], [-86.26812, 12.11669], [-86.2693, 12.11875], [-86.26939, 12.11861], [-86.2698, 12.11814], [-86.2699, 12.11801], [-86.27029, 12.11754], [-86.2693, 12.11875], [-86.26923, 12.1187], [-86.26897, 12.1185]]]]}}, {"type": "Feature", "properties": {"nombre": "Anexo Reparto San Juan", "tipo": "barrio"}, "geometry": {"type": "Polygon", "coordinates": [[[-86.27169, 12.11987], [-86.27192, 12.1198], [-86.27198, 12.11979], [-86.27203, 12.1198], [-86.27203, 12.1198], [-86.27207, 12.11964], [-86.27206, 12.11925], [-86.27205, 12.11881], [-86.27155, 12.11855], [-86.27118, 12.11856], [-86.27117, 12.11857], [-86.27127, 12.11878], [-86.27201, 12.11876], [-86.27205, 12.11881], [-86.27067, 12.11659], [-86.27069, 12.11694], [-86.2707, 12.11709], [-86.27075, 12.11722], [-86.2708, 12.11735], [-86.27085, 12.11749], [-86.27092, 12.11761], [-86.27155, 12.11855], [-86.27067, 12.11659], [-86.27063, 12.11658], [-86.27029, 12.11754], [-86.27045, 12.1173], [-86.2705, 12.11716], [-86.27063, 12.11658], [-86.2693, 12.11875], [-86.26939, 12.11861], [-86.2698, 12.11814], [-86.2699, 12.11801], [-86.27029, 12.11754], [-86.2693, 12.11875], [-86.26923, 12.1187], [-86.26897, 12.1185], [-86.26897, 12.1185], [-86.2686, 12.11894], [-86.26866, 12.119], [-86.26826, 12.11947], [-86.2683, 12.12036], [-86.26866, 12.12031], [-86.26868, 12.12044], [-86.26874, 12.12048], [-86.26899, 12.12106], [-86.26895, 12.12097], [-86.26874, 12.12048], [-86.26899, 12.12106], [-86.27024, 12.12053], [-86.27097, 12.12019], [-86.27156, 12.11993], [-86.27169, 12.11987]]]}}, {"type": "Feature", "properties": {"nombre": "Édgard Munguía 1 y 2", "tipo": "barrio"}, "geometry": {"type": "Polygon", "coordinates": [[[-86.27333, 12.11865], [-86.2733, 12.11844], [-86.27329, 12.11836], [-86.27327, 12.11818], [-86.27325, 12.11797], [-86.27155, 12.11855], [-86.27193, 12.11853], [-86.27191, 12.11795], [-86.27302, 12.11798], [-86.27325, 12.11797], [-86.27155, 12.11855], [-86.27118, 12.11856], [-86.27117, 12.11857], [-86.27127, 12.11878], [-86.27201, 12.11876], [-86.27205, 12.11881], [-86.27203, 12.1198], [-86.27207, 12.11964], [-86.27206, 12.11925], [-86.27205, 12.11881], [-86.27169, 12.11987], [-86.27192, 12.1198], [-86.27198, 12.11979], [-86.27203, 12.1198], [-86.27169, 12.11987], [-86.2717, 12.11991], [-86.27162, 12.11995], [-86.27189, 12.12076], [-86.27183, 12.12079], [-86.27214, 12.12148], [-86.27194, 12.12156], [-86.2727, 12.12339], [-86.27299, 12.12454], [-86.27336, 12.12515], [-86.27355, 12.12545], [-86.27355, 12.12545], [-86.27394, 12.12521], [-86.27468, 12.12478], [-86.27468, 12.12479], [-86.27466, 12.12468], [-86.27468, 12.12479], [-86.27477, 12.12463], [-86.27466, 12.12468], [-86.27532, 12.1244], [-86.27499, 12.12454], [-86.27477, 12.12463], [-86.27532, 12.1244], [-86.2752, 12.12441], [-86.27499, 12.12444], [-86.27494, 12.12444], [-86.27489, 12.12442], [-86.27481, 12.12436], [-86.2747, 12.12423], [-86.2747, 12.12423], [-86.27463, 12.12389], [-86.2745, 12.12351], [-86.2745, 12.12351], [-86.27444, 12.12331], [-86.27439, 12.12324], [-86.27439, 12.12324], [-86.27431, 12.1229], [-86.27431, 12.1229], [-86.27408, 12.12184], [-86.27408, 12.12184], [-86.27394, 12.12135], [-86.27394, 12.12135], [-86.27392, 12.12126], [-86.27385, 12.12096], [-86.27385, 12.12096], [-86.2738, 12.12068], [-86.27371, 12.12034], [-86.27365, 12.12007], [-86.27365, 12.12007], [-86.27363, 12.11999], [-86.27363, 12.11999], [-86.27358, 12.11979], [-86.27346, 12.11925], [-86.2734, 12.11902], [-86.2734, 12.11902], [-86.27335, 12.11873], [-86.27333, 12.11865]]]}}, {"type": "Feature", "properties": {"nombre": "Lomas De Guadalupe", "tipo": "barrio"}, "geometry": {"type": "Polygon", "coordinates": [[[-86.2686, 12.1273], [-86.26877, 12.12775], [-86.2686, 12.1273], [-86.26851, 12.12733], [-86.26851, 12.12733], [-86.26799, 12.12737], [-86.26796, 12.12737], [-86.26717, 12.12744], [-86.26684, 12.12746], [-86.26684, 12.12746], [-86.26679, 12.1275], [-86.2666, 12.12764], [-86.26643, 12.12777], [-86.26643, 12.12777], [-86.26608, 12.1279], [-86.26603, 12.12792], [-86.26603, 12.12792], [-86.26584, 12.12737], [-86.26555, 12.12647], [-86.2655, 12.12634], [-86.26544, 12.12615], [-86.26535, 12.12588], [-86.26533, 12.12582], [-86.26533, 12.12582], [-86.26519, 12.12536], [-86.26513, 12.12516], [-86.26503, 12.1249], [-86.26479, 12.12429], [-86.26472, 12.12414], [-86.26456, 12.12383], [-86.26435, 12.12345], [-86.26435, 12.12345], [-86.2643, 12.12337], [-86.2643, 12.12337], [-86.26422, 12.12326], [-86.26427, 12.12325], [-86.26422, 12.12326], [-86.26437, 12.12325], [-86.26427, 12.12325], [-86.26586, 12.12319], [-86.26437, 12.12325], [-86.26684, 12.123], [-86.26664, 12.12309], [-86.26643, 12.12315], [-86.26631, 12.12316], [-86.26617, 12.12317], [-86.26586, 12.12319], [-86.26806, 12.12232], [-86.26767, 12.1226], [-86.26747, 12.12271], [-86.267, 12.12293], [-86.26684, 12.123], [-86.26848, 12.12304], [-86.26812, 12.12242], [-86.26806, 12.12232], [-86.26848, 12.12304], [-86.26852, 12.12301], [-86.26865, 12.12293], [-86.26888, 12.12281], [-86.26877, 12.12775], [-86.26887, 12.12765], [-86.26903, 12.1274], [-86.26918, 12.12706], [-86.26907, 12.12608], [-86.26894, 12.12533], [-86.26895, 12.12508], [-86.26899, 12.12493], [-86.26909, 12.12466], [-86.26918, 12.12428], [-86.26914, 12.12383], [-86.26907, 12.1235], [-86.26907, 12.12324], [-86.26888, 12.12281], [-86.2686, 12.1273]]]}}, {"type": "Feature", "properties": {"nombre": "Tiscapa", "tipo": "barrio"}, "geometry": {"type": "Polygon", "coordinates": [[[-86.26877, 12.12775], [-86.26898, 12.12818], [-86.2686, 12.1273], [-86.26877, 12.12775], [-86.2686, 12.1273], [-86.26851, 12.12733], [-86.26851, 12.12733], [-86.26799, 12.12737], [-86.26796, 12.12737], [-86.26717, 12.12744], [-86.26684, 12.12746], [-86.26684, 12.12746], [-86.26679, 12.1275], [-86.2666, 12.12764], [-86.26643, 12.12777], [-86.26643, 12.12777], [-86.26608, 12.1279], [-86.26603, 12.12792], [-86.2665, 12.12873], [-86.26642, 12.12867], [-86.26638, 12.12864], [-86.26634, 12.1286], [-86.2663, 12.12856], [-86.26626, 12.12851], [-86.26624, 12.12848], [-86.26619, 12.12838], [-86.26603, 12.12792], [-86.26659, 12.12904], [-86.2665, 12.12873], [-86.26659, 12.12904], [-86.26692, 12.12894], [-86.26817, 12.12853], [-86.26873, 12.12832], [-86.26896, 12.12821], [-86.26896, 12.12821], [-86.26898, 12.12818], [-86.26877, 12.12775]]]}}, {"type": "Feature", "properties": {"nombre": "Bell Air", "tipo": "barrio"}, "geometry": {"type": "Polygon", "coordinates": [[[-86.25781, 12.11601], [-86.25752, 12.11568], [-86.25727, 12.11538], [-86.25727, 12.11538], [-86.2565, 12.11454], [-86.2565, 12.11454], [-86.25746, 12.11368], [-86.25842, 12.11364], [-86.25867, 12.11497], [-86.25863, 12.11466], [-86.25842, 12.11364], [-86.25867, 12.11497], [-86.25868, 12.11528], [-86.25781, 12.11601]]]}}, {"type": "Feature", "properties": {"nombre": "Las Acacias 1", "tipo": "barrio"}, "geometry": {"type": "Polygon", "coordinates": [[[-86.26496, 12.11932], [-86.26504, 12.11976], [-86.26515, 12.11972], [-86.26518, 12.12043], [-86.26485, 12.12068], [-86.26468, 12.12046], [-86.2639, 12.12069], [-86.26374, 12.11965], [-86.26439, 12.11948], [-86.26435, 12.11937], [-86.26465, 12.11928], [-86.26469, 12.1194], [-86.26496, 12.11932], [-86.26374, 12.11965], [-86.26386, 12.12045], [-86.26389, 12.1207], [-86.2639, 12.12069], [-86.26389, 12.1207], [-86.26496, 12.11932]]]}}, {"type": "Feature", "properties": {"nombre": "Las Acacias 2", "tipo": "barrio"}, "geometry": {"type": "Polygon", "coordinates": [[[-86.26309, 12.11715], [-86.26389, 12.1172], [-86.26388, 12.11727], [-86.26452, 12.11736], [-86.26452, 12.11736], [-86.26448, 12.11768], [-86.2645, 12.11809], [-86.26431, 12.11811], [-86.26458, 12.11905], [-86.26472, 12.11897], [-86.26496, 12.11932], [-86.26374, 12.11965], [-86.26439, 12.11948], [-86.26435, 12.11937], [-86.26465, 12.11928], [-86.26469, 12.1194], [-86.26496, 12.11932], [-86.26309, 12.11715], [-86.26342, 12.11829], [-86.26371, 12.11947], [-86.26374, 12.11965], [-86.26309, 12.11715]]]}}, {"type": "Feature", "properties": {"nombre": "Las Flores", "tipo": "barrio"}, "geometry": {"type": "Polygon", "coordinates": [[[-86.26037, 12.11249], [-86.2604, 12.11424], [-86.25941, 12.11479], [-86.25918, 12.11453], [-86.25867, 12.11497], [-86.25867, 12.11497], [-86.25863, 12.11466], [-86.25842, 12.11364], [-86.25842, 12.11364], [-86.25836, 12.11332], [-86.25831, 12.11259], [-86.26037, 12.11249], [-86.26023, 12.1125], [-86.25978, 12.11252], [-86.25962, 12.11253], [-86.25958, 12.11253], [-86.25934, 12.11255], [-86.25882, 12.11257], [-86.25869, 12.11257], [-86.25857, 12.11258], [-86.25849, 12.11258], [-86.25831, 12.11259], [-86.26037, 12.11249]]]}}, {"type": "Feature", "properties": {"nombre": "Los Robles", "tipo": "barrio"}, "geometry": {"type": "Polygon", "coordinates": [[[-86.26452, 12.11736], [-86.26448, 12.11768], [-86.2645, 12.11809], [-86.26431, 12.11811], [-86.26458, 12.11905], [-86.26472, 12.11897], [-86.26496, 12.11932], [-86.26567, 12.11751], [-86.26511, 12.11744], [-86.26452, 12.11736], [-86.26677, 12.11803], [-86.26656, 12.11805], [-86.26648, 12.11776], [-86.26579, 12.11783], [-86.26575, 12.11752], [-86.26567, 12.11751], [-86.26684, 12.123], [-86.2669, 12.12199], [-86.26687, 12.12163], [-86.26705, 12.12149], [-86.26705, 12.12119], [-86.26686, 12.12119], [-86.26677, 12.11803], [-86.26684, 12.123], [-86.26664, 12.12309], [-86.26643, 12.12315], [-86.26631, 12.12316], [-86.26617, 12.12317], [-86.26586, 12.12319], [-86.26586, 12.12319], [-86.26437, 12.12325], [-86.26437, 12.12325], [-86.26427, 12.12325], [-86.26427, 12.12325], [-86.26422, 12.12326], [-86.26422, 12.12326], [-86.26413, 12.12311], [-86.26386, 12.12269], [-86.2639, 12.12076], [-86.26388, 12.12148], [-86.26388, 12.12261], [-86.26386, 12.12269], [-86.2639, 12.12069], [-86.2639, 12.12076], [-86.26496, 12.11932], [-86.26504, 12.11976], [-86.26515, 12.11972], [-86.26518, 12.12043], [-86.26485, 12.12068], [-86.26468, 12.12046], [-86.2639, 12.12069], [-86.26452, 12.11736]]]}}, {"type": "Feature", "properties": {"nombre": "Planes de Altamira 1", "tipo": "barrio"}, "geometry": {"type": "MultiPolygon", "coordinates": [[[[-86.26386, 12.12269], [-86.26347, 12.12221], [-86.26308, 12.12175], [-86.26308, 12.12175], [-86.26277, 12.12142], [-86.26238, 12.12101], [-86.26211, 12.1207], [-86.26211, 12.1207], [-86.26187, 12.12042], [-86.26187, 12.12042], [-86.26159, 12.1201], [-86.26159, 12.1201], [-86.2615, 12.12], [-86.26093, 12.11939], [-86.26064, 12.11907], [-86.2626, 12.11587], [-86.26178, 12.11625], [-86.26231, 12.1177], [-86.26165, 12.11774], [-86.26086, 12.11888], [-86.26072, 12.11901], [-86.26064, 12.11907], [-86.2626, 12.11587], [-86.26299, 12.11686], [-86.26302, 12.11696], [-86.26309, 12.11715], [-86.26309, 12.11715], [-86.26342, 12.11829], [-86.26371, 12.11947], [-86.26374, 12.11965], [-86.26374, 12.11965], [-86.26386, 12.12045], [-86.26389, 12.1207], [-86.2639, 12.12069], [-86.26389, 12.1207], [-86.2639, 12.12069], [-86.2639, 12.12076], [-86.2639, 12.12076], [-86.26388, 12.12148], [-86.26388, 12.12261], [-86.26386, 12.12269]]], [[[-86.25897, 12.12018], [-86.25909, 12.12019], [-86.26017, 12.12135], [-86.26017, 12.12135], [-86.26159, 12.1201], [-86.26159, 12.1201], [-86.2615, 12.12], [-86.26093, 12.11939], [-86.26064, 12.11907], [-86.26064, 12.11907], [-86.25988, 12.11825], [-86.25988, 12.11825], [-86.25975, 12.1181], [-86.25975, 12.1181], [-86.25952, 12.11785], [-86.25952, 12.11785], [-86.25934, 12.11801], [-86.25899, 12.11922], [-86.25907, 12.11955], [-86.259, 12.1197], [-86.25897, 12.12018]]]]}}, {"type": "Feature", "properties": {"nombre": "Planes de Altamira 3", "tipo": "barrio"}, "geometry": {"type": "Polygon", "coordinates": [[[-86.2626, 12.11587], [-86.26299, 12.11686], [-86.26302, 12.11696], [-86.26309, 12.11715], [-86.26267, 12.1127], [-86.26268, 12.11344], [-86.26256, 12.11414], [-86.2625, 12.1148], [-86.26246, 12.11538], [-86.2626, 12.11587], [-86.26269, 12.11247], [-86.26267, 12.1127], [-86.26339, 12.11248], [-86.26269, 12.11247], [-86.26483, 12.11249], [-86.26475, 12.11249], [-86.26455, 12.11249], [-86.26339, 12.11248], [-86.26526, 12.1125], [-86.26483, 12.11249], [-86.26526, 12.11267], [-86.26526, 12.1125], [-86.26567, 12.11751], [-86.26563, 12.11732], [-86.26551, 12.11689], [-86.26548, 12.11676], [-86.26545, 12.11656], [-86.26545, 12.11656], [-86.26544, 12.11643], [-86.26534, 12.11461], [-86.26533, 12.11416], [-86.26532, 12.11382], [-86.2653, 12.11323], [-86.26529, 12.11306], [-86.26528, 12.11302], [-86.26528, 12.11291], [-86.26526, 12.11267], [-86.26567, 12.11751], [-86.26511, 12.11744], [-86.26452, 12.11736], [-86.26309, 12.11715], [-86.26389, 12.1172], [-86.26388, 12.11727], [-86.26452, 12.11736], [-86.2626, 12.11587]]]}}, {"type": "Feature", "properties": {"nombre": "Sector Noroeste Paso Desnivel Centroamérica", "tipo": "barrio"}, "geometry": {"type": "Polygon", "coordinates": [[[-86.2565, 12.11454], [-86.25576, 12.1137], [-86.25576, 12.1137], [-86.25529, 12.11347], [-86.25529, 12.11347], [-86.2555, 12.11318], [-86.25567, 12.11316], [-86.25562, 12.11317], [-86.25556, 12.11318], [-86.2555, 12.11318], [-86.2561, 12.11286], [-86.25595, 12.11298], [-86.25585, 12.11307], [-86.25582, 12.1131], [-86.25578, 12.11312], [-86.25574, 12.11314], [-86.25567, 12.11316], [-86.25658, 12.11266], [-86.25646, 12.11269], [-86.25638, 12.11271], [-86.25629, 12.11274], [-86.25622, 12.11278], [-86.25617, 12.11281], [-86.2561, 12.11286], [-86.25831, 12.11259], [-86.25719, 12.11265], [-86.25658, 12.11266], [-86.25842, 12.11364], [-86.25836, 12.11332], [-86.25831, 12.11259], [-86.2565, 12.11454], [-86.25746, 12.11368], [-86.25842, 12.11364], [-86.2565, 12.11454]]]}}, {"type": "Feature", "properties": {"nombre": "Sector Sur San Juan", "tipo": "barrio"}, "geometry": {"type": "Polygon", "coordinates": [[[-86.27227, 12.11374], [-86.27232, 12.11375], [-86.27236, 12.11375], [-86.2724, 12.11375], [-86.27243, 12.11375], [-86.27247, 12.11374], [-86.27251, 12.11372], [-86.27254, 12.11371], [-86.27256, 12.11369], [-86.27259, 12.11365], [-86.27262, 12.11362], [-86.27262, 12.11362], [-86.27264, 12.11357], [-86.27264, 12.11357], [-86.27265, 12.11346], [-86.27263, 12.11338], [-86.27263, 12.11338], [-86.27259, 12.1133], [-86.27253, 12.11322], [-86.27253, 12.11322], [-86.27244, 12.11317], [-86.27237, 12.11314], [-86.27237, 12.11314], [-86.27231, 12.11313], [-86.27225, 12.11314], [-86.27219, 12.11316], [-86.27215, 12.11318], [-86.27212, 12.1132], [-86.27212, 12.1132], [-86.2721, 12.11322], [-86.27208, 12.11324], [-86.27206, 12.11328], [-86.27206, 12.11328], [-86.272, 12.11331], [-86.27195, 12.11332], [-86.2719, 12.11333], [-86.27184, 12.11332], [-86.27177, 12.1133], [-86.2717, 12.11327], [-86.27115, 12.11307], [-86.27115, 12.11307], [-86.27014, 12.11272], [-86.26949, 12.11249], [-86.26936, 12.11244], [-86.26919, 12.11239], [-86.26885, 12.11233], [-86.26857, 12.11234], [-86.26869, 12.11395], [-86.26859, 12.11251], [-86.26857, 12.11234], [-86.26869, 12.11395], [-86.26916, 12.11394], [-86.26965, 12.11386], [-86.27028, 12.11379], [-86.27103, 12.11394], [-86.27208, 12.11405], [-86.27227, 12.11374]]]}}, {"type": "Feature", "properties": {"nombre": "Sector Sureste San Juan", "tipo": "barrio"}, "geometry": {"type": "Polygon", "coordinates": [[[-86.26857, 12.11234], [-86.26844, 12.11234], [-86.26752, 12.11249], [-86.26732, 12.1125], [-86.26714, 12.1125], [-86.26714, 12.1125], [-86.26704, 12.1125], [-86.26685, 12.1125], [-86.26657, 12.1125], [-86.26647, 12.1125], [-86.26621, 12.1125], [-86.2658, 12.1125], [-86.2658, 12.1125], [-86.26526, 12.1125], [-86.26526, 12.11267], [-86.26526, 12.1125], [-86.26567, 12.11751], [-86.26563, 12.11732], [-86.26551, 12.11689], [-86.26548, 12.11676], [-86.26545, 12.11656], [-86.26545, 12.11656], [-86.26544, 12.11643], [-86.26534, 12.11461], [-86.26533, 12.11416], [-86.26532, 12.11382], [-86.2653, 12.11323], [-86.26529, 12.11306], [-86.26528, 12.11302], [-86.26528, 12.11291], [-86.26526, 12.11267], [-86.26677, 12.11803], [-86.26656, 12.11805], [-86.26648, 12.11776], [-86.26579, 12.11783], [-86.26575, 12.11752], [-86.26567, 12.11751], [-86.26677, 12.11803], [-86.26763, 12.11804], [-86.26771, 12.11499], [-86.26762, 12.11497], [-86.2676, 12.11451], [-86.26769, 12.11451], [-86.26772, 12.11412], [-86.2683, 12.11398], [-86.26869, 12.11395], [-86.26869, 12.11395], [-86.26859, 12.11251], [-86.26857, 12.11234]]]}}, {"type": "Feature", "properties": {"nombre": "Reparto San Juan", "tipo": "barrio"}, "geometry": {"type": "Polygon", "coordinates": [[[-86.27268, 12.11419], [-86.27261, 12.11396], [-86.2726, 12.11386], [-86.2726, 12.11375], [-86.27262, 12.11362], [-86.27227, 12.11374], [-86.27232, 12.11375], [-86.27236, 12.11375], [-86.2724, 12.11375], [-86.27243, 12.11375], [-86.27247, 12.11374], [-86.27251, 12.11372], [-86.27254, 12.11371], [-86.27256, 12.11369], [-86.27259, 12.11365], [-86.27262, 12.11362], [-86.26869, 12.11395], [-86.26916, 12.11394], [-86.26965, 12.11386], [-86.27028, 12.11379], [-86.27103, 12.11394], [-86.27208, 12.11405], [-86.27227, 12.11374], [-86.26677, 12.11803], [-86.26763, 12.11804], [-86.26771, 12.11499], [-86.26762, 12.11497], [-86.2676, 12.11451], [-86.26769, 12.11451], [-86.26772, 12.11412], [-86.2683, 12.11398], [-86.26869, 12.11395], [-86.26684, 12.123], [-86.2669, 12.12199], [-86.26687, 12.12163], [-86.26705, 12.12149], [-86.26705, 12.12119], [-86.26686, 12.12119], [-86.26677, 12.11803], [-86.26806, 12.12232], [-86.26767, 12.1226], [-86.26747, 12.12271], [-86.267, 12.12293], [-86.26684, 12.123], [-86.26848, 12.12304], [-86.26812, 12.12242], [-86.26806, 12.12232], [-86.26848, 12.12304], [-86.26852, 12.12301], [-86.26865, 12.12293], [-86.26888, 12.12281], [-86.26877, 12.12775], [-86.26887, 12.12765], [-86.26903, 12.1274], [-86.26918, 12.12706], [-86.26907, 12.12608], [-86.26894, 12.12533], [-86.26895, 12.12508], [-86.26899, 12.12493], [-86.26909, 12.12466], [-86.26918, 12.12428], [-86.26914, 12.12383], [-86.26907, 12.1235], [-86.26907, 12.12324], [-86.26888, 12.12281], [-86.26877, 12.12775], [-86.26898, 12.12818], [-86.26896, 12.12821], [-86.26898, 12.12818], [-86.26994, 12.12767], [-86.26896, 12.12821], [-86.26994, 12.12767], [-86.27277, 12.12592], [-86.27355, 12.12545], [-86.27169, 12.11987], [-86.2717, 12.11991], [-86.27162, 12.11995], [-86.27189, 12.12076], [-86.27183, 12.12079], [-86.27214, 12.12148], [-86.27194, 12.12156], [-86.2727, 12.12339], [-86.27299, 12.12454], [-86.27336, 12.12515], [-86.27355, 12.12545], [-86.26899, 12.12106], [-86.27024, 12.12053], [-86.27097, 12.12019], [-86.27156, 12.11993], [-86.27169, 12.11987], [-86.26899, 12.12106], [-86.26895, 12.12097], [-86.26874, 12.12048], [-86.26897, 12.1185], [-86.2686, 12.11894], [-86.26866, 12.119], [-86.26826, 12.11947], [-86.2683, 12.12036], [-86.26866, 12.12031], [-86.26868, 12.12044], [-86.26874, 12.12048], [-86.26897, 12.1185], [-86.26867, 12.11829], [-86.26867, 12.11829], [-86.26848, 12.11825], [-86.26824, 12.11823], [-86.26802, 12.11824], [-86.26812, 12.11669], [-86.26803, 12.11815], [-86.26802, 12.11824], [-86.27029, 12.11754], [-86.26952, 12.1169], [-86.26937, 12.11682], [-86.26924, 12.11677], [-86.26905, 12.11674], [-86.26895, 12.11673], [-86.2689, 12.11673], [-86.26882, 12.11673], [-86.26812, 12.11669], [-86.27029, 12.11754], [-86.27045, 12.1173], [-86.2705, 12.11716], [-86.27063, 12.11658], [-86.27067, 12.11659], [-86.27063, 12.11658], [-86.27294, 12.1162], [-86.27098, 12.11654], [-86.27067, 12.11659], [-86.27294, 12.1162], [-86.27305, 12.11617], [-86.27305, 12.11617], [-86.27302, 12.1158], [-86.27297, 12.11526], [-86.27296, 12.11513], [-86.27294, 12.11507], [-86.27292, 12.11494], [-86.27292, 12.11494], [-86.27291, 12.11485], [-86.27288, 12.11472], [-86.2728, 12.11448], [-86.27276, 12.11436], [-86.27271, 12.11425], [-86.27268, 12.11419]]]}}, {"type": "Feature", "properties": {"nombre": "Barrio La Luz", "tipo": "barrio"}, "geometry": {"type": "Polygon", "coordinates": [[[-86.25867, 12.12845], [-86.25847, 12.12764], [-86.258, 12.12757], [-86.25674, 12.12751], [-86.25652, 12.12752], [-86.25629, 12.12763], [-86.25867, 12.12845], [-86.25887, 12.12928], [-86.26058, 12.12889], [-86.26083, 12.12967], [-86.26121, 12.12962], [-86.26131, 12.13011], [-86.26133, 12.13015], [-86.26186, 12.12989], [-86.26186, 12.12989], [-86.26218, 12.13054], [-86.26218, 12.13054], [-86.262, 12.13063], [-86.26177, 12.13076], [-86.26177, 12.13076], [-86.26163, 12.13085], [-86.26163, 12.13085], [-86.26147, 12.13095], [-86.26139, 12.13099], [-86.26139, 12.13099], [-86.26113, 12.13115], [-86.26113, 12.13115], [-86.26086, 12.13128], [-86.26066, 12.13138], [-86.26042, 12.13148], [-86.26024, 12.13153], [-86.25998, 12.13163], [-86.25986, 12.13167], [-86.25935, 12.13184], [-86.2591, 12.13193], [-86.2591, 12.13193], [-86.25905, 12.13195], [-86.25898, 12.13198], [-86.25898, 12.13198], [-86.25836, 12.13223], [-86.25813, 12.13231], [-86.25806, 12.13233], [-86.25797, 12.13235], [-86.25793, 12.13235], [-86.25789, 12.13235], [-86.25784, 12.13234], [-86.25773, 12.13231], [-86.25773, 12.13231], [-86.25722, 12.13258], [-86.25706, 12.13143], [-86.25712, 12.13162], [-86.25723, 12.13206], [-86.25725, 12.13221], [-86.25725, 12.13233], [-86.25724, 12.13242], [-86.25722, 12.13258], [-86.25634, 12.12992], [-86.25639, 12.13006], [-86.25651, 12.1303], [-86.25664, 12.13055], [-86.25671, 12.13067], [-86.25683, 12.13089], [-86.2569, 12.13104], [-86.25706, 12.13143], [-86.25634, 12.12992], [-86.25641, 12.12981], [-86.25641, 12.12981], [-86.25632, 12.12948], [-86.25628, 12.12933], [-86.25625, 12.12918], [-86.25624, 12.12906], [-86.25624, 12.12896], [-86.25625, 12.12882], [-86.25629, 12.1284], [-86.25631, 12.12815], [-86.25632, 12.128], [-86.25632, 12.12789], [-86.25632, 12.12778], [-86.25629, 12.12763], [-86.25867, 12.12845]]]}}, {"type": "Feature", "properties": {"nombre": "Los Robles 3", "tipo": "barrio"}, "geometry": {"type": "Polygon", "coordinates": [[[-86.26186, 12.12989], [-86.26218, 12.13054], [-86.26149, 12.1283], [-86.26177, 12.12961], [-86.26186, 12.12989], [-86.26086, 12.12416], [-86.26138, 12.12544], [-86.26135, 12.12591], [-86.26135, 12.12627], [-86.26125, 12.12722], [-86.26149, 12.1283], [-86.2614, 12.12397], [-86.26086, 12.12416], [-86.26293, 12.12343], [-86.26259, 12.12354], [-86.26239, 12.12361], [-86.26199, 12.12376], [-86.26164, 12.12388], [-86.2614, 12.12397], [-86.26402, 12.12326], [-86.26363, 12.12328], [-86.26354, 12.12328], [-86.26331, 12.12332], [-86.26293, 12.12343], [-86.26413, 12.12326], [-86.26402, 12.12326], [-86.26385, 12.12362], [-86.26413, 12.12326], [-86.26385, 12.12362], [-86.26389, 12.12427], [-86.26413, 12.12614], [-86.26413, 12.12614], [-86.26411, 12.12636], [-86.26382, 12.12721], [-86.26379, 12.1278], [-86.26384, 12.12838], [-86.26385, 12.12913], [-86.26388, 12.12958], [-86.26447, 12.12966], [-86.26388, 12.12958], [-86.26186, 12.12989]]]}}, {"type": "Feature", "properties": {"nombre": "Los Robles 5", "tipo": "barrio"}, "geometry": {"type": "Polygon", "coordinates": [[[-86.26149, 12.1283], [-86.26127, 12.12834], [-86.26107, 12.12834], [-86.26015, 12.1282], [-86.25963, 12.12813], [-86.25926, 12.12808], [-86.25916, 12.12804], [-86.25901, 12.12794], [-86.25901, 12.12794], [-86.25867, 12.12845], [-86.25867, 12.12845], [-86.25887, 12.12928], [-86.26058, 12.12889], [-86.26083, 12.12967], [-86.26121, 12.12962], [-86.26131, 12.13011], [-86.26133, 12.13015], [-86.26186, 12.12989], [-86.26149, 12.1283], [-86.26177, 12.12961], [-86.26186, 12.12989], [-86.26149, 12.1283]]]}}, {"type": "Feature", "properties": {"nombre": "Los Robles 7", "tipo": "barrio"}, "geometry": {"type": "Polygon", "coordinates": [[[-86.26086, 12.12416], [-86.26138, 12.12544], [-86.26135, 12.12591], [-86.26135, 12.12627], [-86.26125, 12.12722], [-86.26149, 12.1283], [-86.26086, 12.12416], [-86.25807, 12.12513], [-86.25807, 12.12513], [-86.25807, 12.12526], [-86.25811, 12.12601], [-86.2581, 12.12566], [-86.25807, 12.12526], [-86.25811, 12.12601], [-86.25845, 12.12592], [-86.25853, 12.12643], [-86.25867, 12.12687], [-86.25905, 12.12751], [-86.2592, 12.12763], [-86.25901, 12.12794], [-86.26149, 12.1283], [-86.26127, 12.12834], [-86.26107, 12.12834], [-86.26015, 12.1282], [-86.25963, 12.12813], [-86.25926, 12.12808], [-86.25916, 12.12804], [-86.25901, 12.12794], [-86.26086, 12.12416]]]}}, {"type": "Feature", "properties": {"nombre": "Los Robles 8", "tipo": "barrio"}, "geometry": {"type": "Polygon", "coordinates": [[[-86.25901, 12.12794], [-86.25867, 12.12845], [-86.25867, 12.12845], [-86.25847, 12.12764], [-86.258, 12.12757], [-86.25674, 12.12751], [-86.25652, 12.12752], [-86.25629, 12.12763], [-86.25629, 12.12763], [-86.25615, 12.12718], [-86.25615, 12.12718], [-86.25619, 12.12717], [-86.25634, 12.12713], [-86.25646, 12.12711], [-86.25679, 12.12713], [-86.25716, 12.12717], [-86.25747, 12.12719], [-86.25747, 12.12719], [-86.25754, 12.12709], [-86.25757, 12.1266], [-86.25783, 12.1266], [-86.25777, 12.12523], [-86.25807, 12.12513], [-86.25777, 12.12523], [-86.25807, 12.12513], [-86.25807, 12.12526], [-86.25811, 12.12601], [-86.2581, 12.12566], [-86.25807, 12.12526], [-86.25811, 12.12601], [-86.25845, 12.12592], [-86.25853, 12.12643], [-86.25867, 12.12687], [-86.25905, 12.12751], [-86.2592, 12.12763], [-86.25901, 12.12794]]]}}, {"type": "Feature", "properties": {"nombre": "Sector Metrocentro", "tipo": "barrio"}, "geometry": {"type": "Polygon", "coordinates": [[[-86.26594, 12.12895], [-86.26592, 12.12902], [-86.26553, 12.12678], [-86.26565, 12.12717], [-86.26579, 12.12758], [-86.26592, 12.12798], [-86.26605, 12.12837], [-86.26607, 12.12845], [-86.26608, 12.12851], [-86.26608, 12.12857], [-86.26606, 12.12865], [-86.26603, 12.12874], [-86.26594, 12.12895], [-86.26524, 12.12585], [-86.26526, 12.1259], [-86.2655, 12.12669], [-86.26553, 12.12678], [-86.26522, 12.12579], [-86.26524, 12.12585], [-86.26427, 12.12349], [-86.26444, 12.12377], [-86.26457, 12.12402], [-86.26464, 12.12417], [-86.26468, 12.12425], [-86.26479, 12.12453], [-86.2649, 12.12481], [-86.26499, 12.12504], [-86.26502, 12.12514], [-86.26522, 12.12579], [-86.26421, 12.12337], [-86.26427, 12.12349], [-86.26413, 12.12326], [-86.26421, 12.12337], [-86.26385, 12.12362], [-86.26413, 12.12326], [-86.26385, 12.12362], [-86.26389, 12.12427], [-86.26413, 12.12614], [-86.26413, 12.12614], [-86.26411, 12.12636], [-86.26382, 12.12721], [-86.26379, 12.1278], [-86.26384, 12.12838], [-86.26385, 12.12913], [-86.26388, 12.12958], [-86.26447, 12.12966], [-86.26388, 12.12958], [-86.26592, 12.12902], [-86.26581, 12.12915], [-86.26577, 12.1292], [-86.26572, 12.12924], [-86.26568, 12.12926], [-86.26565, 12.12928], [-86.26555, 12.12931], [-86.26539, 12.12937], [-86.26487, 12.12954], [-86.26447, 12.12966], [-86.26594, 12.12895]]]}}, {"type": "Feature", "properties": {"nombre": "Villa Amor (Pedro Joaquín Chamorro)", "tipo": "barrio"}, "geometry": {"type": "Polygon", "coordinates": [[[-86.25747, 12.12719], [-86.25754, 12.12709], [-86.25757, 12.1266], [-86.25783, 12.1266], [-86.25777, 12.12523], [-86.25615, 12.12718], [-86.25619, 12.12717], [-86.25634, 12.12713], [-86.25646, 12.12711], [-86.25679, 12.12713], [-86.25716, 12.12717], [-86.25747, 12.12719], [-86.25615, 12.12718], [-86.25612, 12.12708], [-86.25605, 12.12691], [-86.25597, 12.12676], [-86.25597, 12.12676], [-86.25587, 12.1266], [-86.25575, 12.12644], [-86.25575, 12.12644], [-86.25568, 12.12637], [-86.25594, 12.12619], [-86.25568, 12.12637], [-86.25777, 12.12523], [-86.25704, 12.1255], [-86.25692, 12.12555], [-86.25682, 12.12561], [-86.25643, 12.12587], [-86.25603, 12.12613], [-86.25594, 12.12619], [-86.25747, 12.12719]]]}}, {"type": "Feature", "properties": {"nombre": "Los Chilamates", "tipo": "barrio"}, "geometry": {"type": "Polygon", "coordinates": [[[-86.25549, 12.12067], [-86.25543, 12.12084], [-86.25514, 12.12142], [-86.25505, 12.12179], [-86.255, 12.12249], [-86.25593, 12.12254], [-86.25645, 12.12091], [-86.25549, 12.12067], [-86.255, 12.12249], [-86.25593, 12.12254], [-86.25549, 12.12067]]]}}, {"type": "Feature", "properties": {"nombre": "Los Robles 1", "tipo": "barrio"}, "geometry": {"type": "Polygon", "coordinates": [[[-86.26211, 12.1207], [-86.26187, 12.12042], [-86.26187, 12.12042], [-86.26159, 12.1201], [-86.26017, 12.12135], [-86.26159, 12.1201], [-86.26017, 12.12135], [-86.25932, 12.12212], [-86.25958, 12.12241], [-86.25932, 12.12212], [-86.26032, 12.12231], [-86.25986, 12.12272], [-86.25958, 12.12241], [-86.26211, 12.1207], [-86.26032, 12.12231], [-86.26211, 12.1207]]]}}, {"type": "Feature", "properties": {"nombre": "Los Robles 2", "tipo": "barrio"}, "geometry": {"type": "Polygon", "coordinates": [[[-86.25551, 12.12], [-86.25897, 12.12018], [-86.25897, 12.12018], [-86.25909, 12.12019], [-86.26017, 12.12135], [-86.26017, 12.12135], [-86.25932, 12.12212], [-86.25932, 12.12212], [-86.25855, 12.12276], [-86.25593, 12.12254], [-86.25843, 12.12267], [-86.25855, 12.12276], [-86.25593, 12.12254], [-86.25645, 12.12091], [-86.25549, 12.12067], [-86.25551, 12.12], [-86.25549, 12.12067], [-86.25551, 12.12]]]}}, {"type": "Feature", "properties": {"nombre": "Los Robles 6", "tipo": "barrio"}, "geometry": {"type": "Polygon", "coordinates": [[[-86.25568, 12.12637], [-86.25563, 12.12615], [-86.255, 12.12249], [-86.25498, 12.12276], [-86.255, 12.12323], [-86.25512, 12.12379], [-86.25526, 12.12432], [-86.25542, 12.12508], [-86.25553, 12.12586], [-86.25563, 12.12615], [-86.255, 12.12249], [-86.25593, 12.12254], [-86.25593, 12.12254], [-86.25843, 12.12267], [-86.25855, 12.12276], [-86.25855, 12.12276], [-86.25812, 12.12341], [-86.25803, 12.12335], [-86.2576, 12.12334], [-86.25765, 12.1247], [-86.25777, 12.12523], [-86.25777, 12.12523], [-86.25704, 12.1255], [-86.25692, 12.12555], [-86.25682, 12.12561], [-86.25643, 12.12587], [-86.25603, 12.12613], [-86.25594, 12.12619], [-86.25594, 12.12619], [-86.25568, 12.12637]]]}}, {"type": "Feature", "properties": {"nombre": "Los Robles 4", "tipo": "barrio"}, "geometry": {"type": "Polygon", "coordinates": [[[-86.2614, 12.12397], [-86.26131, 12.12374], [-86.26125, 12.12357], [-86.26115, 12.12329], [-86.26107, 12.12315], [-86.26097, 12.12302], [-86.26088, 12.1229], [-86.26035, 12.12234], [-86.26032, 12.12231], [-86.2614, 12.12397], [-86.26086, 12.12416], [-86.26086, 12.12416], [-86.25807, 12.12513], [-86.25807, 12.12513], [-86.25777, 12.12523], [-86.25855, 12.12276], [-86.25812, 12.12341], [-86.25803, 12.12335], [-86.2576, 12.12334], [-86.25765, 12.1247], [-86.25777, 12.12523], [-86.25932, 12.12212], [-86.25855, 12.12276], [-86.25958, 12.12241], [-86.25932, 12.12212], [-86.26032, 12.12231], [-86.25986, 12.12272], [-86.25958, 12.12241], [-86.2614, 12.12397]]]}}, {"type": "Feature", "properties": {"nombre": "Planes de Altamira 2", "tipo": "barrio"}, "geometry": {"type": "Polygon", "coordinates": [[[-86.25551, 12.12], [-86.25897, 12.12018], [-86.25952, 12.11785], [-86.25934, 12.11801], [-86.25899, 12.11922], [-86.25907, 12.11955], [-86.259, 12.1197], [-86.25897, 12.12018], [-86.25952, 12.11785], [-86.25936, 12.11767], [-86.25936, 12.11767], [-86.25867, 12.11695], [-86.25867, 12.11695], [-86.25839, 12.11665], [-86.25839, 12.11665], [-86.25821, 12.11645], [-86.25809, 12.11632], [-86.25809, 12.11632], [-86.25801, 12.11639], [-86.25792, 12.11646], [-86.25792, 12.11646], [-86.25776, 12.1166], [-86.2577, 12.11663], [-86.25764, 12.11665], [-86.25712, 12.11665], [-86.25658, 12.11664], [-86.25624, 12.11663], [-86.25563, 12.11671], [-86.25624, 12.11663], [-86.25563, 12.11671], [-86.25569, 12.11728], [-86.25565, 12.11774], [-86.25567, 12.11835], [-86.25562, 12.11888], [-86.25556, 12.11939], [-86.25553, 12.11964], [-86.25551, 12.12]]]}}, {"type": "Feature", "properties": {"nombre": "Sector Central Colonial Los Robles", "tipo": "barrio"}, "geometry": {"type": "Polygon", "coordinates": [[[-86.26422, 12.12326], [-86.26413, 12.12326], [-86.26413, 12.12326], [-86.26402, 12.12326], [-86.26402, 12.12326], [-86.26363, 12.12328], [-86.26354, 12.12328], [-86.26331, 12.12332], [-86.26293, 12.12343], [-86.26293, 12.12343], [-86.26259, 12.12354], [-86.26239, 12.12361], [-86.26199, 12.12376], [-86.26164, 12.12388], [-86.2614, 12.12397], [-86.2614, 12.12397], [-86.26131, 12.12374], [-86.26125, 12.12357], [-86.26115, 12.12329], [-86.26107, 12.12315], [-86.26097, 12.12302], [-86.26088, 12.1229], [-86.26035, 12.12234], [-86.26032, 12.12231], [-86.26211, 12.1207], [-86.26032, 12.12231], [-86.26308, 12.12175], [-86.26277, 12.12142], [-86.26238, 12.12101], [-86.26211, 12.1207], [-86.26386, 12.12269], [-86.26347, 12.12221], [-86.26308, 12.12175], [-86.26422, 12.12326], [-86.26413, 12.12311], [-86.26386, 12.12269], [-86.26422, 12.12326]]]}}, {"type": "Feature", "properties": {"nombre": "Barrio Habana 1", "tipo": "barrio"}, "geometry": {"type": "Polygon", "coordinates": [[[-86.25427, 12.13335], [-86.25628, 12.13313], [-86.25628, 12.13286], [-86.25632, 12.13282], [-86.25738, 12.13292], [-86.25435, 12.13293], [-86.25427, 12.13335], [-86.25452, 12.13194], [-86.25442, 12.13244], [-86.25435, 12.13293], [-86.25453, 12.13189], [-86.25452, 12.13194], [-86.25548, 12.13169], [-86.25453, 12.13189], [-86.25706, 12.13143], [-86.25657, 12.13154], [-86.25548, 12.13169], [-86.25706, 12.13143], [-86.25712, 12.13162], [-86.25723, 12.13206], [-86.25725, 12.13221], [-86.25725, 12.13233], [-86.25724, 12.13242], [-86.25722, 12.13258], [-86.25722, 12.13258], [-86.25738, 12.13292], [-86.25427, 12.13335]]]}}, {"type": "Feature", "properties": {"nombre": "Aldo Chavarría", "tipo": "barrio"}, "geometry": {"type": "Polygon", "coordinates": [[[-86.25566, 12.13014], [-86.2563, 12.12998], [-86.25634, 12.12992], [-86.25634, 12.12992], [-86.25641, 12.12981], [-86.25388, 12.13029], [-86.25566, 12.13014], [-86.25388, 12.13029], [-86.25373, 12.12988], [-86.25373, 12.12988], [-86.25429, 12.12984], [-86.25489, 12.1298], [-86.25617, 12.12971], [-86.25628, 12.12976], [-86.25631, 12.12977], [-86.25641, 12.12981], [-86.25566, 12.13014]]]}}, {"type": "Feature", "properties": {"nombre": "El Dorado", "tipo": "barrio"}, "geometry": {"type": "Polygon", "coordinates": [[[-86.24678, 12.13042], [-86.24596, 12.13156], [-86.2459, 12.13165], [-86.24587, 12.1317], [-86.24578, 12.1319], [-86.24574, 12.13215], [-86.24581, 12.13283], [-86.24577, 12.13323], [-86.24541, 12.13452], [-86.24531, 12.13493], [-86.24525, 12.13519], [-86.24678, 12.13042], [-86.24698, 12.13058], [-86.24702, 12.13061], [-86.24779, 12.13127], [-86.24779, 12.13127], [-86.24811, 12.1316], [-86.24833, 12.13186], [-86.24889, 12.13272], [-86.24902, 12.13294], [-86.24912, 12.13312], [-86.24945, 12.13366], [-86.24977, 12.1343], [-86.24977, 12.1343], [-86.24988, 12.13451], [-86.25047, 12.13569], [-86.25056, 12.13591], [-86.25084, 12.13651], [-86.24525, 12.13519], [-86.24522, 12.13536], [-86.24518, 12.13623], [-86.24607, 12.13617], [-86.24678, 12.13596], [-86.25059, 12.13632], [-86.25084, 12.13651], [-86.24678, 12.13042]]]}}, {"type": "Feature", "properties": {"nombre": "Sector Este Radial Santo Domingo", "tipo": "barrio"}, "geometry": {"type": "Polygon", "coordinates": [[[-86.25706, 12.13143], [-86.25657, 12.13154], [-86.25548, 12.13169], [-86.25548, 12.13169], [-86.25453, 12.13189], [-86.25453, 12.13189], [-86.25447, 12.13189], [-86.25428, 12.13186], [-86.25429, 12.13177], [-86.25425, 12.13163], [-86.25425, 12.13163], [-86.25402, 12.13079], [-86.25402, 12.13079], [-86.25397, 12.13063], [-86.25397, 12.13063], [-86.25388, 12.13029], [-86.25388, 12.13029], [-86.25566, 12.13014], [-86.25566, 12.13014], [-86.2563, 12.12998], [-86.25634, 12.12992], [-86.25634, 12.12992], [-86.25639, 12.13006], [-86.25651, 12.1303], [-86.25664, 12.13055], [-86.25671, 12.13067], [-86.25683, 12.13089], [-86.2569, 12.13104], [-86.25706, 12.13143]]]}}, {"type": "Feature", "properties": {"nombre": "Sector Sureste Rotonda Cristo Rey", "tipo": "barrio"}, "geometry": {"type": "Polygon", "coordinates": [[[-86.25609, 12.13353], [-86.25627, 12.13344], [-86.2565, 12.13329], [-86.2565, 12.13329], [-86.25676, 12.13314], [-86.25692, 12.13306], [-86.25703, 12.13301], [-86.25716, 12.13295], [-86.25738, 12.13292], [-86.25609, 12.13353], [-86.2556, 12.13404], [-86.25558, 12.13406], [-86.25534, 12.13431], [-86.25518, 12.13448], [-86.25504, 12.13462], [-86.25497, 12.1347], [-86.25497, 12.1347], [-86.25484, 12.13485], [-86.25473, 12.13496], [-86.25455, 12.13512], [-86.25427, 12.13335], [-86.25447, 12.135], [-86.25455, 12.13512], [-86.25427, 12.13335], [-86.25628, 12.13313], [-86.25628, 12.13286], [-86.25632, 12.13282], [-86.25738, 12.13292], [-86.25609, 12.13353]]]}}, {"type": "Feature", "properties": {"nombre": "Colonia Máximo Jerez", "tipo": "barrio"}, "geometry": {"type": "Polygon", "coordinates": [[[-86.25373, 12.12988], [-86.25429, 12.12984], [-86.25489, 12.1298], [-86.25617, 12.12971], [-86.25628, 12.12976], [-86.25631, 12.12977], [-86.25641, 12.12981], [-86.25373, 12.12988], [-86.25309, 12.12988], [-86.25119, 12.12991], [-86.25077, 12.12991], [-86.25083, 12.12966], [-86.25083, 12.12966], [-86.25091, 12.12936], [-86.25103, 12.12842], [-86.25104, 12.12826], [-86.25101, 12.12772], [-86.25099, 12.12763], [-86.25099, 12.12763], [-86.25139, 12.12752], [-86.25139, 12.12752], [-86.25149, 12.12761], [-86.25255, 12.12752], [-86.25432, 12.12755], [-86.2561, 12.12774], [-86.25608, 12.12766], [-86.25629, 12.12763], [-86.25641, 12.12981], [-86.25632, 12.12948], [-86.25628, 12.12933], [-86.25625, 12.12918], [-86.25624, 12.12906], [-86.25624, 12.12896], [-86.25625, 12.12882], [-86.25629, 12.1284], [-86.25631, 12.12815], [-86.25632, 12.128], [-86.25632, 12.12789], [-86.25632, 12.12778], [-86.25629, 12.12763], [-86.25373, 12.12988]]]}}, {"type": "Feature", "properties": {"nombre": "Revolución (Pio Leon)", "tipo": "barrio"}, "geometry": {"type": "Polygon", "coordinates": [[[-86.24768, 12.12818], [-86.24768, 12.12857], [-86.24772, 12.12896], [-86.24787, 12.12946], [-86.24786, 12.13024], [-86.24784, 12.13043], [-86.24784, 12.13043], [-86.24912, 12.13039], [-86.24945, 12.13042], [-86.24981, 12.13038], [-86.25003, 12.13018], [-86.25024, 12.13015], [-86.25083, 12.12966], [-86.25083, 12.12966], [-86.25091, 12.12936], [-86.25103, 12.12842], [-86.25104, 12.12826], [-86.25101, 12.12772], [-86.25099, 12.12763], [-86.24823, 12.12827], [-86.24846, 12.12826], [-86.24852, 12.12825], [-86.24879, 12.12819], [-86.24936, 12.12805], [-86.24943, 12.12803], [-86.25, 12.12789], [-86.25058, 12.12774], [-86.25099, 12.12763], [-86.24777, 12.12826], [-86.24823, 12.12827], [-86.24777, 12.12826], [-86.24768, 12.12818]]]}}, {"type": "Feature", "properties": {"nombre": "El Riguero", "tipo": "barrio"}, "geometry": {"type": "Polygon", "coordinates": [[[-86.25452, 12.13194], [-86.25442, 12.13244], [-86.25435, 12.13293], [-86.25435, 12.13293], [-86.25427, 12.13335], [-86.25427, 12.13335], [-86.25447, 12.135], [-86.25455, 12.13512], [-86.25084, 12.13651], [-86.2512, 12.13718], [-86.25231, 12.1365], [-86.25324, 12.13593], [-86.25429, 12.1353], [-86.25455, 12.13512], [-86.25084, 12.13651], [-86.25147, 12.1363], [-86.25031, 12.13445], [-86.25051, 12.13477], [-86.25088, 12.13535], [-86.25112, 12.13579], [-86.25133, 12.13608], [-86.25147, 12.1363], [-86.25031, 12.13445], [-86.25014, 12.13431], [-86.25014, 12.13431], [-86.25006, 12.13432], [-86.24993, 12.13432], [-86.24984, 12.13431], [-86.24977, 12.1343], [-86.24984, 12.13431], [-86.24779, 12.13127], [-86.24811, 12.1316], [-86.24833, 12.13186], [-86.24889, 12.13272], [-86.24902, 12.13294], [-86.24912, 12.13312], [-86.24945, 12.13366], [-86.24977, 12.1343], [-86.24796, 12.13113], [-86.24779, 12.13127], [-86.24784, 12.13043], [-86.24783, 12.13057], [-86.24785, 12.13076], [-86.24793, 12.13106], [-86.24796, 12.13113], [-86.24784, 12.13043], [-86.24912, 12.13039], [-86.24945, 12.13042], [-86.24981, 12.13038], [-86.25003, 12.13018], [-86.25024, 12.13015], [-86.25083, 12.12966], [-86.25373, 12.12988], [-86.25309, 12.12988], [-86.25119, 12.12991], [-86.25077, 12.12991], [-86.25083, 12.12966], [-86.25388, 12.13029], [-86.25373, 12.12988], [-86.25397, 12.13063], [-86.25388, 12.13029], [-86.25402, 12.13079], [-86.25397, 12.13063], [-86.25425, 12.13163], [-86.25402, 12.13079], [-86.25453, 12.13189], [-86.25447, 12.13189], [-86.25428, 12.13186], [-86.25429, 12.13177], [-86.25425, 12.13163], [-86.25453, 12.13189], [-86.25452, 12.13194]]]}}, {"type": "Feature", "properties": {"nombre": "Altamira Este", "tipo": "barrio"}, "geometry": {"type": "Polygon", "coordinates": [[[-86.25563, 12.11671], [-86.25569, 12.11728], [-86.25565, 12.11774], [-86.25567, 12.11835], [-86.25562, 12.11888], [-86.25556, 12.11939], [-86.25553, 12.11964], [-86.25551, 12.12], [-86.25551, 12.12], [-86.25549, 12.12067], [-86.25549, 12.12067], [-86.25543, 12.12084], [-86.25514, 12.12142], [-86.25505, 12.12179], [-86.255, 12.12249], [-86.255, 12.12249], [-86.25498, 12.12276], [-86.255, 12.12323], [-86.25512, 12.12379], [-86.25526, 12.12432], [-86.25542, 12.12508], [-86.25553, 12.12586], [-86.25563, 12.12615], [-86.25568, 12.12637], [-86.25563, 12.12615], [-86.25173, 12.12579], [-86.25379, 12.1257], [-86.25432, 12.12578], [-86.25464, 12.12566], [-86.25492, 12.12591], [-86.25512, 12.126], [-86.25544, 12.12623], [-86.25568, 12.12637], [-86.25068, 12.12365], [-86.25059, 12.1258], [-86.2507, 12.12595], [-86.25086, 12.126], [-86.25173, 12.12579], [-86.25257, 12.12149], [-86.25246, 12.12154], [-86.25221, 12.12155], [-86.2522, 12.12177], [-86.25091, 12.12176], [-86.25082, 12.12169], [-86.25045, 12.1217], [-86.25043, 12.12234], [-86.25196, 12.12236], [-86.25186, 12.1234], [-86.25071, 12.12326], [-86.25068, 12.12365], [-86.25257, 12.12149], [-86.25257, 12.12118], [-86.25257, 12.12083], [-86.25257, 12.12049], [-86.25257, 12.11951], [-86.25258, 12.11858], [-86.25256, 12.11849], [-86.25254, 12.11845], [-86.25252, 12.11841], [-86.25238, 12.11821], [-86.25208, 12.11779], [-86.25188, 12.11754], [-86.25173, 12.11733], [-86.25168, 12.11736], [-86.25173, 12.11733], [-86.25145, 12.11706], [-86.25168, 12.11736], [-86.2513, 12.11688], [-86.25145, 12.11706], [-86.25118, 12.11684], [-86.2513, 12.11688], [-86.25151, 12.11677], [-86.25118, 12.11684], [-86.25503, 12.11664], [-86.25433, 12.11667], [-86.25339, 12.11668], [-86.25248, 12.11669], [-86.25212, 12.11673], [-86.25157, 12.11677], [-86.25151, 12.11677], [-86.25563, 12.11671], [-86.25515, 12.11671], [-86.25516, 12.11663], [-86.25503, 12.11664], [-86.25563, 12.11671]]]}}, {"type": "Feature", "properties": {"nombre": "Barrio México (Río Sol)", "tipo": "barrio"}, "geometry": {"type": "Polygon", "coordinates": [[[-86.25575, 12.12644], [-86.25568, 12.12637], [-86.25597, 12.12676], [-86.25587, 12.1266], [-86.25575, 12.12644], [-86.25615, 12.12718], [-86.25612, 12.12708], [-86.25605, 12.12691], [-86.25597, 12.12676], [-86.25629, 12.12763], [-86.25615, 12.12718], [-86.25139, 12.12752], [-86.25149, 12.12761], [-86.25255, 12.12752], [-86.25432, 12.12755], [-86.2561, 12.12774], [-86.25608, 12.12766], [-86.25629, 12.12763], [-86.25119, 12.12668], [-86.25128, 12.1271], [-86.25131, 12.12719], [-86.25135, 12.12736], [-86.25139, 12.12752], [-86.25193, 12.12649], [-86.25148, 12.12661], [-86.25119, 12.12668], [-86.25173, 12.12579], [-86.25191, 12.1264], [-86.25193, 12.12649], [-86.25173, 12.12579], [-86.25379, 12.1257], [-86.25432, 12.12578], [-86.25464, 12.12566], [-86.25492, 12.12591], [-86.25512, 12.126], [-86.25544, 12.12623], [-86.25568, 12.12637], [-86.25575, 12.12644]]]}}, {"type": "Feature", "properties": {"nombre": "Bosques de Altamira", "tipo": "barrio"}, "geometry": {"type": "Polygon", "coordinates": [[[-86.25257, 12.12149], [-86.25246, 12.12154], [-86.25221, 12.12155], [-86.2522, 12.12177], [-86.25091, 12.12176], [-86.25082, 12.12169], [-86.25045, 12.1217], [-86.25043, 12.12234], [-86.25196, 12.12236], [-86.25186, 12.1234], [-86.25071, 12.12326], [-86.25068, 12.12365], [-86.25068, 12.12365], [-86.25045, 12.12365], [-86.24917, 12.12376], [-86.24903, 12.12376], [-86.24821, 12.12366], [-86.24814, 12.12365], [-86.24736, 12.12357], [-86.24764, 12.12215], [-86.24765, 12.12232], [-86.24763, 12.12243], [-86.24751, 12.12279], [-86.24741, 12.1231], [-86.24738, 12.12327], [-86.24736, 12.12357], [-86.24764, 12.12215], [-86.24813, 12.12209], [-86.24838, 12.12006], [-86.25039, 12.1186], [-86.25042, 12.11857], [-86.24987, 12.11788], [-86.24994, 12.11796], [-86.25026, 12.11835], [-86.25029, 12.11839], [-86.25042, 12.11857], [-86.24983, 12.11782], [-86.24987, 12.11788], [-86.25118, 12.11684], [-86.24983, 12.11782], [-86.25118, 12.11684], [-86.2513, 12.11688], [-86.2513, 12.11688], [-86.25145, 12.11706], [-86.25145, 12.11706], [-86.25168, 12.11736], [-86.25168, 12.11736], [-86.25173, 12.11733], [-86.25257, 12.12149], [-86.25257, 12.12118], [-86.25257, 12.12083], [-86.25257, 12.12049], [-86.25257, 12.11951], [-86.25258, 12.11858], [-86.25256, 12.11849], [-86.25254, 12.11845], [-86.25252, 12.11841], [-86.25238, 12.11821], [-86.25208, 12.11779], [-86.25188, 12.11754], [-86.25173, 12.11733], [-86.25257, 12.12149]]]}}, {"type": "Feature", "properties": {"nombre": "Isaías Gómez", "tipo": "barrio"}, "geometry": {"type": "Polygon", "coordinates": [[[-86.25068, 12.12365], [-86.25059, 12.1258], [-86.2507, 12.12595], [-86.25086, 12.126], [-86.25173, 12.12579], [-86.25173, 12.12579], [-86.25191, 12.1264], [-86.25193, 12.12649], [-86.25193, 12.12649], [-86.25148, 12.12661], [-86.25119, 12.12668], [-86.25104, 12.12639], [-86.25111, 12.12642], [-86.25113, 12.12648], [-86.25119, 12.12668], [-86.24749, 12.12594], [-86.24751, 12.12596], [-86.24755, 12.12597], [-86.2479, 12.12602], [-86.24895, 12.12615], [-86.24962, 12.12623], [-86.24967, 12.12624], [-86.25028, 12.12629], [-86.25039, 12.1263], [-86.25095, 12.12637], [-86.25104, 12.12639], [-86.24749, 12.12594], [-86.24735, 12.12603], [-86.24613, 12.124], [-86.24625, 12.12413], [-86.24636, 12.12424], [-86.24672, 12.12487], [-86.2473, 12.12594], [-86.24735, 12.12603], [-86.24623, 12.12405], [-86.24613, 12.124], [-86.24636, 12.12397], [-86.24631, 12.12401], [-86.24623, 12.12405], [-86.24651, 12.12352], [-86.24641, 12.12357], [-86.24636, 12.12364], [-86.24633, 12.12373], [-86.24633, 12.12387], [-86.24636, 12.12397], [-86.24736, 12.12357], [-86.2472, 12.12355], [-86.24679, 12.12351], [-86.24658, 12.12351], [-86.24651, 12.12352], [-86.25068, 12.12365], [-86.25045, 12.12365], [-86.24917, 12.12376], [-86.24903, 12.12376], [-86.24821, 12.12366], [-86.24814, 12.12365], [-86.24736, 12.12357], [-86.25068, 12.12365]]]}}, {"type": "Feature", "properties": {"nombre": "Liberia", "tipo": "barrio"}, "geometry": {"type": "Polygon", "coordinates": [[[-86.25099, 12.12763], [-86.25139, 12.12752], [-86.24823, 12.12827], [-86.24846, 12.12826], [-86.24852, 12.12825], [-86.24879, 12.12819], [-86.24936, 12.12805], [-86.24943, 12.12803], [-86.25, 12.12789], [-86.25058, 12.12774], [-86.25099, 12.12763], [-86.24777, 12.12826], [-86.24823, 12.12827], [-86.24777, 12.12826], [-86.24768, 12.12818], [-86.24735, 12.12603], [-86.24773, 12.12695], [-86.24775, 12.1272], [-86.24768, 12.12773], [-86.24768, 12.12818], [-86.24749, 12.12594], [-86.24735, 12.12603], [-86.24749, 12.12594], [-86.24751, 12.12596], [-86.24755, 12.12597], [-86.2479, 12.12602], [-86.24895, 12.12615], [-86.24962, 12.12623], [-86.24967, 12.12624], [-86.25028, 12.12629], [-86.25039, 12.1263], [-86.25095, 12.12637], [-86.25104, 12.12639], [-86.25104, 12.12639], [-86.25111, 12.12642], [-86.25113, 12.12648], [-86.25119, 12.12668], [-86.25119, 12.12668], [-86.25128, 12.1271], [-86.25131, 12.12719], [-86.25135, 12.12736], [-86.25139, 12.12752], [-86.25099, 12.12763]]]}}, {"type": "Feature", "properties": {"nombre": "Santos López", "tipo": "barrio"}, "geometry": {"type": "Polygon", "coordinates": [[[-86.24987, 12.11788], [-86.24994, 12.11796], [-86.25026, 12.11835], [-86.25029, 12.11839], [-86.25042, 12.11857], [-86.24764, 12.12215], [-86.24813, 12.12209], [-86.24838, 12.12006], [-86.25039, 12.1186], [-86.25042, 12.11857], [-86.24764, 12.12215], [-86.24765, 12.12232], [-86.24763, 12.12243], [-86.24751, 12.12279], [-86.24741, 12.1231], [-86.24738, 12.12327], [-86.24736, 12.12357], [-86.24736, 12.12357], [-86.2472, 12.12355], [-86.24679, 12.12351], [-86.24658, 12.12351], [-86.24651, 12.12352], [-86.24651, 12.12352], [-86.24643, 12.12338], [-86.24715, 12.12298], [-86.24729, 12.12292], [-86.2472, 12.12257], [-86.24659, 12.12191], [-86.24645, 12.1217], [-86.24645, 12.1217], [-86.24631, 12.12161], [-86.24683, 12.12121], [-86.24667, 12.12099], [-86.24667, 12.12099], [-86.24706, 12.12072], [-86.24707, 12.12066], [-86.24672, 12.12021], [-86.24679, 12.1203], [-86.24707, 12.12066], [-86.24668, 12.12016], [-86.24672, 12.12021], [-86.24983, 12.11782], [-86.24668, 12.12016], [-86.24983, 12.11782], [-86.24987, 12.11788]]]}}, {"type": "Feature", "properties": {"nombre": "Sector Hospital Manolo Morales", "tipo": "barrio"}, "geometry": {"type": "Polygon", "coordinates": [[[-86.24651, 12.12352], [-86.24641, 12.12357], [-86.24636, 12.12364], [-86.24633, 12.12373], [-86.24633, 12.12387], [-86.24636, 12.12397], [-86.24636, 12.12397], [-86.24631, 12.12401], [-86.24623, 12.12405], [-86.24623, 12.12405], [-86.24613, 12.124], [-86.24463, 12.12181], [-86.2446, 12.12203], [-86.2446, 12.12208], [-86.24461, 12.12221], [-86.24469, 12.1223], [-86.24495, 12.12261], [-86.24518, 12.12293], [-86.24533, 12.12305], [-86.24538, 12.12325], [-86.24543, 12.12336], [-86.24613, 12.124], [-86.24464, 12.12168], [-86.24463, 12.12181], [-86.24668, 12.12016], [-86.24464, 12.12168], [-86.24668, 12.12016], [-86.24672, 12.12021], [-86.24672, 12.12021], [-86.24679, 12.1203], [-86.24707, 12.12066], [-86.24667, 12.12099], [-86.24706, 12.12072], [-86.24707, 12.12066], [-86.24645, 12.1217], [-86.24631, 12.12161], [-86.24683, 12.12121], [-86.24667, 12.12099], [-86.24651, 12.12352], [-86.24643, 12.12338], [-86.24715, 12.12298], [-86.24729, 12.12292], [-86.2472, 12.12257], [-86.24659, 12.12191], [-86.24645, 12.1217], [-86.24651, 12.12352]]]}}, {"type": "Feature", "properties": {"nombre": "Sector Sur Comarca Los Ladinos", "tipo": "barrio"}, "geometry": {"type": "Polygon", "coordinates": [[[-86.27817, 12.1006], [-86.27824, 12.10082], [-86.27828, 12.10099], [-86.27849, 12.10139], [-86.27852, 12.10145], [-86.27866, 12.10177], [-86.27849, 12.09528], [-86.27846, 12.09568], [-86.2784, 12.09608], [-86.27835, 12.09652], [-86.27828, 12.09692], [-86.27814, 12.09755], [-86.27808, 12.0978], [-86.2781, 12.09813], [-86.27812, 12.09842], [-86.27803, 12.09901], [-86.27797, 12.09938], [-86.27796, 12.09955], [-86.27799, 12.09966], [-86.27811, 12.10025], [-86.27817, 12.1006], [-86.2793, 12.09193], [-86.27924, 12.0921], [-86.27916, 12.09226], [-86.27899, 12.09246], [-86.27889, 12.09258], [-86.27874, 12.0928], [-86.27871, 12.09289], [-86.27867, 12.09302], [-86.27858, 12.09343], [-86.27851, 12.09374], [-86.27851, 12.09388], [-86.27851, 12.09393], [-86.27852, 12.09419], [-86.27852, 12.09442], [-86.27851, 12.09473], [-86.2785, 12.09482], [-86.27849, 12.09528], [-86.28293, 12.09033], [-86.28132, 12.09077], [-86.28155, 12.09204], [-86.2793, 12.09193], [-86.2819, 12.093], [-86.28452, 12.09343], [-86.28417, 12.09186], [-86.28397, 12.09099], [-86.28377, 12.09007], [-86.28293, 12.09033], [-86.28182, 12.09571], [-86.28175, 12.09553], [-86.28177, 12.09488], [-86.28178, 12.09465], [-86.28185, 12.09393], [-86.28192, 12.09319], [-86.2819, 12.093], [-86.28324, 12.10127], [-86.28334, 12.10117], [-86.28371, 12.10015], [-86.28374, 12.09977], [-86.28358, 12.09916], [-86.28338, 12.09868], [-86.28292, 12.09826], [-86.28256, 12.098], [-86.28243, 12.09782], [-86.2822, 12.09725], [-86.28207, 12.09694], [-86.28199, 12.09673], [-86.28194, 12.09591], [-86.28182, 12.09571], [-86.27866, 12.10177], [-86.28324, 12.10127], [-86.27817, 12.1006]]]}}, {"type": "Feature", "properties": {"nombre": "Sector Sureste Rotonda Universitaria", "tipo": "barrio"}, "geometry": {"type": "Polygon", "coordinates": [[[-86.27264, 12.11357], [-86.27272, 12.11347], [-86.27277, 12.11344], [-86.27281, 12.11341], [-86.27286, 12.11339], [-86.27295, 12.11335], [-86.27302, 12.11334], [-86.27314, 12.11331], [-86.27324, 12.11329], [-86.2733, 12.11328], [-86.27431, 12.11305], [-86.27455, 12.11298], [-86.27465, 12.11295], [-86.27477, 12.11291], [-86.275, 12.11279], [-86.27515, 12.11269], [-86.2753, 12.11256], [-86.27535, 12.11251], [-86.27541, 12.11246], [-86.27555, 12.11229], [-86.27565, 12.11214], [-86.27573, 12.11198], [-86.27581, 12.11179], [-86.27589, 12.11152], [-86.27594, 12.11137], [-86.27613, 12.11073], [-86.27616, 12.11064], [-86.27616, 12.11064], [-86.27622, 12.11044], [-86.27629, 12.11024], [-86.27633, 12.11016], [-86.27633, 12.11016], [-86.27651, 12.10992], [-86.27662, 12.1098], [-86.27669, 12.10974], [-86.27685, 12.10963], [-86.27685, 12.10963], [-86.27456, 12.11018], [-86.27456, 12.11003], [-86.27457, 12.10981], [-86.27459, 12.10895], [-86.27462, 12.10837], [-86.27522, 12.10583], [-86.27425, 12.10561], [-86.27425, 12.10561], [-86.27389, 12.10556], [-86.27285, 12.10542], [-86.27255, 12.10538], [-86.27255, 12.10538], [-86.27244, 12.10623], [-86.27241, 12.10647], [-86.27241, 12.10647], [-86.27238, 12.10666], [-86.27238, 12.10666], [-86.27231, 12.10718], [-86.27229, 12.10735], [-86.27216, 12.1082], [-86.27196, 12.10959], [-86.27196, 12.10959], [-86.27194, 12.10976], [-86.27194, 12.10976], [-86.27185, 12.11035], [-86.27185, 12.11035], [-86.2718, 12.11071], [-86.2718, 12.11071], [-86.2718, 12.111], [-86.27183, 12.11121], [-86.27188, 12.11139], [-86.27203, 12.11199], [-86.27203, 12.11199], [-86.27207, 12.11211], [-86.27207, 12.11211], [-86.2723, 12.11292], [-86.2723, 12.11292], [-86.27237, 12.11314], [-86.27253, 12.11322], [-86.27244, 12.11317], [-86.27237, 12.11314], [-86.27263, 12.11338], [-86.27259, 12.1133], [-86.27253, 12.11322], [-86.27264, 12.11357], [-86.27265, 12.11346], [-86.27263, 12.11338], [-86.27264, 12.11357]]]}}, {"type": "Feature", "properties": {"nombre": "Colonia Miguel Bonilla", "tipo": "barrio"}, "geometry": {"type": "Polygon", "coordinates": [[[-86.27425, 12.10561], [-86.27389, 12.10556], [-86.27285, 12.10542], [-86.27255, 12.10538], [-86.27256, 12.10525], [-86.27255, 12.10538], [-86.27265, 12.10402], [-86.27264, 12.10441], [-86.27256, 12.10525], [-86.27472, 12.09981], [-86.27458, 12.10012], [-86.27454, 12.10019], [-86.27446, 12.10032], [-86.27398, 12.10086], [-86.27354, 12.10138], [-86.27326, 12.10207], [-86.27267, 12.10342], [-86.27265, 12.10378], [-86.27265, 12.10402], [-86.27503, 12.09949], [-86.27498, 12.09955], [-86.27492, 12.0996], [-86.27483, 12.0997], [-86.27472, 12.09981], [-86.27632, 12.10024], [-86.27629, 12.10004], [-86.27617, 12.0999], [-86.2758, 12.09963], [-86.27511, 12.09947], [-86.27503, 12.09949], [-86.27425, 12.10561], [-86.27498, 12.10247], [-86.27631, 12.1007], [-86.27632, 12.10051], [-86.27632, 12.10024], [-86.27425, 12.10561]]]}}, {"type": "Feature", "properties": {"nombre": "El Progreso", "tipo": "barrio"}, "geometry": {"type": "Polygon", "coordinates": [[[-86.27503, 12.09949], [-86.27567, 12.09869], [-86.27597, 12.0981], [-86.27503, 12.09949], [-86.27498, 12.09955], [-86.27492, 12.0996], [-86.27483, 12.0997], [-86.27472, 12.09981], [-86.27472, 12.09981], [-86.27447, 12.09967], [-86.2749, 12.09796], [-86.2749, 12.09796], [-86.27536, 12.09801], [-86.27597, 12.0981], [-86.27565, 12.09803], [-86.27536, 12.09801], [-86.27503, 12.09949]]]}}, {"type": "Feature", "properties": {"nombre": "Las Veraneras", "tipo": "barrio"}, "geometry": {"type": "Polygon", "coordinates": [[[-86.27196, 12.10403], [-86.27157, 12.10402], [-86.27105, 12.10403], [-86.27105, 12.10403], [-86.27104, 12.10371], [-86.27104, 12.10371], [-86.27104, 12.1035], [-86.27104, 12.10292], [-86.27106, 12.10235], [-86.27107, 12.1022], [-86.27109, 12.10184], [-86.27112, 12.10153], [-86.27196, 12.10403], [-86.2722, 12.10376], [-86.27227, 12.10369], [-86.27234, 12.10349], [-86.27249, 12.10296], [-86.27264, 12.10247], [-86.27245, 12.10242], [-86.27255, 12.10197], [-86.27226, 12.10193], [-86.27133, 12.10181], [-86.27135, 12.10151], [-86.27112, 12.10153], [-86.27196, 12.10403]]]}}, {"type": "Feature", "properties": {"nombre": "Sector Mokorón", "tipo": "barrio"}, "geometry": {"type": "Polygon", "coordinates": [[[-86.27685, 12.10963], [-86.27701, 12.10956], [-86.27717, 12.1095], [-86.27733, 12.10947], [-86.2777, 12.10944], [-86.27921, 12.10934], [-86.27685, 12.10963], [-86.27456, 12.11018], [-86.27456, 12.11003], [-86.27457, 12.10981], [-86.27459, 12.10895], [-86.27462, 12.10837], [-86.27522, 12.10583], [-86.27425, 12.10561], [-86.27425, 12.10561], [-86.27498, 12.10247], [-86.27631, 12.1007], [-86.27632, 12.10051], [-86.27632, 12.10024], [-86.27817, 12.1006], [-86.27749, 12.10063], [-86.27726, 12.10061], [-86.27664, 12.1003], [-86.27645, 12.10025], [-86.27632, 12.10024], [-86.27817, 12.1006], [-86.27824, 12.10082], [-86.27828, 12.10099], [-86.27849, 12.10139], [-86.27852, 12.10145], [-86.27866, 12.10177], [-86.27866, 12.10177], [-86.2787, 12.10191], [-86.27871, 12.10202], [-86.27873, 12.10239], [-86.27875, 12.10249], [-86.27879, 12.10259], [-86.279, 12.1029], [-86.27903, 12.10298], [-86.27904, 12.10301], [-86.27907, 12.10316], [-86.2791, 12.10336], [-86.27909, 12.10348], [-86.279, 12.1039], [-86.27898, 12.10402], [-86.27895, 12.10422], [-86.27895, 12.1047], [-86.27894, 12.10487], [-86.2789, 12.10505], [-86.27878, 12.10567], [-86.27878, 12.10581], [-86.27879, 12.10589], [-86.27882, 12.10601], [-86.27894, 12.10629], [-86.27897, 12.10643], [-86.279, 12.10667], [-86.27903, 12.10696], [-86.27906, 12.10713], [-86.27916, 12.10761], [-86.27918, 12.10782], [-86.27919, 12.10803], [-86.2792, 12.10882], [-86.2792, 12.10909], [-86.27921, 12.10922], [-86.27921, 12.10922], [-86.27921, 12.10934], [-86.27685, 12.10963]]]}}, {"type": "Feature", "properties": {"nombre": "Sector Norte Comarca Las Viudas", "tipo": "barrio"}, "geometry": {"type": "Polygon", "coordinates": [[[-86.2749, 12.09796], [-86.27418, 12.09784], [-86.27436, 12.09679], [-86.27505, 12.09685], [-86.27558, 12.0952], [-86.27595, 12.09523], [-86.27608, 12.09373], [-86.27645, 12.09275], [-86.27654, 12.09251], [-86.27526, 12.09237], [-86.27545, 12.08909], [-86.27484, 12.08905], [-86.27498, 12.08759], [-86.2748, 12.08683], [-86.27557, 12.08676], [-86.27604, 12.08688], [-86.27615, 12.08635], [-86.27597, 12.08468], [-86.27534, 12.08035], [-86.27488, 12.07933], [-86.27487, 12.0787], [-86.27522, 12.07802], [-86.27528, 12.07738], [-86.27529, 12.07735], [-86.27575, 12.07631], [-86.27589, 12.07561], [-86.27567, 12.07558], [-86.27494, 12.0755], [-86.27469, 12.07372], [-86.27383, 12.07199], [-86.27383, 12.07199], [-86.27393, 12.07024], [-86.27466, 12.07017], [-86.27466, 12.07017], [-86.27571, 12.07028], [-86.27631, 12.07038], [-86.27861, 12.07017], [-86.28293, 12.09033], [-86.28244, 12.08851], [-86.282, 12.08692], [-86.28199, 12.08688], [-86.28313, 12.08574], [-86.28247, 12.08372], [-86.28254, 12.08276], [-86.28204, 12.08104], [-86.28357, 12.0809], [-86.28341, 12.08047], [-86.2828, 12.0788], [-86.27963, 12.07879], [-86.2791, 12.07672], [-86.27892, 12.07603], [-86.27891, 12.07587], [-86.27887, 12.07547], [-86.27879, 12.07449], [-86.27839, 12.07274], [-86.27932, 12.07263], [-86.27918, 12.07102], [-86.27888, 12.07106], [-86.27861, 12.07017], [-86.28293, 12.09033], [-86.28132, 12.09077], [-86.28155, 12.09204], [-86.2793, 12.09193], [-86.2793, 12.09193], [-86.27924, 12.0921], [-86.27916, 12.09226], [-86.27899, 12.09246], [-86.27889, 12.09258], [-86.27874, 12.0928], [-86.27871, 12.09289], [-86.27867, 12.09302], [-86.27858, 12.09343], [-86.27851, 12.09374], [-86.27851, 12.09388], [-86.27851, 12.09393], [-86.27852, 12.09419], [-86.27852, 12.09442], [-86.27851, 12.09473], [-86.2785, 12.09482], [-86.27849, 12.09528], [-86.27849, 12.09528], [-86.27846, 12.09568], [-86.2784, 12.09608], [-86.27835, 12.09652], [-86.27828, 12.09692], [-86.27814, 12.09755], [-86.27808, 12.0978], [-86.2781, 12.09813], [-86.27812, 12.09842], [-86.27803, 12.09901], [-86.27797, 12.09938], [-86.27796, 12.09955], [-86.27799, 12.09966], [-86.27811, 12.10025], [-86.27817, 12.1006], [-86.27817, 12.1006], [-86.27749, 12.10063], [-86.27726, 12.10061], [-86.27664, 12.1003], [-86.27645, 12.10025], [-86.27632, 12.10024], [-86.27632, 12.10024], [-86.27629, 12.10004], [-86.27617, 12.0999], [-86.2758, 12.09963], [-86.27511, 12.09947], [-86.27503, 12.09949], [-86.27503, 12.09949], [-86.27567, 12.09869], [-86.27597, 12.0981], [-86.27597, 12.0981], [-86.27565, 12.09803], [-86.27536, 12.09801], [-86.2749, 12.09796], [-86.27536, 12.09801], [-86.2749, 12.09796]]]}}, {"type": "Feature", "properties": {"nombre": "Sector Norte Comarca Los Ladinos", "tipo": "barrio"}, "geometry": {"type": "Polygon", "coordinates": [[[-86.2827, 12.11193], [-86.27925, 12.11177], [-86.2792, 12.11139], [-86.27925, 12.11177], [-86.2792, 12.11139], [-86.28008, 12.11128], [-86.27998, 12.11051], [-86.27911, 12.11063], [-86.27921, 12.10934], [-86.2792, 12.10947], [-86.2792, 12.1095], [-86.27916, 12.11006], [-86.27912, 12.11061], [-86.27911, 12.11063], [-86.27921, 12.10922], [-86.27921, 12.10934], [-86.27866, 12.10177], [-86.2787, 12.10191], [-86.27871, 12.10202], [-86.27873, 12.10239], [-86.27875, 12.10249], [-86.27879, 12.10259], [-86.279, 12.1029], [-86.27903, 12.10298], [-86.27904, 12.10301], [-86.27907, 12.10316], [-86.2791, 12.10336], [-86.27909, 12.10348], [-86.279, 12.1039], [-86.27898, 12.10402], [-86.27895, 12.10422], [-86.27895, 12.1047], [-86.27894, 12.10487], [-86.2789, 12.10505], [-86.27878, 12.10567], [-86.27878, 12.10581], [-86.27879, 12.10589], [-86.27882, 12.10601], [-86.27894, 12.10629], [-86.27897, 12.10643], [-86.279, 12.10667], [-86.27903, 12.10696], [-86.27906, 12.10713], [-86.27916, 12.10761], [-86.27918, 12.10782], [-86.27919, 12.10803], [-86.2792, 12.10882], [-86.2792, 12.10909], [-86.27921, 12.10922], [-86.27866, 12.10177], [-86.28324, 12.10127], [-86.28301, 12.10423], [-86.28302, 12.10415], [-86.28301, 12.10382], [-86.28303, 12.10304], [-86.283, 12.10261], [-86.28302, 12.10249], [-86.28303, 12.10234], [-86.283, 12.10212], [-86.28322, 12.1013], [-86.28324, 12.10127], [-86.2829, 12.10531], [-86.28293, 12.10501], [-86.28301, 12.10423], [-86.2829, 12.10531], [-86.28322, 12.10737], [-86.28278, 12.10798], [-86.28276, 12.10831], [-86.28272, 12.10904], [-86.28272, 12.10904], [-86.28298, 12.11092], [-86.2827, 12.11193]]]}}, {"type": "Feature", "properties": {"nombre": "Sector Sur Comarca Las Viudas", "tipo": "barrio"}, "geometry": {"type": "Polygon", "coordinates": [[[-86.27466, 12.07017], [-86.27402, 12.06844], [-86.27476, 12.06804], [-86.27476, 12.06804], [-86.27456, 12.06765], [-86.27396, 12.06723], [-86.27396, 12.06723], [-86.27387, 12.06698], [-86.27409, 12.06652], [-86.274, 12.06632], [-86.27359, 12.06616], [-86.2735, 12.06579], [-86.27369, 12.06546], [-86.27385, 12.06531], [-86.27385, 12.06531], [-86.27415, 12.06503], [-86.27419, 12.0645], [-86.27396, 12.06416], [-86.27334, 12.06421], [-86.27327, 12.06394], [-86.27292, 12.06377], [-86.27285, 12.06349], [-86.27307, 12.06313], [-86.27305, 12.06285], [-86.27279, 12.06276], [-86.27227, 12.06285], [-86.27209, 12.06265], [-86.27213, 12.06238], [-86.27233, 12.06192], [-86.27237, 12.06162], [-86.27201, 12.0615], [-86.27184, 12.06124], [-86.27189, 12.06097], [-86.27175, 12.06073], [-86.27185, 12.06041], [-86.2722, 12.0603], [-86.27246, 12.06036], [-86.27265, 12.06022], [-86.27242, 12.05997], [-86.27229, 12.05974], [-86.27207, 12.0596], [-86.27203, 12.05951], [-86.27215, 12.05934], [-86.27252, 12.05921], [-86.27267, 12.05896], [-86.27285, 12.05844], [-86.27271, 12.05822], [-86.27241, 12.05798], [-86.27241, 12.05798], [-86.2743, 12.05749], [-86.2737, 12.0563], [-86.27374, 12.05583], [-86.27345, 12.05506], [-86.27326, 12.05437], [-86.27319, 12.05409], [-86.27321, 12.05348], [-86.27313, 12.05219], [-86.27351, 12.05173], [-86.27347, 12.05122], [-86.27315, 12.05061], [-86.27316, 12.05012], [-86.27344, 12.0494], [-86.27342, 12.04864], [-86.27282, 12.0481], [-86.27239, 12.04736], [-86.2722, 12.04656], [-86.27177, 12.04596], [-86.27161, 12.04552], [-86.27139, 12.04467], [-86.27015, 12.04479], [-86.27038, 12.04342], [-86.2708, 12.04287], [-86.27044, 12.04184], [-86.27042, 12.04019], [-86.27015, 12.03869], [-86.26866, 12.03668], [-86.27186, 12.0372], [-86.27064, 12.03701], [-86.27047, 12.03603], [-86.26935, 12.03606], [-86.26866, 12.03668], [-86.27471, 12.03986], [-86.27187, 12.04002], [-86.27186, 12.0372], [-86.27861, 12.07017], [-86.27824, 12.06897], [-86.27696, 12.06922], [-86.27591, 12.06236], [-86.27806, 12.06209], [-86.27632, 12.05064], [-86.27638, 12.04785], [-86.27584, 12.04734], [-86.27591, 12.04664], [-86.27563, 12.04599], [-86.27636, 12.0443], [-86.27552, 12.04258], [-86.27471, 12.03986], [-86.27466, 12.07017], [-86.27571, 12.07028], [-86.27631, 12.07038], [-86.27861, 12.07017], [-86.27466, 12.07017]]]}}, {"type": "Feature", "properties": {"nombre": "Sector UNAN Managua", "tipo": "barrio"}, "geometry": {"type": "Polygon", "coordinates": [[[-86.2723, 12.11292], [-86.27237, 12.11314], [-86.27237, 12.11314], [-86.27231, 12.11313], [-86.27225, 12.11314], [-86.27219, 12.11316], [-86.27215, 12.11318], [-86.27212, 12.1132], [-86.27212, 12.1132], [-86.2721, 12.11322], [-86.27208, 12.11324], [-86.27206, 12.11328], [-86.27206, 12.11328], [-86.272, 12.11331], [-86.27195, 12.11332], [-86.2719, 12.11333], [-86.27184, 12.11332], [-86.27177, 12.1133], [-86.2717, 12.11327], [-86.27115, 12.11307], [-86.27115, 12.11307], [-86.27014, 12.11272], [-86.26949, 12.11249], [-86.26936, 12.11244], [-86.26919, 12.11239], [-86.26885, 12.11233], [-86.26857, 12.11234], [-86.26732, 12.10831], [-86.26814, 12.10828], [-86.26825, 12.10914], [-86.26837, 12.10988], [-86.26838, 12.10992], [-86.26857, 12.11226], [-86.26857, 12.11234], [-86.26821, 12.10394], [-86.26818, 12.10397], [-86.26824, 12.10437], [-86.26819, 12.10442], [-86.26755, 12.10449], [-86.26701, 12.10453], [-86.26712, 12.10589], [-86.26732, 12.10831], [-86.26874, 12.10335], [-86.26872, 12.10339], [-86.2686, 12.10361], [-86.26853, 12.10374], [-86.26846, 12.10383], [-86.2684, 12.10388], [-86.26832, 12.10391], [-86.26821, 12.10394], [-86.26879, 12.10324], [-86.26874, 12.10335], [-86.26968, 12.10372], [-86.26956, 12.10364], [-86.26879, 12.10324], [-86.27039, 12.10398], [-86.27015, 12.10393], [-86.26984, 12.10379], [-86.26968, 12.10372], [-86.2707, 12.10404], [-86.27039, 12.10398], [-86.27105, 12.10403], [-86.27092, 12.10404], [-86.2707, 12.10404], [-86.27196, 12.10403], [-86.27157, 12.10402], [-86.27105, 12.10403], [-86.27222, 12.10402], [-86.27196, 12.10403], [-86.27222, 12.10402], [-86.27265, 12.10402], [-86.27265, 12.10402], [-86.27264, 12.10441], [-86.27256, 12.10525], [-86.27256, 12.10525], [-86.27255, 12.10538], [-86.27255, 12.10538], [-86.27244, 12.10623], [-86.27241, 12.10647], [-86.27241, 12.10647], [-86.27238, 12.10666], [-86.27238, 12.10666], [-86.27231, 12.10718], [-86.27229, 12.10735], [-86.27216, 12.1082], [-86.27196, 12.10959], [-86.27196, 12.10959], [-86.27194, 12.10976], [-86.27194, 12.10976], [-86.27185, 12.11035], [-86.27185, 12.11035], [-86.2718, 12.11071], [-86.2718, 12.11071], [-86.2718, 12.111], [-86.27183, 12.11121], [-86.27188, 12.11139], [-86.27203, 12.11199], [-86.27203, 12.11199], [-86.27207, 12.11211], [-86.27207, 12.11211], [-86.2723, 12.11292]]]}}, {"type": "Feature", "properties": {"nombre": "Sector Comarca Jocote Dulce", "tipo": "barrio"}, "geometry": {"type": "Polygon", "coordinates": [[[-86.27105, 12.10403], [-86.27092, 12.10404], [-86.2707, 12.10404], [-86.2707, 12.10404], [-86.27039, 12.10398], [-86.2693, 12.1011], [-86.26933, 12.1012], [-86.27024, 12.10103], [-86.27029, 12.10152], [-86.27034, 12.10342], [-86.27039, 12.10398], [-86.26974, 12.09675], [-86.26948, 12.09887], [-86.26896, 12.09888], [-86.26896, 12.10005], [-86.26917, 12.10072], [-86.2693, 12.1011], [-86.26974, 12.09675], [-86.26943, 12.09667], [-86.2692, 12.0966], [-86.26894, 12.09655], [-86.26898, 12.09511], [-86.26897, 12.09545], [-86.26894, 12.09655], [-86.26898, 12.09511], [-86.26923, 12.09508], [-86.26934, 12.09508], [-86.26964, 12.09507], [-86.26971, 12.09509], [-86.26973, 12.09426], [-86.26973, 12.09441], [-86.26971, 12.09509], [-86.26967, 12.0926], [-86.26962, 12.09285], [-86.26959, 12.09309], [-86.26958, 12.09329], [-86.26959, 12.09347], [-86.26963, 12.09369], [-86.26971, 12.09406], [-86.26973, 12.09426], [-86.27081, 12.08888], [-86.26999, 12.08896], [-86.27023, 12.09183], [-86.27016, 12.09264], [-86.26967, 12.0926], [-86.27158, 12.08931], [-86.27086, 12.08935], [-86.27081, 12.08888], [-86.27065, 12.08514], [-86.27078, 12.08544], [-86.27079, 12.08559], [-86.27064, 12.08684], [-86.27068, 12.0876], [-86.27151, 12.0884], [-86.27158, 12.08931], [-86.27377, 12.08676], [-86.27267, 12.0872], [-86.27213, 12.08696], [-86.27209, 12.08621], [-86.27188, 12.08579], [-86.27209, 12.08554], [-86.27204, 12.08543], [-86.27065, 12.08514], [-86.27349, 12.08589], [-86.27359, 12.08611], [-86.27366, 12.08639], [-86.27377, 12.08676], [-86.2733, 12.08593], [-86.27336, 12.08592], [-86.27349, 12.08589], [-86.27018, 12.08416], [-86.2706, 12.08431], [-86.27148, 12.08452], [-86.27204, 12.08462], [-86.27221, 12.08466], [-86.27237, 12.08473], [-86.27249, 12.08482], [-86.27259, 12.0849], [-86.27263, 12.08496], [-86.27263, 12.08506], [-86.27264, 12.08526], [-86.27265, 12.08539], [-86.27277, 12.08589], [-86.27283, 12.08596], [-86.27291, 12.08598], [-86.273, 12.08599], [-86.2733, 12.08593], [-86.27018, 12.08416], [-86.27012, 12.08406], [-86.2701, 12.08392], [-86.27002, 12.08208], [-86.27003, 12.08181], [-86.27008, 12.08156], [-86.26926, 12.08157], [-86.26934, 12.0816], [-86.27008, 12.08156], [-86.26908, 12.07386], [-86.26961, 12.07387], [-86.26972, 12.07823], [-86.26963, 12.08011], [-86.2696, 12.08074], [-86.26926, 12.08157], [-86.26908, 12.07386], [-86.26908, 12.07371], [-86.26903, 12.07333], [-86.26902, 12.07312], [-86.26904, 12.07291], [-86.26907, 12.07277], [-86.26922, 12.07239], [-86.27271, 12.07286], [-86.27218, 12.07276], [-86.27172, 12.07267], [-86.27142, 12.07266], [-86.27106, 12.0726], [-86.27061, 12.07252], [-86.26922, 12.07239], [-86.27253, 12.07218], [-86.27254, 12.07231], [-86.27255, 12.07239], [-86.27271, 12.07286], [-86.27253, 12.07218], [-86.27329, 12.07202], [-86.27365, 12.07199], [-86.27383, 12.07199], [-86.2749, 12.09796], [-86.27418, 12.09784], [-86.27436, 12.09679], [-86.27505, 12.09685], [-86.27558, 12.0952], [-86.27595, 12.09523], [-86.27608, 12.09373], [-86.27645, 12.09275], [-86.27654, 12.09251], [-86.27526, 12.09237], [-86.27545, 12.08909], [-86.27484, 12.08905], [-86.27498, 12.08759], [-86.2748, 12.08683], [-86.27557, 12.08676], [-86.27604, 12.08688], [-86.27615, 12.08635], [-86.27597, 12.08468], [-86.27534, 12.08035], [-86.27488, 12.07933], [-86.27487, 12.0787], [-86.27522, 12.07802], [-86.27528, 12.07738], [-86.27529, 12.07735], [-86.27575, 12.07631], [-86.27589, 12.07561], [-86.27567, 12.07558], [-86.27494, 12.0755], [-86.27469, 12.07372], [-86.27383, 12.07199], [-86.27472, 12.09981], [-86.27447, 12.09967], [-86.2749, 12.09796], [-86.27472, 12.09981], [-86.27458, 12.10012], [-86.27454, 12.10019], [-86.27446, 12.10032], [-86.27398, 12.10086], [-86.27354, 12.10138], [-86.27326, 12.10207], [-86.27267, 12.10342], [-86.27265, 12.10378], [-86.27265, 12.10402], [-86.27222, 12.10402], [-86.27265, 12.10402], [-86.27222, 12.10402], [-86.27196, 12.10403], [-86.27196, 12.10403], [-86.2722, 12.10376], [-86.27227, 12.10369], [-86.27234, 12.10349], [-86.27249, 12.10296], [-86.27264, 12.10247], [-86.27245, 12.10242], [-86.27255, 12.10197], [-86.27226, 12.10193], [-86.27133, 12.10181], [-86.27135, 12.10151], [-86.27112, 12.10153], [-86.27104, 12.10371], [-86.27104, 12.1035], [-86.27104, 12.10292], [-86.27106, 12.10235], [-86.27107, 12.1022], [-86.27109, 12.10184], [-86.27112, 12.10153], [-86.27105, 12.10403], [-86.27104, 12.10371], [-86.27105, 12.10403]]]}}, {"type": "Feature", "properties": {"nombre": "Urbanización Gloria", "tipo": "barrio"}, "geometry": {"type": "Polygon", "coordinates": [[[-86.27349, 12.08589], [-86.27359, 12.08611], [-86.27366, 12.08639], [-86.27377, 12.08676], [-86.27377, 12.08676], [-86.27267, 12.0872], [-86.27213, 12.08696], [-86.27209, 12.08621], [-86.27188, 12.08579], [-86.27209, 12.08554], [-86.27204, 12.08543], [-86.27065, 12.08514], [-86.27065, 12.08514], [-86.27018, 12.08416], [-86.27018, 12.08416], [-86.2706, 12.08431], [-86.27148, 12.08452], [-86.27204, 12.08462], [-86.27221, 12.08466], [-86.27237, 12.08473], [-86.27249, 12.08482], [-86.27259, 12.0849], [-86.27263, 12.08496], [-86.27263, 12.08506], [-86.27264, 12.08526], [-86.27265, 12.08539], [-86.27277, 12.08589], [-86.27283, 12.08596], [-86.27291, 12.08598], [-86.273, 12.08599], [-86.2733, 12.08593], [-86.2733, 12.08593], [-86.27336, 12.08592], [-86.27349, 12.08589]]]}}, {"type": "Feature", "properties": {"nombre": "Bosques del Recreo", "tipo": "barrio"}, "geometry": {"type": "Polygon", "coordinates": [[[-86.26558, 12.09388], [-86.26576, 12.09393], [-86.26603, 12.09402], [-86.26614, 12.09405], [-86.26631, 12.09407], [-86.26662, 12.09416], [-86.26687, 12.09423], [-86.26699, 12.0943], [-86.26705, 12.09436], [-86.26705, 12.09436], [-86.26711, 12.09445], [-86.26715, 12.09461], [-86.26718, 12.09509], [-86.26719, 12.09511], [-86.26719, 12.09511], [-86.26684, 12.09515], [-86.26624, 12.09677], [-86.26554, 12.09706], [-86.26432, 12.09755], [-86.26385, 12.09752], [-86.26365, 12.0975], [-86.26342, 12.09744], [-86.26342, 12.09744], [-86.26353, 12.09711], [-86.26362, 12.09693], [-86.26404, 12.09618], [-86.26477, 12.09509], [-86.26546, 12.09407], [-86.26558, 12.09388]]]}}, {"type": "Feature", "properties": {"nombre": "Vincent Poujardeu", "tipo": "barrio"}, "geometry": {"type": "Polygon", "coordinates": [[[-86.26572, 12.08575], [-86.26591, 12.08569], [-86.26631, 12.0857], [-86.26653, 12.08549], [-86.26728, 12.08535], [-86.26728, 12.08535], [-86.26732, 12.08511], [-86.26738, 12.08465], [-86.26738, 12.08465], [-86.26571, 12.08485], [-86.26541, 12.08494], [-86.26535, 12.085], [-86.26553, 12.08515], [-86.26541, 12.08565], [-86.26548, 12.08578], [-86.26572, 12.08575]]]}}, {"type": "Feature", "properties": {"nombre": "Combatiente Desconocido", "tipo": "barrio"}, "geometry": {"type": "Polygon", "coordinates": [[[-86.27065, 12.08514], [-86.27018, 12.08416], [-86.27065, 12.08514], [-86.27078, 12.08544], [-86.27079, 12.08559], [-86.27064, 12.08684], [-86.27068, 12.0876], [-86.27151, 12.0884], [-86.27158, 12.08931], [-86.27158, 12.08931], [-86.27086, 12.08935], [-86.27081, 12.08888], [-86.27081, 12.08888], [-86.26999, 12.08896], [-86.27023, 12.09183], [-86.27016, 12.09264], [-86.26967, 12.0926], [-86.26967, 12.0926], [-86.26962, 12.09285], [-86.26959, 12.09309], [-86.26958, 12.09329], [-86.26959, 12.09347], [-86.26963, 12.09369], [-86.26971, 12.09406], [-86.26973, 12.09426], [-86.2683, 12.09429], [-86.26973, 12.09426], [-86.268, 12.09421], [-86.26811, 12.0942], [-86.26823, 12.09418], [-86.26827, 12.09424], [-86.2683, 12.09429], [-86.26705, 12.09436], [-86.26773, 12.09431], [-86.26773, 12.09427], [-86.26798, 12.09427], [-86.268, 12.09421], [-86.26558, 12.09388], [-86.26576, 12.09393], [-86.26603, 12.09402], [-86.26614, 12.09405], [-86.26631, 12.09407], [-86.26662, 12.09416], [-86.26687, 12.09423], [-86.26699, 12.0943], [-86.26705, 12.09436], [-86.26558, 12.09388], [-86.26552, 12.09365], [-86.26549, 12.09329], [-86.26478, 12.0932], [-86.26478, 12.0932], [-86.26545, 12.09239], [-86.26515, 12.09202], [-86.26514, 12.09184], [-86.26545, 12.0916], [-86.26582, 12.08849], [-86.26566, 12.08831], [-86.2656, 12.08822], [-86.26556, 12.08813], [-86.26554, 12.08804], [-86.26552, 12.08788], [-86.26551, 12.08766], [-86.26552, 12.08733], [-86.26565, 12.087], [-86.26598, 12.08631], [-86.26588, 12.08588], [-86.26572, 12.08575], [-86.26572, 12.08575], [-86.26591, 12.08569], [-86.26631, 12.0857], [-86.26653, 12.08549], [-86.26728, 12.08535], [-86.26728, 12.08535], [-86.26732, 12.08511], [-86.26738, 12.08465], [-86.26738, 12.08465], [-86.2674, 12.08447], [-86.26742, 12.08431], [-86.26743, 12.084], [-86.26743, 12.08384], [-86.26741, 12.08369], [-86.26741, 12.08364], [-86.26741, 12.08361], [-86.26737, 12.08334], [-86.26737, 12.08334], [-86.26805, 12.08349], [-86.26974, 12.08402], [-86.27018, 12.08416], [-86.27065, 12.08514]]]}}, {"type": "Feature", "properties": {"nombre": "La Esperanza", "tipo": "barrio"}, "geometry": {"type": "Polygon", "coordinates": [[[-86.26912, 12.06942], [-86.26918, 12.06934], [-86.2694, 12.06914], [-86.26946, 12.06904], [-86.26948, 12.06892], [-86.26948, 12.06881], [-86.26943, 12.06832], [-86.26939, 12.06754], [-86.26937, 12.06731], [-86.26936, 12.06716], [-86.26935, 12.06711], [-86.2691, 12.06622], [-86.26902, 12.06598], [-86.26891, 12.06574], [-86.26882, 12.06557], [-86.26877, 12.06547], [-86.26871, 12.06532], [-86.26867, 12.06516], [-86.26912, 12.06942], [-86.2687, 12.06942], [-86.26848, 12.07018], [-86.26779, 12.06996], [-86.26732, 12.06924], [-86.26693, 12.06893], [-86.2671, 12.06801], [-86.26708, 12.06749], [-86.26679, 12.06577], [-86.26691, 12.06558], [-86.26776, 12.06519], [-86.26814, 12.0652], [-86.26867, 12.06516], [-86.26912, 12.06942]]]}}, {"type": "Feature", "properties": {"nombre": "Miralagos", "tipo": "barrio"}, "geometry": {"type": "Polygon", "coordinates": [[[-86.26738, 12.08465], [-86.26571, 12.08485], [-86.26541, 12.08494], [-86.26535, 12.085], [-86.26553, 12.08515], [-86.26541, 12.08565], [-86.26548, 12.08578], [-86.26572, 12.08575], [-86.26468, 12.08701], [-86.26506, 12.08642], [-86.26558, 12.08588], [-86.26572, 12.08575], [-86.26425, 12.08669], [-86.26434, 12.08696], [-86.26443, 12.0871], [-86.26451, 12.08713], [-86.26462, 12.0871], [-86.26468, 12.08701], [-86.26425, 12.08669], [-86.26422, 12.08667], [-86.2642, 12.08664], [-86.26405, 12.0862], [-86.26388, 12.0857], [-86.26388, 12.0857], [-86.26367, 12.08521], [-86.26378, 12.08377], [-86.26302, 12.08394], [-86.26367, 12.08521], [-86.26378, 12.08377], [-86.26371, 12.08324], [-86.26371, 12.08317], [-86.26373, 12.0831], [-86.26376, 12.08305], [-86.26379, 12.08302], [-86.26384, 12.083], [-86.26387, 12.08301], [-86.26409, 12.083], [-86.26495, 12.08175], [-86.26427, 12.08182], [-86.26408, 12.08186], [-86.26416, 12.083], [-86.26409, 12.083], [-86.26681, 12.08207], [-86.26605, 12.08212], [-86.26604, 12.08179], [-86.26495, 12.08175], [-86.26711, 12.08205], [-86.26681, 12.08207], [-86.26737, 12.08334], [-86.26728, 12.08276], [-86.26718, 12.0823], [-86.26711, 12.08205], [-86.26738, 12.08465], [-86.2674, 12.08447], [-86.26742, 12.08431], [-86.26743, 12.084], [-86.26743, 12.08384], [-86.26741, 12.08369], [-86.26741, 12.08364], [-86.26741, 12.08361], [-86.26737, 12.08334], [-86.26738, 12.08465]]]}}, {"type": "Feature", "properties": {"nombre": "Portal del Bosque", "tipo": "barrio"}, "geometry": {"type": "Polygon", "coordinates": [[[-86.26891, 12.05804], [-86.26883, 12.05882], [-86.26982, 12.05879], [-86.27068, 12.05886], [-86.2703, 12.0571], [-86.27033, 12.05576], [-86.27007, 12.05451], [-86.26829, 12.05764], [-86.26878, 12.05768], [-86.26883, 12.0577], [-86.26886, 12.05776], [-86.26891, 12.05804], [-86.26809, 12.05761], [-86.26829, 12.05764], [-86.26809, 12.05761], [-86.26807, 12.05747], [-86.26796, 12.05706], [-86.26786, 12.05677], [-86.26781, 12.0566], [-86.26782, 12.05642], [-86.26791, 12.05599], [-86.26804, 12.05562], [-86.2681, 12.05551], [-86.26817, 12.05543], [-86.2686, 12.05492], [-86.27007, 12.05451], [-86.2686, 12.05492], [-86.26891, 12.05804]]]}}, {"type": "Feature", "properties": {"nombre": "Sector Colegio Centroamérica", "tipo": "barrio"}, "geometry": {"type": "Polygon", "coordinates": [[[-86.26251, 12.10056], [-86.26256, 12.10055], [-86.26361, 12.10052], [-86.26371, 12.10159], [-86.26549, 12.10184], [-86.26561, 12.10055], [-86.2678, 12.10086], [-86.26779, 12.10094], [-86.2693, 12.1011], [-86.26974, 12.09675], [-86.26948, 12.09887], [-86.26896, 12.09888], [-86.26896, 12.10005], [-86.26917, 12.10072], [-86.2693, 12.1011], [-86.26974, 12.09675], [-86.26943, 12.09667], [-86.2692, 12.0966], [-86.26894, 12.09655], [-86.26898, 12.09511], [-86.26897, 12.09545], [-86.26894, 12.09655], [-86.26898, 12.09511], [-86.26923, 12.09508], [-86.26934, 12.09508], [-86.26964, 12.09507], [-86.26971, 12.09509], [-86.26973, 12.09426], [-86.26973, 12.09441], [-86.26971, 12.09509], [-86.2683, 12.09429], [-86.26973, 12.09426], [-86.268, 12.09421], [-86.26811, 12.0942], [-86.26823, 12.09418], [-86.26827, 12.09424], [-86.2683, 12.09429], [-86.26705, 12.09436], [-86.26773, 12.09431], [-86.26773, 12.09427], [-86.26798, 12.09427], [-86.268, 12.09421], [-86.26705, 12.09436], [-86.26711, 12.09445], [-86.26715, 12.09461], [-86.26718, 12.09509], [-86.26719, 12.09511], [-86.26719, 12.09511], [-86.26684, 12.09515], [-86.26624, 12.09677], [-86.26554, 12.09706], [-86.26432, 12.09755], [-86.26385, 12.09752], [-86.26365, 12.0975], [-86.26342, 12.09744], [-86.26251, 12.10056], [-86.26251, 12.10032], [-86.26257, 12.10002], [-86.26285, 12.09906], [-86.263, 12.09863], [-86.26331, 12.09775], [-86.26337, 12.09758], [-86.26342, 12.09744], [-86.26251, 12.10056]]]}}, {"type": "Feature", "properties": {"nombre": "Sector Sur Comarca Jocote Dulce", "tipo": "barrio"}, "geometry": {"type": "Polygon", "coordinates": [[[-86.26737, 12.08334], [-86.26805, 12.08349], [-86.26974, 12.08402], [-86.27018, 12.08416], [-86.26737, 12.08334], [-86.26728, 12.08276], [-86.26718, 12.0823], [-86.26711, 12.08205], [-86.26711, 12.08205], [-86.26681, 12.08207], [-86.26681, 12.08207], [-86.26605, 12.08212], [-86.26604, 12.08179], [-86.26495, 12.08175], [-86.26495, 12.08175], [-86.26496, 12.08047], [-86.26496, 12.08047], [-86.26469, 12.08044], [-86.26483, 12.079], [-86.2648, 12.0792], [-86.2648, 12.07943], [-86.26479, 12.07967], [-86.26472, 12.08004], [-86.26469, 12.08044], [-86.26552, 12.07755], [-86.26509, 12.07866], [-86.26483, 12.079], [-86.26455, 12.07731], [-86.26521, 12.07744], [-86.26552, 12.07755], [-86.26455, 12.07731], [-86.26466, 12.07662], [-86.26476, 12.07603], [-86.26524, 12.07506], [-86.26582, 12.07434], [-86.26615, 12.07307], [-86.26615, 12.07307], [-86.26734, 12.07321], [-86.26781, 12.07323], [-86.26774, 12.07285], [-86.26772, 12.0723], [-86.26908, 12.07249], [-86.26912, 12.07236], [-86.26922, 12.07239], [-86.26908, 12.07386], [-86.26908, 12.07371], [-86.26903, 12.07333], [-86.26902, 12.07312], [-86.26904, 12.07291], [-86.26907, 12.07277], [-86.26922, 12.07239], [-86.26908, 12.07386], [-86.26961, 12.07387], [-86.26972, 12.07823], [-86.26963, 12.08011], [-86.2696, 12.08074], [-86.26926, 12.08157], [-86.26926, 12.08157], [-86.26934, 12.0816], [-86.27008, 12.08156], [-86.27018, 12.08416], [-86.27012, 12.08406], [-86.2701, 12.08392], [-86.27002, 12.08208], [-86.27003, 12.08181], [-86.27008, 12.08156], [-86.26737, 12.08334]]]}}, {"type": "Feature", "properties": {"nombre": "Residencia La Esperanza", "tipo": "residencial"}, "geometry": {"type": "Polygon", "coordinates": [[[-86.26912, 12.06942], [-86.2687, 12.06942], [-86.26848, 12.07018], [-86.26779, 12.06996], [-86.26732, 12.06924], [-86.26693, 12.06893], [-86.2671, 12.06801], [-86.26708, 12.06749], [-86.26679, 12.06577], [-86.26691, 12.06558], [-86.26776, 12.06519], [-86.26814, 12.0652], [-86.26867, 12.06516], [-86.26912, 12.06942], [-86.26918, 12.06934], [-86.2694, 12.06914], [-86.26946, 12.06904], [-86.26948, 12.06892], [-86.26948, 12.06881], [-86.26943, 12.06832], [-86.26939, 12.06754], [-86.26937, 12.06731], [-86.26936, 12.06716], [-86.26935, 12.06711], [-86.2691, 12.06622], [-86.26902, 12.06598], [-86.26891, 12.06574], [-86.26882, 12.06557], [-86.26877, 12.06547], [-86.26871, 12.06532], [-86.26867, 12.06516], [-86.26912, 12.06942]]]}}, {"type": "Feature", "properties": {"nombre": "Residencia Miralagos", "tipo": "residencial"}, "geometry": {"type": "Polygon", "coordinates": [[[-86.26468, 12.08701], [-86.26482, 12.08641], [-86.26473, 12.08586], [-86.26443, 12.08566], [-86.26434, 12.08515], [-86.26437, 12.08463], [-86.26491, 12.08459], [-86.26538, 12.08446], [-86.26593, 12.08421], [-86.26641, 12.08398], [-86.26659, 12.08383], [-86.26663, 12.08377], [-86.26652, 12.08282], [-86.26683, 12.08278], [-86.26679, 12.0824], [-86.26691, 12.08239], [-86.26691, 12.08234], [-86.26691, 12.0823], [-86.26681, 12.08231], [-86.26681, 12.08207], [-86.26425, 12.08669], [-86.26434, 12.08696], [-86.26443, 12.0871], [-86.26451, 12.08713], [-86.26462, 12.0871], [-86.26468, 12.08701], [-86.26425, 12.08669], [-86.26422, 12.08667], [-86.2642, 12.08664], [-86.26405, 12.0862], [-86.26388, 12.0857], [-86.26388, 12.0857], [-86.26367, 12.08521], [-86.26378, 12.08377], [-86.26302, 12.08394], [-86.26367, 12.08521], [-86.26378, 12.08377], [-86.26371, 12.08324], [-86.26371, 12.08317], [-86.26373, 12.0831], [-86.26376, 12.08305], [-86.26379, 12.08302], [-86.26384, 12.083], [-86.26387, 12.08301], [-86.26409, 12.083], [-86.26495, 12.08175], [-86.26427, 12.08182], [-86.26408, 12.08186], [-86.26416, 12.083], [-86.26409, 12.083], [-86.26681, 12.08207], [-86.26605, 12.08212], [-86.26604, 12.08179], [-86.26495, 12.08175], [-86.26468, 12.08701]]]}}, {"type": "Feature", "properties": {"nombre": "Los Angeles Jocote Dulce", "tipo": "barrio"}, "geometry": {"type": "Polygon", "coordinates": [[[-86.27396, 12.06723], [-86.2714, 12.06812], [-86.2711, 12.06733], [-86.27116, 12.06746], [-86.27124, 12.06775], [-86.2714, 12.06812], [-86.2711, 12.06733], [-86.27066, 12.06589], [-86.27027, 12.06533], [-86.27021, 12.06523], [-86.27016, 12.06514], [-86.27385, 12.06531], [-86.27259, 12.06495], [-86.27095, 12.06504], [-86.27077, 12.06505], [-86.27016, 12.06514], [-86.27396, 12.06723], [-86.27387, 12.06698], [-86.27409, 12.06652], [-86.274, 12.06632], [-86.27359, 12.06616], [-86.2735, 12.06579], [-86.27369, 12.06546], [-86.27385, 12.06531], [-86.27396, 12.06723]]]}}, {"type": "Feature", "properties": {"nombre": "Sector Oeste San Isidro de la Cruz Verde", "tipo": "barrio"}, "geometry": {"type": "Polygon", "coordinates": [[[-86.26388, 12.0857], [-86.26315, 12.08594], [-86.26287, 12.08462], [-86.26229, 12.08464], [-86.26192, 12.08466], [-86.26192, 12.08466], [-86.26191, 12.08438], [-86.26194, 12.08399], [-86.2621, 12.08346], [-86.26212, 12.08329], [-86.26213, 12.0832], [-86.26223, 12.08204], [-86.26223, 12.08204], [-86.26237, 12.08159], [-86.26249, 12.08121], [-86.26273, 12.08046], [-86.26273, 12.08], [-86.26282, 12.07901], [-86.26277, 12.07786], [-86.26271, 12.07712], [-86.26312, 12.07566], [-86.26363, 12.07366], [-86.26381, 12.07289], [-86.26615, 12.07307], [-86.26513, 12.0729], [-86.26381, 12.07289], [-86.26455, 12.07731], [-86.26466, 12.07662], [-86.26476, 12.07603], [-86.26524, 12.07506], [-86.26582, 12.07434], [-86.26615, 12.07307], [-86.26455, 12.07731], [-86.26521, 12.07744], [-86.26552, 12.07755], [-86.26552, 12.07755], [-86.26509, 12.07866], [-86.26483, 12.079], [-86.26483, 12.079], [-86.2648, 12.0792], [-86.2648, 12.07943], [-86.26479, 12.07967], [-86.26472, 12.08004], [-86.26469, 12.08044], [-86.26496, 12.08047], [-86.26469, 12.08044], [-86.26495, 12.08175], [-86.26496, 12.08047], [-86.26495, 12.08175], [-86.26427, 12.08182], [-86.26408, 12.08186], [-86.26416, 12.083], [-86.26409, 12.083], [-86.26378, 12.08377], [-86.26371, 12.08324], [-86.26371, 12.08317], [-86.26373, 12.0831], [-86.26376, 12.08305], [-86.26379, 12.08302], [-86.26384, 12.083], [-86.26387, 12.08301], [-86.26409, 12.083], [-86.26378, 12.08377], [-86.26302, 12.08394], [-86.26367, 12.08521], [-86.26388, 12.0857], [-86.26367, 12.08521], [-86.26388, 12.0857]]]}}, {"type": "Feature", "properties": {"nombre": "Sector Sur Jocote Dulce", "tipo": "barrio"}, "geometry": {"type": "Polygon", "coordinates": [[[-86.26381, 12.07289], [-86.26389, 12.07259], [-86.26392, 12.07238], [-86.26392, 12.07187], [-86.26387, 12.07144], [-86.26389, 12.07134], [-86.26428, 12.07075], [-86.26434, 12.07056], [-86.26438, 12.07033], [-86.26437, 12.07009], [-86.2643, 12.0698], [-86.26424, 12.06963], [-86.26391, 12.06915], [-86.26381, 12.06897], [-86.26375, 12.06878], [-86.26375, 12.06857], [-86.26375, 12.06829], [-86.2637, 12.06791], [-86.26368, 12.06701], [-86.26368, 12.06701], [-86.26367, 12.06662], [-86.26364, 12.06555], [-86.26323, 12.06499], [-86.26271, 12.06459], [-86.2625, 12.06397], [-86.26261, 12.06329], [-86.26272, 12.05201], [-86.26252, 12.05272], [-86.26242, 12.05306], [-86.26199, 12.05399], [-86.26175, 12.05571], [-86.26195, 12.05751], [-86.26184, 12.05922], [-86.26281, 12.06062], [-86.26261, 12.06329], [-86.26284, 12.04868], [-86.26247, 12.04894], [-86.26217, 12.04975], [-86.26289, 12.05147], [-86.26296, 12.05175], [-86.26272, 12.05201], [-86.26284, 12.04868], [-86.2638, 12.04919], [-86.26383, 12.0495], [-86.26444, 12.04966], [-86.26548, 12.05039], [-86.26502, 12.05221], [-86.26488, 12.05283], [-86.26503, 12.05357], [-86.267, 12.0536], [-86.26677, 12.05433], [-86.26677, 12.05433], [-86.26706, 12.05443], [-86.26725, 12.05443], [-86.26744, 12.0544], [-86.26767, 12.05439], [-86.26786, 12.05438], [-86.26823, 12.05435], [-86.26851, 12.05431], [-86.26851, 12.05431], [-86.26852, 12.05422], [-86.26856, 12.05412], [-86.26863, 12.054], [-86.26863, 12.054], [-86.26884, 12.05365], [-86.26984, 12.0535], [-86.26884, 12.05365], [-86.26984, 12.0535], [-86.26962, 12.05177], [-86.2695, 12.05077], [-86.26856, 12.04851], [-86.2683, 12.04789], [-86.26808, 12.04685], [-86.26803, 12.04568], [-86.26765, 12.04509], [-86.26638, 12.04422], [-86.26657, 12.04427], [-86.26679, 12.04446], [-86.26707, 12.04465], [-86.26742, 12.04481], [-86.26749, 12.04486], [-86.26765, 12.04509], [-86.26329, 12.04548], [-86.26339, 12.04543], [-86.26417, 12.04502], [-86.26453, 12.04479], [-86.26505, 12.04411], [-86.26528, 12.04395], [-86.26537, 12.04389], [-86.26578, 12.04404], [-86.26594, 12.04405], [-86.26615, 12.04409], [-86.26638, 12.04422], [-86.26418, 12.0365], [-86.26412, 12.0376], [-86.2633, 12.0402], [-86.26293, 12.04186], [-86.26294, 12.04218], [-86.26323, 12.0432], [-86.26328, 12.04395], [-86.26298, 12.04456], [-86.26293, 12.04492], [-86.26329, 12.04548], [-86.26866, 12.03668], [-86.26782, 12.03663], [-86.26744, 12.03469], [-86.26503, 12.03338], [-86.26443, 12.03337], [-86.26418, 12.0365], [-86.27241, 12.05798], [-86.2743, 12.05749], [-86.2737, 12.0563], [-86.27374, 12.05583], [-86.27345, 12.05506], [-86.27326, 12.05437], [-86.27319, 12.05409], [-86.27321, 12.05348], [-86.27313, 12.05219], [-86.27351, 12.05173], [-86.27347, 12.05122], [-86.27315, 12.05061], [-86.27316, 12.05012], [-86.27344, 12.0494], [-86.27342, 12.04864], [-86.27282, 12.0481], [-86.27239, 12.04736], [-86.2722, 12.04656], [-86.27177, 12.04596], [-86.27161, 12.04552], [-86.27139, 12.04467], [-86.27015, 12.04479], [-86.27038, 12.04342], [-86.2708, 12.04287], [-86.27044, 12.04184], [-86.27042, 12.04019], [-86.27015, 12.03869], [-86.26866, 12.03668], [-86.27385, 12.06531], [-86.27415, 12.06503], [-86.27419, 12.0645], [-86.27396, 12.06416], [-86.27334, 12.06421], [-86.27327, 12.06394], [-86.27292, 12.06377], [-86.27285, 12.06349], [-86.27307, 12.06313], [-86.27305, 12.06285], [-86.27279, 12.06276], [-86.27227, 12.06285], [-86.27209, 12.06265], [-86.27213, 12.06238], [-86.27233, 12.06192], [-86.27237, 12.06162], [-86.27201, 12.0615], [-86.27184, 12.06124], [-86.27189, 12.06097], [-86.27175, 12.06073], [-86.27185, 12.06041], [-86.2722, 12.0603], [-86.27246, 12.06036], [-86.27265, 12.06022], [-86.27242, 12.05997], [-86.27229, 12.05974], [-86.27207, 12.0596], [-86.27203, 12.05951], [-86.27215, 12.05934], [-86.27252, 12.05921], [-86.27267, 12.05896], [-86.27285, 12.05844], [-86.27271, 12.05822], [-86.27241, 12.05798], [-86.27385, 12.06531], [-86.27259, 12.06495], [-86.27095, 12.06504], [-86.27077, 12.06505], [-86.27016, 12.06514], [-86.2711, 12.06733], [-86.27066, 12.06589], [-86.27027, 12.06533], [-86.27021, 12.06523], [-86.27016, 12.06514], [-86.2711, 12.06733], [-86.27116, 12.06746], [-86.27124, 12.06775], [-86.2714, 12.06812], [-86.27396, 12.06723], [-86.2714, 12.06812], [-86.27476, 12.06804], [-86.27456, 12.06765], [-86.27396, 12.06723], [-86.27466, 12.07017], [-86.27402, 12.06844], [-86.27476, 12.06804], [-86.27383, 12.07199], [-86.27393, 12.07024], [-86.27466, 12.07017], [-86.27253, 12.07218], [-86.27329, 12.07202], [-86.27365, 12.07199], [-86.27383, 12.07199], [-86.27253, 12.07218], [-86.27254, 12.07231], [-86.27255, 12.07239], [-86.27271, 12.07286], [-86.27271, 12.07286], [-86.27218, 12.07276], [-86.27172, 12.07267], [-86.27142, 12.07266], [-86.27106, 12.0726], [-86.27061, 12.07252], [-86.26922, 12.07239], [-86.26615, 12.07307], [-86.26734, 12.07321], [-86.26781, 12.07323], [-86.26774, 12.07285], [-86.26772, 12.0723], [-86.26908, 12.07249], [-86.26912, 12.07236], [-86.26922, 12.07239], [-86.26615, 12.07307], [-86.26513, 12.0729], [-86.26381, 12.07289]]]}}, {"type": "Feature", "properties": {"nombre": "Altomonte", "tipo": "barrio"}, "geometry": {"type": "Polygon", "coordinates": [[[-86.2447, 12.08195], [-86.24541, 12.0814], [-86.24548, 12.08125], [-86.24584, 12.08046], [-86.24598, 12.08028], [-86.24632, 12.07983], [-86.24703, 12.07913], [-86.2472, 12.07882], [-86.24742, 12.07821], [-86.24752, 12.07809], [-86.2477, 12.07789], [-86.24861, 12.07731], [-86.24896, 12.07731], [-86.25065, 12.07742], [-86.25064, 12.07795], [-86.25058, 12.07857], [-86.252, 12.07852], [-86.24366, 12.07873], [-86.24332, 12.07944], [-86.24358, 12.08112], [-86.24354, 12.0815], [-86.24331, 12.08184], [-86.24323, 12.08243], [-86.24448, 12.08169], [-86.2447, 12.08195], [-86.24535, 12.07911], [-86.24513, 12.07906], [-86.24366, 12.07873], [-86.24535, 12.07911], [-86.24546, 12.07791], [-86.24562, 12.07684], [-86.24564, 12.07673], [-86.24571, 12.0763], [-86.24571, 12.0763], [-86.24514, 12.07612], [-86.24587, 12.07522], [-86.24575, 12.07523], [-86.24563, 12.0753], [-86.24542, 12.07557], [-86.24514, 12.07612], [-86.24587, 12.07522], [-86.24648, 12.07514], [-86.24677, 12.07489], [-86.24706, 12.07425], [-86.25071, 12.07448], [-86.24934, 12.07414], [-86.24711, 12.07413], [-86.24706, 12.07425], [-86.25071, 12.07448], [-86.25057, 12.07484], [-86.25057, 12.07484], [-86.25035, 12.07533], [-86.25032, 12.07539], [-86.25006, 12.0764], [-86.25075, 12.07647], [-86.25006, 12.0764], [-86.2514, 12.07656], [-86.25075, 12.07647], [-86.252, 12.07852], [-86.25183, 12.07666], [-86.2514, 12.07656], [-86.2447, 12.08195]]]}}, {"type": "Feature", "properties": {"nombre": "El Obelisco", "tipo": "barrio"}, "geometry": {"type": "Polygon", "coordinates": [[[-86.2467, 12.08356], [-86.2459, 12.08344], [-86.24581, 12.08345], [-86.24574, 12.08349], [-86.24568, 12.08352], [-86.24563, 12.08357], [-86.24559, 12.08365], [-86.24556, 12.08375], [-86.24546, 12.08427], [-86.24542, 12.08455], [-86.24588, 12.08384], [-86.24599, 12.08381], [-86.24667, 12.08362], [-86.2467, 12.08356]]]}}, {"type": "Feature", "properties": {"nombre": "La Qunita", "tipo": "barrio"}, "geometry": {"type": "Polygon", "coordinates": [[[-86.24989, 12.08252], [-86.24996, 12.08243], [-86.25014, 12.0823], [-86.25023, 12.08219], [-86.2504, 12.08174], [-86.25042, 12.08138], [-86.25048, 12.08099], [-86.25054, 12.07999], [-86.24807, 12.0831], [-86.2484, 12.08322], [-86.24885, 12.08219], [-86.24944, 12.08233], [-86.24989, 12.08252], [-86.24875, 12.08075], [-86.24897, 12.08089], [-86.24872, 12.08118], [-86.24857, 12.08109], [-86.24739, 12.0826], [-86.24776, 12.08282], [-86.24769, 12.08295], [-86.24807, 12.0831], [-86.24875, 12.08075], [-86.24897, 12.08029], [-86.25018, 12.07878], [-86.2501, 12.07923], [-86.25001, 12.07956], [-86.24982, 12.08007], [-86.24959, 12.08056], [-86.24897, 12.08029], [-86.25018, 12.07878], [-86.25029, 12.07914], [-86.25042, 12.07976], [-86.25051, 12.07997], [-86.25054, 12.07999], [-86.25051, 12.07997], [-86.24989, 12.08252]]]}}, {"type": "Feature", "properties": {"nombre": "Los Altos de Santo Domingo", "tipo": "barrio"}, "geometry": {"type": "Polygon", "coordinates": [[[-86.24534, 12.08297], [-86.24555, 12.08327], [-86.24547, 12.0837], [-86.2449, 12.08364], [-86.24416, 12.08658], [-86.24534, 12.08688], [-86.24565, 12.08525], [-86.245, 12.08245], [-86.24534, 12.08297], [-86.2474, 12.07949], [-86.24705, 12.07991], [-86.2466, 12.08042], [-86.24643, 12.08063], [-86.24633, 12.08081], [-86.24623, 12.08106], [-86.24603, 12.08155], [-86.24595, 12.08168], [-86.24582, 12.08185], [-86.24571, 12.08197], [-86.24507, 12.0824], [-86.245, 12.08245], [-86.24897, 12.08029], [-86.24898, 12.08018], [-86.24793, 12.0798], [-86.2474, 12.07949], [-86.24875, 12.08075], [-86.24897, 12.08029], [-86.24875, 12.08075], [-86.24897, 12.08089], [-86.24872, 12.08118], [-86.24857, 12.08109], [-86.24739, 12.0826], [-86.24776, 12.08282], [-86.24769, 12.08295], [-86.24807, 12.0831], [-86.24807, 12.0831], [-86.2477, 12.08362], [-86.24822, 12.08373], [-86.24798, 12.08427], [-86.24741, 12.08429], [-86.24599, 12.08399], [-86.24581, 12.08473], [-86.24565, 12.08525], [-86.24534, 12.08297]]]}}, {"type": "Feature", "properties": {"nombre": "Sector Este Altomonte", "tipo": "barrio"}, "geometry": {"type": "Polygon", "coordinates": [[[-86.24535, 12.07911], [-86.24513, 12.07906], [-86.24366, 12.07873], [-86.24409, 12.07688], [-86.24366, 12.07873], [-86.24514, 12.07612], [-86.24491, 12.07626], [-86.24445, 12.07658], [-86.24409, 12.07688], [-86.24571, 12.0763], [-86.24514, 12.07612], [-86.24535, 12.07911], [-86.24546, 12.07791], [-86.24562, 12.07684], [-86.24564, 12.07673], [-86.24571, 12.0763], [-86.24535, 12.07911]]]}}, {"type": "Feature", "properties": {"nombre": "Sector Sur Altos De Santo Domingo", "tipo": "barrio"}, "geometry": {"type": "Polygon", "coordinates": [[[-86.2474, 12.07949], [-86.24705, 12.07991], [-86.2466, 12.08042], [-86.24643, 12.08063], [-86.24633, 12.08081], [-86.24623, 12.08106], [-86.24603, 12.08155], [-86.24595, 12.08168], [-86.24582, 12.08185], [-86.24571, 12.08197], [-86.24507, 12.0824], [-86.245, 12.08245], [-86.2447, 12.08195], [-86.24478, 12.08214], [-86.24495, 12.08238], [-86.245, 12.08245], [-86.2447, 12.08195], [-86.24541, 12.0814], [-86.24548, 12.08125], [-86.24584, 12.08046], [-86.24598, 12.08028], [-86.24632, 12.07983], [-86.24703, 12.07913], [-86.2472, 12.07882], [-86.24742, 12.07821], [-86.24752, 12.07809], [-86.2477, 12.07789], [-86.24861, 12.07731], [-86.24896, 12.07731], [-86.25065, 12.07742], [-86.25064, 12.07795], [-86.25058, 12.07857], [-86.252, 12.07852], [-86.252, 12.07852], [-86.25215, 12.07916], [-86.25189, 12.08027], [-86.25234, 12.08037], [-86.25221, 12.08133], [-86.25221, 12.08133], [-86.2521, 12.08219], [-86.2521, 12.08219], [-86.25203, 12.08268], [-86.25139, 12.08279], [-86.25142, 12.08384], [-86.25138, 12.08422], [-86.25128, 12.08437], [-86.25057, 12.08391], [-86.25081, 12.08399], [-86.25106, 12.08413], [-86.25116, 12.08421], [-86.25122, 12.08426], [-86.25128, 12.08437], [-86.25057, 12.08391], [-86.2501, 12.08374], [-86.24939, 12.08345], [-86.2501, 12.08374], [-86.24939, 12.08345], [-86.24953, 12.08308], [-86.24963, 12.08287], [-86.24973, 12.08269], [-86.24989, 12.08252], [-86.24989, 12.08252], [-86.24996, 12.08243], [-86.25014, 12.0823], [-86.25023, 12.08219], [-86.2504, 12.08174], [-86.25042, 12.08138], [-86.25048, 12.08099], [-86.25054, 12.07999], [-86.25054, 12.07999], [-86.25051, 12.07997], [-86.25018, 12.07878], [-86.25029, 12.07914], [-86.25042, 12.07976], [-86.25051, 12.07997], [-86.25018, 12.07878], [-86.2501, 12.07923], [-86.25001, 12.07956], [-86.24982, 12.08007], [-86.24959, 12.08056], [-86.24897, 12.08029], [-86.24897, 12.08029], [-86.24898, 12.08018], [-86.24793, 12.0798], [-86.2474, 12.07949]]]}}, {"type": "Feature", "properties": {"nombre": "Sector Sureste Altomonte", "tipo": "barrio"}, "geometry": {"type": "MultiPolygon", "coordinates": [[[[-86.24587, 12.07522], [-86.24648, 12.07514], [-86.24677, 12.07489], [-86.24706, 12.07425], [-86.24587, 12.07522], [-86.24595, 12.07484], [-86.24604, 12.07461], [-86.24612, 12.07438], [-86.24617, 12.07424], [-86.24706, 12.07425], [-86.24631, 12.07418], [-86.24617, 12.07424], [-86.24587, 12.07522]]], [[[-86.2518, 12.07474], [-86.25177, 12.07487], [-86.25174, 12.07505], [-86.25155, 12.07572], [-86.2514, 12.07656], [-86.2514, 12.07656], [-86.25075, 12.07647], [-86.25075, 12.07647], [-86.25006, 12.0764], [-86.25057, 12.07484], [-86.25035, 12.07533], [-86.25032, 12.07539], [-86.25006, 12.0764], [-86.25071, 12.07448], [-86.25057, 12.07484], [-86.2518, 12.07474], [-86.25091, 12.07453], [-86.25071, 12.07448], [-86.2518, 12.07474]]]]}}, {"type": "Feature", "properties": {"nombre": "San Isidro de la Cruz Verde", "tipo": "barrio"}, "geometry": {"type": "Polygon", "coordinates": [[[-86.26195, 12.08538], [-86.26174, 12.08531], [-86.26146, 12.08526], [-86.26119, 12.0852], [-86.26119, 12.0852], [-86.26089, 12.08517], [-86.2606, 12.08517], [-86.2602, 12.08518], [-86.25932, 12.08394], [-86.26045, 12.08395], [-86.2602, 12.08518], [-86.25946, 12.08196], [-86.25943, 12.08251], [-86.25939, 12.08312], [-86.25932, 12.08394], [-86.2595, 12.08092], [-86.25946, 12.08196], [-86.26015, 12.08106], [-86.25985, 12.08096], [-86.25981, 12.08095], [-86.2595, 12.08092], [-86.26223, 12.08204], [-86.26188, 12.08192], [-86.26171, 12.08181], [-86.26134, 12.08151], [-86.26109, 12.08135], [-86.26093, 12.08123], [-86.26077, 12.08115], [-86.2606, 12.08108], [-86.26045, 12.08106], [-86.26015, 12.08106], [-86.26192, 12.08466], [-86.26191, 12.08438], [-86.26194, 12.08399], [-86.2621, 12.08346], [-86.26212, 12.08329], [-86.26213, 12.0832], [-86.26223, 12.08204], [-86.26195, 12.08538], [-86.26193, 12.08498], [-86.26192, 12.08466], [-86.26195, 12.08538]]]}}, {"type": "Feature", "properties": {"nombre": "Sector Sur San Isidro de la Cruz Verde", "tipo": "barrio"}, "geometry": {"type": "Polygon", "coordinates": [[[-86.2541, 12.08512], [-86.25619, 12.08504], [-86.25776, 12.08501], [-86.25937, 12.08517], [-86.2602, 12.08518], [-86.2541, 12.08512], [-86.2541, 12.085], [-86.25404, 12.08472], [-86.254, 12.08451], [-86.25401, 12.0843], [-86.25405, 12.08386], [-86.25405, 12.08386], [-86.25412, 12.08339], [-86.25417, 12.08308], [-86.25417, 12.08308], [-86.25389, 12.08296], [-86.25364, 12.08271], [-86.25336, 12.08257], [-86.25328, 12.08255], [-86.25314, 12.08249], [-86.25272, 12.08233], [-86.25248, 12.08227], [-86.25238, 12.08224], [-86.25222, 12.08222], [-86.2521, 12.08219], [-86.25221, 12.08133], [-86.2521, 12.08219], [-86.252, 12.07852], [-86.25215, 12.07916], [-86.25189, 12.08027], [-86.25234, 12.08037], [-86.25221, 12.08133], [-86.252, 12.07852], [-86.25183, 12.07666], [-86.2514, 12.07656], [-86.2518, 12.07474], [-86.25177, 12.07487], [-86.25174, 12.07505], [-86.25155, 12.07572], [-86.2514, 12.07656], [-86.24939, 12.06462], [-86.24883, 12.06733], [-86.24949, 12.06736], [-86.25099, 12.06742], [-86.25209, 12.06747], [-86.25369, 12.06754], [-86.25356, 12.06811], [-86.25287, 12.06902], [-86.25282, 12.06944], [-86.25285, 12.06964], [-86.25306, 12.07077], [-86.25085, 12.07082], [-86.24984, 12.07084], [-86.24955, 12.07255], [-86.25067, 12.07254], [-86.25087, 12.07254], [-86.25102, 12.07254], [-86.25223, 12.07254], [-86.25204, 12.07343], [-86.25182, 12.07451], [-86.2518, 12.07474], [-86.25445, 12.05744], [-86.25395, 12.05951], [-86.25162, 12.05907], [-86.24939, 12.06462], [-86.2578, 12.05311], [-86.25646, 12.05286], [-86.25495, 12.05691], [-86.25445, 12.05744], [-86.2578, 12.05311], [-86.25805, 12.05154], [-86.25807, 12.05139], [-86.26272, 12.05201], [-86.26242, 12.05132], [-86.26203, 12.05124], [-86.26199, 12.05246], [-86.26158, 12.05229], [-86.26116, 12.05227], [-86.26095, 12.05127], [-86.25807, 12.05139], [-86.26272, 12.05201], [-86.26252, 12.05272], [-86.26242, 12.05306], [-86.26199, 12.05399], [-86.26175, 12.05571], [-86.26195, 12.05751], [-86.26184, 12.05922], [-86.26281, 12.06062], [-86.26261, 12.06329], [-86.26368, 12.06701], [-86.26367, 12.06662], [-86.26364, 12.06555], [-86.26323, 12.06499], [-86.26271, 12.06459], [-86.2625, 12.06397], [-86.26261, 12.06329], [-86.26381, 12.07289], [-86.26389, 12.07259], [-86.26392, 12.07238], [-86.26392, 12.07187], [-86.26387, 12.07144], [-86.26389, 12.07134], [-86.26428, 12.07075], [-86.26434, 12.07056], [-86.26438, 12.07033], [-86.26437, 12.07009], [-86.2643, 12.0698], [-86.26424, 12.06963], [-86.26391, 12.06915], [-86.26381, 12.06897], [-86.26375, 12.06878], [-86.26375, 12.06857], [-86.26375, 12.06829], [-86.2637, 12.06791], [-86.26368, 12.06701], [-86.26223, 12.08204], [-86.26237, 12.08159], [-86.26249, 12.08121], [-86.26273, 12.08046], [-86.26273, 12.08], [-86.26282, 12.07901], [-86.26277, 12.07786], [-86.26271, 12.07712], [-86.26312, 12.07566], [-86.26363, 12.07366], [-86.26381, 12.07289], [-86.26223, 12.08204], [-86.26188, 12.08192], [-86.26171, 12.08181], [-86.26134, 12.08151], [-86.26109, 12.08135], [-86.26093, 12.08123], [-86.26077, 12.08115], [-86.2606, 12.08108], [-86.26045, 12.08106], [-86.26015, 12.08106], [-86.26015, 12.08106], [-86.25985, 12.08096], [-86.25981, 12.08095], [-86.2595, 12.08092], [-86.2595, 12.08092], [-86.25946, 12.08196], [-86.25946, 12.08196], [-86.25943, 12.08251], [-86.25939, 12.08312], [-86.25932, 12.08394], [-86.25932, 12.08394], [-86.26045, 12.08395], [-86.2602, 12.08518], [-86.2541, 12.08512]]]}}, {"type": "Feature", "properties": {"nombre": "Jacarandas", "tipo": "barrio"}, "geometry": {"type": "Polygon", "coordinates": [[[-86.25128, 12.08437], [-86.25119, 12.08507], [-86.25014, 12.08459], [-86.25119, 12.08507], [-86.25014, 12.08459], [-86.25036, 12.08425], [-86.25057, 12.08391], [-86.25057, 12.08391], [-86.25081, 12.08399], [-86.25106, 12.08413], [-86.25116, 12.08421], [-86.25122, 12.08426], [-86.25128, 12.08437]]]}}, {"type": "Feature", "properties": {"nombre": "Los Andes", "tipo": "barrio"}, "geometry": {"type": "Polygon", "coordinates": [[[-86.25403, 12.08512], [-86.2541, 12.08512], [-86.25163, 12.08579], [-86.25176, 12.08579], [-86.25179, 12.08556], [-86.25184, 12.08552], [-86.25229, 12.08556], [-86.25233, 12.0854], [-86.25237, 12.08521], [-86.25193, 12.08514], [-86.25198, 12.0848], [-86.25245, 12.08492], [-86.25246, 12.08499], [-86.25271, 12.08507], [-86.25342, 12.08511], [-86.25403, 12.08512], [-86.25119, 12.08507], [-86.25097, 12.08559], [-86.25163, 12.08579], [-86.25128, 12.08437], [-86.25119, 12.08507], [-86.2521, 12.08219], [-86.25203, 12.08268], [-86.25139, 12.08279], [-86.25142, 12.08384], [-86.25138, 12.08422], [-86.25128, 12.08437], [-86.25417, 12.08308], [-86.25389, 12.08296], [-86.25364, 12.08271], [-86.25336, 12.08257], [-86.25328, 12.08255], [-86.25314, 12.08249], [-86.25272, 12.08233], [-86.25248, 12.08227], [-86.25238, 12.08224], [-86.25222, 12.08222], [-86.2521, 12.08219], [-86.25405, 12.08386], [-86.25412, 12.08339], [-86.25417, 12.08308], [-86.2541, 12.08512], [-86.2541, 12.085], [-86.25404, 12.08472], [-86.254, 12.08451], [-86.25401, 12.0843], [-86.25405, 12.08386], [-86.25403, 12.08512]]]}}, {"type": "Feature", "properties": {"nombre": "Sector Norte San Isidro de la Cruz Verde", "tipo": "barrio"}, "geometry": {"type": "Polygon", "coordinates": [[[-86.25836, 12.09657], [-86.2581, 12.09603], [-86.26103, 12.09554], [-86.26117, 12.09562], [-86.2616, 12.09559], [-86.25708, 12.09675], [-86.25778, 12.09666], [-86.25836, 12.09657], [-86.25699, 12.09668], [-86.25708, 12.09675], [-86.2569, 12.09659], [-86.25699, 12.09668], [-86.25583, 12.09676], [-86.25627, 12.09672], [-86.2569, 12.09659], [-86.25473, 12.09652], [-86.25487, 12.09669], [-86.25499, 12.09677], [-86.2551, 12.0968], [-86.25514, 12.09676], [-86.2552, 12.09674], [-86.25526, 12.09677], [-86.25529, 12.09681], [-86.25583, 12.09676], [-86.25434, 12.09646], [-86.25473, 12.09652], [-86.25434, 12.09646], [-86.25433, 12.09642], [-86.25433, 12.09642], [-86.25433, 12.09639], [-86.25431, 12.09617], [-86.25424, 12.0958], [-86.25421, 12.09547], [-86.25422, 12.0951], [-86.25423, 12.09479], [-86.25423, 12.09452], [-86.25422, 12.09446], [-86.25421, 12.0944], [-86.25425, 12.0941], [-86.25428, 12.09389], [-86.25428, 12.09376], [-86.25429, 12.09366], [-86.25435, 12.09358], [-86.2545, 12.09344], [-86.2546, 12.09331], [-86.25474, 12.09313], [-86.25479, 12.09287], [-86.25478, 12.09257], [-86.25475, 12.09243], [-86.25471, 12.09228], [-86.25434, 12.09005], [-86.25471, 12.09228], [-86.25434, 12.09005], [-86.25393, 12.09014], [-86.25372, 12.09017], [-86.25372, 12.09017], [-86.25368, 12.09017], [-86.25364, 12.09018], [-86.25364, 12.09018], [-86.25363, 12.09011], [-86.25358, 12.08979], [-86.2536, 12.08929], [-86.25361, 12.08888], [-86.25357, 12.08833], [-86.25356, 12.0881], [-86.25344, 12.08765], [-86.25321, 12.087], [-86.25319, 12.08694], [-86.25307, 12.08662], [-86.25307, 12.08662], [-86.25288, 12.08609], [-86.2528, 12.08597], [-86.25277, 12.08591], [-86.25277, 12.08591], [-86.25286, 12.08589], [-86.25384, 12.08586], [-86.25394, 12.08581], [-86.25402, 12.08564], [-86.25411, 12.08523], [-86.2541, 12.08512], [-86.2541, 12.08512], [-86.25619, 12.08504], [-86.25776, 12.08501], [-86.25937, 12.08517], [-86.2602, 12.08518], [-86.26119, 12.0852], [-86.26089, 12.08517], [-86.2606, 12.08517], [-86.2602, 12.08518], [-86.26195, 12.08538], [-86.26174, 12.08531], [-86.26146, 12.08526], [-86.26119, 12.0852], [-86.26195, 12.08538], [-86.26193, 12.08498], [-86.26192, 12.08466], [-86.26388, 12.0857], [-86.26315, 12.08594], [-86.26287, 12.08462], [-86.26229, 12.08464], [-86.26192, 12.08466], [-86.26425, 12.08669], [-86.26422, 12.08667], [-86.2642, 12.08664], [-86.26405, 12.0862], [-86.26388, 12.0857], [-86.26425, 12.08669], [-86.26434, 12.08696], [-86.26443, 12.0871], [-86.26451, 12.08713], [-86.26462, 12.0871], [-86.26468, 12.08701], [-86.26468, 12.08701], [-86.26506, 12.08642], [-86.26558, 12.08588], [-86.26572, 12.08575], [-86.26478, 12.0932], [-86.26545, 12.09239], [-86.26515, 12.09202], [-86.26514, 12.09184], [-86.26545, 12.0916], [-86.26582, 12.08849], [-86.26566, 12.08831], [-86.2656, 12.08822], [-86.26556, 12.08813], [-86.26554, 12.08804], [-86.26552, 12.08788], [-86.26551, 12.08766], [-86.26552, 12.08733], [-86.26565, 12.087], [-86.26598, 12.08631], [-86.26588, 12.08588], [-86.26572, 12.08575], [-86.26192, 12.09505], [-86.26446, 12.09541], [-86.2646, 12.0952], [-86.26478, 12.0932], [-86.2616, 12.09559], [-86.26164, 12.09543], [-86.26175, 12.09525], [-86.26192, 12.09505], [-86.25836, 12.09657]]]}}, {"type": "Feature", "properties": {"nombre": "Altos de Las Cumbres", "tipo": "barrio"}, "geometry": {"type": "Polygon", "coordinates": [[[-86.25588, 12.09776], [-86.25739, 12.09745], [-86.25746, 12.09746], [-86.25584, 12.09693], [-86.25588, 12.09776], [-86.25583, 12.09676], [-86.25584, 12.09693], [-86.25583, 12.09676], [-86.25627, 12.09672], [-86.2569, 12.09659], [-86.2569, 12.09659], [-86.25699, 12.09668], [-86.25746, 12.09746], [-86.25723, 12.09709], [-86.25699, 12.09668], [-86.25588, 12.09776]]]}}, {"type": "Feature", "properties": {"nombre": "Bosques del Terraza", "tipo": "barrio"}, "geometry": {"type": "Polygon", "coordinates": [[[-86.26127, 12.09752], [-86.26119, 12.09747], [-86.25897, 12.09763], [-86.25897, 12.09763], [-86.25859, 12.09716], [-86.25859, 12.09716], [-86.25836, 12.09657], [-86.25836, 12.09657], [-86.2581, 12.09603], [-86.26103, 12.09554], [-86.26117, 12.09562], [-86.2616, 12.09559], [-86.26127, 12.09752], [-86.26141, 12.09724], [-86.26146, 12.09704], [-86.26147, 12.09687], [-86.26151, 12.09635], [-86.26154, 12.09595], [-86.2616, 12.09559], [-86.26127, 12.09752]]]}}, {"type": "Feature", "properties": {"nombre": "Las Cumbres 1", "tipo": "barrio"}, "geometry": {"type": "Polygon", "coordinates": [[[-86.25752, 12.10277], [-86.25828, 12.10279], [-86.2567, 12.10277], [-86.25705, 12.10276], [-86.25714, 12.10276], [-86.25752, 12.10277], [-86.25639, 12.10048], [-86.25668, 12.10267], [-86.25669, 12.10272], [-86.2567, 12.10277], [-86.25698, 12.10048], [-86.25639, 12.10048], [-86.25698, 12.10048], [-86.25698, 12.10041], [-86.25706, 12.10028], [-86.25708, 12.10021], [-86.25707, 12.10007], [-86.25805, 12.09995], [-86.25707, 12.10007], [-86.25828, 12.10275], [-86.25825, 12.10207], [-86.25823, 12.10168], [-86.25819, 12.10127], [-86.25816, 12.10103], [-86.25812, 12.10077], [-86.25809, 12.10044], [-86.25808, 12.10025], [-86.25805, 12.09995], [-86.25828, 12.10279], [-86.25828, 12.10275], [-86.25752, 12.10277]]]}}, {"type": "Feature", "properties": {"nombre": "Las Cumbres 2", "tipo": "barrio"}, "geometry": {"type": "Polygon", "coordinates": [[[-86.25805, 12.09995], [-86.25707, 12.10007], [-86.25698, 12.10048], [-86.25698, 12.10041], [-86.25706, 12.10028], [-86.25708, 12.10021], [-86.25707, 12.10007], [-86.25698, 12.10048], [-86.25639, 12.10048], [-86.25601, 12.10002], [-86.25604, 12.10048], [-86.25639, 12.10048], [-86.25596, 12.09981], [-86.25599, 12.09987], [-86.25601, 12.10002], [-86.25588, 12.09825], [-86.25588, 12.09868], [-86.25589, 12.09892], [-86.25594, 12.09956], [-86.25596, 12.09981], [-86.25588, 12.09825], [-86.25765, 12.09799], [-86.25768, 12.09794], [-86.25805, 12.09995], [-86.25804, 12.09985], [-86.25801, 12.09965], [-86.25794, 12.09905], [-86.25793, 12.09901], [-86.25793, 12.09898], [-86.25782, 12.09838], [-86.25779, 12.09825], [-86.25768, 12.09794], [-86.25805, 12.09995]]]}}, {"type": "Feature", "properties": {"nombre": "Mirador de Las Cumbres", "tipo": "barrio"}, "geometry": {"type": "Polygon", "coordinates": [[[-86.25588, 12.09825], [-86.25765, 12.09799], [-86.25768, 12.09794], [-86.25588, 12.09776], [-86.25588, 12.09825], [-86.25588, 12.09776], [-86.25739, 12.09745], [-86.25746, 12.09746], [-86.25768, 12.09794], [-86.25758, 12.0977], [-86.25746, 12.09746], [-86.25588, 12.09825]]]}}, {"type": "Feature", "properties": {"nombre": "Portal del Carmen", "tipo": "barrio"}, "geometry": {"type": "Polygon", "coordinates": [[[-86.256, 12.10002], [-86.25601, 12.10002], [-86.25554, 12.10004], [-86.256, 12.10002], [-86.25464, 12.0997], [-86.25465, 12.09983], [-86.25484, 12.10051], [-86.25534, 12.1005], [-86.25554, 12.10004], [-86.25461, 12.09705], [-86.25459, 12.09766], [-86.25465, 12.09923], [-86.25464, 12.0997], [-86.25473, 12.09652], [-86.25461, 12.09705], [-86.25473, 12.09652], [-86.25487, 12.09669], [-86.25499, 12.09677], [-86.2551, 12.0968], [-86.25514, 12.09676], [-86.2552, 12.09674], [-86.25526, 12.09677], [-86.25529, 12.09681], [-86.25583, 12.09676], [-86.25583, 12.09676], [-86.25584, 12.09693], [-86.25584, 12.09693], [-86.25588, 12.09776], [-86.25588, 12.09776], [-86.25588, 12.09825], [-86.25588, 12.09825], [-86.25588, 12.09868], [-86.25589, 12.09892], [-86.25594, 12.09956], [-86.25596, 12.09981], [-86.25596, 12.09981], [-86.25599, 12.09987], [-86.25601, 12.10002], [-86.256, 12.10002]]]}}, {"type": "Feature", "properties": {"nombre": "Sector Este Bosques del Terraza", "tipo": "barrio"}, "geometry": {"type": "Polygon", "coordinates": [[[-86.25859, 12.09716], [-86.25746, 12.09746], [-86.25746, 12.09746], [-86.25723, 12.09709], [-86.25699, 12.09668], [-86.25699, 12.09668], [-86.25708, 12.09675], [-86.25708, 12.09675], [-86.25778, 12.09666], [-86.25836, 12.09657], [-86.25859, 12.09716], [-86.25836, 12.09657], [-86.25859, 12.09716]]]}}, {"type": "Feature", "properties": {"nombre": "Vargas", "tipo": "barrio"}, "geometry": {"type": "Polygon", "coordinates": [[[-86.25897, 12.09763], [-86.25768, 12.09794], [-86.25768, 12.09794], [-86.25758, 12.0977], [-86.25746, 12.09746], [-86.25859, 12.09716], [-86.25746, 12.09746], [-86.25897, 12.09763], [-86.25859, 12.09716], [-86.25897, 12.09763]]]}}, {"type": "Feature", "properties": {"nombre": "Santa Clara Cruz del Paraíso", "tipo": "barrio"}, "geometry": {"type": "Polygon", "coordinates": [[[-86.25257, 12.10211], [-86.25253, 12.10232], [-86.2532, 12.10208], [-86.25257, 12.10211], [-86.2532, 12.10208], [-86.25316, 12.10234], [-86.25303, 12.10234], [-86.25253, 12.10232], [-86.25303, 12.10234], [-86.25257, 12.10211]]]}}, {"type": "Feature", "properties": {"nombre": "Santa Mónica", "tipo": "barrio"}, "geometry": {"type": "Polygon", "coordinates": [[[-86.25274, 12.10053], [-86.25374, 12.10058], [-86.25371, 12.10083], [-86.2536, 12.10207], [-86.2532, 12.10208], [-86.2532, 12.10208], [-86.25257, 12.10211], [-86.25257, 12.10211], [-86.25262, 12.10202], [-86.25262, 12.10202], [-86.2526, 12.10182], [-86.25269, 12.1014], [-86.25271, 12.10104], [-86.25272, 12.10051], [-86.25272, 12.10051], [-86.25274, 12.10053]]]}}, {"type": "Feature", "properties": {"nombre": "Sector Norte Cruz Del Paraíso", "tipo": "barrio"}, "geometry": {"type": "Polygon", "coordinates": [[[-86.25125, 12.10179], [-86.25014, 12.10189], [-86.24999, 12.10191], [-86.24999, 12.10191], [-86.24999, 12.10188], [-86.24995, 12.10167], [-86.24987, 12.10125], [-86.24987, 12.10125], [-86.24985, 12.1011], [-86.24973, 12.10079], [-86.24955, 12.10037], [-86.24941, 12.10003], [-86.24923, 12.09954], [-86.24886, 12.09888], [-86.24881, 12.09876], [-86.24874, 12.09853], [-86.24865, 12.09822], [-86.24863, 12.09813], [-86.25053, 12.09764], [-86.25027, 12.09768], [-86.25013, 12.09772], [-86.24863, 12.09813], [-86.25175, 12.09753], [-86.25153, 12.09756], [-86.25135, 12.09756], [-86.25122, 12.09757], [-86.25108, 12.09759], [-86.25074, 12.09761], [-86.25053, 12.09764], [-86.25266, 12.09731], [-86.25219, 12.09749], [-86.25201, 12.09751], [-86.25175, 12.09753], [-86.25266, 12.09731], [-86.25312, 12.09809], [-86.25186, 12.0988], [-86.25144, 12.09906], [-86.25144, 12.09906], [-86.25122, 12.09914], [-86.25158, 12.10042], [-86.25161, 12.10055], [-86.25159, 12.10072], [-86.2514, 12.10125], [-86.25125, 12.10179]]]}}, {"type": "Feature", "properties": {"nombre": "Sector Sur Pista Jean Paul Genie", "tipo": "barrio"}, "geometry": {"type": "Polygon", "coordinates": [[[-86.25252, 12.10235], [-86.25253, 12.10232], [-86.25253, 12.10232], [-86.25303, 12.10234], [-86.2532, 12.10208], [-86.25316, 12.10234], [-86.25303, 12.10234], [-86.25274, 12.10053], [-86.25374, 12.10058], [-86.25371, 12.10083], [-86.2536, 12.10207], [-86.2532, 12.10208], [-86.25272, 12.10051], [-86.25274, 12.10053], [-86.25272, 12.10051], [-86.25258, 12.1005], [-86.2526, 12.10015], [-86.25249, 12.10014], [-86.25281, 12.09879], [-86.25281, 12.09879], [-86.2533, 12.09875], [-86.2533, 12.09879], [-86.25363, 12.09876], [-86.25364, 12.09936], [-86.25378, 12.0996], [-86.25398, 12.09964], [-86.25425, 12.09967], [-86.25464, 12.0997], [-86.25464, 12.0997], [-86.25465, 12.09983], [-86.25484, 12.10051], [-86.25534, 12.1005], [-86.25554, 12.10004], [-86.25554, 12.10004], [-86.256, 12.10002], [-86.256, 12.10002], [-86.25601, 12.10002], [-86.25601, 12.10002], [-86.25604, 12.10048], [-86.25639, 12.10048], [-86.25639, 12.10048], [-86.25668, 12.10267], [-86.25669, 12.10272], [-86.2567, 12.10277], [-86.2567, 12.10277], [-86.25653, 12.10279], [-86.25613, 12.10289], [-86.25613, 12.10289], [-86.25553, 12.10304], [-86.25485, 12.1032], [-86.25485, 12.1032], [-86.25469, 12.10324], [-86.25289, 12.10396], [-86.25172, 12.1047], [-86.25143, 12.10484], [-86.2512, 12.10498], [-86.25092, 12.10512], [-86.25089, 12.10513], [-86.25085, 12.10508], [-86.25089, 12.10513], [-86.25085, 12.10508], [-86.25081, 12.10494], [-86.25079, 12.10485], [-86.25078, 12.10468], [-86.25075, 12.10438], [-86.25075, 12.10436], [-86.25074, 12.10417], [-86.25072, 12.10408], [-86.2507, 12.10402], [-86.25068, 12.10395], [-86.25064, 12.10387], [-86.25056, 12.10375], [-86.25049, 12.10365], [-86.25042, 12.10355], [-86.25035, 12.10347], [-86.25027, 12.10332], [-86.25022, 12.10321], [-86.25018, 12.10308], [-86.25015, 12.10288], [-86.25013, 12.1027], [-86.25013, 12.1027], [-86.25097, 12.10249], [-86.25142, 12.10246], [-86.25137, 12.10305], [-86.25252, 12.10235], [-86.25242, 12.10299], [-86.25239, 12.10304], [-86.25235, 12.10306], [-86.2523, 12.10307], [-86.25197, 12.10306], [-86.25156, 12.10304], [-86.25137, 12.10305], [-86.25252, 12.10235]]]}}, {"type": "Feature", "properties": {"nombre": "Villa Bellini", "tipo": "barrio"}, "geometry": {"type": "Polygon", "coordinates": [[[-86.25014, 12.09558], [-86.25005, 12.09567], [-86.24994, 12.0958], [-86.24987, 12.09583], [-86.24988, 12.09551], [-86.2499, 12.09466], [-86.25012, 12.09441], [-86.25021, 12.09432], [-86.25062, 12.0943], [-86.25084, 12.09435], [-86.2507, 12.09468], [-86.25057, 12.09495], [-86.2503, 12.0955], [-86.25023, 12.09548], [-86.25014, 12.09558]]]}}, {"type": "Feature", "properties": {"nombre": "Magnolias", "tipo": "barrio"}, "geometry": {"type": "Polygon", "coordinates": [[[-86.24588, 12.09887], [-86.2464, 12.09881], [-86.24632, 12.10008], [-86.24643, 12.10009], [-86.24643, 12.10041], [-86.24581, 12.10044], [-86.24588, 12.09887], [-86.24581, 12.10044], [-86.24588, 12.09887]]]}}, {"type": "Feature", "properties": {"nombre": "Sector Norte El Mirador", "tipo": "barrio"}, "geometry": {"type": "Polygon", "coordinates": [[[-86.23927, 12.09566], [-86.24312, 12.09992], [-86.24564, 12.10268], [-86.23927, 12.09566], [-86.24097, 12.09448], [-86.2424, 12.09445], [-86.24325, 12.09427], [-86.24358, 12.09416], [-86.24397, 12.09565], [-86.2438, 12.09483], [-86.24372, 12.09472], [-86.24358, 12.09416], [-86.24406, 12.09614], [-86.24397, 12.09565], [-86.24588, 12.09832], [-86.24483, 12.09814], [-86.24461, 12.09815], [-86.24417, 12.09819], [-86.24415, 12.09786], [-86.24414, 12.09776], [-86.24285, 12.0978], [-86.24292, 12.09636], [-86.24406, 12.09614], [-86.24588, 12.09832], [-86.24588, 12.09887], [-86.24588, 12.09887], [-86.24581, 12.10044], [-86.24581, 12.10044], [-86.24579, 12.10111], [-86.24572, 12.10227], [-86.24564, 12.10268], [-86.24572, 12.10227], [-86.23927, 12.09566]]]}}, {"type": "Feature", "properties": {"nombre": "Sector Sur Cruz Del Paraíso", "tipo": "barrio"}, "geometry": {"type": "Polygon", "coordinates": [[[-86.25266, 12.09731], [-86.25219, 12.09749], [-86.25201, 12.09751], [-86.25175, 12.09753], [-86.25175, 12.09753], [-86.25153, 12.09756], [-86.25135, 12.09756], [-86.25122, 12.09757], [-86.25108, 12.09759], [-86.25074, 12.09761], [-86.25053, 12.09764], [-86.25053, 12.09764], [-86.25027, 12.09768], [-86.25013, 12.09772], [-86.24863, 12.09813], [-86.24863, 12.09813], [-86.24862, 12.09811], [-86.24857, 12.09793], [-86.24854, 12.09789], [-86.24852, 12.09784], [-86.24846, 12.09775], [-86.24829, 12.09752], [-86.24825, 12.09743], [-86.2482, 12.09732], [-86.24635, 12.09401], [-86.24644, 12.09406], [-86.24644, 12.09407], [-86.24696, 12.09442], [-86.2475, 12.0949], [-86.2478, 12.09525], [-86.24791, 12.09543], [-86.24795, 12.0955], [-86.24817, 12.09602], [-86.24821, 12.09617], [-86.24823, 12.09625], [-86.24823, 12.09633], [-86.24824, 12.09646], [-86.24818, 12.09699], [-86.24818, 12.09702], [-86.24818, 12.0972], [-86.24818, 12.09725], [-86.2482, 12.09732], [-86.24607, 12.09384], [-86.24624, 12.09394], [-86.24635, 12.09401], [-86.24537, 12.09212], [-86.24535, 12.09241], [-86.24538, 12.09269], [-86.24549, 12.09308], [-86.24571, 12.09347], [-86.24596, 12.09375], [-86.24607, 12.09383], [-86.24607, 12.09383], [-86.24607, 12.09384], [-86.24537, 12.09212], [-86.24662, 12.09215], [-86.24679, 12.09173], [-86.24679, 12.09173], [-86.24837, 12.09183], [-86.24838, 12.09156], [-86.24837, 12.09183], [-86.24838, 12.09156], [-86.25142, 12.09134], [-86.25145, 12.0912], [-86.25175, 12.09121], [-86.25366, 12.0913], [-86.25366, 12.0913], [-86.25366, 12.09119], [-86.25367, 12.09076], [-86.25366, 12.0905], [-86.25364, 12.09018], [-86.25372, 12.09017], [-86.25368, 12.09017], [-86.25364, 12.09018], [-86.25434, 12.09005], [-86.25393, 12.09014], [-86.25372, 12.09017], [-86.25434, 12.09005], [-86.25471, 12.09228], [-86.25433, 12.09642], [-86.25433, 12.09639], [-86.25431, 12.09617], [-86.25424, 12.0958], [-86.25421, 12.09547], [-86.25422, 12.0951], [-86.25423, 12.09479], [-86.25423, 12.09452], [-86.25422, 12.09446], [-86.25421, 12.0944], [-86.25425, 12.0941], [-86.25428, 12.09389], [-86.25428, 12.09376], [-86.25429, 12.09366], [-86.25435, 12.09358], [-86.2545, 12.09344], [-86.2546, 12.09331], [-86.25474, 12.09313], [-86.25479, 12.09287], [-86.25478, 12.09257], [-86.25475, 12.09243], [-86.25471, 12.09228], [-86.25434, 12.09646], [-86.25433, 12.09642], [-86.25266, 12.09731], [-86.25434, 12.09646], [-86.25266, 12.09731]]]}}, {"type": "Feature", "properties": {"nombre": "Sector Sur Rotonda Jean Paul Genie", "tipo": "barrio"}, "geometry": {"type": "Polygon", "coordinates": [[[-86.24564, 12.10268], [-86.24572, 12.10227], [-86.24581, 12.10044], [-86.24579, 12.10111], [-86.24572, 12.10227], [-86.24588, 12.09887], [-86.2464, 12.09881], [-86.24632, 12.10008], [-86.24643, 12.10009], [-86.24643, 12.10041], [-86.24581, 12.10044], [-86.24588, 12.09832], [-86.24588, 12.09887], [-86.2482, 12.09732], [-86.24798, 12.09734], [-86.24745, 12.09739], [-86.24671, 12.09746], [-86.24667, 12.09747], [-86.24651, 12.09748], [-86.24643, 12.09749], [-86.24598, 12.09753], [-86.24594, 12.0977], [-86.24598, 12.09753], [-86.24588, 12.09832], [-86.2459, 12.09806], [-86.24594, 12.0977], [-86.24863, 12.09813], [-86.24862, 12.09811], [-86.24857, 12.09793], [-86.24854, 12.09789], [-86.24852, 12.09784], [-86.24846, 12.09775], [-86.24829, 12.09752], [-86.24825, 12.09743], [-86.2482, 12.09732], [-86.24987, 12.10125], [-86.24985, 12.1011], [-86.24973, 12.10079], [-86.24955, 12.10037], [-86.24941, 12.10003], [-86.24923, 12.09954], [-86.24886, 12.09888], [-86.24881, 12.09876], [-86.24874, 12.09853], [-86.24865, 12.09822], [-86.24863, 12.09813], [-86.24999, 12.10191], [-86.24999, 12.10188], [-86.24995, 12.10167], [-86.24987, 12.10125], [-86.25003, 12.10221], [-86.24999, 12.10191], [-86.25013, 12.1027], [-86.25003, 12.10221], [-86.25085, 12.10508], [-86.25081, 12.10494], [-86.25079, 12.10485], [-86.25078, 12.10468], [-86.25075, 12.10438], [-86.25075, 12.10436], [-86.25074, 12.10417], [-86.25072, 12.10408], [-86.2507, 12.10402], [-86.25068, 12.10395], [-86.25064, 12.10387], [-86.25056, 12.10375], [-86.25049, 12.10365], [-86.25042, 12.10355], [-86.25035, 12.10347], [-86.25027, 12.10332], [-86.25022, 12.10321], [-86.25018, 12.10308], [-86.25015, 12.10288], [-86.25013, 12.1027], [-86.25085, 12.10508], [-86.25089, 12.10513], [-86.25089, 12.10513], [-86.25075, 12.10517], [-86.2504, 12.10533], [-86.25026, 12.10541], [-86.24936, 12.1059], [-86.24858, 12.10655], [-86.24564, 12.10268], [-86.24855, 12.10593], [-86.24858, 12.10655], [-86.24564, 12.10268]]]}}, {"type": "Feature", "properties": {"nombre": "Sector La Salle", "tipo": "barrio"}, "geometry": {"type": "Polygon", "coordinates": [[[-86.26857, 12.11234], [-86.26844, 12.11234], [-86.26752, 12.11249], [-86.26732, 12.1125], [-86.26714, 12.1125], [-86.26714, 12.1125], [-86.26704, 12.1125], [-86.26685, 12.1125], [-86.26657, 12.1125], [-86.26647, 12.1125], [-86.26621, 12.1125], [-86.2658, 12.1125], [-86.2658, 12.1125], [-86.26526, 12.1125], [-86.26526, 12.1125], [-86.26527, 12.11209], [-86.26541, 12.10947], [-86.26538, 12.10968], [-86.2653, 12.11046], [-86.26529, 12.11059], [-86.26527, 12.11081], [-86.26526, 12.11136], [-86.26526, 12.11155], [-86.26527, 12.11209], [-86.26493, 12.10801], [-86.26497, 12.10808], [-86.26497, 12.10808], [-86.26516, 12.10838], [-86.26523, 12.10848], [-86.2653, 12.10862], [-86.26536, 12.10873], [-86.2654, 12.10888], [-86.26542, 12.10899], [-86.26543, 12.10917], [-86.26541, 12.10947], [-86.26504, 12.10801], [-86.26493, 12.10801], [-86.26579, 12.10806], [-86.26524, 12.108], [-86.26506, 12.108], [-86.26504, 12.10801], [-86.26732, 12.10831], [-86.26632, 12.10829], [-86.26627, 12.10806], [-86.26579, 12.10806], [-86.26732, 12.10831], [-86.26814, 12.10828], [-86.26825, 12.10914], [-86.26837, 12.10988], [-86.26838, 12.10992], [-86.26857, 12.11226], [-86.26857, 12.11234]]]}}, {"type": "Feature", "properties": {"nombre": "Inmaculada Villa Fontana", "tipo": "barrio"}, "geometry": {"type": "Polygon", "coordinates": [[[-86.26037, 12.10603], [-86.26176, 12.10606], [-86.26203, 12.10611], [-86.26037, 12.10603], [-86.26045, 12.1054], [-86.26074, 12.10544], [-86.26074, 12.10544], [-86.26125, 12.10552], [-86.26125, 12.10573], [-86.2619, 12.10575], [-86.2619, 12.10575], [-86.26193, 12.10584], [-86.26199, 12.10596], [-86.26203, 12.10611], [-86.26037, 12.10603]]]}}, {"type": "Feature", "properties": {"nombre": "Madroños Villa Fontana", "tipo": "barrio"}, "geometry": {"type": "Polygon", "coordinates": [[[-86.26175, 12.10522], [-86.2618, 12.10535], [-86.2619, 12.10575], [-86.26074, 12.10544], [-86.26125, 12.10552], [-86.26125, 12.10573], [-86.2619, 12.10575], [-86.26074, 12.10544], [-86.26071, 12.10476], [-86.26132, 12.10483], [-86.26146, 12.10491], [-86.26158, 12.10506], [-86.2617, 12.10524], [-86.26175, 12.10522]]]}}, {"type": "Feature", "properties": {"nombre": "Sector Este Camino a Las Nubes", "tipo": "barrio"}, "geometry": {"type": "Polygon", "coordinates": [[[-86.26526, 12.1125], [-86.26483, 12.11249], [-86.26483, 12.11249], [-86.26475, 12.11249], [-86.26455, 12.11249], [-86.26339, 12.11248], [-86.26339, 12.11248], [-86.26269, 12.11247], [-86.26266, 12.11237], [-86.26269, 12.11247], [-86.26258, 12.10793], [-86.26258, 12.10837], [-86.26233, 12.10902], [-86.26229, 12.10975], [-86.26221, 12.11025], [-86.26223, 12.11087], [-86.26238, 12.11153], [-86.26264, 12.1122], [-86.26266, 12.11237], [-86.26258, 12.10793], [-86.26301, 12.10794], [-86.26493, 12.10801], [-86.26475, 12.10795], [-86.26362, 12.10798], [-86.26301, 12.10794], [-86.26493, 12.10801], [-86.26497, 12.10808], [-86.26497, 12.10808], [-86.26516, 12.10838], [-86.26523, 12.10848], [-86.2653, 12.10862], [-86.26536, 12.10873], [-86.2654, 12.10888], [-86.26542, 12.10899], [-86.26543, 12.10917], [-86.26541, 12.10947], [-86.26541, 12.10947], [-86.26538, 12.10968], [-86.2653, 12.11046], [-86.26529, 12.11059], [-86.26527, 12.11081], [-86.26526, 12.11136], [-86.26526, 12.11155], [-86.26527, 12.11209], [-86.26526, 12.1125], [-86.26527, 12.11209], [-86.26526, 12.1125]]]}}, {"type": "Feature", "properties": {"nombre": "Sector Norte Villa Fontana Este", "tipo": "barrio"}, "geometry": {"type": "Polygon", "coordinates": [[[-86.26074, 12.10544], [-86.26071, 12.10476], [-86.26132, 12.10483], [-86.26146, 12.10491], [-86.26158, 12.10506], [-86.2617, 12.10524], [-86.26175, 12.10522], [-86.26037, 12.10603], [-86.26045, 12.1054], [-86.26074, 12.10544], [-86.25878, 12.10657], [-86.25993, 12.10653], [-86.25993, 12.10637], [-86.26031, 12.10636], [-86.26037, 12.10603], [-86.25875, 12.10626], [-86.25878, 12.10657], [-86.2587, 12.10558], [-86.25875, 12.10626], [-86.25862, 12.10455], [-86.2587, 12.10558], [-86.26016, 12.10268], [-86.26023, 12.10377], [-86.26013, 12.10384], [-86.26008, 12.10408], [-86.26009, 12.10437], [-86.25862, 12.10455], [-86.26043, 12.10267], [-86.26028, 12.10268], [-86.26016, 12.10268], [-86.26093, 12.10263], [-86.26043, 12.10267], [-86.26095, 12.10263], [-86.26093, 12.10263], [-86.26098, 12.10283], [-86.26095, 12.10263], [-86.26098, 12.10283], [-86.26105, 12.10318], [-86.26115, 12.10351], [-86.26123, 12.10409], [-86.26129, 12.10451], [-86.26136, 12.10463], [-86.26159, 12.10497], [-86.26175, 12.10522], [-86.26074, 12.10544]]]}}, {"type": "Feature", "properties": {"nombre": "Villa Fontana Este", "tipo": "barrio"}, "geometry": {"type": "Polygon", "coordinates": [[[-86.26203, 12.10611], [-86.26223, 12.10643], [-86.26241, 12.10717], [-86.26246, 12.10735], [-86.26246, 12.10735], [-86.25885, 12.10733], [-86.25878, 12.10657], [-86.25878, 12.10657], [-86.25993, 12.10653], [-86.25993, 12.10637], [-86.26031, 12.10636], [-86.26037, 12.10603], [-86.26037, 12.10603], [-86.26176, 12.10606], [-86.26203, 12.10611]]]}}, {"type": "Feature", "properties": {"nombre": "Planes De Puntaldía", "tipo": "barrio"}, "geometry": {"type": "Polygon", "coordinates": [[[-86.25875, 12.10626], [-86.25634, 12.1069], [-86.25617, 12.10764], [-86.25535, 12.10754], [-86.25533, 12.1076], [-86.25498, 12.10759], [-86.25494, 12.10751], [-86.25472, 12.10747], [-86.25435, 12.10724], [-86.25435, 12.10724], [-86.25431, 12.10706], [-86.25439, 12.10695], [-86.2544, 12.10678], [-86.25455, 12.10658], [-86.25419, 12.10636], [-86.25435, 12.10616], [-86.25443, 12.1061], [-86.25463, 12.10599], [-86.25469, 12.10592], [-86.25478, 12.10583], [-86.25481, 12.10569], [-86.25481, 12.10533], [-86.25492, 12.10498], [-86.25523, 12.10456], [-86.25502, 12.10403], [-86.25486, 12.10324], [-86.25485, 12.1032], [-86.25613, 12.10289], [-86.25553, 12.10304], [-86.25485, 12.1032], [-86.25613, 12.10289], [-86.25627, 12.10483], [-86.25628, 12.10493], [-86.25653, 12.10492], [-86.25655, 12.10541], [-86.25629, 12.10544], [-86.2563, 12.1058], [-86.2564, 12.1058], [-86.2566, 12.10579], [-86.25661, 12.10595], [-86.25723, 12.10592], [-86.25722, 12.10559], [-86.25732, 12.10558], [-86.2587, 12.10558], [-86.25732, 12.10558], [-86.2587, 12.10558], [-86.25875, 12.10626]]]}}, {"type": "Feature", "properties": {"nombre": "Sector Camino De Oriente", "tipo": "barrio"}, "geometry": {"type": "Polygon", "coordinates": [[[-86.2561, 12.11286], [-86.25595, 12.11298], [-86.25585, 12.11307], [-86.25582, 12.1131], [-86.25578, 12.11312], [-86.25574, 12.11314], [-86.25567, 12.11316], [-86.25567, 12.11316], [-86.25562, 12.11317], [-86.25556, 12.11318], [-86.2555, 12.11318], [-86.25529, 12.11347], [-86.2555, 12.11318], [-86.25223, 12.10994], [-86.25365, 12.11151], [-86.25514, 12.11339], [-86.25529, 12.11347], [-86.25223, 12.10994], [-86.25231, 12.10989], [-86.25231, 12.10989], [-86.2525, 12.10974], [-86.25414, 12.10964], [-86.25542, 12.10965], [-86.25557, 12.11002], [-86.25619, 12.11062], [-86.25575, 12.11101], [-86.25542, 12.1113], [-86.2555, 12.11215], [-86.25591, 12.11258], [-86.2561, 12.11286]]]}}, {"type": "Feature", "properties": {"nombre": "Sector Este Villas Italianas", "tipo": "barrio"}, "geometry": {"type": "Polygon", "coordinates": [[[-86.25613, 12.10289], [-86.25627, 12.10483], [-86.25628, 12.10493], [-86.25653, 12.10492], [-86.25655, 12.10541], [-86.25629, 12.10544], [-86.2563, 12.1058], [-86.2564, 12.1058], [-86.2566, 12.10579], [-86.25661, 12.10595], [-86.25723, 12.10592], [-86.25722, 12.10559], [-86.25732, 12.10558], [-86.2567, 12.10277], [-86.25653, 12.10279], [-86.25613, 12.10289], [-86.2567, 12.10277], [-86.25705, 12.10276], [-86.25714, 12.10276], [-86.25752, 12.10277], [-86.25732, 12.10558], [-86.2572, 12.10379], [-86.25759, 12.1038], [-86.25752, 12.10282], [-86.25752, 12.10277], [-86.25613, 12.10289]]]}}, {"type": "Feature", "properties": {"nombre": "Sector Noroeste Rotonda Jean Paul Genie", "tipo": "barrio"}, "geometry": {"type": "Polygon", "coordinates": [[[-86.25435, 12.10724], [-86.25404, 12.10704], [-86.25392, 12.1068], [-86.25264, 12.10681], [-86.25196, 12.10694], [-86.25195, 12.10698], [-86.25195, 12.10698], [-86.25228, 12.10746], [-86.25238, 12.10767], [-86.25243, 12.10781], [-86.25244, 12.10785], [-86.25248, 12.1082], [-86.2525, 12.1084], [-86.25251, 12.10845], [-86.25252, 12.10859], [-86.25254, 12.10871], [-86.25255, 12.10881], [-86.25255, 12.10889], [-86.25253, 12.10896], [-86.2525, 12.10908], [-86.25244, 12.10934], [-86.25241, 12.10958], [-86.25231, 12.10989], [-86.25241, 12.10958], [-86.25223, 12.10994], [-86.25231, 12.10989], [-86.24858, 12.10655], [-86.2492, 12.10662], [-86.25198, 12.10968], [-86.25223, 12.10994], [-86.25089, 12.10513], [-86.25075, 12.10517], [-86.2504, 12.10533], [-86.25026, 12.10541], [-86.24936, 12.1059], [-86.24858, 12.10655], [-86.25485, 12.1032], [-86.25469, 12.10324], [-86.25289, 12.10396], [-86.25172, 12.1047], [-86.25143, 12.10484], [-86.2512, 12.10498], [-86.25092, 12.10512], [-86.25089, 12.10513], [-86.25435, 12.10724], [-86.25431, 12.10706], [-86.25439, 12.10695], [-86.2544, 12.10678], [-86.25455, 12.10658], [-86.25419, 12.10636], [-86.25435, 12.10616], [-86.25443, 12.1061], [-86.25463, 12.10599], [-86.25469, 12.10592], [-86.25478, 12.10583], [-86.25481, 12.10569], [-86.25481, 12.10533], [-86.25492, 12.10498], [-86.25523, 12.10456], [-86.25502, 12.10403], [-86.25486, 12.10324], [-86.25485, 12.1032], [-86.25435, 12.10724]]]}}, {"type": "Feature", "properties": {"nombre": "Sector Suroeste Camino De Oriente", "tipo": "barrio"}, "geometry": {"type": "Polygon", "coordinates": [[[-86.26269, 12.11247], [-86.26037, 12.11249], [-86.26037, 12.11249], [-86.26023, 12.1125], [-86.25978, 12.11252], [-86.25962, 12.11253], [-86.25958, 12.11253], [-86.25934, 12.11255], [-86.25882, 12.11257], [-86.25869, 12.11257], [-86.25857, 12.11258], [-86.25849, 12.11258], [-86.25831, 12.11259], [-86.25831, 12.11259], [-86.25719, 12.11265], [-86.25658, 12.11266], [-86.25658, 12.11266], [-86.25646, 12.11269], [-86.25638, 12.11271], [-86.25629, 12.11274], [-86.25622, 12.11278], [-86.25617, 12.11281], [-86.2561, 12.11286], [-86.25231, 12.10989], [-86.2525, 12.10974], [-86.25414, 12.10964], [-86.25542, 12.10965], [-86.25557, 12.11002], [-86.25619, 12.11062], [-86.25575, 12.11101], [-86.25542, 12.1113], [-86.2555, 12.11215], [-86.25591, 12.11258], [-86.2561, 12.11286], [-86.25231, 12.10989], [-86.25241, 12.10958], [-86.25195, 12.10698], [-86.25228, 12.10746], [-86.25238, 12.10767], [-86.25243, 12.10781], [-86.25244, 12.10785], [-86.25248, 12.1082], [-86.2525, 12.1084], [-86.25251, 12.10845], [-86.25252, 12.10859], [-86.25254, 12.10871], [-86.25255, 12.10881], [-86.25255, 12.10889], [-86.25253, 12.10896], [-86.2525, 12.10908], [-86.25244, 12.10934], [-86.25241, 12.10958], [-86.25435, 12.10724], [-86.25404, 12.10704], [-86.25392, 12.1068], [-86.25264, 12.10681], [-86.25196, 12.10694], [-86.25195, 12.10698], [-86.25875, 12.10626], [-86.25634, 12.1069], [-86.25617, 12.10764], [-86.25535, 12.10754], [-86.25533, 12.1076], [-86.25498, 12.10759], [-86.25494, 12.10751], [-86.25472, 12.10747], [-86.25435, 12.10724], [-86.25875, 12.10626], [-86.25878, 12.10657], [-86.26246, 12.10735], [-86.25885, 12.10733], [-86.25878, 12.10657], [-86.26246, 12.10735], [-86.26258, 12.10793], [-86.26258, 12.10793], [-86.26258, 12.10837], [-86.26233, 12.10902], [-86.26229, 12.10975], [-86.26221, 12.11025], [-86.26223, 12.11087], [-86.26238, 12.11153], [-86.26264, 12.1122], [-86.26266, 12.11237], [-86.26266, 12.11237], [-86.26269, 12.11247]]]}}, {"type": "Feature", "properties": {"nombre": "Villa Fontana Sur", "tipo": "barrio"}, "geometry": {"type": "Polygon", "coordinates": [[[-86.26732, 12.10831], [-86.26632, 12.10829], [-86.26627, 12.10806], [-86.26579, 12.10806], [-86.26446, 12.1076], [-86.26491, 12.10701], [-86.26521, 12.10715], [-86.26522, 12.1072], [-86.26556, 12.10722], [-86.26566, 12.10728], [-86.26579, 12.10806], [-86.2636, 12.1071], [-86.26374, 12.10718], [-86.26395, 12.1073], [-86.26424, 12.10745], [-86.26433, 12.1075], [-86.26446, 12.1076], [-86.26301, 12.10794], [-86.2636, 12.1071], [-86.26258, 12.10793], [-86.26301, 12.10794], [-86.26246, 12.10735], [-86.26258, 12.10793], [-86.26203, 12.10611], [-86.26223, 12.10643], [-86.26241, 12.10717], [-86.26246, 12.10735], [-86.2619, 12.10575], [-86.26193, 12.10584], [-86.26199, 12.10596], [-86.26203, 12.10611], [-86.26175, 12.10522], [-86.2618, 12.10535], [-86.2619, 12.10575], [-86.26098, 12.10283], [-86.26105, 12.10318], [-86.26115, 12.10351], [-86.26123, 12.10409], [-86.26129, 12.10451], [-86.26136, 12.10463], [-86.26159, 12.10497], [-86.26175, 12.10522], [-86.26098, 12.10283], [-86.26095, 12.10263], [-86.26094, 12.10259], [-86.26095, 12.10263], [-86.26052, 12.10031], [-86.26088, 12.10224], [-86.26089, 12.10232], [-86.26094, 12.10259], [-86.26043, 12.10009], [-86.26052, 12.10031], [-86.26251, 12.10056], [-86.26243, 12.10028], [-86.26043, 12.10009], [-86.26251, 12.10056], [-86.26256, 12.10055], [-86.26361, 12.10052], [-86.26371, 12.10159], [-86.26549, 12.10184], [-86.26561, 12.10055], [-86.2678, 12.10086], [-86.26779, 12.10094], [-86.2693, 12.1011], [-86.2693, 12.1011], [-86.26933, 12.1012], [-86.27024, 12.10103], [-86.27029, 12.10152], [-86.27034, 12.10342], [-86.27039, 12.10398], [-86.27039, 12.10398], [-86.27015, 12.10393], [-86.26984, 12.10379], [-86.26968, 12.10372], [-86.26968, 12.10372], [-86.26956, 12.10364], [-86.26879, 12.10324], [-86.26879, 12.10324], [-86.26874, 12.10335], [-86.26874, 12.10335], [-86.26872, 12.10339], [-86.2686, 12.10361], [-86.26853, 12.10374], [-86.26846, 12.10383], [-86.2684, 12.10388], [-86.26832, 12.10391], [-86.26821, 12.10394], [-86.26821, 12.10394], [-86.26818, 12.10397], [-86.26824, 12.10437], [-86.26819, 12.10442], [-86.26755, 12.10449], [-86.26701, 12.10453], [-86.26712, 12.10589], [-86.26732, 12.10831]]]}}, {"type": "Feature", "properties": {"nombre": "Sector Sur Club Terraza", "tipo": "barrio"}, "geometry": {"type": "Polygon", "coordinates": [[[-86.26251, 12.10056], [-86.26243, 12.10028], [-86.26043, 12.10009], [-86.26043, 12.10009], [-86.26052, 12.10031], [-86.26052, 12.10031], [-86.26088, 12.10224], [-86.26089, 12.10232], [-86.26094, 12.10259], [-86.26094, 12.10259], [-86.26095, 12.10263], [-86.26095, 12.10263], [-86.26093, 12.10263], [-86.26093, 12.10263], [-86.26043, 12.10267], [-86.26043, 12.10267], [-86.26028, 12.10268], [-86.26016, 12.10268], [-86.26016, 12.10268], [-86.25982, 12.10271], [-86.25936, 12.10274], [-86.25912, 12.10276], [-86.2589, 12.10277], [-86.25871, 12.10276], [-86.2585, 12.10276], [-86.25828, 12.10279], [-86.2585, 12.10276], [-86.25828, 12.10279], [-86.25828, 12.10275], [-86.25828, 12.10275], [-86.25825, 12.10207], [-86.25823, 12.10168], [-86.25819, 12.10127], [-86.25816, 12.10103], [-86.25812, 12.10077], [-86.25809, 12.10044], [-86.25808, 12.10025], [-86.25805, 12.09995], [-86.25805, 12.09995], [-86.25804, 12.09985], [-86.25801, 12.09965], [-86.25794, 12.09905], [-86.25793, 12.09901], [-86.25793, 12.09898], [-86.25782, 12.09838], [-86.25779, 12.09825], [-86.25768, 12.09794], [-86.25897, 12.09763], [-86.25768, 12.09794], [-86.26127, 12.09752], [-86.26119, 12.09747], [-86.25897, 12.09763], [-86.26127, 12.09752], [-86.26141, 12.09724], [-86.26146, 12.09704], [-86.26147, 12.09687], [-86.26151, 12.09635], [-86.26154, 12.09595], [-86.2616, 12.09559], [-86.2616, 12.09559], [-86.26164, 12.09543], [-86.26175, 12.09525], [-86.26192, 12.09505], [-86.26192, 12.09505], [-86.26446, 12.09541], [-86.2646, 12.0952], [-86.26478, 12.0932], [-86.26558, 12.09388], [-86.26552, 12.09365], [-86.26549, 12.09329], [-86.26478, 12.0932], [-86.26342, 12.09744], [-86.26353, 12.09711], [-86.26362, 12.09693], [-86.26404, 12.09618], [-86.26477, 12.09509], [-86.26546, 12.09407], [-86.26558, 12.09388], [-86.26251, 12.10056], [-86.26251, 12.10032], [-86.26257, 12.10002], [-86.26285, 12.09906], [-86.263, 12.09863], [-86.26331, 12.09775], [-86.26337, 12.09758], [-86.26342, 12.09744], [-86.26251, 12.10056]]]}}, {"type": "Feature", "properties": {"nombre": "El Boquete (Sector Norte Santo Domingo)", "tipo": "barrio"}, "geometry": {"type": "Polygon", "coordinates": [[[-86.23932, 12.09231], [-86.24008, 12.09224], [-86.24148, 12.09243], [-86.24167, 12.09122], [-86.24213, 12.09129], [-86.24227, 12.09012], [-86.24331, 12.09025], [-86.24331, 12.09015], [-86.24493, 12.09007], [-86.23799, 12.09415], [-86.23807, 12.09407], [-86.23871, 12.09348], [-86.23882, 12.09336], [-86.23898, 12.09317], [-86.23912, 12.09293], [-86.23921, 12.09272], [-86.23926, 12.09254], [-86.23929, 12.09242], [-86.23932, 12.09231], [-86.23791, 12.09417], [-86.23799, 12.09415], [-86.23518, 12.09116], [-86.23791, 12.09417], [-86.23523, 12.09111], [-86.23518, 12.09116], [-86.23813, 12.08739], [-86.23807, 12.08759], [-86.23797, 12.08788], [-86.23782, 12.08821], [-86.23764, 12.0885], [-86.23738, 12.08889], [-86.23717, 12.08917], [-86.23712, 12.08925], [-86.237, 12.08946], [-86.23678, 12.08989], [-86.23665, 12.0902], [-86.23656, 12.09054], [-86.23653, 12.0906], [-86.2365, 12.09063], [-86.23643, 12.09064], [-86.23589, 12.0906], [-86.23573, 12.09061], [-86.23554, 12.0907], [-86.23542, 12.09082], [-86.23523, 12.09111], [-86.24261, 12.08838], [-86.2423, 12.08871], [-86.24188, 12.08869], [-86.24187, 12.08855], [-86.23858, 12.08821], [-86.23829, 12.0874], [-86.23813, 12.08739], [-86.24261, 12.08838], [-86.2427, 12.08848], [-86.24283, 12.08857], [-86.2429, 12.08861], [-86.24299, 12.08863], [-86.24315, 12.08864], [-86.24329, 12.08864], [-86.24344, 12.08863], [-86.24358, 12.08863], [-86.24373, 12.08864], [-86.2439, 12.08868], [-86.24402, 12.08874], [-86.24413, 12.08881], [-86.24431, 12.08897], [-86.24452, 12.08921], [-86.24455, 12.08926], [-86.2446, 12.08937], [-86.24465, 12.08951], [-86.24465, 12.08953], [-86.2447, 12.08966], [-86.24474, 12.08976], [-86.24477, 12.08981], [-86.24477, 12.08981], [-86.24482, 12.0899], [-86.24493, 12.09007], [-86.23932, 12.09231]]]}}, {"type": "Feature", "properties": {"nombre": "Alamedas Km 8 Carretera Masaya", "tipo": "barrio"}, "geometry": {"type": "Polygon", "coordinates": [[[-86.24588, 12.09832], [-86.2459, 12.09806], [-86.24594, 12.0977], [-86.24588, 12.09832], [-86.24483, 12.09814], [-86.24461, 12.09815], [-86.24417, 12.09819], [-86.24415, 12.09786], [-86.24414, 12.09776], [-86.24285, 12.0978], [-86.24292, 12.09636], [-86.24406, 12.09614], [-86.24406, 12.09614], [-86.24412, 12.09634], [-86.24443, 12.09626], [-86.24449, 12.09622], [-86.24509, 12.09606], [-86.24465, 12.09618], [-86.24449, 12.09622], [-86.24569, 12.0977], [-86.24554, 12.0977], [-86.24537, 12.09708], [-86.24522, 12.09654], [-86.24509, 12.09606], [-86.24594, 12.0977], [-86.24581, 12.0977], [-86.24569, 12.0977], [-86.24588, 12.09832]]]}}, {"type": "Feature", "properties": {"nombre": "Castellana", "tipo": "barrio"}, "geometry": {"type": "Polygon", "coordinates": [[[-86.24509, 12.09606], [-86.24465, 12.09618], [-86.24449, 12.09622], [-86.24406, 12.09614], [-86.24412, 12.09634], [-86.24443, 12.09626], [-86.24449, 12.09622], [-86.24406, 12.09614], [-86.24397, 12.09565], [-86.24397, 12.09565], [-86.24492, 12.0954], [-86.24492, 12.0954], [-86.24512, 12.09601], [-86.24509, 12.09606]]]}}, {"type": "Feature", "properties": {"nombre": "Las Lomas Camino Viejo", "tipo": "barrio"}, "geometry": {"type": "Polygon", "coordinates": [[[-86.24569, 12.0977], [-86.24554, 12.0977], [-86.24537, 12.09708], [-86.24522, 12.09654], [-86.24509, 12.09606], [-86.24492, 12.0954], [-86.24512, 12.09601], [-86.24509, 12.09606], [-86.24492, 12.0954], [-86.24488, 12.09526], [-86.24585, 12.095], [-86.24585, 12.095], [-86.24601, 12.09497], [-86.24809, 12.09669], [-86.24818, 12.09671], [-86.24819, 12.09639], [-86.24816, 12.09613], [-86.24797, 12.09572], [-86.24779, 12.0954], [-86.24767, 12.09524], [-86.24712, 12.09467], [-86.24607, 12.09495], [-86.24601, 12.09497], [-86.24809, 12.09669], [-86.24808, 12.09689], [-86.24804, 12.09693], [-86.24784, 12.09683], [-86.24784, 12.09683], [-86.24781, 12.0969], [-86.24781, 12.0969], [-86.24778, 12.09688], [-86.24775, 12.09693], [-86.24772, 12.09699], [-86.24776, 12.09701], [-86.24776, 12.09701], [-86.24775, 12.09702], [-86.24775, 12.09702], [-86.24769, 12.097], [-86.24772, 12.09728], [-86.24603, 12.09746], [-86.24772, 12.09732], [-86.24772, 12.09728], [-86.24603, 12.09746], [-86.24598, 12.09753], [-86.24594, 12.0977], [-86.24598, 12.09753], [-86.24594, 12.0977], [-86.24581, 12.0977], [-86.24569, 12.0977]]]}}, {"type": "Feature", "properties": {"nombre": "Lomas de Notre Dame", "tipo": "barrio"}, "geometry": {"type": "Polygon", "coordinates": [[[-86.24607, 12.09384], [-86.24624, 12.09394], [-86.24635, 12.09401], [-86.24605, 12.09486], [-86.24611, 12.09466], [-86.2462, 12.09439], [-86.24629, 12.09411], [-86.24632, 12.09405], [-86.24635, 12.09401], [-86.24601, 12.09497], [-86.24605, 12.09486], [-86.24585, 12.095], [-86.24601, 12.09497], [-86.24492, 12.0954], [-86.24488, 12.09526], [-86.24585, 12.095], [-86.24397, 12.09565], [-86.24492, 12.0954], [-86.24397, 12.09565], [-86.2438, 12.09483], [-86.24372, 12.09472], [-86.24358, 12.09416], [-86.24358, 12.09416], [-86.24354, 12.09407], [-86.24397, 12.09393], [-86.24443, 12.09382], [-86.24501, 12.09377], [-86.246, 12.09387], [-86.24603, 12.09384], [-86.24607, 12.09384]]]}}, {"type": "Feature", "properties": {"nombre": "Residencial Almeida Castellana", "tipo": "residencial"}, "geometry": {"type": "Polygon", "coordinates": [[[-86.24397, 12.09565], [-86.24492, 12.0954], [-86.24406, 12.09614], [-86.24397, 12.09565], [-86.24588, 12.09832], [-86.24483, 12.09814], [-86.24461, 12.09815], [-86.24417, 12.09819], [-86.24415, 12.09786], [-86.24414, 12.09776], [-86.24285, 12.0978], [-86.24292, 12.09636], [-86.24406, 12.09614], [-86.24588, 12.09832], [-86.2459, 12.09806], [-86.24594, 12.0977], [-86.24594, 12.0977], [-86.24581, 12.0977], [-86.24569, 12.0977], [-86.24569, 12.0977], [-86.24554, 12.0977], [-86.24537, 12.09708], [-86.24522, 12.09654], [-86.24509, 12.09606], [-86.24492, 12.0954], [-86.24512, 12.09601], [-86.24509, 12.09606], [-86.24397, 12.09565]]]}}, {"type": "Feature", "properties": {"nombre": "Residencial Notre Dame", "tipo": "residencial"}, "geometry": {"type": "Polygon", "coordinates": [[[-86.24607, 12.09384], [-86.24624, 12.09394], [-86.24635, 12.09401], [-86.24358, 12.09416], [-86.24354, 12.09407], [-86.24397, 12.09393], [-86.24443, 12.09382], [-86.24501, 12.09377], [-86.246, 12.09387], [-86.24603, 12.09384], [-86.24607, 12.09384], [-86.24397, 12.09565], [-86.2438, 12.09483], [-86.24372, 12.09472], [-86.24358, 12.09416], [-86.24492, 12.0954], [-86.24512, 12.09601], [-86.24509, 12.09606], [-86.24569, 12.0977], [-86.24554, 12.0977], [-86.24537, 12.09708], [-86.24522, 12.09654], [-86.24509, 12.09606], [-86.24397, 12.09565], [-86.24492, 12.0954], [-86.24594, 12.0977], [-86.24581, 12.0977], [-86.24569, 12.0977], [-86.24594, 12.0977], [-86.24598, 12.09753], [-86.24603, 12.09746], [-86.24598, 12.09753], [-86.24601, 12.09497], [-86.24596, 12.09503], [-86.24601, 12.09568], [-86.24609, 12.09619], [-86.2461, 12.09632], [-86.24611, 12.0967], [-86.24609, 12.09701], [-86.24612, 12.09703], [-86.24613, 12.09705], [-86.24607, 12.09712], [-86.24602, 12.09742], [-86.24603, 12.09746], [-86.24601, 12.09497], [-86.24605, 12.09486], [-86.24605, 12.09486], [-86.24611, 12.09466], [-86.2462, 12.09439], [-86.24629, 12.09411], [-86.24632, 12.09405], [-86.24635, 12.09401], [-86.24607, 12.09384]]]}}, {"type": "Feature", "properties": {"nombre": "Viejo Santo Domingo", "tipo": "residencial"}, "geometry": {"type": "Polygon", "coordinates": [[[-86.24603, 12.09746], [-86.24772, 12.09732], [-86.24772, 12.09728], [-86.24601, 12.09497], [-86.24596, 12.09503], [-86.24601, 12.09568], [-86.24609, 12.09619], [-86.2461, 12.09632], [-86.24611, 12.0967], [-86.24609, 12.09701], [-86.24612, 12.09703], [-86.24613, 12.09705], [-86.24607, 12.09712], [-86.24602, 12.09742], [-86.24603, 12.09746], [-86.24809, 12.09669], [-86.24818, 12.09671], [-86.24819, 12.09639], [-86.24816, 12.09613], [-86.24797, 12.09572], [-86.24779, 12.0954], [-86.24767, 12.09524], [-86.24712, 12.09467], [-86.24607, 12.09495], [-86.24601, 12.09497], [-86.24784, 12.09683], [-86.24788, 12.09676], [-86.24795, 12.09679], [-86.24799, 12.09669], [-86.24809, 12.09669], [-86.24784, 12.09683], [-86.24781, 12.0969], [-86.24781, 12.0969], [-86.24778, 12.09688], [-86.24775, 12.09693], [-86.24772, 12.09699], [-86.24776, 12.09701], [-86.24776, 12.09701], [-86.24775, 12.09702], [-86.24775, 12.09702], [-86.24769, 12.097], [-86.24772, 12.09728], [-86.24603, 12.09746]]]}}, {"type": "Feature", "properties": {"nombre": "Mirador Norte Santo Domingo", "tipo": "barrio"}, "geometry": {"type": "Polygon", "coordinates": [[[-86.24493, 12.09007], [-86.24507, 12.09035], [-86.2451, 12.09041], [-86.24511, 12.09044], [-86.24526, 12.09072], [-86.24534, 12.09088], [-86.2454, 12.09107], [-86.24541, 12.09121], [-86.24541, 12.09138], [-86.24539, 12.09173], [-86.24539, 12.09173], [-86.24537, 12.09212], [-86.24537, 12.09212], [-86.24535, 12.09241], [-86.24538, 12.09269], [-86.24549, 12.09308], [-86.24571, 12.09347], [-86.24596, 12.09375], [-86.24607, 12.09383], [-86.24607, 12.09383], [-86.24607, 12.09384], [-86.24358, 12.09416], [-86.24354, 12.09407], [-86.24397, 12.09393], [-86.24443, 12.09382], [-86.24501, 12.09377], [-86.246, 12.09387], [-86.24603, 12.09384], [-86.24607, 12.09384], [-86.23927, 12.09566], [-86.24097, 12.09448], [-86.2424, 12.09445], [-86.24325, 12.09427], [-86.24358, 12.09416], [-86.23791, 12.09417], [-86.23849, 12.09481], [-86.23927, 12.09566], [-86.23791, 12.09417], [-86.23799, 12.09415], [-86.23799, 12.09415], [-86.23807, 12.09407], [-86.23871, 12.09348], [-86.23882, 12.09336], [-86.23898, 12.09317], [-86.23912, 12.09293], [-86.23921, 12.09272], [-86.23926, 12.09254], [-86.23929, 12.09242], [-86.23932, 12.09231], [-86.23932, 12.09231], [-86.24008, 12.09224], [-86.24148, 12.09243], [-86.24167, 12.09122], [-86.24213, 12.09129], [-86.24227, 12.09012], [-86.24331, 12.09025], [-86.24331, 12.09015], [-86.24493, 12.09007]]]}}, {"type": "Feature", "properties": {"nombre": "Mirador Sur Santo Domingo", "tipo": "barrio"}, "geometry": {"type": "Polygon", "coordinates": [[[-86.2494, 12.08612], [-86.2495, 12.08612], [-86.24962, 12.08609], [-86.24972, 12.08603], [-86.24977, 12.08585], [-86.24981, 12.08547], [-86.24991, 12.08509], [-86.24992, 12.08507], [-86.25004, 12.08479], [-86.25014, 12.08459], [-86.2494, 12.08612], [-86.24916, 12.08633], [-86.2491, 12.08652], [-86.24913, 12.08685], [-86.24819, 12.08679], [-86.24913, 12.08685], [-86.24816, 12.0871], [-86.24819, 12.08679], [-86.24904, 12.08832], [-86.24875, 12.08838], [-86.24854, 12.08838], [-86.24855, 12.08817], [-86.24819, 12.08816], [-86.24816, 12.0871], [-86.24904, 12.08832], [-86.24896, 12.08903], [-86.24841, 12.09119], [-86.24842, 12.09104], [-86.24845, 12.09089], [-86.24849, 12.09074], [-86.24855, 12.09063], [-86.24885, 12.09022], [-86.24897, 12.09002], [-86.24903, 12.08981], [-86.24906, 12.08953], [-86.24902, 12.08933], [-86.24898, 12.08919], [-86.24896, 12.08912], [-86.24896, 12.08903], [-86.24841, 12.09119], [-86.24838, 12.09156], [-86.24838, 12.09156], [-86.24837, 12.09183], [-86.24679, 12.09173], [-86.24837, 12.09183], [-86.24679, 12.09173], [-86.24686, 12.09102], [-86.24686, 12.09102], [-86.24651, 12.09097], [-86.24651, 12.09097], [-86.24649, 12.0911], [-86.24649, 12.0911], [-86.24648, 12.09135], [-86.24644, 12.09172], [-86.24597, 12.09172], [-86.24561, 12.09173], [-86.24539, 12.09173], [-86.24561, 12.09173], [-86.24493, 12.09007], [-86.24507, 12.09035], [-86.2451, 12.09041], [-86.24511, 12.09044], [-86.24526, 12.09072], [-86.24534, 12.09088], [-86.2454, 12.09107], [-86.24541, 12.09121], [-86.24541, 12.09138], [-86.24539, 12.09173], [-86.24477, 12.08981], [-86.24482, 12.0899], [-86.24493, 12.09007], [-86.24565, 12.08525], [-86.24641, 12.08546], [-86.2468, 12.08572], [-86.24732, 12.08588], [-86.24663, 12.08848], [-86.24608, 12.08846], [-86.2459, 12.0896], [-86.24477, 12.08981], [-86.24807, 12.0831], [-86.2477, 12.08362], [-86.24822, 12.08373], [-86.24798, 12.08427], [-86.24741, 12.08429], [-86.24599, 12.08399], [-86.24581, 12.08473], [-86.24565, 12.08525], [-86.24807, 12.0831], [-86.2484, 12.08322], [-86.24885, 12.08219], [-86.24944, 12.08233], [-86.24989, 12.08252], [-86.24939, 12.08345], [-86.24953, 12.08308], [-86.24963, 12.08287], [-86.24973, 12.08269], [-86.24989, 12.08252], [-86.24939, 12.08345], [-86.2501, 12.08374], [-86.25057, 12.08391], [-86.2501, 12.08374], [-86.25014, 12.08459], [-86.25036, 12.08425], [-86.25057, 12.08391], [-86.2494, 12.08612]]]}}, {"type": "Feature", "properties": {"nombre": "Mision El Mirador", "tipo": "barrio"}, "geometry": {"type": "Polygon", "coordinates": [[[-86.24819, 12.08679], [-86.24913, 12.08685], [-86.24913, 12.08685], [-86.24918, 12.08735], [-86.24918, 12.08735], [-86.24913, 12.08755], [-86.24907, 12.08783], [-86.24913, 12.08791], [-86.24904, 12.08832], [-86.24904, 12.08832], [-86.24875, 12.08838], [-86.24854, 12.08838], [-86.24855, 12.08817], [-86.24819, 12.08816], [-86.24816, 12.0871], [-86.24816, 12.0871], [-86.24819, 12.08679]]]}}, {"type": "Feature", "properties": {"nombre": "Villa del Mirador", "tipo": "barrio"}, "geometry": {"type": "Polygon", "coordinates": [[[-86.24537, 12.09212], [-86.24662, 12.09215], [-86.24679, 12.09173], [-86.24539, 12.09173], [-86.24537, 12.09212], [-86.24539, 12.09173], [-86.24561, 12.09173], [-86.24649, 12.0911], [-86.24648, 12.09135], [-86.24644, 12.09172], [-86.24597, 12.09172], [-86.24561, 12.09173], [-86.24651, 12.09097], [-86.24649, 12.0911], [-86.24686, 12.09102], [-86.24651, 12.09097], [-86.24679, 12.09173], [-86.24686, 12.09102], [-86.24537, 12.09212]]]}}, {"type": "Feature", "properties": {"nombre": "Los Membreños", "tipo": "barrio"}, "geometry": {"type": "Polygon", "coordinates": [[[-86.24838, 12.09156], [-86.25142, 12.09134], [-86.25145, 12.0912], [-86.25175, 12.09121], [-86.25366, 12.0913], [-86.24841, 12.09119], [-86.24838, 12.09156], [-86.24841, 12.09119], [-86.24842, 12.09104], [-86.24845, 12.09089], [-86.24849, 12.09074], [-86.24855, 12.09063], [-86.24885, 12.09022], [-86.24897, 12.09002], [-86.24903, 12.08981], [-86.24906, 12.08953], [-86.24902, 12.08933], [-86.24898, 12.08919], [-86.24896, 12.08912], [-86.24896, 12.08903], [-86.24904, 12.08832], [-86.24896, 12.08903], [-86.24918, 12.08735], [-86.24913, 12.08755], [-86.24907, 12.08783], [-86.24913, 12.08791], [-86.24904, 12.08832], [-86.24913, 12.08685], [-86.24918, 12.08735], [-86.2494, 12.08612], [-86.24916, 12.08633], [-86.2491, 12.08652], [-86.24913, 12.08685], [-86.2494, 12.08612], [-86.2495, 12.08612], [-86.24962, 12.08609], [-86.24972, 12.08603], [-86.24977, 12.08585], [-86.24981, 12.08547], [-86.24991, 12.08509], [-86.24992, 12.08507], [-86.25004, 12.08479], [-86.25014, 12.08459], [-86.25014, 12.08459], [-86.25119, 12.08507], [-86.25128, 12.08437], [-86.25119, 12.08507], [-86.2521, 12.08219], [-86.25203, 12.08268], [-86.25139, 12.08279], [-86.25142, 12.08384], [-86.25138, 12.08422], [-86.25128, 12.08437], [-86.25417, 12.08308], [-86.25389, 12.08296], [-86.25364, 12.08271], [-86.25336, 12.08257], [-86.25328, 12.08255], [-86.25314, 12.08249], [-86.25272, 12.08233], [-86.25248, 12.08227], [-86.25238, 12.08224], [-86.25222, 12.08222], [-86.2521, 12.08219], [-86.25405, 12.08386], [-86.25412, 12.08339], [-86.25417, 12.08308], [-86.2541, 12.08512], [-86.2541, 12.085], [-86.25404, 12.08472], [-86.254, 12.08451], [-86.25401, 12.0843], [-86.25405, 12.08386], [-86.25403, 12.08512], [-86.2541, 12.08512], [-86.25163, 12.08579], [-86.25176, 12.08579], [-86.25179, 12.08556], [-86.25184, 12.08552], [-86.25229, 12.08556], [-86.25233, 12.0854], [-86.25237, 12.08521], [-86.25193, 12.08514], [-86.25198, 12.0848], [-86.25245, 12.08492], [-86.25246, 12.08499], [-86.25271, 12.08507], [-86.25342, 12.08511], [-86.25403, 12.08512], [-86.25163, 12.08579], [-86.25164, 12.08606], [-86.25168, 12.08618], [-86.25178, 12.08637], [-86.25189, 12.08649], [-86.25193, 12.08655], [-86.25204, 12.08667], [-86.25307, 12.08662], [-86.25204, 12.08667], [-86.25364, 12.09018], [-86.25363, 12.09011], [-86.25358, 12.08979], [-86.2536, 12.08929], [-86.25361, 12.08888], [-86.25357, 12.08833], [-86.25356, 12.0881], [-86.25344, 12.08765], [-86.25321, 12.087], [-86.25319, 12.08694], [-86.25307, 12.08662], [-86.25366, 12.0913], [-86.25366, 12.09119], [-86.25367, 12.09076], [-86.25366, 12.0905], [-86.25364, 12.09018], [-86.24838, 12.09156]]]}}, {"type": "Feature", "properties": {"nombre": "Sector Norte Los Andes", "tipo": "barrio"}, "geometry": {"type": "Polygon", "coordinates": [[[-86.25307, 12.08662], [-86.25204, 12.08667], [-86.25163, 12.08579], [-86.25164, 12.08606], [-86.25168, 12.08618], [-86.25178, 12.08637], [-86.25189, 12.08649], [-86.25193, 12.08655], [-86.25204, 12.08667], [-86.25163, 12.08579], [-86.25176, 12.08579], [-86.25179, 12.08556], [-86.25184, 12.08552], [-86.25229, 12.08556], [-86.25233, 12.0854], [-86.25237, 12.08521], [-86.25193, 12.08514], [-86.25198, 12.0848], [-86.25245, 12.08492], [-86.25246, 12.08499], [-86.25271, 12.08507], [-86.25342, 12.08511], [-86.25403, 12.08512], [-86.25403, 12.08512], [-86.2541, 12.08512], [-86.25277, 12.08591], [-86.25286, 12.08589], [-86.25384, 12.08586], [-86.25394, 12.08581], [-86.25402, 12.08564], [-86.25411, 12.08523], [-86.2541, 12.08512], [-86.25307, 12.08662], [-86.25288, 12.08609], [-86.2528, 12.08597], [-86.25277, 12.08591], [-86.25307, 12.08662]]]}}, {"type": "Feature", "properties": {"nombre": "Benedicto Valverde (Quinta Niña)", "tipo": "barrio"}, "geometry": {"type": "Polygon", "coordinates": [[[-86.24883, 12.15942], [-86.24892, 12.15949], [-86.24904, 12.15953], [-86.24912, 12.15952], [-86.24921, 12.15947], [-86.24939, 12.15933], [-86.24956, 12.1592], [-86.24969, 12.15907], [-86.24984, 12.15888], [-86.25003, 12.15871], [-86.25026, 12.15853], [-86.25032, 12.1585], [-86.25052, 12.15839], [-86.25081, 12.15821], [-86.25102, 12.1581], [-86.25129, 12.15802], [-86.25165, 12.15793], [-86.25196, 12.15791], [-86.25215, 12.15792], [-86.25227, 12.15798], [-86.25236, 12.15809], [-86.25242, 12.15818], [-86.25246, 12.15821], [-86.25249, 12.1582], [-86.25253, 12.15818], [-86.25256, 12.15814], [-86.25256, 12.15805], [-86.25258, 12.15793], [-86.25265, 12.15779], [-86.25275, 12.15771], [-86.25281, 12.15766], [-86.25296, 12.15757], [-86.25317, 12.15747], [-86.25339, 12.15734], [-86.2536, 12.1572], [-86.25373, 12.15711], [-86.25383, 12.15703], [-86.25389, 12.15696], [-86.25392, 12.15689], [-86.25396, 12.15681], [-86.25402, 12.15675], [-86.25412, 12.15671], [-86.25421, 12.15668], [-86.25432, 12.15667], [-86.25445, 12.15668], [-86.2546, 12.15669], [-86.25471, 12.15668], [-86.25484, 12.15667], [-86.24863, 12.15776], [-86.24883, 12.15942], [-86.24874, 12.15681], [-86.24871, 12.15719], [-86.24867, 12.15732], [-86.24866, 12.1575], [-86.24864, 12.15769], [-86.24863, 12.15776], [-86.24874, 12.15681], [-86.24865, 12.1568], [-86.24874, 12.15608], [-86.24872, 12.15622], [-86.24865, 12.1568], [-86.24892, 12.15486], [-86.2488, 12.15566], [-86.24874, 12.15608], [-86.24897, 12.15453], [-86.24894, 12.15469], [-86.24893, 12.15479], [-86.24892, 12.15486], [-86.2497, 12.15462], [-86.24897, 12.15453], [-86.24975, 12.15379], [-86.2497, 12.15462], [-86.25003, 12.15382], [-86.24975, 12.15379], [-86.24998, 12.15465], [-86.25003, 12.15382], [-86.25054, 12.1547], [-86.24998, 12.15465], [-86.25055, 12.15443], [-86.25054, 12.1547], [-86.25121, 12.15448], [-86.25055, 12.15443], [-86.25121, 12.15448], [-86.25122, 12.15434], [-86.2515, 12.1548], [-86.25133, 12.15435], [-86.25122, 12.15434], [-86.2515, 12.1548], [-86.25204, 12.15486], [-86.25208, 12.15367], [-86.25207, 12.154], [-86.25207, 12.15408], [-86.25204, 12.15486], [-86.25283, 12.15302], [-86.25279, 12.1535], [-86.2525, 12.15353], [-86.25249, 12.15366], [-86.25208, 12.15367], [-86.25394, 12.1531], [-86.25283, 12.15302], [-86.25582, 12.15328], [-86.25487, 12.15318], [-86.2544, 12.15314], [-86.25427, 12.15313], [-86.25394, 12.1531], [-86.25582, 12.15328], [-86.25582, 12.1534], [-86.25582, 12.1534], [-86.25582, 12.1535], [-86.25582, 12.1535], [-86.25579, 12.154], [-86.25577, 12.15435], [-86.25546, 12.15433], [-86.25546, 12.15433], [-86.25546, 12.15488], [-86.25484, 12.15667], [-86.24883, 12.15942]]]}}, {"type": "Feature", "properties": {"nombre": "Benedicto Valverde Industrial", "tipo": "barrio"}, "geometry": {"type": "Polygon", "coordinates": [[[-86.24908, 12.1529], [-86.24906, 12.15383], [-86.24897, 12.15453], [-86.24908, 12.1529], [-86.24908, 12.1528], [-86.24908, 12.1528], [-86.24907, 12.15268], [-86.25283, 12.15302], [-86.25144, 12.15289], [-86.25132, 12.15288], [-86.25132, 12.15288], [-86.25099, 12.15285], [-86.25057, 12.15282], [-86.25008, 12.15277], [-86.24982, 12.15275], [-86.24907, 12.15268], [-86.25283, 12.15302], [-86.25279, 12.1535], [-86.2525, 12.15353], [-86.25249, 12.15366], [-86.25208, 12.15367], [-86.25208, 12.15367], [-86.25207, 12.154], [-86.25207, 12.15408], [-86.25204, 12.15486], [-86.2515, 12.1548], [-86.25204, 12.15486], [-86.2515, 12.1548], [-86.25133, 12.15435], [-86.25122, 12.15434], [-86.25121, 12.15448], [-86.25122, 12.15434], [-86.25121, 12.15448], [-86.25055, 12.15443], [-86.25055, 12.15443], [-86.25054, 12.1547], [-86.25054, 12.1547], [-86.24998, 12.15465], [-86.24998, 12.15465], [-86.25003, 12.15382], [-86.25003, 12.15382], [-86.24975, 12.15379], [-86.24975, 12.15379], [-86.2497, 12.15462], [-86.2497, 12.15462], [-86.24897, 12.15453], [-86.24908, 12.1529]]]}}, {"type": "Feature", "properties": {"nombre": "Las Torres", "tipo": "barrio"}, "geometry": {"type": "Polygon", "coordinates": [[[-86.24068, 12.15859], [-86.24125, 12.15844], [-86.24134, 12.15831], [-86.24168, 12.15826], [-86.24198, 12.15825], [-86.24201, 12.15819], [-86.24218, 12.15817], [-86.24219, 12.15823], [-86.24257, 12.15817], [-86.24264, 12.15807], [-86.24274, 12.15805], [-86.24275, 12.15808], [-86.243, 12.15799], [-86.24068, 12.15859], [-86.24041, 12.15862], [-86.2404, 12.15867], [-86.24007, 12.15871], [-86.2399, 12.15871], [-86.2399, 12.15871], [-86.2399, 12.15881], [-86.2399, 12.15891], [-86.23991, 12.15896], [-86.23991, 12.15911], [-86.2399, 12.15881], [-86.2399, 12.15891], [-86.24435, 12.1612], [-86.24136, 12.1601], [-86.24074, 12.16074], [-86.24022, 12.16076], [-86.24004, 12.15915], [-86.23991, 12.15911], [-86.24453, 12.1577], [-86.24357, 12.15786], [-86.243, 12.15799], [-86.24461, 12.1577], [-86.24453, 12.1577], [-86.24461, 12.1577], [-86.24599, 12.15738], [-86.24599, 12.15738], [-86.24603, 12.15733], [-86.24603, 12.15733], [-86.24604, 12.15703], [-86.24605, 12.15648], [-86.24606, 12.1559], [-86.24609, 12.15463], [-86.24874, 12.15608], [-86.24618, 12.15577], [-86.24619, 12.15463], [-86.24609, 12.15463], [-86.24874, 12.15608], [-86.24872, 12.15622], [-86.24865, 12.1568], [-86.24874, 12.15681], [-86.24865, 12.1568], [-86.24874, 12.15681], [-86.24871, 12.15719], [-86.24867, 12.15732], [-86.24866, 12.1575], [-86.24864, 12.15769], [-86.24863, 12.15776], [-86.24863, 12.15776], [-86.24883, 12.15942], [-86.24435, 12.1612], [-86.2445, 12.16112], [-86.24463, 12.16104], [-86.245, 12.16089], [-86.24522, 12.16084], [-86.24548, 12.16077], [-86.24579, 12.16076], [-86.24593, 12.16075], [-86.24607, 12.1607], [-86.24625, 12.16057], [-86.24644, 12.16044], [-86.24657, 12.16037], [-86.24667, 12.16031], [-86.24676, 12.16021], [-86.24682, 12.16012], [-86.24691, 12.16], [-86.247, 12.15993], [-86.24716, 12.15986], [-86.2473, 12.1598], [-86.24745, 12.15976], [-86.24764, 12.15968], [-86.24776, 12.15963], [-86.24792, 12.15959], [-86.24808, 12.15956], [-86.24818, 12.15954], [-86.24827, 12.1595], [-86.24834, 12.15945], [-86.2484, 12.1594], [-86.24853, 12.15936], [-86.24864, 12.15935], [-86.24875, 12.15937], [-86.24883, 12.15942], [-86.24068, 12.15859]]]}}, {"type": "Feature", "properties": {"nombre": "Plantel de ENEL", "tipo": "barrio"}, "geometry": {"type": "Polygon", "coordinates": [[[-86.25484, 12.15667], [-86.25494, 12.15668], [-86.25507, 12.15669], [-86.25509, 12.15669], [-86.25516, 12.15668], [-86.25524, 12.15665], [-86.25529, 12.15661], [-86.25537, 12.15657], [-86.25544, 12.15658], [-86.25552, 12.15661], [-86.25561, 12.15666], [-86.25573, 12.15675], [-86.25584, 12.15683], [-86.25595, 12.15689], [-86.25605, 12.15693], [-86.25616, 12.15694], [-86.25628, 12.15695], [-86.25637, 12.15692], [-86.25646, 12.15686], [-86.25657, 12.15679], [-86.25668, 12.15675], [-86.25677, 12.15673], [-86.25684, 12.15674], [-86.25688, 12.15676], [-86.25693, 12.15682], [-86.25699, 12.15689], [-86.25704, 12.15694], [-86.25707, 12.15695], [-86.2571, 12.15695], [-86.25716, 12.15693], [-86.25723, 12.15691], [-86.25731, 12.15692], [-86.25738, 12.15696], [-86.25745, 12.15702], [-86.25752, 12.15709], [-86.25758, 12.15717], [-86.25763, 12.15721], [-86.25767, 12.15722], [-86.25774, 12.15721], [-86.2578, 12.15718], [-86.25786, 12.15713], [-86.25794, 12.15706], [-86.25803, 12.157], [-86.25811, 12.15698], [-86.25822, 12.15696], [-86.25831, 12.15696], [-86.25837, 12.15697], [-86.25546, 12.15433], [-86.25546, 12.15488], [-86.25484, 12.15667], [-86.25582, 12.1535], [-86.25579, 12.154], [-86.25577, 12.15435], [-86.25546, 12.15433], [-86.25582, 12.1534], [-86.25582, 12.1535], [-86.25582, 12.15328], [-86.25582, 12.1534], [-86.25678, 12.15335], [-86.25625, 12.15331], [-86.25582, 12.15328], [-86.25854, 12.15351], [-86.25815, 12.15348], [-86.25678, 12.15335], [-86.25927, 12.15358], [-86.25913, 12.15357], [-86.25854, 12.15351], [-86.25927, 12.15358], [-86.25899, 12.15378], [-86.25894, 12.15458], [-86.25859, 12.15456], [-86.25837, 12.15697], [-86.25484, 12.15667]]]}}, {"type": "Feature", "properties": {"nombre": "San Luis Norte", "tipo": "barrio"}, "geometry": {"type": "Polygon", "coordinates": [[[-86.24599, 12.15738], [-86.24603, 12.15733], [-86.24461, 12.1577], [-86.24599, 12.15738], [-86.24461, 12.1577], [-86.24453, 12.1577], [-86.24453, 12.1577], [-86.24445, 12.15728], [-86.24431, 12.15659], [-86.24421, 12.1562], [-86.24421, 12.1562], [-86.24356, 12.15625], [-86.24261, 12.15621], [-86.24255, 12.15544], [-86.24255, 12.15557], [-86.24256, 12.15566], [-86.24256, 12.15571], [-86.2426, 12.15614], [-86.24261, 12.15621], [-86.24255, 12.15544], [-86.24191, 12.15543], [-86.24191, 12.15543], [-86.24191, 12.15535], [-86.24189, 12.15493], [-86.24187, 12.15471], [-86.24186, 12.1544], [-86.24187, 12.15433], [-86.24197, 12.15389], [-86.24197, 12.15389], [-86.24216, 12.15322], [-86.2422, 12.15296], [-86.24224, 12.15244], [-86.24224, 12.15244], [-86.24232, 12.15219], [-86.24236, 12.15208], [-86.24368, 12.1522], [-86.24286, 12.15212], [-86.24279, 12.15211], [-86.24272, 12.15211], [-86.24236, 12.15208], [-86.2447, 12.1523], [-86.24451, 12.15229], [-86.24368, 12.1522], [-86.24606, 12.15242], [-86.24604, 12.15242], [-86.24532, 12.15236], [-86.2447, 12.1523], [-86.2479, 12.15257], [-86.24787, 12.15257], [-86.24614, 12.15242], [-86.24607, 12.15242], [-86.24606, 12.15242], [-86.24907, 12.15268], [-86.24858, 12.15264], [-86.24839, 12.15262], [-86.24832, 12.15261], [-86.24828, 12.15261], [-86.2479, 12.15257], [-86.24908, 12.1528], [-86.24907, 12.15268], [-86.24908, 12.1529], [-86.24908, 12.1528], [-86.24908, 12.1529], [-86.24906, 12.15383], [-86.24897, 12.15453], [-86.24897, 12.15453], [-86.24796, 12.15429], [-86.24756, 12.15416], [-86.24679, 12.1539], [-86.24615, 12.15368], [-86.24607, 12.15358], [-86.24607, 12.15358], [-86.24524, 12.1535], [-86.24524, 12.1535], [-86.24522, 12.15364], [-86.24522, 12.15364], [-86.24684, 12.15406], [-86.24684, 12.15442], [-86.24514, 12.15438], [-86.24514, 12.15438], [-86.24512, 12.15454], [-86.24512, 12.15454], [-86.24609, 12.15457], [-86.24609, 12.15457], [-86.24628, 12.15458], [-86.24722, 12.15461], [-86.24735, 12.15461], [-86.24892, 12.15486], [-86.24735, 12.15464], [-86.24735, 12.15461], [-86.24892, 12.15486], [-86.2488, 12.15566], [-86.24874, 12.15608], [-86.24874, 12.15608], [-86.24618, 12.15577], [-86.24619, 12.15463], [-86.24609, 12.15463], [-86.24603, 12.15733], [-86.24604, 12.15703], [-86.24605, 12.15648], [-86.24606, 12.1559], [-86.24609, 12.15463], [-86.24599, 12.15738]]]}}, {"type": "Feature", "properties": {"nombre": "Barrio Barricada", "tipo": "barrio"}, "geometry": {"type": "Polygon", "coordinates": [[[-86.24453, 12.1577], [-86.24357, 12.15786], [-86.243, 12.15799], [-86.24068, 12.15859], [-86.24125, 12.15844], [-86.24134, 12.15831], [-86.24168, 12.15826], [-86.24198, 12.15825], [-86.24201, 12.15819], [-86.24218, 12.15817], [-86.24219, 12.15823], [-86.24257, 12.15817], [-86.24264, 12.15807], [-86.24274, 12.15805], [-86.24275, 12.15808], [-86.243, 12.15799], [-86.24068, 12.15859], [-86.24041, 12.15862], [-86.2404, 12.15867], [-86.24007, 12.15871], [-86.2399, 12.15871], [-86.23979, 12.15709], [-86.23988, 12.15833], [-86.2399, 12.15871], [-86.23979, 12.15709], [-86.23996, 12.15709], [-86.24091, 12.15716], [-86.24047, 12.15713], [-86.23996, 12.15709], [-86.24086, 12.15631], [-86.2409, 12.15675], [-86.24091, 12.15716], [-86.24194, 12.15631], [-86.24086, 12.15631], [-86.24194, 12.15631], [-86.24193, 12.15619], [-86.24191, 12.15591], [-86.24191, 12.1557], [-86.24191, 12.15543], [-86.24255, 12.15544], [-86.24191, 12.15543], [-86.24255, 12.15544], [-86.24255, 12.15557], [-86.24256, 12.15566], [-86.24256, 12.15571], [-86.2426, 12.15614], [-86.24261, 12.15621], [-86.24421, 12.1562], [-86.24356, 12.15625], [-86.24261, 12.15621], [-86.24453, 12.1577], [-86.24445, 12.15728], [-86.24431, 12.15659], [-86.24421, 12.1562], [-86.24453, 12.1577]]]}}, {"type": "Feature", "properties": {"nombre": "Hilario Sánchez ???", "tipo": "barrio"}, "geometry": {"type": "Polygon", "coordinates": [[[-86.2407, 12.15438], [-86.24074, 12.15489], [-86.24078, 12.15531], [-86.24083, 12.15593], [-86.24086, 12.15631], [-86.2407, 12.15438], [-86.24064, 12.15433], [-86.24061, 12.15384], [-86.24181, 12.15388], [-86.24192, 12.15391], [-86.24197, 12.15389], [-86.24191, 12.15543], [-86.24191, 12.15535], [-86.24189, 12.15493], [-86.24187, 12.15471], [-86.24186, 12.1544], [-86.24187, 12.15433], [-86.24197, 12.15389], [-86.24194, 12.15631], [-86.24193, 12.15619], [-86.24191, 12.15591], [-86.24191, 12.1557], [-86.24191, 12.15543], [-86.24194, 12.15631], [-86.24086, 12.15631], [-86.2407, 12.15438]]]}}, {"type": "Feature", "properties": {"nombre": "Riguero Norte", "tipo": "barrio"}, "geometry": {"type": "Polygon", "coordinates": [[[-86.24197, 12.15389], [-86.24216, 12.15322], [-86.2422, 12.15296], [-86.24224, 12.15244], [-86.2407, 12.15438], [-86.24064, 12.15433], [-86.24061, 12.15384], [-86.24181, 12.15388], [-86.24192, 12.15391], [-86.24197, 12.15389], [-86.2407, 12.15438], [-86.24074, 12.15489], [-86.24078, 12.15531], [-86.24083, 12.15593], [-86.24086, 12.15631], [-86.24086, 12.15631], [-86.2409, 12.15675], [-86.24091, 12.15716], [-86.24091, 12.15716], [-86.24047, 12.15713], [-86.23996, 12.15709], [-86.23979, 12.15709], [-86.23996, 12.15709], [-86.23961, 12.15441], [-86.23961, 12.15472], [-86.2397, 12.15583], [-86.23979, 12.15709], [-86.23637, 12.15455], [-86.23653, 12.15452], [-86.23718, 12.15452], [-86.23843, 12.15445], [-86.23842, 12.1545], [-86.23842, 12.15455], [-86.23842, 12.15459], [-86.23841, 12.15464], [-86.23961, 12.15441], [-86.23573, 12.15193], [-86.23625, 12.15414], [-86.23632, 12.15437], [-86.23637, 12.15455], [-86.2357, 12.15184], [-86.23573, 12.15193], [-86.23565, 12.15148], [-86.2357, 12.15184], [-86.23613, 12.15152], [-86.23598, 12.15151], [-86.23565, 12.15148], [-86.237, 12.15159], [-86.23635, 12.15154], [-86.23613, 12.15152], [-86.23753, 12.15164], [-86.237, 12.15159], [-86.23787, 12.15167], [-86.23753, 12.15164], [-86.23844, 12.15172], [-86.23787, 12.15167], [-86.23861, 12.15174], [-86.23844, 12.15172], [-86.23881, 12.15176], [-86.2387, 12.15175], [-86.23861, 12.15174], [-86.23903, 12.15178], [-86.23881, 12.15176], [-86.23965, 12.15184], [-86.23958, 12.15183], [-86.23903, 12.15178], [-86.23979, 12.15185], [-86.23965, 12.15184], [-86.24005, 12.15187], [-86.23979, 12.15185], [-86.24026, 12.15189], [-86.24025, 12.15189], [-86.24005, 12.15187], [-86.24236, 12.15208], [-86.24058, 12.15192], [-86.24052, 12.15191], [-86.24026, 12.15189], [-86.24224, 12.15244], [-86.24232, 12.15219], [-86.24236, 12.15208], [-86.24197, 12.15389]]]}}, {"type": "Feature", "properties": {"nombre": "Villa Pedro Joaquín Chamorro", "tipo": "barrio"}, "geometry": {"type": "Polygon", "coordinates": [[[-86.23976, 12.15882], [-86.23939, 12.15871], [-86.23922, 12.15866], [-86.23875, 12.15852], [-86.23836, 12.1584], [-86.23811, 12.15834], [-86.238, 12.1583], [-86.238, 12.1583], [-86.2375, 12.15816], [-86.23721, 12.15815], [-86.23683, 12.15817], [-86.2358, 12.1583], [-86.2358, 12.1583], [-86.23573, 12.15829], [-86.23568, 12.15822], [-86.23608, 12.15631], [-86.23603, 12.15665], [-86.23581, 12.15781], [-86.2357, 12.15814], [-86.23568, 12.15822], [-86.23609, 12.15619], [-86.23608, 12.15631], [-86.23637, 12.15455], [-86.2364, 12.15473], [-86.23628, 12.15532], [-86.23609, 12.15619], [-86.23637, 12.15455], [-86.23653, 12.15452], [-86.23718, 12.15452], [-86.23843, 12.15445], [-86.23842, 12.1545], [-86.23842, 12.15455], [-86.23842, 12.15459], [-86.23841, 12.15464], [-86.23961, 12.15441], [-86.23961, 12.15441], [-86.23961, 12.15472], [-86.2397, 12.15583], [-86.23979, 12.15709], [-86.23979, 12.15709], [-86.23988, 12.15833], [-86.2399, 12.15871], [-86.2399, 12.15871], [-86.23976, 12.15882]]]}}, {"type": "Feature", "properties": {"nombre": "Domitila Lugo 1 (Santa Clara)", "tipo": "barrio"}, "geometry": {"type": "Polygon", "coordinates": [[[-86.23553, 12.15884], [-86.23541, 12.15881], [-86.23541, 12.15881], [-86.23521, 12.15882], [-86.23467, 12.15884], [-86.23467, 12.15884], [-86.23378, 12.15876], [-86.23346, 12.15873], [-86.2329, 12.15868], [-86.23199, 12.15862], [-86.23199, 12.15862], [-86.23149, 12.15858], [-86.23149, 12.15858], [-86.23146, 12.15851], [-86.23145, 12.15807], [-86.23145, 12.15807], [-86.23134, 12.1568], [-86.23134, 12.1568], [-86.23134, 12.15609], [-86.23134, 12.15589], [-86.23131, 12.15503], [-86.23129, 12.15453], [-86.23129, 12.15453], [-86.23038, 12.15458], [-86.22952, 12.15471], [-86.2299, 12.15465], [-86.23033, 12.15464], [-86.23038, 12.15458], [-86.22977, 12.15379], [-86.22966, 12.1542], [-86.22952, 12.15471], [-86.22992, 12.15291], [-86.22982, 12.15348], [-86.22977, 12.15379], [-86.22992, 12.15291], [-86.22998, 12.15291], [-86.23083, 12.15298], [-86.23083, 12.15298], [-86.23097, 12.15137], [-86.23107, 12.15104], [-86.23491, 12.15142], [-86.23474, 12.15141], [-86.23443, 12.15138], [-86.23435, 12.15137], [-86.23423, 12.15136], [-86.23362, 12.15129], [-86.23283, 12.15122], [-86.23283, 12.15122], [-86.23265, 12.1512], [-86.23197, 12.15113], [-86.23107, 12.15104], [-86.23565, 12.15148], [-86.23549, 12.15147], [-86.23491, 12.15142], [-86.23565, 12.15148], [-86.2357, 12.15184], [-86.2357, 12.15184], [-86.23573, 12.15193], [-86.23573, 12.15193], [-86.23625, 12.15414], [-86.23632, 12.15437], [-86.23637, 12.15455], [-86.23637, 12.15455], [-86.2364, 12.15473], [-86.23628, 12.15532], [-86.23609, 12.15619], [-86.23609, 12.15619], [-86.23608, 12.15631], [-86.23608, 12.15631], [-86.23603, 12.15665], [-86.23581, 12.15781], [-86.2357, 12.15814], [-86.23568, 12.15822], [-86.23568, 12.15822], [-86.23558, 12.15856], [-86.23553, 12.15884]]]}}, {"type": "Feature", "properties": {"nombre": "Domitila Lugo 2", "tipo": "barrio"}, "geometry": {"type": "Polygon", "coordinates": [[[-86.23134, 12.1568], [-86.23121, 12.1568], [-86.23089, 12.15681], [-86.23048, 12.15682], [-86.23008, 12.15683], [-86.22987, 12.15683], [-86.22957, 12.15684], [-86.22953, 12.15684], [-86.22953, 12.15684], [-86.22953, 12.15662], [-86.22951, 12.15598], [-86.22951, 12.15598], [-86.22901, 12.15598], [-86.22861, 12.15597], [-86.22801, 12.15593], [-86.22801, 12.1557], [-86.22801, 12.15593], [-86.22951, 12.15577], [-86.22947, 12.15577], [-86.229, 12.15575], [-86.22862, 12.15574], [-86.22801, 12.1557], [-86.22951, 12.15577], [-86.22948, 12.15502], [-86.22952, 12.15471], [-86.22951, 12.1548], [-86.22949, 12.15492], [-86.22948, 12.15502], [-86.22952, 12.15471], [-86.2299, 12.15465], [-86.23033, 12.15464], [-86.23038, 12.15458], [-86.23129, 12.15453], [-86.23038, 12.15458], [-86.23134, 12.1568], [-86.23134, 12.15609], [-86.23134, 12.15589], [-86.23131, 12.15503], [-86.23129, 12.15453], [-86.23134, 12.1568]]]}}, {"type": "Feature", "properties": {"nombre": "Norte Villa Pedro Joaquín Chamorro", "tipo": "barrio"}, "geometry": {"type": "Polygon", "coordinates": [[[-86.2358, 12.1583], [-86.23573, 12.15829], [-86.23568, 12.15822], [-86.23568, 12.15822], [-86.23558, 12.15856], [-86.23553, 12.15884], [-86.23553, 12.15884], [-86.23546, 12.15923], [-86.23546, 12.15944], [-86.23991, 12.15911], [-86.23978, 12.15923], [-86.23969, 12.16079], [-86.23904, 12.16081], [-86.23829, 12.15895], [-86.2374, 12.15873], [-86.23692, 12.15881], [-86.23663, 12.15917], [-86.23546, 12.15944], [-86.2399, 12.15881], [-86.2399, 12.15891], [-86.2399, 12.15891], [-86.23991, 12.15896], [-86.23991, 12.15911], [-86.2399, 12.15871], [-86.2399, 12.15881], [-86.2399, 12.15871], [-86.23976, 12.15882], [-86.23976, 12.15882], [-86.23939, 12.15871], [-86.23922, 12.15866], [-86.23875, 12.15852], [-86.23836, 12.1584], [-86.23811, 12.15834], [-86.238, 12.1583], [-86.238, 12.1583], [-86.2375, 12.15816], [-86.23721, 12.15815], [-86.23683, 12.15817], [-86.2358, 12.1583]]]}}, {"type": "Feature", "properties": {"nombre": "Santa Clara 2 (Costa del Lago)", "tipo": "barrio"}, "geometry": {"type": "Polygon", "coordinates": [[[-86.23546, 12.15944], [-86.23531, 12.15944], [-86.23231, 12.16115], [-86.23231, 12.16115], [-86.23181, 12.16061], [-86.23174, 12.1602], [-86.23151, 12.15991], [-86.23156, 12.15873], [-86.23149, 12.15858], [-86.23199, 12.15862], [-86.23149, 12.15858], [-86.23467, 12.15884], [-86.23378, 12.15876], [-86.23346, 12.15873], [-86.2329, 12.15868], [-86.23199, 12.15862], [-86.23541, 12.15881], [-86.23521, 12.15882], [-86.23467, 12.15884], [-86.23553, 12.15884], [-86.23541, 12.15881], [-86.23553, 12.15884], [-86.23546, 12.15923], [-86.23546, 12.15944]]]}}, {"type": "Feature", "properties": {"nombre": "Santa Rosa", "tipo": "barrio"}, "geometry": {"type": "Polygon", "coordinates": [[[-86.23565, 12.15148], [-86.23549, 12.15147], [-86.23491, 12.15142], [-86.23491, 12.15142], [-86.23474, 12.15141], [-86.23443, 12.15138], [-86.23435, 12.15137], [-86.23423, 12.15136], [-86.23362, 12.15129], [-86.23283, 12.15122], [-86.23283, 12.15122], [-86.23265, 12.1512], [-86.23197, 12.15113], [-86.23107, 12.15104], [-86.23107, 12.15104], [-86.23049, 12.15099], [-86.23019, 12.15097], [-86.22908, 12.15086], [-86.22859, 12.15082], [-86.22859, 12.15082], [-86.22823, 12.15078], [-86.22733, 12.15071], [-86.22733, 12.15071], [-86.22637, 12.15062], [-86.22548, 12.15054], [-86.22521, 12.15052], [-86.22521, 12.15052], [-86.22514, 12.1505], [-86.22497, 12.15049], [-86.22461, 12.15045], [-86.22461, 12.15045], [-86.2243, 12.15043], [-86.2243, 12.15043], [-86.22417, 12.15042], [-86.22396, 12.15038], [-86.22398, 12.15084], [-86.22398, 12.15075], [-86.22396, 12.15047], [-86.22396, 12.15038], [-86.22389, 12.15085], [-86.22398, 12.15084], [-86.22375, 12.15081], [-86.22389, 12.15085], [-86.22375, 12.15081], [-86.22267, 12.15066], [-86.22266, 12.15016], [-86.22266, 12.15024], [-86.22267, 12.15066], [-86.22269, 12.14614], [-86.22271, 12.14628], [-86.22275, 12.14647], [-86.22277, 12.14679], [-86.22273, 12.14791], [-86.22267, 12.14977], [-86.22266, 12.15016], [-86.22269, 12.14614], [-86.2241, 12.14621], [-86.22448, 12.14422], [-86.22446, 12.1441], [-86.22361, 12.14264], [-86.22371, 12.14276], [-86.22384, 12.14288], [-86.22398, 12.14308], [-86.2241, 12.14329], [-86.2241, 12.1433], [-86.22426, 12.14361], [-86.22439, 12.14386], [-86.22441, 12.14395], [-86.22446, 12.1441], [-86.2237, 12.14244], [-86.22361, 12.14264], [-86.22472, 12.14193], [-86.22466, 12.14206], [-86.22453, 12.14217], [-86.2241, 12.14241], [-86.22394, 12.14246], [-86.22381, 12.14246], [-86.2237, 12.14244], [-86.22472, 12.14193], [-86.2249, 12.14191], [-86.22501, 12.14193], [-86.22529, 12.14263], [-86.22516, 12.14243], [-86.22508, 12.14226], [-86.22501, 12.14193], [-86.22584, 12.1434], [-86.22582, 12.14334], [-86.22579, 12.14329], [-86.22563, 12.14314], [-86.22541, 12.14284], [-86.22537, 12.14277], [-86.22529, 12.14263], [-86.22953, 12.14616], [-86.22865, 12.1461], [-86.22775, 12.14604], [-86.2268, 12.14596], [-86.22628, 12.1459], [-86.22636, 12.14484], [-86.2256, 12.14475], [-86.22573, 12.14358], [-86.22584, 12.1434], [-86.2297, 12.1459], [-86.22964, 12.14591], [-86.2296, 12.14593], [-86.22956, 12.14601], [-86.22953, 12.14616], [-86.23012, 12.14593], [-86.2297, 12.1459], [-86.23003, 12.14828], [-86.23012, 12.14593], [-86.23031, 12.14831], [-86.23003, 12.14828], [-86.23032, 12.14918], [-86.23033, 12.14913], [-86.23035, 12.149], [-86.23034, 12.14884], [-86.2303, 12.14862], [-86.23031, 12.14842], [-86.23031, 12.14831], [-86.23301, 12.14943], [-86.23213, 12.14935], [-86.2318, 12.14932], [-86.23125, 12.14927], [-86.23032, 12.14918], [-86.23301, 12.14943], [-86.23304, 12.14918], [-86.23529, 12.14941], [-86.23516, 12.1494], [-86.23482, 12.14936], [-86.23304, 12.14918], [-86.23529, 12.14941], [-86.23532, 12.15001], [-86.2354, 12.15058], [-86.2356, 12.15142], [-86.2356, 12.15142], [-86.23565, 12.15148]]]}}, {"type": "Feature", "properties": {"nombre": "Sector Este Portezuelo", "tipo": "barrio"}, "geometry": {"type": "Polygon", "coordinates": [[[-86.22379, 12.15605], [-86.22372, 12.15592], [-86.22215, 12.15587], [-86.22267, 12.15066], [-86.22265, 12.1517], [-86.22253, 12.15257], [-86.22258, 12.15338], [-86.22257, 12.15368], [-86.22251, 12.15397], [-86.22236, 12.15472], [-86.22215, 12.15587], [-86.22375, 12.15081], [-86.22267, 12.15066], [-86.22375, 12.15081], [-86.22381, 12.15091], [-86.22386, 12.151], [-86.2239, 12.15114], [-86.2239, 12.15114], [-86.2239, 12.1513], [-86.2239, 12.15138], [-86.22391, 12.15152], [-86.22391, 12.15182], [-86.22387, 12.1534], [-86.22386, 12.15368], [-86.22385, 12.15397], [-86.22379, 12.15605], [-86.22391, 12.15182], [-86.2239, 12.15235], [-86.22387, 12.1534], [-86.22379, 12.15605]]]}}, {"type": "Feature", "properties": {"nombre": "Barrio Selim Shible", "tipo": "barrio"}, "geometry": {"type": "Polygon", "coordinates": [[[-86.22953, 12.15684], [-86.2295, 12.15684], [-86.22915, 12.15685], [-86.22903, 12.15685], [-86.22862, 12.15686], [-86.22815, 12.15687], [-86.22765, 12.15688], [-86.22765, 12.15688], [-86.2273, 12.15688], [-86.22725, 12.15685], [-86.22725, 12.15685], [-86.22723, 12.15685], [-86.22691, 12.15686], [-86.22691, 12.15643], [-86.22691, 12.15686], [-86.22691, 12.15643], [-86.22591, 12.15652], [-86.22491, 12.15661], [-86.22378, 12.15714], [-86.22491, 12.15715], [-86.22491, 12.15661], [-86.22382, 12.15636], [-86.22379, 12.15665], [-86.22378, 12.15714], [-86.22379, 12.15605], [-86.22382, 12.15636], [-86.22391, 12.15599], [-86.22379, 12.15605], [-86.2257, 12.15199], [-86.22505, 12.15195], [-86.22504, 12.15283], [-86.22529, 12.15285], [-86.22523, 12.15343], [-86.22503, 12.15342], [-86.22494, 12.15587], [-86.22404, 12.1559], [-86.22391, 12.15599], [-86.22555, 12.15355], [-86.22562, 12.15287], [-86.2257, 12.15199], [-86.22552, 12.1539], [-86.22555, 12.15355], [-86.22552, 12.1539], [-86.22555, 12.1539], [-86.22668, 12.15399], [-86.22671, 12.15399], [-86.227, 12.15401], [-86.22704, 12.15401], [-86.22708, 12.15353], [-86.22706, 12.15383], [-86.22705, 12.1539], [-86.22704, 12.15401], [-86.22977, 12.15379], [-86.22973, 12.15378], [-86.2295, 12.15376], [-86.22893, 12.15371], [-86.22851, 12.15367], [-86.22785, 12.15361], [-86.22711, 12.15354], [-86.22708, 12.15353], [-86.22977, 12.15379], [-86.22966, 12.1542], [-86.22952, 12.15471], [-86.22952, 12.15471], [-86.22951, 12.1548], [-86.22949, 12.15492], [-86.22948, 12.15502], [-86.22951, 12.15577], [-86.22948, 12.15502], [-86.22951, 12.15577], [-86.22947, 12.15577], [-86.229, 12.15575], [-86.22862, 12.15574], [-86.22801, 12.1557], [-86.22801, 12.1557], [-86.22801, 12.15593], [-86.22951, 12.15598], [-86.22901, 12.15598], [-86.22861, 12.15597], [-86.22801, 12.15593], [-86.22953, 12.15684], [-86.22953, 12.15662], [-86.22951, 12.15598], [-86.22953, 12.15684]]]}}, {"type": "Feature", "properties": {"nombre": "Bello Horizonte 1", "tipo": "barrio"}, "geometry": {"type": "Polygon", "coordinates": [[[-86.23032, 12.14918], [-86.23033, 12.14913], [-86.23035, 12.149], [-86.23034, 12.14884], [-86.2303, 12.14862], [-86.23031, 12.14842], [-86.23031, 12.14831], [-86.23031, 12.14831], [-86.23003, 12.14828], [-86.23003, 12.14828], [-86.23012, 12.14593], [-86.23012, 12.14593], [-86.2297, 12.1459], [-86.2297, 12.1459], [-86.22977, 12.14526], [-86.22988, 12.14527], [-86.22988, 12.14527], [-86.22993, 12.14527], [-86.22993, 12.14527], [-86.22993, 12.14524], [-86.22995, 12.14503], [-86.22996, 12.14496], [-86.22996, 12.14496], [-86.23286, 12.14515], [-86.23289, 12.1448], [-86.23289, 12.14484], [-86.23286, 12.14515], [-86.23375, 12.14474], [-86.23371, 12.14474], [-86.23324, 12.14481], [-86.2332, 12.14481], [-86.23289, 12.1448], [-86.23382, 12.14473], [-86.23375, 12.14474], [-86.23385, 12.1449], [-86.23382, 12.14473], [-86.23385, 12.14494], [-86.23385, 12.1449], [-86.23489, 12.14481], [-86.23392, 12.14493], [-86.23385, 12.14494], [-86.23489, 12.14481], [-86.23495, 12.14541], [-86.23533, 12.14543], [-86.23533, 12.14543], [-86.23524, 12.14571], [-86.23519, 12.14597], [-86.23519, 12.14597], [-86.23516, 12.14621], [-86.23516, 12.14621], [-86.23514, 12.14637], [-86.23515, 12.14648], [-86.23518, 12.14692], [-86.23521, 12.14732], [-86.23525, 12.14807], [-86.23526, 12.14895], [-86.23529, 12.14941], [-86.23529, 12.14941], [-86.23516, 12.1494], [-86.23482, 12.14936], [-86.23304, 12.14918], [-86.23301, 12.14943], [-86.23304, 12.14918], [-86.23301, 12.14943], [-86.23213, 12.14935], [-86.2318, 12.14932], [-86.23125, 12.14927], [-86.23032, 12.14918]]]}}, {"type": "Feature", "properties": {"nombre": "Barrio Costa Rica", "tipo": "barrio"}, "geometry": {"type": "Polygon", "coordinates": [[[-86.23861, 12.15174], [-86.23844, 12.15172], [-86.23844, 12.15172], [-86.23787, 12.15167], [-86.23787, 12.15167], [-86.23753, 12.15164], [-86.23753, 12.15164], [-86.237, 12.15159], [-86.237, 12.15159], [-86.23635, 12.15154], [-86.23613, 12.15152], [-86.23613, 12.15152], [-86.23598, 12.15151], [-86.23565, 12.15148], [-86.2356, 12.15142], [-86.23565, 12.15148], [-86.23529, 12.14941], [-86.23532, 12.15001], [-86.2354, 12.15058], [-86.2356, 12.15142], [-86.23516, 12.14621], [-86.23514, 12.14637], [-86.23515, 12.14648], [-86.23518, 12.14692], [-86.23521, 12.14732], [-86.23525, 12.14807], [-86.23526, 12.14895], [-86.23529, 12.14941], [-86.23518, 12.14605], [-86.23516, 12.14621], [-86.23531, 12.14607], [-86.23518, 12.14605], [-86.23746, 12.14633], [-86.23627, 12.14619], [-86.23587, 12.14614], [-86.23572, 12.14612], [-86.23546, 12.14609], [-86.23531, 12.14607], [-86.23834, 12.14644], [-86.23819, 12.14642], [-86.23785, 12.14638], [-86.23746, 12.14633], [-86.23863, 12.14435], [-86.23834, 12.14644], [-86.24138, 12.14494], [-86.23863, 12.14435], [-86.24138, 12.14494], [-86.24132, 12.14523], [-86.24126, 12.14561], [-86.24124, 12.14594], [-86.24123, 12.14598], [-86.24122, 12.14608], [-86.24122, 12.14615], [-86.24122, 12.14615], [-86.2412, 12.14653], [-86.2412, 12.14653], [-86.24119, 12.1468], [-86.24116, 12.14752], [-86.24113, 12.14791], [-86.2411, 12.14819], [-86.2411, 12.14819], [-86.24103, 12.14844], [-86.24097, 12.14859], [-86.24091, 12.14871], [-86.24081, 12.14887], [-86.24072, 12.14899], [-86.24062, 12.14912], [-86.24045, 12.14929], [-86.23989, 12.14979], [-86.23956, 12.1501], [-86.23956, 12.1501], [-86.23922, 12.15042], [-86.23901, 12.15064], [-86.23889, 12.15081], [-86.23881, 12.15097], [-86.23866, 12.15154], [-86.23861, 12.15174]]]}}, {"type": "Feature", "properties": {"nombre": "Anexo Bello Horizonte", "tipo": "barrio"}, "geometry": {"type": "Polygon", "coordinates": [[[-86.23541, 12.14481], [-86.23533, 12.14543], [-86.23541, 12.14481], [-86.23511, 12.14479], [-86.23511, 12.14479], [-86.23489, 12.14481], [-86.23489, 12.14481], [-86.23495, 12.14541], [-86.23533, 12.14543], [-86.23541, 12.14481]]]}}, {"type": "Feature", "properties": {"nombre": "Maestro Gabriel", "tipo": "barrio"}, "geometry": {"type": "Polygon", "coordinates": [[[-86.23518, 12.14605], [-86.23519, 12.14597], [-86.23531, 12.14607], [-86.23518, 12.14605], [-86.23746, 12.14633], [-86.23627, 12.14619], [-86.23587, 12.14614], [-86.23572, 12.14612], [-86.23546, 12.14609], [-86.23531, 12.14607], [-86.23834, 12.14644], [-86.23819, 12.14642], [-86.23785, 12.14638], [-86.23746, 12.14633], [-86.23863, 12.14435], [-86.23834, 12.14644], [-86.23762, 12.14411], [-86.23863, 12.14435], [-86.23561, 12.14372], [-86.23612, 12.14379], [-86.23762, 12.14411], [-86.23561, 12.14372], [-86.23541, 12.14481], [-86.23541, 12.14481], [-86.23533, 12.14543], [-86.23533, 12.14543], [-86.23524, 12.14571], [-86.23519, 12.14597], [-86.23518, 12.14605]]]}}, {"type": "Feature", "properties": {"nombre": "Pedro Arauz Palacios", "tipo": "barrio"}, "geometry": {"type": "Polygon", "coordinates": [[[-86.2297, 12.1459], [-86.22964, 12.14591], [-86.2296, 12.14593], [-86.22956, 12.14601], [-86.22953, 12.14616], [-86.22953, 12.14616], [-86.22865, 12.1461], [-86.22775, 12.14604], [-86.2268, 12.14596], [-86.22628, 12.1459], [-86.22636, 12.14484], [-86.2256, 12.14475], [-86.22573, 12.14358], [-86.22584, 12.1434], [-86.22786, 12.1449], [-86.22761, 12.14476], [-86.22736, 12.14458], [-86.22727, 12.14451], [-86.2272, 12.14445], [-86.22685, 12.14413], [-86.2268, 12.14409], [-86.22658, 12.14389], [-86.22631, 12.14369], [-86.22611, 12.14358], [-86.22584, 12.1434], [-86.22827, 12.14504], [-86.22786, 12.1449], [-86.22887, 12.14512], [-86.22827, 12.14504], [-86.229, 12.14514], [-86.22887, 12.14512], [-86.22959, 12.14524], [-86.2292, 12.14517], [-86.229, 12.14514], [-86.22959, 12.14524], [-86.2298, 12.14526], [-86.22988, 12.14527], [-86.2297, 12.1459], [-86.22977, 12.14526], [-86.22988, 12.14527], [-86.2297, 12.1459]]]}}, {"type": "Feature", "properties": {"nombre": "Leonel Rugama (Colonia Militar)", "tipo": "barrio"}, "geometry": {"type": "Polygon", "coordinates": [[[-86.24907, 12.15268], [-86.24858, 12.15264], [-86.24839, 12.15262], [-86.24832, 12.15261], [-86.24828, 12.15261], [-86.2479, 12.15257], [-86.24848, 12.15079], [-86.24848, 12.15132], [-86.24842, 12.15132], [-86.24842, 12.15155], [-86.24828, 12.15168], [-86.24807, 12.15244], [-86.2479, 12.15257], [-86.24911, 12.15075], [-86.24906, 12.15076], [-86.24894, 12.15078], [-86.24891, 12.15078], [-86.24848, 12.15079], [-86.24907, 12.15268], [-86.24907, 12.15268], [-86.24909, 12.15199], [-86.2491, 12.15181], [-86.2491, 12.15173], [-86.2491, 12.15164], [-86.24911, 12.15075], [-86.24907, 12.15268]]]}}, {"type": "Feature", "properties": {"nombre": "San Luis Sur", "tipo": "barrio"}, "geometry": {"type": "Polygon", "coordinates": [[[-86.23881, 12.15176], [-86.2387, 12.15175], [-86.23861, 12.15174], [-86.23903, 12.15178], [-86.23881, 12.15176], [-86.23965, 12.15184], [-86.23958, 12.15183], [-86.23903, 12.15178], [-86.23979, 12.15185], [-86.23965, 12.15184], [-86.24005, 12.15187], [-86.23979, 12.15185], [-86.24026, 12.15189], [-86.24025, 12.15189], [-86.24005, 12.15187], [-86.24236, 12.15208], [-86.24058, 12.15192], [-86.24052, 12.15191], [-86.24026, 12.15189], [-86.24368, 12.1522], [-86.24286, 12.15212], [-86.24279, 12.15211], [-86.24272, 12.15211], [-86.24236, 12.15208], [-86.2447, 12.1523], [-86.24451, 12.15229], [-86.24368, 12.1522], [-86.24606, 12.15242], [-86.24604, 12.15242], [-86.24532, 12.15236], [-86.2447, 12.1523], [-86.2479, 12.15257], [-86.24787, 12.15257], [-86.24614, 12.15242], [-86.24607, 12.15242], [-86.24606, 12.15242], [-86.24848, 12.15079], [-86.24848, 12.15132], [-86.24842, 12.15132], [-86.24842, 12.15155], [-86.24828, 12.15168], [-86.24807, 12.15244], [-86.2479, 12.15257], [-86.24911, 12.15075], [-86.24906, 12.15076], [-86.24894, 12.15078], [-86.24891, 12.15078], [-86.24848, 12.15079], [-86.24911, 12.15075], [-86.24912, 12.15025], [-86.24913, 12.15014], [-86.24913, 12.15014], [-86.24912, 12.14934], [-86.24913, 12.14913], [-86.2492, 12.1489], [-86.24927, 12.14872], [-86.24933, 12.14861], [-86.24936, 12.14856], [-86.24936, 12.14856], [-86.24947, 12.1484], [-86.2495, 12.14837], [-86.24958, 12.14826], [-86.24958, 12.14826], [-86.24963, 12.14821], [-86.24965, 12.14819], [-86.24965, 12.14819], [-86.24977, 12.14806], [-86.25002, 12.14781], [-86.25012, 12.14771], [-86.25016, 12.14766], [-86.25016, 12.14766], [-86.25024, 12.14759], [-86.25024, 12.14759], [-86.25029, 12.14753], [-86.25041, 12.14739], [-86.25041, 12.14739], [-86.25049, 12.14723], [-86.25057, 12.14705], [-86.2506, 12.147], [-86.2506, 12.147], [-86.25066, 12.14683], [-86.25067, 12.14679], [-86.25072, 12.14655], [-86.25072, 12.14655], [-86.24996, 12.14653], [-86.24911, 12.1465], [-86.24911, 12.1465], [-86.24895, 12.14649], [-86.24864, 12.14648], [-86.24652, 12.14641], [-86.24737, 12.14645], [-86.24859, 12.14651], [-86.24864, 12.14648], [-86.24399, 12.14629], [-86.24482, 12.14632], [-86.24566, 12.14637], [-86.24603, 12.14639], [-86.24647, 12.14641], [-86.24652, 12.14641], [-86.24141, 12.14616], [-86.24155, 12.14616], [-86.24234, 12.1462], [-86.24263, 12.14622], [-86.24315, 12.14624], [-86.24399, 12.14629], [-86.24122, 12.14615], [-86.2412, 12.14653], [-86.2412, 12.14653], [-86.24119, 12.1468], [-86.24116, 12.14752], [-86.24113, 12.14791], [-86.2411, 12.14819], [-86.2411, 12.14819], [-86.24103, 12.14844], [-86.24097, 12.14859], [-86.24091, 12.14871], [-86.24081, 12.14887], [-86.24072, 12.14899], [-86.24062, 12.14912], [-86.24045, 12.14929], [-86.23989, 12.14979], [-86.23956, 12.1501], [-86.23956, 12.1501], [-86.23922, 12.15042], [-86.23901, 12.15064], [-86.23889, 12.15081], [-86.23881, 12.15097], [-86.23866, 12.15154], [-86.23861, 12.15174], [-86.23881, 12.15176]]]}}, {"type": "Feature", "properties": {"nombre": "Anexo Jardines De Santa Clara", "tipo": "barrio"}, "geometry": {"type": "Polygon", "coordinates": [[[-86.23231, 12.16115], [-86.23114, 12.16239], [-86.23075, 12.16281], [-86.23051, 12.16266], [-86.23051, 12.16266], [-86.23064, 12.16232], [-86.23086, 12.16193], [-86.23115, 12.16155], [-86.23127, 12.16083], [-86.23122, 12.16061], [-86.23105, 12.15956], [-86.23019, 12.15959], [-86.22981, 12.15956], [-86.2297, 12.15954], [-86.23086, 12.15931], [-86.23043, 12.15938], [-86.23006, 12.15946], [-86.2297, 12.15954], [-86.23086, 12.15931], [-86.23111, 12.15928], [-86.23114, 12.15923], [-86.23116, 12.15855], [-86.23122, 12.15822], [-86.23129, 12.15807], [-86.23145, 12.15807], [-86.23129, 12.15807], [-86.23149, 12.15858], [-86.23146, 12.15851], [-86.23145, 12.15807], [-86.23231, 12.16115], [-86.23181, 12.16061], [-86.23174, 12.1602], [-86.23151, 12.15991], [-86.23156, 12.15873], [-86.23149, 12.15858], [-86.23231, 12.16115]]]}}, {"type": "Feature", "properties": {"nombre": "Jardines de Santa Clara", "tipo": "barrio"}, "geometry": {"type": "Polygon", "coordinates": [[[-86.23086, 12.15931], [-86.23043, 12.15938], [-86.23006, 12.15946], [-86.2297, 12.15954], [-86.2297, 12.15954], [-86.22932, 12.15961], [-86.229, 12.15968], [-86.22864, 12.15973], [-86.2284, 12.15974], [-86.2284, 12.15974], [-86.22834, 12.15974], [-86.22812, 12.15975], [-86.228, 12.15975], [-86.22691, 12.15686], [-86.22693, 12.15774], [-86.22695, 12.15867], [-86.22767, 12.15869], [-86.22801, 12.15852], [-86.228, 12.15975], [-86.22725, 12.15685], [-86.22723, 12.15685], [-86.22691, 12.15686], [-86.22765, 12.15688], [-86.2273, 12.15688], [-86.22725, 12.15685], [-86.22953, 12.15684], [-86.2295, 12.15684], [-86.22915, 12.15685], [-86.22903, 12.15685], [-86.22862, 12.15686], [-86.22815, 12.15687], [-86.22765, 12.15688], [-86.23134, 12.1568], [-86.23121, 12.1568], [-86.23089, 12.15681], [-86.23048, 12.15682], [-86.23008, 12.15683], [-86.22987, 12.15683], [-86.22957, 12.15684], [-86.22953, 12.15684], [-86.23145, 12.15807], [-86.23134, 12.1568], [-86.23145, 12.15807], [-86.23129, 12.15807], [-86.23086, 12.15931], [-86.23111, 12.15928], [-86.23114, 12.15923], [-86.23116, 12.15855], [-86.23122, 12.15822], [-86.23129, 12.15807], [-86.23086, 12.15931]]]}}, {"type": "Feature", "properties": {"nombre": "Sector Oeste Portezuelo", "tipo": "barrio"}, "geometry": {"type": "Polygon", "coordinates": [[[-86.23051, 12.16266], [-86.23036, 12.16293], [-86.23009, 12.16302], [-86.22946, 12.16353], [-86.22869, 12.16356], [-86.22816, 12.16341], [-86.22723, 12.16339], [-86.22722, 12.16274], [-86.2257, 12.16277], [-86.22531, 12.16296], [-86.2247, 12.16303], [-86.22466, 12.16367], [-86.2241, 12.16379], [-86.2241, 12.16379], [-86.22337, 12.16336], [-86.22371, 12.16211], [-86.22378, 12.15714], [-86.22378, 12.15727], [-86.22376, 12.15784], [-86.22373, 12.15884], [-86.2237, 12.15997], [-86.2237, 12.16015], [-86.22368, 12.161], [-86.22371, 12.16137], [-86.22371, 12.16144], [-86.22371, 12.16211], [-86.22378, 12.15714], [-86.22491, 12.15715], [-86.22491, 12.15661], [-86.22691, 12.15643], [-86.22591, 12.15652], [-86.22491, 12.15661], [-86.22691, 12.15643], [-86.22691, 12.15686], [-86.22691, 12.15686], [-86.22693, 12.15774], [-86.22695, 12.15867], [-86.22767, 12.15869], [-86.22801, 12.15852], [-86.228, 12.15975], [-86.2284, 12.15974], [-86.22834, 12.15974], [-86.22812, 12.15975], [-86.228, 12.15975], [-86.2297, 12.15954], [-86.22932, 12.15961], [-86.229, 12.15968], [-86.22864, 12.15973], [-86.2284, 12.15974], [-86.23051, 12.16266], [-86.23064, 12.16232], [-86.23086, 12.16193], [-86.23115, 12.16155], [-86.23127, 12.16083], [-86.23122, 12.16061], [-86.23105, 12.15956], [-86.23019, 12.15959], [-86.22981, 12.15956], [-86.2297, 12.15954], [-86.23051, 12.16266]]]}}, {"type": "Feature", "properties": {"nombre": "Lomas de Chico Pelón", "tipo": "barrio"}, "geometry": {"type": "Polygon", "coordinates": [[[-86.25394, 12.1531], [-86.25283, 12.15302], [-86.25283, 12.15302], [-86.25144, 12.15289], [-86.25132, 12.15288], [-86.25132, 12.15288], [-86.25099, 12.15285], [-86.25057, 12.15282], [-86.25008, 12.15277], [-86.24982, 12.15275], [-86.24907, 12.15268], [-86.24907, 12.15268], [-86.24907, 12.15268], [-86.24909, 12.15199], [-86.2491, 12.15181], [-86.2491, 12.15173], [-86.2491, 12.15164], [-86.24911, 12.15075], [-86.24911, 12.15075], [-86.24912, 12.15025], [-86.24913, 12.15014], [-86.24977, 12.15013], [-86.24919, 12.15013], [-86.24913, 12.15014], [-86.24977, 12.15013], [-86.25027, 12.15047], [-86.25095, 12.15051], [-86.25095, 12.15039], [-86.25245, 12.15045], [-86.25245, 12.15045], [-86.25243, 12.1509], [-86.25243, 12.1509], [-86.25259, 12.15091], [-86.25291, 12.15092], [-86.25315, 12.15094], [-86.25315, 12.15094], [-86.25337, 12.15096], [-86.25403, 12.15099], [-86.25398, 12.15228], [-86.25401, 12.15163], [-86.25403, 12.15099], [-86.25394, 12.1531], [-86.25395, 12.15303], [-86.25398, 12.15228], [-86.25394, 12.1531]]]}}, {"type": "Feature", "properties": {"nombre": "Nueva Libia 2 (derecho de la Via Pista Larreynaga)", "tipo": "barrio"}, "geometry": {"type": "Polygon", "coordinates": [[[-86.22559, 12.14263], [-86.22561, 12.14225], [-86.22559, 12.14263], [-86.22529, 12.14263], [-86.22529, 12.14263], [-86.22516, 12.14243], [-86.22508, 12.14226], [-86.22501, 12.14193], [-86.22472, 12.14193], [-86.2249, 12.14191], [-86.22501, 12.14193], [-86.22472, 12.14193], [-86.22505, 12.14176], [-86.22545, 12.14184], [-86.22518, 12.14179], [-86.22505, 12.14176], [-86.22561, 12.14225], [-86.22539, 12.14223], [-86.22545, 12.14184], [-86.22559, 12.14263]]]}}, {"type": "Feature", "properties": {"nombre": "Bello Horizonte 6", "tipo": "barrio"}, "geometry": {"type": "Polygon", "coordinates": [[[-86.2291, 12.14268], [-86.22906, 12.14268], [-86.22875, 12.14267], [-86.22854, 12.14266], [-86.22737, 12.14265], [-86.22684, 12.14264], [-86.22642, 12.14263], [-86.22908, 12.14181], [-86.22913, 12.14195], [-86.22913, 12.14201], [-86.22914, 12.1421], [-86.22912, 12.14237], [-86.2291, 12.14268], [-86.22908, 12.14181], [-86.22922, 12.14176], [-86.22936, 12.14174], [-86.22972, 12.14172], [-86.2301, 12.14173], [-86.2301, 12.14173], [-86.23007, 12.14269], [-86.22996, 12.14496], [-86.22997, 12.14474], [-86.22999, 12.14422], [-86.23001, 12.14372], [-86.23004, 12.1432], [-86.23006, 12.14276], [-86.23007, 12.14269], [-86.22993, 12.14527], [-86.22993, 12.14524], [-86.22995, 12.14503], [-86.22996, 12.14496], [-86.22988, 12.14527], [-86.22993, 12.14527], [-86.22959, 12.14524], [-86.2298, 12.14526], [-86.22988, 12.14527], [-86.22959, 12.14524], [-86.2292, 12.14517], [-86.229, 12.14514], [-86.229, 12.14514], [-86.22887, 12.14512], [-86.22887, 12.14512], [-86.22827, 12.14504], [-86.22827, 12.14504], [-86.22786, 12.1449], [-86.22786, 12.1449], [-86.22761, 12.14476], [-86.22736, 12.14458], [-86.22727, 12.14451], [-86.2272, 12.14445], [-86.22685, 12.14413], [-86.2268, 12.14409], [-86.22658, 12.14389], [-86.22631, 12.14369], [-86.22611, 12.14358], [-86.22584, 12.1434], [-86.22584, 12.1434], [-86.22582, 12.14334], [-86.22579, 12.14329], [-86.22563, 12.14314], [-86.22541, 12.14284], [-86.22537, 12.14277], [-86.22529, 12.14263], [-86.22559, 12.14263], [-86.22529, 12.14263], [-86.22642, 12.14263], [-86.22633, 12.14263], [-86.22559, 12.14263], [-86.2291, 12.14268]]]}}, {"type": "Feature", "properties": {"nombre": "Bello Horizonte 2", "tipo": "barrio"}, "geometry": {"type": "Polygon", "coordinates": [[[-86.23541, 12.14481], [-86.23511, 12.14479], [-86.23511, 12.14479], [-86.23489, 12.14481], [-86.23489, 12.14481], [-86.23392, 12.14493], [-86.23385, 12.14494], [-86.23385, 12.14494], [-86.23385, 12.1449], [-86.23385, 12.1449], [-86.23382, 12.14473], [-86.23382, 12.14473], [-86.23359, 12.14267], [-86.23359, 12.14267], [-86.23352, 12.14212], [-86.23352, 12.14212], [-86.23347, 12.14161], [-86.23347, 12.14161], [-86.23346, 12.14152], [-86.23346, 12.14152], [-86.23327, 12.13978], [-86.23327, 12.13978], [-86.23326, 12.1397], [-86.23326, 12.1397], [-86.23314, 12.13842], [-86.23304, 12.13838], [-86.23314, 12.13842], [-86.23304, 12.13838], [-86.23328, 12.13812], [-86.23328, 12.13812], [-86.23337, 12.13814], [-86.23472, 12.13771], [-86.23487, 12.13769], [-86.235, 12.13775], [-86.235, 12.13775], [-86.23507, 12.13793], [-86.23528, 12.13954], [-86.23533, 12.14099], [-86.23537, 12.14189], [-86.23542, 12.14196], [-86.23557, 12.14205], [-86.23573, 12.14218], [-86.23578, 12.14232], [-86.23578, 12.14261], [-86.23572, 12.14309], [-86.23561, 12.14372], [-86.23561, 12.14372], [-86.23541, 12.14481]]]}}, {"type": "Feature", "properties": {"nombre": "Bello Horizonte 3", "tipo": "barrio"}, "geometry": {"type": "Polygon", "coordinates": [[[-86.23352, 12.14212], [-86.23346, 12.14214], [-86.23346, 12.14214], [-86.23342, 12.14215], [-86.23297, 12.14218], [-86.23269, 12.14221], [-86.23167, 12.14222], [-86.2316, 12.14222], [-86.23053, 12.14175], [-86.2306, 12.14184], [-86.23081, 12.14185], [-86.23082, 12.14142], [-86.2316, 12.14144], [-86.2316, 12.14162], [-86.23131, 12.14162], [-86.2313, 12.14235], [-86.23154, 12.14236], [-86.2316, 12.14222], [-86.23053, 12.14175], [-86.23055, 12.14117], [-86.23055, 12.14064], [-86.23058, 12.14012], [-86.23057, 12.1396], [-86.23058, 12.1394], [-86.23058, 12.13907], [-86.23058, 12.13903], [-86.23304, 12.13838], [-86.23294, 12.13843], [-86.23279, 12.13857], [-86.23262, 12.13876], [-86.23255, 12.13882], [-86.23242, 12.13887], [-86.23195, 12.13906], [-86.23132, 12.13905], [-86.23078, 12.13904], [-86.23065, 12.13904], [-86.23058, 12.13903], [-86.23304, 12.13838], [-86.23314, 12.13842], [-86.23326, 12.1397], [-86.23314, 12.13842], [-86.23327, 12.13978], [-86.23326, 12.1397], [-86.23346, 12.14152], [-86.23327, 12.13978], [-86.23347, 12.14161], [-86.23346, 12.14152], [-86.23352, 12.14212], [-86.23347, 12.14161], [-86.23352, 12.14212]]]}}, {"type": "Feature", "properties": {"nombre": "Bello Horizonte 4", "tipo": "barrio"}, "geometry": {"type": "Polygon", "coordinates": [[[-86.23382, 12.14473], [-86.23375, 12.14474], [-86.23375, 12.14474], [-86.23371, 12.14474], [-86.23324, 12.14481], [-86.2332, 12.14481], [-86.23289, 12.1448], [-86.23289, 12.1448], [-86.23289, 12.14484], [-86.23286, 12.14515], [-86.22996, 12.14496], [-86.23286, 12.14515], [-86.22996, 12.14496], [-86.22997, 12.14474], [-86.22999, 12.14422], [-86.23001, 12.14372], [-86.23004, 12.1432], [-86.23006, 12.14276], [-86.23007, 12.14269], [-86.2301, 12.14173], [-86.23007, 12.14269], [-86.2301, 12.14173], [-86.23053, 12.14175], [-86.23053, 12.14175], [-86.2306, 12.14184], [-86.23081, 12.14185], [-86.23082, 12.14142], [-86.2316, 12.14144], [-86.2316, 12.14162], [-86.23131, 12.14162], [-86.2313, 12.14235], [-86.23154, 12.14236], [-86.2316, 12.14222], [-86.23346, 12.14214], [-86.23342, 12.14215], [-86.23297, 12.14218], [-86.23269, 12.14221], [-86.23167, 12.14222], [-86.2316, 12.14222], [-86.23352, 12.14212], [-86.23346, 12.14214], [-86.23359, 12.14267], [-86.23352, 12.14212], [-86.23382, 12.14473], [-86.23359, 12.14267], [-86.23382, 12.14473]]]}}, {"type": "Feature", "properties": {"nombre": "Bello Horizonte 5", "tipo": "barrio"}, "geometry": {"type": "Polygon", "coordinates": [[[-86.2301, 12.14173], [-86.23053, 12.14175], [-86.22908, 12.14181], [-86.22922, 12.14176], [-86.22936, 12.14174], [-86.22972, 12.14172], [-86.2301, 12.14173], [-86.22908, 12.14181], [-86.22913, 12.14195], [-86.22913, 12.14201], [-86.22914, 12.1421], [-86.22912, 12.14237], [-86.2291, 12.14268], [-86.2291, 12.14268], [-86.22906, 12.14268], [-86.22875, 12.14267], [-86.22854, 12.14266], [-86.22737, 12.14265], [-86.22684, 12.14264], [-86.22642, 12.14263], [-86.22659, 12.14142], [-86.22646, 12.14181], [-86.22642, 12.1422], [-86.22642, 12.14263], [-86.22659, 12.14142], [-86.2269, 12.14087], [-86.22737, 12.14006], [-86.22746, 12.1398], [-86.22757, 12.1395], [-86.2276, 12.13912], [-86.22758, 12.13905], [-86.22764, 12.13841], [-86.22757, 12.13848], [-86.22752, 12.13854], [-86.22758, 12.13905], [-86.22764, 12.13841], [-86.22769, 12.13843], [-86.22769, 12.13843], [-86.2278, 12.13849], [-86.2278, 12.13849], [-86.22785, 12.13852], [-86.22785, 12.13852], [-86.2279, 12.13854], [-86.22795, 12.13856], [-86.228, 12.13858], [-86.22804, 12.13859], [-86.22807, 12.13859], [-86.22807, 12.13859], [-86.22809, 12.13858], [-86.22814, 12.13857], [-86.22833, 12.13852], [-86.23058, 12.13903], [-86.23055, 12.13901], [-86.23047, 12.13896], [-86.23011, 12.13863], [-86.22977, 12.13846], [-86.2295, 12.1384], [-86.2293, 12.13839], [-86.22925, 12.13839], [-86.22922, 12.13839], [-86.22915, 12.1384], [-86.22833, 12.13852], [-86.23053, 12.14175], [-86.23055, 12.14117], [-86.23055, 12.14064], [-86.23058, 12.14012], [-86.23057, 12.1396], [-86.23058, 12.1394], [-86.23058, 12.13907], [-86.23058, 12.13903], [-86.2301, 12.14173]]]}}, {"type": "Feature", "properties": {"nombre": "Cristian Perez", "tipo": "barrio"}, "geometry": {"type": "Polygon", "coordinates": [[[-86.23561, 12.14372], [-86.23612, 12.14379], [-86.23762, 12.14411], [-86.235, 12.13775], [-86.23507, 12.13793], [-86.23528, 12.13954], [-86.23533, 12.14099], [-86.23537, 12.14189], [-86.23542, 12.14196], [-86.23557, 12.14205], [-86.23573, 12.14218], [-86.23578, 12.14232], [-86.23578, 12.14261], [-86.23572, 12.14309], [-86.23561, 12.14372], [-86.235, 12.13775], [-86.23503, 12.13769], [-86.23503, 12.13769], [-86.23512, 12.13757], [-86.2357, 12.13752], [-86.23609, 12.13752], [-86.23635, 12.13759], [-86.2368, 12.13773], [-86.2373, 12.13789], [-86.23789, 12.13801], [-86.23803, 12.13797], [-86.23789, 12.13801], [-86.23803, 12.13797], [-86.23795, 12.13922], [-86.23795, 12.1394], [-86.23794, 12.13949], [-86.23794, 12.13955], [-86.23794, 12.1396], [-86.23793, 12.13967], [-86.23789, 12.14014], [-86.23785, 12.14077], [-86.23785, 12.14077], [-86.23783, 12.14111], [-86.23779, 12.14169], [-86.23776, 12.14212], [-86.23776, 12.14212], [-86.23775, 12.14224], [-86.23763, 12.14382], [-86.23762, 12.14411], [-86.23561, 12.14372]]]}}, {"type": "Feature", "properties": {"nombre": "El Edén", "tipo": "barrio"}, "geometry": {"type": "Polygon", "coordinates": [[[-86.24138, 12.14494], [-86.23863, 12.14435], [-86.23762, 12.14411], [-86.23863, 12.14435], [-86.23776, 12.14212], [-86.23775, 12.14224], [-86.23763, 12.14382], [-86.23762, 12.14411], [-86.23785, 12.14077], [-86.23783, 12.14111], [-86.23779, 12.14169], [-86.23776, 12.14212], [-86.23803, 12.13797], [-86.23795, 12.13922], [-86.23795, 12.1394], [-86.23794, 12.13949], [-86.23794, 12.13955], [-86.23794, 12.1396], [-86.23793, 12.13967], [-86.23789, 12.14014], [-86.23785, 12.14077], [-86.23895, 12.13835], [-86.23872, 12.13818], [-86.23859, 12.13809], [-86.23844, 12.13804], [-86.2381, 12.13798], [-86.23803, 12.13797], [-86.23907, 12.13847], [-86.23895, 12.13835], [-86.24082, 12.14051], [-86.2406, 12.14025], [-86.24047, 12.1401], [-86.24027, 12.13985], [-86.23998, 12.13949], [-86.23973, 12.13922], [-86.23907, 12.13847], [-86.24114, 12.14098], [-86.24113, 12.14093], [-86.24111, 12.14088], [-86.24109, 12.14085], [-86.24082, 12.14051], [-86.24137, 12.141], [-86.24114, 12.14098], [-86.24215, 12.14106], [-86.24189, 12.14103], [-86.24137, 12.141], [-86.24244, 12.14107], [-86.24234, 12.14107], [-86.24231, 12.14107], [-86.24215, 12.14106], [-86.24244, 12.14107], [-86.2424, 12.14119], [-86.24234, 12.14136], [-86.24223, 12.14173], [-86.24215, 12.14203], [-86.24184, 12.14318], [-86.2417, 12.14369], [-86.24157, 12.14414], [-86.24144, 12.14466], [-86.24138, 12.14494]]]}}, {"type": "Feature", "properties": {"nombre": "Larreynaga", "tipo": "barrio"}, "geometry": {"type": "Polygon", "coordinates": [[[-86.24141, 12.14616], [-86.24155, 12.14616], [-86.24234, 12.1462], [-86.24263, 12.14622], [-86.24315, 12.14624], [-86.24399, 12.14629], [-86.24399, 12.14629], [-86.24482, 12.14632], [-86.24566, 12.14637], [-86.24603, 12.14639], [-86.24647, 12.14641], [-86.24652, 12.14641], [-86.24657, 12.14487], [-86.24666, 12.14488], [-86.24666, 12.14549], [-86.24666, 12.14627], [-86.24652, 12.14641], [-86.2466, 12.14406], [-86.2466, 12.1444], [-86.24657, 12.14487], [-86.2466, 12.14361], [-86.2466, 12.14406], [-86.2467, 12.14279], [-86.24662, 12.14354], [-86.2466, 12.14361], [-86.24644, 12.14178], [-86.2464, 12.14235], [-86.24652, 12.14235], [-86.24652, 12.14272], [-86.2467, 12.14279], [-86.24644, 12.14178], [-86.24568, 12.14174], [-86.24523, 12.14174], [-86.24507, 12.14174], [-86.24507, 12.14174], [-86.24475, 12.14171], [-86.24455, 12.14169], [-86.24439, 12.14164], [-86.24425, 12.1416], [-86.24398, 12.14148], [-86.24375, 12.14138], [-86.24357, 12.14132], [-86.24344, 12.14127], [-86.24327, 12.14122], [-86.2431, 12.14118], [-86.24306, 12.14116], [-86.24296, 12.14114], [-86.24288, 12.14113], [-86.24283, 12.14111], [-86.2428, 12.14111], [-86.24279, 12.14111], [-86.24279, 12.14111], [-86.24265, 12.14109], [-86.24265, 12.14109], [-86.24259, 12.14108], [-86.24255, 12.14108], [-86.24255, 12.14108], [-86.24244, 12.14107], [-86.24244, 12.14107], [-86.2424, 12.14119], [-86.24234, 12.14136], [-86.24223, 12.14173], [-86.24215, 12.14203], [-86.24184, 12.14318], [-86.2417, 12.14369], [-86.24157, 12.14414], [-86.24144, 12.14466], [-86.24138, 12.14494], [-86.24138, 12.14494], [-86.24132, 12.14523], [-86.24126, 12.14561], [-86.24124, 12.14594], [-86.24123, 12.14598], [-86.24122, 12.14608], [-86.24122, 12.14615], [-86.24141, 12.14616]]]}}, {"type": "Feature", "properties": {"nombre": "Tenderí", "tipo": "barrio"}, "geometry": {"type": "Polygon", "coordinates": [[[-86.2508, 12.14517], [-86.25051, 12.14525], [-86.25019, 12.14534], [-86.24982, 12.14544], [-86.24965, 12.1455], [-86.24965, 12.1455], [-86.24961, 12.14551], [-86.24952, 12.14554], [-86.24952, 12.14554], [-86.24941, 12.14558], [-86.24937, 12.1456], [-86.24915, 12.14567], [-86.24911, 12.1465], [-86.24915, 12.14567], [-86.24911, 12.1465], [-86.24895, 12.14649], [-86.24864, 12.14648], [-86.24652, 12.14641], [-86.24737, 12.14645], [-86.24859, 12.14651], [-86.24864, 12.14648], [-86.24657, 12.14487], [-86.24666, 12.14488], [-86.24666, 12.14549], [-86.24666, 12.14627], [-86.24652, 12.14641], [-86.2466, 12.14406], [-86.2466, 12.1444], [-86.24657, 12.14487], [-86.24765, 12.14409], [-86.2466, 12.14406], [-86.24923, 12.14424], [-86.24916, 12.1442], [-86.24839, 12.14409], [-86.24804, 12.14404], [-86.2477, 12.144], [-86.24765, 12.14404], [-86.24765, 12.14409], [-86.25003, 12.14434], [-86.24967, 12.14429], [-86.24923, 12.14424], [-86.25088, 12.14469], [-86.25074, 12.14468], [-86.25056, 12.14456], [-86.25053, 12.1446], [-86.25017, 12.14439], [-86.25003, 12.14434], [-86.25088, 12.14469], [-86.25084, 12.14477], [-86.2508, 12.14517]]]}}, {"type": "Feature", "properties": {"nombre": "Bello Amanecer", "tipo": "barrio"}, "geometry": {"type": "Polygon", "coordinates": [[[-86.35032, 12.14412], [-86.3505, 12.14509], [-86.3506, 12.14565], [-86.35072, 12.14625], [-86.35078, 12.14686], [-86.35063, 12.14746], [-86.35061, 12.14752], [-86.35067, 12.1486], [-86.35078, 12.14974], [-86.35061, 12.15186], [-86.34947, 12.15181], [-86.34527, 12.15161], [-86.34529, 12.15085], [-86.34245, 12.15066], [-86.34319, 12.14757], [-86.34357, 12.14759], [-86.34362, 12.14708], [-86.34458, 12.14709], [-86.34801, 12.14721], [-86.34808, 12.14721], [-86.34774, 12.14555], [-86.34674, 12.14475], [-86.34593, 12.14159], [-86.34574, 12.14069], [-86.34574, 12.14069], [-86.34931, 12.14062], [-86.34976, 12.14183], [-86.34978, 12.14204], [-86.34989, 12.14282], [-86.35032, 12.14412], [-86.34674, 12.14475], [-86.34601, 12.1425], [-86.34593, 12.14159], [-86.35032, 12.14412]]]}}, {"type": "Feature", "properties": {"nombre": "Barrio La Primavera", "tipo": "barrio"}, "geometry": {"type": "Polygon", "coordinates": [[[-86.22173, 12.15043], [-86.22199, 12.15051], [-86.22239, 12.15054], [-86.22289, 12.15059], [-86.22321, 12.15063], [-86.22327, 12.15064], [-86.2235, 12.15067], [-86.22359, 12.15071], [-86.22375, 12.15081], [-86.22375, 12.15081], [-86.22381, 12.15091], [-86.22386, 12.151], [-86.2239, 12.15114], [-86.2239, 12.15114], [-86.2239, 12.1513], [-86.2239, 12.15138], [-86.22391, 12.15152], [-86.22391, 12.15182], [-86.22391, 12.15182], [-86.2239, 12.15235], [-86.22387, 12.1534], [-86.22387, 12.1534], [-86.22386, 12.15368], [-86.22385, 12.15397], [-86.22379, 12.15605], [-86.22379, 12.15605], [-86.22371, 12.15605], [-86.22252, 12.15603], [-86.22225, 12.156], [-86.22225, 12.156], [-86.22218, 12.15599], [-86.22218, 12.15599], [-86.22208, 12.15597], [-86.22208, 12.15597], [-86.22201, 12.15596], [-86.22099, 12.15574], [-86.22061, 12.15564], [-86.22055, 12.15563], [-86.21983, 12.15546], [-86.21978, 12.15545], [-86.21978, 12.15545], [-86.21974, 12.15544], [-86.21918, 12.15531], [-86.21909, 12.15529], [-86.21891, 12.15524], [-86.21847, 12.15514], [-86.21838, 12.15512], [-86.21838, 12.15512], [-86.2183, 12.15511], [-86.21792, 12.15507], [-86.21753, 12.15507], [-86.21753, 12.15507], [-86.21694, 12.1551], [-86.21688, 12.1551], [-86.21617, 12.15511], [-86.21609, 12.15512], [-86.21576, 12.1552], [-86.21576, 12.1552], [-86.21563, 12.15519], [-86.21563, 12.15519], [-86.21549, 12.15526], [-86.21536, 12.15535], [-86.21514, 12.15545], [-86.21504, 12.1555], [-86.21416, 12.15592], [-86.21382, 12.15607], [-86.21382, 12.15607], [-86.21381, 12.156], [-86.21381, 12.15593], [-86.21353, 12.15371], [-86.2134, 12.15282], [-86.21319, 12.15128], [-86.21317, 12.1511], [-86.21298, 12.1497], [-86.21298, 12.14966], [-86.21298, 12.14966], [-86.21352, 12.1497], [-86.21352, 12.1497], [-86.21357, 12.1497], [-86.21364, 12.14971], [-86.21364, 12.14971], [-86.21419, 12.14977], [-86.21419, 12.14977], [-86.21487, 12.14982], [-86.21487, 12.14982], [-86.21508, 12.14984], [-86.21539, 12.14986], [-86.21621, 12.14993], [-86.2171, 12.15002], [-86.21743, 12.15004], [-86.21798, 12.15008], [-86.21884, 12.15016], [-86.21974, 12.15025], [-86.2201, 12.15028], [-86.22027, 12.1503], [-86.22073, 12.15034], [-86.22109, 12.15038], [-86.22109, 12.15038], [-86.22162, 12.15043], [-86.22173, 12.15043]]]}}, {"type": "Feature", "properties": {"nombre": "Villa Vallarta", "tipo": "barrio"}, "geometry": {"type": "Polygon", "coordinates": [[[-86.21563, 12.15519], [-86.21553, 12.15535], [-86.21559, 12.15584], [-86.21558, 12.15714], [-86.2155, 12.15767], [-86.21555, 12.1586], [-86.21594, 12.15948], [-86.216, 12.15996], [-86.216, 12.16037], [-86.21592, 12.16051], [-86.21572, 12.1606], [-86.21565, 12.16079], [-86.21564, 12.16123], [-86.21581, 12.16214], [-86.21435, 12.16214], [-86.21355, 12.1622], [-86.21085, 12.16217], [-86.2099, 12.16161], [-86.2099, 12.15897], [-86.2099, 12.1572], [-86.21012, 12.15672], [-86.21011, 12.15679], [-86.20999, 12.15703], [-86.2099, 12.1572], [-86.21012, 12.15672], [-86.21088, 12.15659], [-86.21088, 12.15659], [-86.21116, 12.15654], [-86.21116, 12.15654], [-86.21139, 12.1565], [-86.21139, 12.1565], [-86.21195, 12.1564], [-86.2125, 12.15632], [-86.21302, 12.15626], [-86.21335, 12.15621], [-86.21348, 12.15619], [-86.21372, 12.15612], [-86.21373, 12.15612], [-86.21382, 12.15607], [-86.21563, 12.15519], [-86.21549, 12.15526], [-86.21536, 12.15535], [-86.21514, 12.15545], [-86.21504, 12.1555], [-86.21416, 12.15592], [-86.21382, 12.15607], [-86.21563, 12.15519]]]}}, {"type": "Feature", "properties": {"nombre": "Anexo Barrio La Primavera", "tipo": "barrio"}, "geometry": {"type": "Polygon", "coordinates": [[[-86.22379, 12.15605], [-86.22382, 12.15636], [-86.22382, 12.15636], [-86.22379, 12.15665], [-86.22378, 12.15714], [-86.22378, 12.15714], [-86.22378, 12.15727], [-86.22376, 12.15784], [-86.22373, 12.15884], [-86.2237, 12.15997], [-86.2237, 12.16015], [-86.22368, 12.161], [-86.22371, 12.16137], [-86.22371, 12.16144], [-86.22371, 12.16211], [-86.22371, 12.16211], [-86.2236, 12.16205], [-86.21857, 12.16212], [-86.2183, 12.16268], [-86.21591, 12.16216], [-86.21575, 12.16119], [-86.21575, 12.16084], [-86.2158, 12.16068], [-86.21603, 12.16056], [-86.21608, 12.16043], [-86.21609, 12.16009], [-86.21609, 12.15957], [-86.216, 12.1593], [-86.21588, 12.15907], [-86.21564, 12.1587], [-86.2156, 12.15859], [-86.21556, 12.15794], [-86.21554, 12.15768], [-86.21562, 12.15714], [-86.21565, 12.15638], [-86.21564, 12.15584], [-86.21557, 12.15538], [-86.2157, 12.15528], [-86.21576, 12.1552], [-86.21753, 12.15507], [-86.21694, 12.1551], [-86.21688, 12.1551], [-86.21617, 12.15511], [-86.21609, 12.15512], [-86.21576, 12.1552], [-86.21838, 12.15512], [-86.2183, 12.15511], [-86.21792, 12.15507], [-86.21753, 12.15507], [-86.21978, 12.15545], [-86.21974, 12.15544], [-86.21918, 12.15531], [-86.21909, 12.15529], [-86.21891, 12.15524], [-86.21847, 12.15514], [-86.21838, 12.15512], [-86.22208, 12.15597], [-86.22201, 12.15596], [-86.22099, 12.15574], [-86.22061, 12.15564], [-86.22055, 12.15563], [-86.21983, 12.15546], [-86.21978, 12.15545], [-86.22218, 12.15599], [-86.22208, 12.15597], [-86.22379, 12.15605], [-86.22371, 12.15605], [-86.22252, 12.15603], [-86.22225, 12.156], [-86.22225, 12.156], [-86.22218, 12.15599], [-86.22379, 12.15605]]]}}, {"type": "Feature", "properties": {"nombre": "Barrio Che Guevara", "tipo": "barrio"}, "geometry": {"type": "Polygon", "coordinates": [[[-86.22088, 12.10529], [-86.2204, 12.10619], [-86.21808, 12.10584], [-86.21858, 12.10497], [-86.21998, 12.1052], [-86.22039, 12.10465], [-86.22078, 12.10515], [-86.22088, 12.10529]]]}}, {"type": "Feature", "properties": {"nombre": "Altos de la Sabana", "tipo": "barrio"}, "geometry": {"type": "Polygon", "coordinates": [[[-86.18271, 12.12243], [-86.18327, 12.12007], [-86.18123, 12.11967], [-86.18032, 12.12447], [-86.18086, 12.12422], [-86.18129, 12.12213], [-86.18271, 12.12243]]]}}, {"type": "Feature", "properties": {"nombre": "Nuevas Victorias", "tipo": "barrio"}, "geometry": {"type": "Polygon", "coordinates": [[[-86.17845, 12.12478], [-86.17619, 12.12478], [-86.1764, 12.12376], [-86.17646, 12.12285], [-86.17641, 12.12075], [-86.1759, 12.1207], [-86.17434, 12.12011], [-86.17407, 12.12027], [-86.17371, 12.121], [-86.17329, 12.1209], [-86.17276, 12.12047], [-86.1723, 12.12005], [-86.17229, 12.12004], [-86.17217, 12.11987], [-86.17211, 12.11979], [-86.17209, 12.11963], [-86.1721, 12.11948], [-86.17455, 12.11327], [-86.1746, 12.11315], [-86.17639, 12.1086], [-86.17657, 12.10858], [-86.18224, 12.11081], [-86.18007, 12.11492], [-86.18175, 12.1156], [-86.18098, 12.11623], [-86.1805, 12.11664], [-86.1798, 12.11737], [-86.17952, 12.11787], [-86.17934, 12.11863], [-86.1793, 12.11899], [-86.17917, 12.11922], [-86.17874, 12.11985], [-86.1786, 12.12025], [-86.1786, 12.12162], [-86.1784, 12.12252], [-86.17845, 12.12478]]]}}, {"type": "Feature", "properties": {"nombre": "Comandante Daniel Ortega", "tipo": "barrio"}, "geometry": {"type": "Polygon", "coordinates": [[[-86.14614, 12.14502], [-86.14327, 12.14456], [-86.14309, 12.147], [-86.14231, 12.14925], [-86.14154, 12.14998], [-86.14173, 12.15119], [-86.14357, 12.1507], [-86.14385, 12.1505], [-86.14416, 12.15037], [-86.14438, 12.15002], [-86.14463, 12.14935], [-86.1452, 12.14867], [-86.14614, 12.14502]]]}}, {"type": "Feature", "properties": {"nombre": "Tercera Etapa Ciudad El Doral", "tipo": "residencial"}, "geometry": {"type": "Polygon", "coordinates": [[[-86.39823, 12.20696], [-86.3965, 12.21054], [-86.39625, 12.21073], [-86.39536, 12.21054], [-86.3941, 12.21008], [-86.39347, 12.2098], [-86.39285, 12.20934], [-86.3921, 12.20887], [-86.39074, 12.20825], [-86.39023, 12.20794], [-86.3901, 12.20776], [-86.39075, 12.207], [-86.39036, 12.20669], [-86.383, 12.20089], [-86.38379, 12.19969], [-86.38425, 12.19993], [-86.3942, 12.2066], [-86.39506, 12.20537], [-86.39538, 12.20469], [-86.39559, 12.20441], [-86.39602, 12.20488], [-86.39644, 12.20537], [-86.39667, 12.20561], [-86.39662, 12.20572], [-86.39823, 12.20696], [-86.39567, 12.201], [-86.39979, 12.20415], [-86.40049, 12.20466], [-86.39879, 12.20663], [-86.3983, 12.20687], [-86.3972, 12.20579], [-86.3963, 12.20487], [-86.39572, 12.20396], [-86.39533, 12.20308], [-86.3952, 12.20185], [-86.39516, 12.20107], [-86.39567, 12.201], [-86.39823, 12.20696]]]}}, {"type": "Feature", "properties": {"nombre": "Estancia de Santo Domingo", "tipo": "barrio", "nodo": true}, "geometry": {"type": "Point", "coordinates": [-86.2408, 12.07886]}}, {"type": "Feature", "properties": {"nombre": "Estancia de Santo Domingo 2° etapa", "tipo": "barrio", "nodo": true}, "geometry": {"type": "Point", "coordinates": [-86.23798, 12.07441]}}, {"type": "Feature", "properties": {"nombre": "Las Brisas", "tipo": "barrio", "nodo": true}, "geometry": {"type": "Point", "coordinates": [-86.31391, 12.15533]}}, {"type": "Feature", "properties": {"nombre": "Pantanal", "tipo": "barrio", "nodo": true}, "geometry": {"type": "Point", "coordinates": [-86.31491, 12.1595]}}, {"type": "Feature", "properties": {"nombre": "Satelite de Asososca", "tipo": "barrio", "nodo": true}, "geometry": {"type": "Point", "coordinates": [-86.33916, 12.14364]}}, {"type": "Feature", "properties": {"nombre": "Bosques de Capistrano", "tipo": "barrio", "nodo": true}, "geometry": {"type": "Point", "coordinates": [-86.19314, 12.05537]}}, {"type": "Feature", "properties": {"nombre": "Buenos Aires", "tipo": "barrio", "nodo": true}, "geometry": {"type": "Point", "coordinates": [-86.2108, 12.03565]}}, {"type": "Feature", "properties": {"nombre": "Reparto Leonel Reynosa", "tipo": "barrio", "nodo": true}, "geometry": {"type": "Point", "coordinates": [-86.21457, 12.03817]}}, {"type": "Feature", "properties": {"nombre": "Residencial Ciudad Real", "tipo": "barrio", "nodo": true}, "geometry": {"type": "Point", "coordinates": [-86.17835, 12.07078]}}, {"type": "Feature", "properties": {"nombre": "Valle De Capistrano V etapa", "tipo": "barrio", "nodo": true}, "geometry": {"type": "Point", "coordinates": [-86.192, 12.05236]}}, {"type": "Feature", "properties": {"nombre": "Ciudad Jardín", "tipo": "barrio", "nodo": true}, "geometry": {"type": "Point", "coordinates": [-86.25528, 12.1439]}}, {"type": "Feature", "properties": {"nombre": "Linda Vista Norte", "tipo": "barrio", "nodo": true}, "geometry": {"type": "Point", "coordinates": [-86.30595, 12.15528]}}, {"type": "Feature", "properties": {"nombre": "Colonia Xolotlán", "tipo": "barrio", "nodo": true}, "geometry": {"type": "Point", "coordinates": [-86.21978, 12.14485]}}, {"type": "Feature", "properties": {"nombre": "Los Altos", "tipo": "barrio", "nodo": true}, "geometry": {"type": "Point", "coordinates": [-86.26415, 12.0951]}}, {"type": "Feature", "properties": {"nombre": "Los Robles", "tipo": "barrio", "nodo": true}, "geometry": {"type": "Point", "coordinates": [-86.26065, 12.12111]}}, {"type": "Feature", "properties": {"nombre": "Villa del Mirador", "tipo": "barrio", "nodo": true}, "geometry": {"type": "Point", "coordinates": [-86.2463, 12.09187]}}, {"type": "Feature", "properties": {"nombre": "Reparto Schick", "tipo": "barrio", "nodo": true}, "geometry": {"type": "Point", "coordinates": [-86.23352, 12.1113]}}, {"type": "Feature", "properties": {"nombre": "Bosques de Altamira", "tipo": "barrio", "nodo": true}, "geometry": {"type": "Point", "coordinates": [-86.25113, 12.12023]}}, {"type": "Feature", "properties": {"nombre": "Reparto San Juan", "tipo": "barrio", "nodo": true}, "geometry": {"type": "Point", "coordinates": [-86.26971, 12.1219]}}, {"type": "Feature", "properties": {"nombre": "Bolonia", "tipo": "barrio", "nodo": true}, "geometry": {"type": "Point", "coordinates": [-86.28154, 12.13989]}}, {"type": "Feature", "properties": {"nombre": "Residencial Rubenia", "tipo": "barrio", "nodo": true}, "geometry": {"type": "Point", "coordinates": [-86.22518, 12.13126]}}, {"type": "Feature", "properties": {"nombre": "Barrio Altagracia", "tipo": "barrio", "nodo": true}, "geometry": {"type": "Point", "coordinates": [-86.29201, 12.13714]}}, {"type": "Feature", "properties": {"nombre": "Las Colinas", "tipo": "barrio", "nodo": true}, "geometry": {"type": "Point", "coordinates": [-86.23083, 12.09706]}}, {"type": "Feature", "properties": {"nombre": "Barrio Grenada", "tipo": "barrio", "nodo": true}, "geometry": {"type": "Point", "coordinates": [-86.24399, 12.11825]}}, {"type": "Feature", "properties": {"nombre": "Altos de Santo Domingo", "tipo": "barrio", "nodo": true}, "geometry": {"type": "Point", "coordinates": [-86.24613, 12.08602]}}, {"type": "Feature", "properties": {"nombre": "Reparto de Santa Mónica", "tipo": "barrio", "nodo": true}, "geometry": {"type": "Point", "coordinates": [-86.23969, 12.08698]}}, {"type": "Feature", "properties": {"nombre": "Las Colinas Sur", "tipo": "barrio", "nodo": true}, "geometry": {"type": "Point", "coordinates": [-86.22981, 12.09032]}}, {"type": "Feature", "properties": {"nombre": "Santa María", "tipo": "barrio", "nodo": true}, "geometry": {"type": "Point", "coordinates": [-86.22224, 12.09204]}}, {"type": "Feature", "properties": {"nombre": "Balcones de Santo Domingo", "tipo": "barrio", "nodo": true}, "geometry": {"type": "Point", "coordinates": [-86.24966, 12.05656]}}, {"type": "Feature", "properties": {"nombre": "Jardines de Santo Domingo", "tipo": "barrio", "nodo": true}, "geometry": {"type": "Point", "coordinates": [-86.24849, 12.05972]}}, {"type": "Feature", "properties": {"nombre": "Villa Fontana Este", "tipo": "barrio", "nodo": true}, "geometry": {"type": "Point", "coordinates": [-86.26136, 12.10675]}}, {"type": "Feature", "properties": {"nombre": "Bosques De Santo Domingo", "tipo": "barrio", "nodo": true}, "geometry": {"type": "Point", "coordinates": [-86.23766, 12.07132]}}, {"type": "Feature", "properties": {"nombre": "Comarca Cedro Galán", "tipo": "barrio", "nodo": true}, "geometry": {"type": "Point", "coordinates": [-86.34442, 12.09083]}}, {"type": "Feature", "properties": {"nombre": "Comarca Chiquilistagua", "tipo": "barrio", "nodo": true}, "geometry": {"type": "Point", "coordinates": [-86.36773, 12.08528]}}, {"type": "Feature", "properties": {"nombre": "Comarca Jinotepe", "tipo": "barrio", "nodo": true}, "geometry": {"type": "Point", "coordinates": [-86.32167, 12.08523]}}, {"type": "Feature", "properties": {"nombre": "Comarca Nejapa", "tipo": "barrio", "nodo": true}, "geometry": {"type": "Point", "coordinates": [-86.33163, 12.10941]}}, {"type": "Feature", "properties": {"nombre": "Monte Tabor", "tipo": "barrio", "nodo": true}, "geometry": {"type": "Point", "coordinates": [-86.32115, 12.06681]}}, {"type": "Feature", "properties": {"nombre": "Reparto Samarkan", "tipo": "barrio", "nodo": true}, "geometry": {"type": "Point", "coordinates": [-86.3215, 12.07627]}}, {"type": "Feature", "properties": {"nombre": "Colonia Centroamérica", "tipo": "barrio", "nodo": true}, "geometry": {"type": "Point", "coordinates": [-86.25006, 12.11407]}}, {"type": "Feature", "properties": {"nombre": "El Boquete (Sector Norte Santo Domingo)", "tipo": "barrio", "nodo": true}, "geometry": {"type": "Point", "coordinates": [-86.24027, 12.09036]}}, {"type": "Feature", "properties": {"nombre": "Esquipulas", "tipo": "barrio", "nodo": true}, "geometry": {"type": "Point", "coordinates": [-86.21582, 12.07459]}}, {"type": "Feature", "properties": {"nombre": "Lomas de Guadalupe", "tipo": "barrio", "nodo": true}, "geometry": {"type": "Point", "coordinates": [-86.19355, 12.10972]}}, {"type": "Feature", "properties": {"nombre": "Villa Canadá", "tipo": "barrio", "nodo": true}, "geometry": {"type": "Point", "coordinates": [-86.21649, 12.12036]}}, {"type": "Feature", "properties": {"nombre": "Villa Venezuela", "tipo": "barrio", "nodo": true}, "geometry": {"type": "Point", "coordinates": [-86.21373, 12.12249]}}, {"type": "Feature", "properties": {"nombre": "Colonia 14 de Septiembre", "tipo": "barrio", "nodo": true}, "geometry": {"type": "Point", "coordinates": [-86.23152, 12.12755]}}, {"type": "Feature", "properties": {"nombre": "Colonia Nicarao", "tipo": "barrio", "nodo": true}, "geometry": {"type": "Point", "coordinates": [-86.23565, 12.12942]}}, {"type": "Feature", "properties": {"nombre": "Grenada", "tipo": "barrio", "nodo": true}, "geometry": {"type": "Point", "coordinates": [-86.24535, 12.11924]}}, {"type": "Feature", "properties": {"nombre": "Acahualinca", "tipo": "barrio", "nodo": true}, "geometry": {"type": "Point", "coordinates": [-86.2932, 12.16307]}}, {"type": "Feature", "properties": {"nombre": "Alemania Democrática", "tipo": "barrio", "nodo": true}, "geometry": {"type": "Point", "coordinates": [-86.29806, 12.16041]}}, {"type": "Feature", "properties": {"nombre": "Barrio 18 de Mayo", "tipo": "barrio", "nodo": true}, "geometry": {"type": "Point", "coordinates": [-86.24016, 12.11242]}}, {"type": "Feature", "properties": {"nombre": "Barrio 22 de Enero", "tipo": "barrio", "nodo": true}, "geometry": {"type": "Point", "coordinates": [-86.24966, 12.10844]}}, {"type": "Feature", "properties": {"nombre": "Andrés Castro", "tipo": "barrio", "nodo": true}, "geometry": {"type": "Point", "coordinates": [-86.29274, 12.12965]}}, {"type": "Feature", "properties": {"nombre": "Barrio Colombia", "tipo": "barrio", "nodo": true}, "geometry": {"type": "Point", "coordinates": [-86.24636, 12.13086]}}, {"type": "Feature", "properties": {"nombre": "Barrio Ducualí", "tipo": "barrio", "nodo": true}, "geometry": {"type": "Point", "coordinates": [-86.23981, 12.13632]}}, {"type": "Feature", "properties": {"nombre": "Barrio María Auxiliadora", "tipo": "barrio", "nodo": true}, "geometry": {"type": "Point", "coordinates": [-86.24427, 12.1391]}}, {"type": "Feature", "properties": {"nombre": "Barrio México", "tipo": "barrio", "nodo": true}, "geometry": {"type": "Point", "coordinates": [-86.25359, 12.12664]}}, {"type": "Feature", "properties": {"nombre": "Barrio René Cisneros", "tipo": "barrio", "nodo": true}, "geometry": {"type": "Point", "coordinates": [-86.28611, 12.12722]}}, {"type": "Feature", "properties": {"nombre": "Barrio Unión Soviética", "tipo": "barrio", "nodo": true}, "geometry": {"type": "Point", "coordinates": [-86.2339, 12.1328]}}, {"type": "Feature", "properties": {"nombre": "Barrio Walter Ferreti", "tipo": "barrio", "nodo": true}, "geometry": {"type": "Point", "coordinates": [-86.23757, 12.11308]}}, {"type": "Feature", "properties": {"nombre": "El Riguero", "tipo": "barrio", "nodo": true}, "geometry": {"type": "Point", "coordinates": [-86.25214, 12.13288]}}, {"type": "Feature", "properties": {"nombre": "Barrio Venezuela", "tipo": "barrio", "nodo": true}, "geometry": {"type": "Point", "coordinates": [-86.23609, 12.13665]}}, {"type": "Feature", "properties": {"nombre": "Batahola Norte", "tipo": "barrio", "nodo": true}, "geometry": {"type": "Point", "coordinates": [-86.30388, 12.14107]}}, {"type": "Feature", "properties": {"nombre": "Batahola Sur", "tipo": "barrio", "nodo": true}, "geometry": {"type": "Point", "coordinates": [-86.30464, 12.13528]}}, {"type": "Feature", "properties": {"nombre": "Colonia 10 de Junio", "tipo": "barrio", "nodo": true}, "geometry": {"type": "Point", "coordinates": [-86.24374, 12.13457]}}, {"type": "Feature", "properties": {"nombre": "Máximo Jerez", "tipo": "barrio", "nodo": true}, "geometry": {"type": "Point", "coordinates": [-86.25533, 12.1289]}}, {"type": "Feature", "properties": {"nombre": "Colonia del Periodista", "tipo": "barrio", "nodo": true}, "geometry": {"type": "Point", "coordinates": [-86.28564, 12.12441]}}, {"type": "Feature", "properties": {"nombre": "Barrio Recreo", "tipo": "barrio", "nodo": true}, "geometry": {"type": "Point", "coordinates": [-86.28835, 12.13101]}}, {"type": "Feature", "properties": {"nombre": "Colonia Morazán", "tipo": "barrio", "nodo": true}, "geometry": {"type": "Point", "coordinates": [-86.30316, 12.1563]}}, {"type": "Feature", "properties": {"nombre": "Rafael Ríos", "tipo": "barrio", "nodo": true}, "geometry": {"type": "Point", "coordinates": [-86.30264, 12.15893]}}, {"type": "Feature", "properties": {"nombre": "Reparto Belmonte", "tipo": "barrio", "nodo": true}, "geometry": {"type": "Point", "coordinates": [-86.30814, 12.12615]}}, {"type": "Feature", "properties": {"nombre": "Motastepe", "tipo": "barrio", "nodo": true}, "geometry": {"type": "Point", "coordinates": [-86.31568, 12.13092]}}, {"type": "Feature", "properties": {"nombre": "El Dorado", "tipo": "barrio", "nodo": true}, "geometry": {"type": "Point", "coordinates": [-86.24787, 12.13458]}}, {"type": "Feature", "properties": {"nombre": "Los Pescadores", "tipo": "barrio", "nodo": true}, "geometry": {"type": "Point", "coordinates": [-86.26267, 12.15513]}}, {"type": "Feature", "properties": {"nombre": "Santa Ana Norte", "tipo": "barrio", "nodo": true}, "geometry": {"type": "Point", "coordinates": [-86.29026, 12.15833]}}, {"type": "Feature", "properties": {"nombre": "Barrio Tierra Prometida", "tipo": "barrio", "nodo": true}, "geometry": {"type": "Point", "coordinates": [-86.30307, 12.12175]}}, {"type": "Feature", "properties": {"nombre": "El Edén", "tipo": "barrio", "nodo": true}, "geometry": {"type": "Point", "coordinates": [-86.23992, 12.14247]}}, {"type": "Feature", "properties": {"nombre": "Campo Bruce", "tipo": "barrio", "nodo": true}, "geometry": {"type": "Point", "coordinates": [-86.25681, 12.1394]}}, {"type": "Feature", "properties": {"nombre": "Tenderí", "tipo": "barrio", "nodo": true}, "geometry": {"type": "Point", "coordinates": [-86.24867, 12.1451]}}, {"type": "Feature", "properties": {"nombre": "El Paraíso", "tipo": "barrio", "nodo": true}, "geometry": {"type": "Point", "coordinates": [-86.25295, 12.14029]}}, {"type": "Feature", "properties": {"nombre": "Larreynaga", "tipo": "barrio", "nodo": true}, "geometry": {"type": "Point", "coordinates": [-86.24521, 12.144]}}, {"type": "Feature", "properties": {"nombre": "Américas No. 1", "tipo": "barrio", "nodo": true}, "geometry": {"type": "Point", "coordinates": [-86.22011, 12.13539]}}, {"type": "Feature", "properties": {"nombre": "Américas No. 3", "tipo": "barrio", "nodo": true}, "geometry": {"type": "Point", "coordinates": [-86.21393, 12.13046]}}, {"type": "Feature", "properties": {"nombre": "Américas No. 4", "tipo": "barrio", "nodo": true}, "geometry": {"type": "Point", "coordinates": [-86.21328, 12.12642]}}, {"type": "Feature", "properties": {"nombre": "Anexo Barrio Enrique Smith", "tipo": "barrio", "nodo": true}, "geometry": {"type": "Point", "coordinates": [-86.22665, 12.12]}}, {"type": "Feature", "properties": {"nombre": "Barrio 11 de Mayo", "tipo": "barrio", "nodo": true}, "geometry": {"type": "Point", "coordinates": [-86.23148, 12.12137]}}, {"type": "Feature", "properties": {"nombre": "Barrio La Primavera", "tipo": "barrio", "nodo": true}, "geometry": {"type": "Point", "coordinates": [-86.21901, 12.15469]}}, {"type": "Feature", "properties": {"nombre": "Barrio 380", "tipo": "barrio", "nodo": true}, "geometry": {"type": "Point", "coordinates": [-86.28059, 12.12638]}}, {"type": "Feature", "properties": {"nombre": "Barrio Adolfo Reyes", "tipo": "barrio", "nodo": true}, "geometry": {"type": "Point", "coordinates": [-86.23764, 12.11601]}}, {"type": "Feature", "properties": {"nombre": "Barrio Ariel Darce", "tipo": "barrio", "nodo": true}, "geometry": {"type": "Point", "coordinates": [-86.24014, 12.12159]}}, {"type": "Feature", "properties": {"nombre": "Barrio Bertha Díaz", "tipo": "barrio", "nodo": true}, "geometry": {"type": "Point", "coordinates": [-86.19524, 12.15066]}}, {"type": "Feature", "properties": {"nombre": "El Bóer", "tipo": "barrio", "nodo": true}, "geometry": {"type": "Point", "coordinates": [-86.27894, 12.14825]}}, {"type": "Feature", "properties": {"nombre": "Villa Argentina", "tipo": "barrio", "nodo": true}, "geometry": {"type": "Point", "coordinates": [-86.27533, 12.12985]}}, {"type": "Feature", "properties": {"nombre": "Lomas de Chico Pelón", "tipo": "barrio", "nodo": true}, "geometry": {"type": "Point", "coordinates": [-86.25061, 12.15181]}}, {"type": "Feature", "properties": {"nombre": "Barrio Cuba Libre", "tipo": "barrio", "nodo": true}, "geometry": {"type": "Point", "coordinates": [-86.22215, 12.10176]}}, {"type": "Feature", "properties": {"nombre": "Barrio Cuba", "tipo": "barrio", "nodo": true}, "geometry": {"type": "Point", "coordinates": [-86.19986, 12.15156]}}, {"type": "Feature", "properties": {"nombre": "Barrio Georgino Andrade", "tipo": "barrio", "nodo": true}, "geometry": {"type": "Point", "coordinates": [-86.22643, 12.13518]}}, {"type": "Feature", "properties": {"nombre": "Lomas de Monserrat", "tipo": "barrio", "nodo": true}, "geometry": {"type": "Point", "coordinates": [-86.27812, 12.11503]}}, {"type": "Feature", "properties": {"nombre": "Barrio Hugo Chávez", "tipo": "barrio", "nodo": true}, "geometry": {"type": "Point", "coordinates": [-86.20311, 12.15483]}}, {"type": "Feature", "properties": {"nombre": "Barrio Jonathan González", "tipo": "barrio", "nodo": true}, "geometry": {"type": "Point", "coordinates": [-86.2764, 12.13346]}}, {"type": "Feature", "properties": {"nombre": "Barrio Jorge Cassaly", "tipo": "barrio", "nodo": true}, "geometry": {"type": "Point", "coordinates": [-86.20487, 12.1573]}}, {"type": "Feature", "properties": {"nombre": "Barrio José Dolores Estrada", "tipo": "barrio", "nodo": true}, "geometry": {"type": "Point", "coordinates": [-86.21164, 12.15445]}}, {"type": "Feature", "properties": {"nombre": "Barrio La Fuente", "tipo": "barrio", "nodo": true}, "geometry": {"type": "Point", "coordinates": [-86.21989, 12.11933]}}, {"type": "Feature", "properties": {"nombre": "Las Torres", "tipo": "barrio", "nodo": true}, "geometry": {"type": "Point", "coordinates": [-86.24582, 12.15803]}}, {"type": "Feature", "properties": {"nombre": "Barrio Mombacho", "tipo": "barrio", "nodo": true}, "geometry": {"type": "Point", "coordinates": [-86.21638, 12.1488]}}, {"type": "Feature", "properties": {"nombre": "Barrio Waspán Norte", "tipo": "barrio", "nodo": true}, "geometry": {"type": "Point", "coordinates": [-86.20799, 12.15143]}}, {"type": "Feature", "properties": {"nombre": "Barrio Óscar Paz", "tipo": "barrio", "nodo": true}, "geometry": {"type": "Point", "coordinates": [-86.20029, 12.15707]}}, {"type": "Feature", "properties": {"nombre": "Barrio Pablo Úbeda", "tipo": "barrio", "nodo": true}, "geometry": {"type": "Point", "coordinates": [-86.23335, 12.12375]}}, {"type": "Feature", "properties": {"nombre": "San Luis Norte", "tipo": "barrio", "nodo": true}, "geometry": {"type": "Point", "coordinates": [-86.24391, 12.15429]}}, {"type": "Feature", "properties": {"nombre": "Benedicto Valverde", "tipo": "barrio", "nodo": true}, "geometry": {"type": "Point", "coordinates": [-86.251, 12.15457]}}, {"type": "Feature", "properties": {"nombre": "Barrio René Polanco", "tipo": "barrio", "nodo": true}, "geometry": {"type": "Point", "coordinates": [-86.22351, 12.11452]}}, {"type": "Feature", "properties": {"nombre": "San Luis Sur", "tipo": "barrio", "nodo": true}, "geometry": {"type": "Point", "coordinates": [-86.24503, 12.14973]}}, {"type": "Feature", "properties": {"nombre": "Pedro Joaquín Chamorro", "tipo": "barrio", "nodo": true}, "geometry": {"type": "Point", "coordinates": [-86.2378, 12.15705]}}, {"type": "Feature", "properties": {"nombre": "Barrio Selim Shible", "tipo": "barrio", "nodo": true}, "geometry": {"type": "Point", "coordinates": [-86.22667, 12.15562]}}, {"type": "Feature", "properties": {"nombre": "Barrio Waspán Sur", "tipo": "barrio", "nodo": true}, "geometry": {"type": "Point", "coordinates": [-86.21097, 12.14832]}}, {"type": "Feature", "properties": {"nombre": "Bosques de Santa María", "tipo": "barrio", "nodo": true}, "geometry": {"type": "Point", "coordinates": [-86.22696, 12.08547]}}, {"type": "Feature", "properties": {"nombre": "Colonia Primero de Mayo", "tipo": "barrio", "nodo": true}, "geometry": {"type": "Point", "coordinates": [-86.22385, 12.12587]}}, {"type": "Feature", "properties": {"nombre": "Édgard Lang", "tipo": "barrio", "nodo": true}, "geometry": {"type": "Point", "coordinates": [-86.2974, 12.14186]}}, {"type": "Feature", "properties": {"nombre": "Colinas del Memorial Sandino", "tipo": "barrio", "nodo": true}, "geometry": {"type": "Point", "coordinates": [-86.28446, 12.10747]}}, {"type": "Feature", "properties": {"nombre": "El Cortijo", "tipo": "barrio", "nodo": true}, "geometry": {"type": "Point", "coordinates": [-86.30358, 12.1514]}}, {"type": "Feature", "properties": {"nombre": "El Recreo Norte", "tipo": "barrio", "nodo": true}, "geometry": {"type": "Point", "coordinates": [-86.28754, 12.13293]}}, {"type": "Feature", "properties": {"nombre": "El Recreo Sur", "tipo": "barrio", "nodo": true}, "geometry": {"type": "Point", "coordinates": [-86.28929, 12.12909]}}, {"type": "Feature", "properties": {"nombre": "Héroes y Mártires del Bocay", "tipo": "barrio", "nodo": true}, "geometry": {"type": "Point", "coordinates": [-86.30492, 12.11791]}}, {"type": "Feature", "properties": {"nombre": "Miraflores 2", "tipo": "barrio", "nodo": true}, "geometry": {"type": "Point", "coordinates": [-86.30351, 12.14397]}}, {"type": "Feature", "properties": {"nombre": "Santa Ana Sur", "tipo": "barrio", "nodo": true}, "geometry": {"type": "Point", "coordinates": [-86.28901, 12.15424]}}, {"type": "Feature", "properties": {"nombre": "Américas No. 2", "tipo": "barrio", "nodo": true}, "geometry": {"type": "Point", "coordinates": [-86.19018, 12.15943]}}, {"type": "Feature", "properties": {"nombre": "Julio Buitrago", "tipo": "barrio", "nodo": true}, "geometry": {"type": "Point", "coordinates": [-86.28391, 12.15383]}}, {"type": "Feature", "properties": {"nombre": "La Cabrera", "tipo": "barrio", "nodo": true}, "geometry": {"type": "Point", "coordinates": [-86.19082, 12.12027]}}, {"type": "Feature", "properties": {"nombre": "La Esperanza", "tipo": "barrio", "nodo": true}, "geometry": {"type": "Point", "coordinates": [-86.29071, 12.1248]}}, {"type": "Feature", "properties": {"nombre": "La Subasta", "tipo": "barrio", "nodo": true}, "geometry": {"type": "Point", "coordinates": [-86.19418, 12.14714]}}, {"type": "Feature", "properties": {"nombre": "Las Cuaremas", "tipo": "barrio", "nodo": true}, "geometry": {"type": "Point", "coordinates": [-86.21993, 12.08994]}}, {"type": "Feature", "properties": {"nombre": "Las Palmas", "tipo": "barrio", "nodo": true}, "geometry": {"type": "Point", "coordinates": [-86.29196, 12.14526]}}, {"type": "Feature", "properties": {"nombre": "Loma Verde", "tipo": "barrio", "nodo": true}, "geometry": {"type": "Point", "coordinates": [-86.30592, 12.14899]}}, {"type": "Feature", "properties": {"nombre": "Lomas del Sur", "tipo": "barrio", "nodo": true}, "geometry": {"type": "Point", "coordinates": [-86.30832, 12.10314]}}, {"type": "Feature", "properties": {"nombre": "Los Méndez", "tipo": "barrio", "nodo": true}, "geometry": {"type": "Point", "coordinates": [-86.20343, 12.13335]}}, {"type": "Feature", "properties": {"nombre": "Memorial Sandino", "tipo": "barrio", "nodo": true}, "geometry": {"type": "Point", "coordinates": [-86.28701, 12.10868]}}, {"type": "Feature", "properties": {"nombre": "Praderas del Doral", "tipo": "barrio", "nodo": true}, "geometry": {"type": "Point", "coordinates": [-86.1891, 12.12973]}}, {"type": "Feature", "properties": {"nombre": "Hialeah 1 y 2", "tipo": "barrio", "nodo": true}, "geometry": {"type": "Point", "coordinates": [-86.27776, 12.12047]}}, {"type": "Feature", "properties": {"nombre": "Barrio Che Guevara", "tipo": "barrio", "nodo": true}, "geometry": {"type": "Point", "coordinates": [-86.2194, 12.1055]}}, {"type": "Feature", "properties": {"nombre": "Jardines de Santa Clara", "tipo": "barrio", "nodo": true}, "geometry": {"type": "Point", "coordinates": [-86.22937, 12.1582]}}, {"type": "Feature", "properties": {"nombre": "Reparto Santa María del Lago", "tipo": "barrio", "nodo": true}, "geometry": {"type": "Point", "coordinates": [-86.2221, 12.08003]}}, {"type": "Feature", "properties": {"nombre": "Reparto Sócrates Sandino", "tipo": "barrio", "nodo": true}, "geometry": {"type": "Point", "coordinates": [-86.2262, 12.11203]}}, {"type": "Feature", "properties": {"nombre": "Buenos Aires", "tipo": "barrio", "nodo": true}, "geometry": {"type": "Point", "coordinates": [-86.26527, 12.14703]}}, {"type": "Feature", "properties": {"nombre": "Residencial Jardines de Veracruz", "tipo": "barrio", "nodo": true}, "geometry": {"type": "Point", "coordinates": [-86.22792, 12.12537]}}, {"type": "Feature", "properties": {"nombre": "Largaespada", "tipo": "barrio", "nodo": true}, "geometry": {"type": "Point", "coordinates": [-86.26525, 12.14225]}}, {"type": "Feature", "properties": {"nombre": "Residencial Las Mercedes", "tipo": "barrio", "nodo": true}, "geometry": {"type": "Point", "coordinates": [-86.19109, 12.15021]}}, {"type": "Feature", "properties": {"nombre": "Residencial Los Ángeles", "tipo": "barrio", "nodo": true}, "geometry": {"type": "Point", "coordinates": [-86.25635, 12.15146]}}, {"type": "Feature", "properties": {"nombre": "Sector Sur Montecristi", "tipo": "barrio", "nodo": true}, "geometry": {"type": "Point", "coordinates": [-86.17853, 12.14898]}}, {"type": "Feature", "properties": {"nombre": "Santo Domingo", "tipo": "barrio", "nodo": true}, "geometry": {"type": "Point", "coordinates": [-86.26632, 12.15164]}}, {"type": "Feature", "properties": {"nombre": "Sabana Grande", "tipo": "barrio", "nodo": true}, "geometry": {"type": "Point", "coordinates": [-86.16681, 12.12143]}}, {"type": "Feature", "properties": {"nombre": "San José (El Bóer)", "tipo": "barrio", "nodo": true}, "geometry": {"type": "Point", "coordinates": [-86.2797, 12.15226]}}, {"type": "Feature", "properties": {"nombre": "San Patricio", "tipo": "barrio", "nodo": true}, "geometry": {"type": "Point", "coordinates": [-86.31331, 12.11395]}}, {"type": "Feature", "properties": {"nombre": "San Sebastián", "tipo": "barrio", "nodo": true}, "geometry": {"type": "Point", "coordinates": [-86.2778, 12.1574]}}, {"type": "Feature", "properties": {"nombre": "Unidad de Propósito", "tipo": "barrio", "nodo": true}, "geometry": {"type": "Point", "coordinates": [-86.1847, 12.15403]}}, {"type": "Feature", "properties": {"nombre": "Urbanización Madrid", "tipo": "barrio", "nodo": true}, "geometry": {"type": "Point", "coordinates": [-86.23448, 12.08749]}}, {"type": "Feature", "properties": {"nombre": "Villa 9 de Junio", "tipo": "barrio", "nodo": true}, "geometry": {"type": "Point", "coordinates": [-86.21399, 12.13414]}}, {"type": "Feature", "properties": {"nombre": "Villa Bulgaria", "tipo": "barrio", "nodo": true}, "geometry": {"type": "Point", "coordinates": [-86.21784, 12.13224]}}, {"type": "Feature", "properties": {"nombre": "Urbanización Valencia", "tipo": "barrio", "nodo": true}, "geometry": {"type": "Point", "coordinates": [-86.21975, 12.12649]}}, {"type": "Feature", "properties": {"nombre": "Villa Flor Sur", "tipo": "barrio", "nodo": true}, "geometry": {"type": "Point", "coordinates": [-86.22425, 12.11724]}}, {"type": "Feature", "properties": {"nombre": "Villa Miguel Gutiérrez", "tipo": "barrio", "nodo": true}, "geometry": {"type": "Point", "coordinates": [-86.21266, 12.14239]}}, {"type": "Feature", "properties": {"nombre": "Villa Reconciliación", "tipo": "barrio", "nodo": true}, "geometry": {"type": "Point", "coordinates": [-86.19898, 12.13853]}}, {"type": "Feature", "properties": {"nombre": "Villa Revolución", "tipo": "barrio", "nodo": true}, "geometry": {"type": "Point", "coordinates": [-86.21127, 12.13222]}}, {"type": "Feature", "properties": {"nombre": "Villa Santa Fé", "tipo": "barrio", "nodo": true}, "geometry": {"type": "Point", "coordinates": [-86.27183, 12.11762]}}, {"type": "Feature", "properties": {"nombre": "San Antonio Sur", "tipo": "barrio", "nodo": true}, "geometry": {"type": "Point", "coordinates": [-86.23022, 12.06575]}}, {"type": "Feature", "properties": {"nombre": "Planes de Altamira 1", "tipo": "barrio", "nodo": true}, "geometry": {"type": "Point", "coordinates": [-86.26249, 12.11944]}}, {"type": "Feature", "properties": {"nombre": "Olof Palme", "tipo": "barrio", "nodo": true}, "geometry": {"type": "Point", "coordinates": [-86.24095, 12.11857]}}, {"type": "Feature", "properties": {"nombre": "Los Arcos", "tipo": "barrio", "nodo": true}, "geometry": {"type": "Point", "coordinates": [-86.30894, 12.14987]}}, {"type": "Feature", "properties": {"nombre": "La Salvadorita", "tipo": "barrio", "nodo": true}, "geometry": {"type": "Point", "coordinates": [-86.23963, 12.14547]}}, {"type": "Feature", "properties": {"nombre": "Juan Emilio Menocal", "tipo": "barrio", "nodo": true}, "geometry": {"type": "Point", "coordinates": [-86.30772, 12.14526]}}, {"type": "Feature", "properties": {"nombre": "Residencial Colinas de Verona", "tipo": "barrio", "nodo": true}, "geometry": {"type": "Point", "coordinates": [-86.18607, 12.15781]}}, {"type": "Feature", "properties": {"nombre": "Reparto Simón Bolívar", "tipo": "barrio", "nodo": true}, "geometry": {"type": "Point", "coordinates": [-86.19557, 12.1326]}}, {"type": "Feature", "properties": {"nombre": "Las Brisas", "tipo": "barrio", "nodo": true}, "geometry": {"type": "Point", "coordinates": [-86.30941, 12.15343]}}, {"type": "Feature", "properties": {"nombre": "Urbanización Xochitlán", "tipo": "barrio", "nodo": true}, "geometry": {"type": "Point", "coordinates": [-86.22616, 12.06729]}}, {"type": "Feature", "properties": {"nombre": "Campo Bello", "tipo": "barrio", "nodo": true}, "geometry": {"type": "Point", "coordinates": [-86.21504, 12.06518]}}, {"type": "Feature", "properties": {"nombre": "Urbanization Jacarandas", "tipo": "barrio", "nodo": true}, "geometry": {"type": "Point", "coordinates": [-86.21207, 12.05329]}}, {"type": "Feature", "properties": {"nombre": "Intermezzo del Bosque", "tipo": "barrio", "nodo": true}, "geometry": {"type": "Point", "coordinates": [-86.26616, 12.04782]}}, {"type": "Feature", "properties": {"nombre": "La Toscana", "tipo": "barrio", "nodo": true}, "geometry": {"type": "Point", "coordinates": [-86.1886, 12.08695]}}, {"type": "Feature", "properties": {"nombre": "Las Jinotepes", "tipo": "barrio", "nodo": true}, "geometry": {"type": "Point", "coordinates": [-86.32253, 12.07301]}}, {"type": "Feature", "properties": {"nombre": "Barrio San Cristóbal", "tipo": "barrio", "nodo": true}, "geometry": {"type": "Point", "coordinates": [-86.24971, 12.13719]}}, {"type": "Feature", "properties": {"nombre": "Villa Fraternidad", "tipo": "barrio", "nodo": true}, "geometry": {"type": "Point", "coordinates": [-86.20929, 12.13805]}}, {"type": "Feature", "properties": {"nombre": "Laureano Mairena", "tipo": "barrio", "nodo": true}, "geometry": {"type": "Point", "coordinates": [-86.21379, 12.1373]}}, {"type": "Feature", "properties": {"nombre": "Ayapal", "tipo": "barrio", "nodo": true}, "geometry": {"type": "Point", "coordinates": [-86.21659, 12.13969]}}, {"type": "Feature", "properties": {"nombre": "La Merced", "tipo": "barrio", "nodo": true}, "geometry": {"type": "Point", "coordinates": [-86.43472, 12.23357]}}, {"type": "Feature", "properties": {"nombre": "Bella Vista", "tipo": "barrio", "nodo": true}, "geometry": {"type": "Point", "coordinates": [-86.34808, 12.14264]}}, {"type": "Feature", "properties": {"nombre": "Bello Amanecer", "tipo": "barrio", "nodo": true}, "geometry": {"type": "Point", "coordinates": [-86.34398, 12.1502]}}, {"type": "Feature", "properties": {"nombre": "Motastepe (Ciudad Sandino)", "tipo": "barrio", "nodo": true}, "geometry": {"type": "Point", "coordinates": [-86.33788, 12.13639]}}, {"type": "Feature", "properties": {"nombre": "Nueva Vida", "tipo": "barrio", "nodo": true}, "geometry": {"type": "Point", "coordinates": [-86.3666, 12.15864]}}, {"type": "Feature", "properties": {"nombre": "Oro Verde", "tipo": "barrio", "nodo": true}, "geometry": {"type": "Point", "coordinates": [-86.33921, 12.16764]}}, {"type": "Feature", "properties": {"nombre": "Praderas de Sandino", "tipo": "barrio", "nodo": true}, "geometry": {"type": "Point", "coordinates": [-86.34822, 12.1548]}}, {"type": "Feature", "properties": {"nombre": "Quilombo", "tipo": "barrio", "nodo": true}, "geometry": {"type": "Point", "coordinates": [-86.3668, 12.1727]}}, {"type": "Feature", "properties": {"nombre": "Tangará", "tipo": "barrio", "nodo": true}, "geometry": {"type": "Point", "coordinates": [-86.34168, 12.17379]}}, {"type": "Feature", "properties": {"nombre": "Valle Sandino", "tipo": "barrio", "nodo": true}, "geometry": {"type": "Point", "coordinates": [-86.36432, 12.17473]}}, {"type": "Feature", "properties": {"nombre": "Vía Soberana", "tipo": "barrio", "nodo": true}, "geometry": {"type": "Point", "coordinates": [-86.3532, 12.15672]}}, {"type": "Feature", "properties": {"nombre": "Zona 11", "tipo": "barrio", "nodo": true}, "geometry": {"type": "Point", "coordinates": [-86.35874, 12.17414]}}, {"type": "Feature", "properties": {"nombre": "Zona 2", "tipo": "barrio", "nodo": true}, "geometry": {"type": "Point", "coordinates": [-86.34448, 12.16841]}}, {"type": "Feature", "properties": {"nombre": "Zona 4", "tipo": "barrio", "nodo": true}, "geometry": {"type": "Point", "coordinates": [-86.35585, 12.1689]}}, {"type": "Feature", "properties": {"nombre": "Zona 5", "tipo": "barrio", "nodo": true}, "geometry": {"type": "Point", "coordinates": [-86.36197, 12.16719]}}, {"type": "Feature", "properties": {"nombre": "Zona 6", "tipo": "barrio", "nodo": true}, "geometry": {"type": "Point", "coordinates": [-86.36204, 12.16326]}}, {"type": "Feature", "properties": {"nombre": "Zona 8", "tipo": "barrio", "nodo": true}, "geometry": {"type": "Point", "coordinates": [-86.35144, 12.16161]}}, {"type": "Feature", "properties": {"nombre": "4 de Abril", "tipo": "barrio", "nodo": true}, "geometry": {"type": "Point", "coordinates": [-86.3664, 12.16953]}}, {"type": "Feature", "properties": {"nombre": "Residencial Santa María de las Victorias", "tipo": "barrio", "nodo": true}, "geometry": {"type": "Point", "coordinates": [-86.2056, 12.15881]}}, {"type": "Feature", "properties": {"nombre": "Javier Cuadra", "tipo": "barrio", "nodo": true}, "geometry": {"type": "Point", "coordinates": [-86.28838, 12.15089]}}, {"type": "Feature", "properties": {"nombre": "Barrio El Bosque", "tipo": "barrio", "nodo": true}, "geometry": {"type": "Point", "coordinates": [-86.21709, 12.12659]}}, {"type": "Feature", "properties": {"nombre": "Villa Vallarta", "tipo": "barrio", "nodo": true}, "geometry": {"type": "Point", "coordinates": [-86.21457, 12.16035]}}, {"type": "Feature", "properties": {"nombre": "Miraflores", "tipo": "barrio", "nodo": true}, "geometry": {"type": "Point", "coordinates": [-86.33921, 12.18561]}}, {"type": "Feature", "properties": {"nombre": "Los Castros (Alfonso Gonzalez)", "tipo": "barrio", "nodo": true}, "geometry": {"type": "Point", "coordinates": [-86.33807, 12.20428]}}, {"type": "Feature", "properties": {"nombre": "Anexo Las Brisas (Los Martínez)", "tipo": "barrio", "nodo": true}, "geometry": {"type": "Point", "coordinates": [-86.31022, 12.15736]}}, {"type": "Feature", "properties": {"nombre": "Anexo Linda Vista Norte", "tipo": "barrio", "nodo": true}, "geometry": {"type": "Point", "coordinates": [-86.308, 12.15878]}}, {"type": "Feature", "properties": {"nombre": "Pantanal 1", "tipo": "barrio", "nodo": true}, "geometry": {"type": "Point", "coordinates": [-86.30921, 12.15824]}}, {"type": "Feature", "properties": {"nombre": "Área Comunal Rafael Ríos", "tipo": "barrio", "nodo": true}, "geometry": {"type": "Point", "coordinates": [-86.30473, 12.15896]}}, {"type": "Feature", "properties": {"nombre": "Alfredo Silva", "tipo": "barrio", "nodo": true}, "geometry": {"type": "Point", "coordinates": [-86.29544, 12.16189]}}, {"type": "Feature", "properties": {"nombre": "Area Comunal Alfredo Silva", "tipo": "barrio", "nodo": true}, "geometry": {"type": "Point", "coordinates": [-86.2962, 12.16299]}}, {"type": "Feature", "properties": {"nombre": "Cerro Uno (Sector)", "tipo": "barrio", "nodo": true}, "geometry": {"type": "Point", "coordinates": [-86.29586, 12.16042]}}, {"type": "Feature", "properties": {"nombre": "Este de Alfredo Silva", "tipo": "barrio", "nodo": true}, "geometry": {"type": "Point", "coordinates": [-86.29504, 12.16264]}}, {"type": "Feature", "properties": {"nombre": "Los Martínez Sector Oeste", "tipo": "barrio", "nodo": true}, "geometry": {"type": "Point", "coordinates": [-86.31605, 12.15676]}}, {"type": "Feature", "properties": {"nombre": "Urbanización Xolotlán", "tipo": "barrio", "nodo": true}, "geometry": {"type": "Point", "coordinates": [-86.30318, 12.15972]}}, {"type": "Feature", "properties": {"nombre": "Asserio Acahuanlinca", "tipo": "barrio", "nodo": true}, "geometry": {"type": "Point", "coordinates": [-86.29548, 12.16102]}}, {"type": "Feature", "properties": {"nombre": "Francisco y Ramón Sánchez", "tipo": "barrio", "nodo": true}, "geometry": {"type": "Point", "coordinates": [-86.29835, 12.15748]}}, {"type": "Feature", "properties": {"nombre": "Rubén Darío", "tipo": "barrio", "nodo": true}, "geometry": {"type": "Point", "coordinates": [-86.29947, 12.15573]}}, {"type": "Feature", "properties": {"nombre": "Barrio Cuba", "tipo": "barrio", "nodo": true}, "geometry": {"type": "Point", "coordinates": [-86.29576, 12.15575]}}, {"type": "Feature", "properties": {"nombre": "Enabin", "tipo": "barrio", "nodo": true}, "geometry": {"type": "Point", "coordinates": [-86.29666, 12.1587]}}, {"type": "Feature", "properties": {"nombre": "Gadala María", "tipo": "barrio", "nodo": true}, "geometry": {"type": "Point", "coordinates": [-86.29404, 12.15851]}}, {"type": "Feature", "properties": {"nombre": "Manzana Cienfuego", "tipo": "barrio", "nodo": true}, "geometry": {"type": "Point", "coordinates": [-86.29501, 12.15627]}}, {"type": "Feature", "properties": {"nombre": "Manuel Olivares", "tipo": "barrio", "nodo": true}, "geometry": {"type": "Point", "coordinates": [-86.29363, 12.14607]}}, {"type": "Feature", "properties": {"nombre": "Reparto Miraflores 1", "tipo": "barrio", "nodo": true}, "geometry": {"type": "Point", "coordinates": [-86.30345, 12.14684]}}, {"type": "Feature", "properties": {"nombre": "Monseñor Lezcano Este", "tipo": "barrio", "nodo": true}, "geometry": {"type": "Point", "coordinates": [-86.29349, 12.15006]}}, {"type": "Feature", "properties": {"nombre": "Monseñor Lezcano Oeste", "tipo": "barrio", "nodo": true}, "geometry": {"type": "Point", "coordinates": [-86.29874, 12.14975]}}, {"type": "Feature", "properties": {"nombre": "Reparto España", "tipo": "barrio", "nodo": true}, "geometry": {"type": "Point", "coordinates": [-86.30086, 12.14717]}}, {"type": "Feature", "properties": {"nombre": "Colonia Mántica", "tipo": "barrio", "nodo": true}, "geometry": {"type": "Point", "coordinates": [-86.28879, 12.14724]}}, {"type": "Feature", "properties": {"nombre": "Las Palmas", "tipo": "barrio", "nodo": true}, "geometry": {"type": "Point", "coordinates": [-86.2948, 12.14369]}}, {"type": "Feature", "properties": {"nombre": "Dinamarca", "tipo": "barrio", "nodo": true}, "geometry": {"type": "Point", "coordinates": [-86.30461, 12.13915]}}, {"type": "Feature", "properties": {"nombre": "Jardines de Managua", "tipo": "barrio", "nodo": true}, "geometry": {"type": "Point", "coordinates": [-86.2997, 12.14077]}}, {"type": "Feature", "properties": {"nombre": "Anexo Batahola Sur", "tipo": "barrio", "nodo": true}, "geometry": {"type": "Point", "coordinates": [-86.30376, 12.13706]}}, {"type": "Feature", "properties": {"nombre": "Embusa 1 y 2", "tipo": "barrio", "nodo": true}, "geometry": {"type": "Point", "coordinates": [-86.30026, 12.13564]}}, {"type": "Feature", "properties": {"nombre": "Llamas de Bosque", "tipo": "barrio", "nodo": true}, "geometry": {"type": "Point", "coordinates": [-86.30544, 12.1372]}}, {"type": "Feature", "properties": {"nombre": "David Tejada", "tipo": "barrio", "nodo": true}, "geometry": {"type": "Point", "coordinates": [-86.30936, 12.12707]}}, {"type": "Feature", "properties": {"nombre": "Daniel Chavarría", "tipo": "barrio", "nodo": true}, "geometry": {"type": "Point", "coordinates": [-86.30112, 12.1314]}}, {"type": "Feature", "properties": {"nombre": "Sector Cerro Tabuya", "tipo": "barrio", "nodo": true}, "geometry": {"type": "Point", "coordinates": [-86.30818, 12.12996]}}, {"type": "Feature", "properties": {"nombre": "Bella Vista Anexo", "tipo": "barrio", "nodo": true}, "geometry": {"type": "Point", "coordinates": [-86.30918, 12.14505]}}, {"type": "Feature", "properties": {"nombre": "El Seminario", "tipo": "barrio", "nodo": true}, "geometry": {"type": "Point", "coordinates": [-86.30635, 12.14718]}}, {"type": "Feature", "properties": {"nombre": "Linda Vista Sur", "tipo": "barrio", "nodo": true}, "geometry": {"type": "Point", "coordinates": [-86.30618, 12.15134]}}, {"type": "Feature", "properties": {"nombre": "Oscar Robelo", "tipo": "barrio", "nodo": true}, "geometry": {"type": "Point", "coordinates": [-86.30549, 12.14534]}}, {"type": "Feature", "properties": {"nombre": "Sector El Seminario", "tipo": "barrio", "nodo": true}, "geometry": {"type": "Point", "coordinates": [-86.30782, 12.14387]}}, {"type": "Feature", "properties": {"nombre": "Sector Este Laguna de Asososca", "tipo": "barrio", "nodo": true}, "geometry": {"type": "Point", "coordinates": [-86.30863, 12.13957]}}, {"type": "Feature", "properties": {"nombre": "Sector Paseo Las Brisas", "tipo": "barrio", "nodo": true}, "geometry": {"type": "Point", "coordinates": [-86.31138, 12.14935]}}, {"type": "Feature", "properties": {"nombre": "Ulsa", "tipo": "barrio", "nodo": true}, "geometry": {"type": "Point", "coordinates": [-86.31623, 12.14859]}}, {"type": "Feature", "properties": {"nombre": "La Chureca", "tipo": "barrio", "nodo": true}, "geometry": {"type": "Point", "coordinates": [-86.30577, 12.16527]}}, {"type": "Feature", "properties": {"nombre": "Sector Cerro Los Martínez", "tipo": "barrio", "nodo": true}, "geometry": {"type": "Point", "coordinates": [-86.31793, 12.15462]}}, {"type": "Feature", "properties": {"nombre": "Sector Norte Las Brisas", "tipo": "barrio", "nodo": true}, "geometry": {"type": "Point", "coordinates": [-86.31164, 12.16156]}}, {"type": "Feature", "properties": {"nombre": "Sector Occidental Lago Xolotlán", "tipo": "barrio", "nodo": true}, "geometry": {"type": "Point", "coordinates": [-86.31443, 12.16469]}}, {"type": "Feature", "properties": {"nombre": "Sector Parque Las Piedrecitas", "tipo": "barrio", "nodo": true}, "geometry": {"type": "Point", "coordinates": [-86.31134, 12.1319]}}, {"type": "Feature", "properties": {"nombre": "El Rastro", "tipo": "barrio", "nodo": true}, "geometry": {"type": "Point", "coordinates": [-86.29091, 12.16129]}}, {"type": "Feature", "properties": {"nombre": "La Reforma", "tipo": "barrio", "nodo": true}, "geometry": {"type": "Point", "coordinates": [-86.28507, 12.15086]}}, {"type": "Feature", "properties": {"nombre": "San Antonio", "tipo": "barrio", "nodo": true}, "geometry": {"type": "Point", "coordinates": [-86.27724, 12.15322]}}, {"type": "Feature", "properties": {"nombre": "Cristo del Rosario", "tipo": "barrio", "nodo": true}, "geometry": {"type": "Point", "coordinates": [-86.27975, 12.15904]}}, {"type": "Feature", "properties": {"nombre": "Manchester", "tipo": "barrio", "nodo": true}, "geometry": {"type": "Point", "coordinates": [-86.27949, 12.16177]}}, {"type": "Feature", "properties": {"nombre": "Centro Histórico Norte", "tipo": "barrio", "nodo": true}, "geometry": {"type": "Point", "coordinates": [-86.27361, 12.15633]}}, {"type": "Feature", "properties": {"nombre": "Candelaria (Rubén Darío)", "tipo": "barrio", "nodo": true}, "geometry": {"type": "Point", "coordinates": [-86.26746, 12.15586]}}, {"type": "Feature", "properties": {"nombre": "Blas Real Espinales", "tipo": "barrio", "nodo": true}, "geometry": {"type": "Point", "coordinates": [-86.27196, 12.14582]}}, {"type": "Feature", "properties": {"nombre": "Centro Histórico Sur", "tipo": "barrio", "nodo": true}, "geometry": {"type": "Point", "coordinates": [-86.27191, 12.15247]}}, {"type": "Feature", "properties": {"nombre": "Colonia Édgard Lang", "tipo": "barrio", "nodo": true}, "geometry": {"type": "Point", "coordinates": [-86.27483, 12.14188]}}, {"type": "Feature", "properties": {"nombre": "Explanada Loma de Tiscapa", "tipo": "barrio", "nodo": true}, "geometry": {"type": "Point", "coordinates": [-86.27224, 12.14396]}}, {"type": "Feature", "properties": {"nombre": "Sajonia", "tipo": "barrio", "nodo": true}, "geometry": {"type": "Point", "coordinates": [-86.26943, 12.14838]}}, {"type": "Feature", "properties": {"nombre": "Sector Gobierno", "tipo": "barrio", "nodo": true}, "geometry": {"type": "Point", "coordinates": [-86.27284, 12.14875]}}, {"type": "Feature", "properties": {"nombre": "Francisco Meza", "tipo": "barrio", "nodo": true}, "geometry": {"type": "Point", "coordinates": [-86.2607, 12.13959]}}, {"type": "Feature", "properties": {"nombre": "Hogar Propio", "tipo": "barrio", "nodo": true}, "geometry": {"type": "Point", "coordinates": [-86.26092, 12.14294]}}, {"type": "Feature", "properties": {"nombre": "Catedral de Managua", "tipo": "barrio", "nodo": true}, "geometry": {"type": "Point", "coordinates": [-86.26577, 12.13217]}}, {"type": "Feature", "properties": {"nombre": "Serrano", "tipo": "barrio", "nodo": true}, "geometry": {"type": "Point", "coordinates": [-86.26704, 12.13571]}}, {"type": "Feature", "properties": {"nombre": "Jorge Dimitrov", "tipo": "barrio", "nodo": true}, "geometry": {"type": "Point", "coordinates": [-86.26171, 12.13524]}}, {"type": "Feature", "properties": {"nombre": "Bosques de Bologna", "tipo": "barrio", "nodo": true}, "geometry": {"type": "Point", "coordinates": [-86.28502, 12.13411]}}, {"type": "Feature", "properties": {"nombre": "Leonardo García Jara", "tipo": "barrio", "nodo": true}, "geometry": {"type": "Point", "coordinates": [-86.28638, 12.13128]}}, {"type": "Feature", "properties": {"nombre": "Plaza España Costado Sur", "tipo": "barrio", "nodo": true}, "geometry": {"type": "Point", "coordinates": [-86.28277, 12.13218]}}, {"type": "Feature", "properties": {"nombre": "Sector Oeste Naciones Unidas", "tipo": "barrio", "nodo": true}, "geometry": {"type": "Point", "coordinates": [-86.28447, 12.12996]}}, {"type": "Feature", "properties": {"nombre": "Sector Plaza España", "tipo": "barrio", "nodo": true}, "geometry": {"type": "Point", "coordinates": [-86.28276, 12.13387]}}, {"type": "Feature", "properties": {"nombre": "El Carmen", "tipo": "barrio", "nodo": true}, "geometry": {"type": "Point", "coordinates": [-86.28623, 12.1439]}}, {"type": "Feature", "properties": {"nombre": "Habitacional Ernesto \"Che\" Guevara", "tipo": "barrio", "nodo": true}, "geometry": {"type": "Point", "coordinates": [-86.27634, 12.14465]}}, {"type": "Feature", "properties": {"nombre": "Martha Quezada", "tipo": "barrio", "nodo": true}, "geometry": {"type": "Point", "coordinates": [-86.27871, 12.1442]}}, {"type": "Feature", "properties": {"nombre": "William Díaz", "tipo": "barrio", "nodo": true}, "geometry": {"type": "Point", "coordinates": [-86.28327, 12.14461]}}, {"type": "Feature", "properties": {"nombre": "La Florida", "tipo": "barrio", "nodo": true}, "geometry": {"type": "Point", "coordinates": [-86.27387, 12.13385]}}, {"type": "Feature", "properties": {"nombre": "La Piñata", "tipo": "barrio", "nodo": true}, "geometry": {"type": "Point", "coordinates": [-86.27353, 12.12849]}}, {"type": "Feature", "properties": {"nombre": "Sur Laguna Tiscapa", "tipo": "barrio", "nodo": true}, "geometry": {"type": "Point", "coordinates": [-86.27025, 12.13652]}}, {"type": "Feature", "properties": {"nombre": "Villa Tiscapa", "tipo": "barrio", "nodo": true}, "geometry": {"type": "Point", "coordinates": [-86.27375, 12.12919]}}, {"type": "Feature", "properties": {"nombre": "El Retiro", "tipo": "barrio", "nodo": true}, "geometry": {"type": "Point", "coordinates": [-86.27927, 12.1341]}}, {"type": "Feature", "properties": {"nombre": "Carlos Núñez", "tipo": "barrio", "nodo": true}, "geometry": {"type": "Point", "coordinates": [-86.2804, 12.12773]}}, {"type": "Feature", "properties": {"nombre": "Golfo Pérsico", "tipo": "barrio", "nodo": true}, "geometry": {"type": "Point", "coordinates": [-86.27751, 12.12852]}}, {"type": "Feature", "properties": {"nombre": "Norte de ENEL", "tipo": "barrio", "nodo": true}, "geometry": {"type": "Point", "coordinates": [-86.27569, 12.12733]}}, {"type": "Feature", "properties": {"nombre": "Sector Oeste Avenida Bolívar", "tipo": "barrio", "nodo": true}, "geometry": {"type": "Point", "coordinates": [-86.27636, 12.12585]}}, {"type": "Feature", "properties": {"nombre": "Academia Militar", "tipo": "barrio", "nodo": true}, "geometry": {"type": "Point", "coordinates": [-86.2876, 12.12202]}}, {"type": "Feature", "properties": {"nombre": "Bosques de Nejapa", "tipo": "barrio", "nodo": true}, "geometry": {"type": "Point", "coordinates": [-86.28726, 12.11577]}}, {"type": "Feature", "properties": {"nombre": "Carolina 2", "tipo": "barrio", "nodo": true}, "geometry": {"type": "Point", "coordinates": [-86.28895, 12.12038]}}, {"type": "Feature", "properties": {"nombre": "Los Altos de Nejapa", "tipo": "barrio", "nodo": true}, "geometry": {"type": "Point", "coordinates": [-86.28558, 12.11856]}}, {"type": "Feature", "properties": {"nombre": "Memorial Sandino", "tipo": "barrio", "nodo": true}, "geometry": {"type": "Point", "coordinates": [-86.28858, 12.1129]}}, {"type": "Feature", "properties": {"nombre": "San Francisco de Asís", "tipo": "barrio", "nodo": true}, "geometry": {"type": "Point", "coordinates": [-86.29027, 12.11509]}}, {"type": "Feature", "properties": {"nombre": "Sector Ofiplaza", "tipo": "barrio", "nodo": true}, "geometry": {"type": "Point", "coordinates": [-86.28433, 12.12244]}}, {"type": "Feature", "properties": {"nombre": "Acropolis 1", "tipo": "barrio", "nodo": true}, "geometry": {"type": "Point", "coordinates": [-86.27562, 12.11378]}}, {"type": "Feature", "properties": {"nombre": "Casimiro Sotelo", "tipo": "barrio", "nodo": true}, "geometry": {"type": "Point", "coordinates": [-86.27421, 12.12005]}}, {"type": "Feature", "properties": {"nombre": "Urbanización Santa Catalina", "tipo": "barrio", "nodo": true}, "geometry": {"type": "Point", "coordinates": [-86.27578, 12.11431]}}, {"type": "Feature", "properties": {"nombre": "El Bosque", "tipo": "barrio", "nodo": true}, "geometry": {"type": "Point", "coordinates": [-86.2782, 12.12335]}}, {"type": "Feature", "properties": {"nombre": "Hialeah 3", "tipo": "barrio", "nodo": true}, "geometry": {"type": "Point", "coordinates": [-86.28282, 12.11815]}}, {"type": "Feature", "properties": {"nombre": "Hialeah 4", "tipo": "barrio", "nodo": true}, "geometry": {"type": "Point", "coordinates": [-86.2848, 12.11144]}}, {"type": "Feature", "properties": {"nombre": "Instituto Salomón de la Selva", "tipo": "barrio", "nodo": true}, "geometry": {"type": "Point", "coordinates": [-86.2755, 12.12187]}}, {"type": "Feature", "properties": {"nombre": "Lomas De San Ángel", "tipo": "barrio", "nodo": true}, "geometry": {"type": "Point", "coordinates": [-86.27942, 12.11375]}}, {"type": "Feature", "properties": {"nombre": "Lomas del Consuelo", "tipo": "barrio", "nodo": true}, "geometry": {"type": "Point", "coordinates": [-86.27995, 12.11094]}}, {"type": "Feature", "properties": {"nombre": "Sector Oeste Lomas de San Ángel", "tipo": "barrio", "nodo": true}, "geometry": {"type": "Point", "coordinates": [-86.28152, 12.11342]}}, {"type": "Feature", "properties": {"nombre": "Sector Sur Pista Héroes de la Insurrección", "tipo": "barrio", "nodo": true}, "geometry": {"type": "Point", "coordinates": [-86.28171, 12.12281]}}, {"type": "Feature", "properties": {"nombre": "Villa San Ángel", "tipo": "barrio", "nodo": true}, "geometry": {"type": "Point", "coordinates": [-86.28062, 12.11796]}}, {"type": "Feature", "properties": {"nombre": "Sector Colegio Americano", "tipo": "barrio", "nodo": true}, "geometry": {"type": "Point", "coordinates": [-86.27786, 12.11226]}}, {"type": "Feature", "properties": {"nombre": "Sector Universitaria NO", "tipo": "barrio", "nodo": true}, "geometry": {"type": "Point", "coordinates": [-86.27577, 12.11281]}}, {"type": "Feature", "properties": {"nombre": "Anexo San Juan", "tipo": "barrio", "nodo": true}, "geometry": {"type": "Point", "coordinates": [-86.27017, 12.11951]}}, {"type": "Feature", "properties": {"nombre": "Édgard Munguía", "tipo": "barrio", "nodo": true}, "geometry": {"type": "Point", "coordinates": [-86.27296, 12.12069]}}, {"type": "Feature", "properties": {"nombre": "Lomas de San Juan", "tipo": "barrio", "nodo": true}, "geometry": {"type": "Point", "coordinates": [-86.26901, 12.11762]}}, {"type": "Feature", "properties": {"nombre": "Lomas de Guadalupe", "tipo": "barrio", "nodo": true}, "geometry": {"type": "Point", "coordinates": [-86.26707, 12.1255]}}, {"type": "Feature", "properties": {"nombre": "Tiscapa", "tipo": "barrio", "nodo": true}, "geometry": {"type": "Point", "coordinates": [-86.26752, 12.12789]}}, {"type": "Feature", "properties": {"nombre": "Bell Air", "tipo": "barrio", "nodo": true}, "geometry": {"type": "Point", "coordinates": [-86.25776, 12.11481]}}, {"type": "Feature", "properties": {"nombre": "Las Acacias 1", "tipo": "barrio", "nodo": true}, "geometry": {"type": "Point", "coordinates": [-86.26463, 12.11985]}}, {"type": "Feature", "properties": {"nombre": "Las Acacias 2", "tipo": "barrio", "nodo": true}, "geometry": {"type": "Point", "coordinates": [-86.26417, 12.11863]}}, {"type": "Feature", "properties": {"nombre": "Las Flores", "tipo": "barrio", "nodo": true}, "geometry": {"type": "Point", "coordinates": [-86.25938, 12.11362]}}, {"type": "Feature", "properties": {"nombre": "Los Robles", "tipo": "barrio", "nodo": true}, "geometry": {"type": "Point", "coordinates": [-86.26534, 12.1212]}}, {"type": "Feature", "properties": {"nombre": "Noroeste Rotonda Centroamérica", "tipo": "barrio", "nodo": true}, "geometry": {"type": "Point", "coordinates": [-86.25716, 12.11338]}}, {"type": "Feature", "properties": {"nombre": "Planes de Altamira 3", "tipo": "barrio", "nodo": true}, "geometry": {"type": "Point", "coordinates": [-86.26401, 12.11506]}}, {"type": "Feature", "properties": {"nombre": "Sector Este Planes de Altamira 3", "tipo": "barrio", "nodo": true}, "geometry": {"type": "Point", "coordinates": [-86.26089, 12.11563]}}, {"type": "Feature", "properties": {"nombre": "Sector Sur San Juan", "tipo": "barrio", "nodo": true}, "geometry": {"type": "Point", "coordinates": [-86.27094, 12.11361]}}, {"type": "Feature", "properties": {"nombre": "Sector Sureste San Juan", "tipo": "barrio", "nodo": true}, "geometry": {"type": "Point", "coordinates": [-86.26671, 12.11513]}}, {"type": "Feature", "properties": {"nombre": "Barrio La Luz", "tipo": "barrio", "nodo": true}, "geometry": {"type": "Point", "coordinates": [-86.2589, 12.1299]}}, {"type": "Feature", "properties": {"nombre": "Colonial Los Robles 3", "tipo": "barrio", "nodo": true}, "geometry": {"type": "Point", "coordinates": [-86.26274, 12.12745]}}, {"type": "Feature", "properties": {"nombre": "Colonial Los Robles 4", "tipo": "barrio", "nodo": true}, "geometry": {"type": "Point", "coordinates": [-86.25962, 12.12368]}}, {"type": "Feature", "properties": {"nombre": "Colonial Los Robles 5", "tipo": "barrio", "nodo": true}, "geometry": {"type": "Point", "coordinates": [-86.26051, 12.12862]}}, {"type": "Feature", "properties": {"nombre": "Colonial Los Robles 6", "tipo": "barrio", "nodo": true}, "geometry": {"type": "Point", "coordinates": [-86.25645, 12.124]}}, {"type": "Feature", "properties": {"nombre": "Los Robles 8", "tipo": "barrio", "nodo": true}, "geometry": {"type": "Point", "coordinates": [-86.25819, 12.12706]}}, {"type": "Feature", "properties": {"nombre": "Metrocentro", "tipo": "barrio", "nodo": true}, "geometry": {"type": "Point", "coordinates": [-86.26465, 12.1276]}}, {"type": "Feature", "properties": {"nombre": "Villa Amor", "tipo": "barrio", "nodo": true}, "geometry": {"type": "Point", "coordinates": [-86.25699, 12.12663]}}, {"type": "Feature", "properties": {"nombre": "Los Chilamates", "tipo": "barrio", "nodo": true}, "geometry": {"type": "Point", "coordinates": [-86.25557, 12.12181]}}, {"type": "Feature", "properties": {"nombre": "Colonial Los Robles 1", "tipo": "barrio", "nodo": true}, "geometry": {"type": "Point", "coordinates": [-86.26059, 12.12139]}}, {"type": "Feature", "properties": {"nombre": "Colonial Los Robles 2", "tipo": "barrio", "nodo": true}, "geometry": {"type": "Point", "coordinates": [-86.25835, 12.12164]}}, {"type": "Feature", "properties": {"nombre": "Planes de Altamira 1", "tipo": "barrio", "nodo": true}, "geometry": {"type": "Point", "coordinates": [-86.25999, 12.11987]}}, {"type": "Feature", "properties": {"nombre": "Planes de Altamira 2", "tipo": "barrio", "nodo": true}, "geometry": {"type": "Point", "coordinates": [-86.25715, 12.11863]}}, {"type": "Feature", "properties": {"nombre": "Sector Central Los Robles", "tipo": "barrio", "nodo": true}, "geometry": {"type": "Point", "coordinates": [-86.26107, 12.12285]}}, {"type": "Feature", "properties": {"nombre": "Habana 1", "tipo": "barrio", "nodo": true}, "geometry": {"type": "Point", "coordinates": [-86.2558, 12.13251]}}, {"type": "Feature", "properties": {"nombre": "Aldo Chavarría", "tipo": "barrio", "nodo": true}, "geometry": {"type": "Point", "coordinates": [-86.25512, 12.13001]}}, {"type": "Feature", "properties": {"nombre": "Pista El Dorado", "tipo": "barrio", "nodo": true}, "geometry": {"type": "Point", "coordinates": [-86.25088, 12.1356]}}, {"type": "Feature", "properties": {"nombre": "Sector Este Radial Santo Domingo", "tipo": "barrio", "nodo": true}, "geometry": {"type": "Point", "coordinates": [-86.25552, 12.13081]}}, {"type": "Feature", "properties": {"nombre": "Sector Sureste Rotonda Cristo Rey", "tipo": "barrio", "nodo": true}, "geometry": {"type": "Point", "coordinates": [-86.2552, 12.13367]}}, {"type": "Feature", "properties": {"nombre": "Revolución", "tipo": "barrio", "nodo": true}, "geometry": {"type": "Point", "coordinates": [-86.24909, 12.12938]}}, {"type": "Feature", "properties": {"nombre": "Altamira Este", "tipo": "barrio", "nodo": true}, "geometry": {"type": "Point", "coordinates": [-86.25403, 12.11845]}}, {"type": "Feature", "properties": {"nombre": "Barrio Santos López", "tipo": "barrio", "nodo": true}, "geometry": {"type": "Point", "coordinates": [-86.24783, 12.12013]}}, {"type": "Feature", "properties": {"nombre": "Hospital Manolo Morales", "tipo": "barrio", "nodo": true}, "geometry": {"type": "Point", "coordinates": [-86.24628, 12.12264]}}, {"type": "Feature", "properties": {"nombre": "Isaías Gómez", "tipo": "barrio", "nodo": true}, "geometry": {"type": "Point", "coordinates": [-86.24878, 12.12492]}}, {"type": "Feature", "properties": {"nombre": "Liberia", "tipo": "barrio", "nodo": true}, "geometry": {"type": "Point", "coordinates": [-86.2494, 12.12688]}}, {"type": "Feature", "properties": {"nombre": "Comarca Las Viudas Norte", "tipo": "barrio", "nodo": true}, "geometry": {"type": "Point", "coordinates": [-86.27887, 12.08634]}}, {"type": "Feature", "properties": {"nombre": "Comarca Las Viudas Sur", "tipo": "barrio", "nodo": true}, "geometry": {"type": "Point", "coordinates": [-86.27554, 12.05871]}}, {"type": "Feature", "properties": {"nombre": "El Progreso", "tipo": "barrio", "nodo": true}, "geometry": {"type": "Point", "coordinates": [-86.27512, 12.09877]}}, {"type": "Feature", "properties": {"nombre": "Las Veraneras", "tipo": "barrio", "nodo": true}, "geometry": {"type": "Point", "coordinates": [-86.27164, 12.1029]}}, {"type": "Feature", "properties": {"nombre": "Los Ladinos Norte", "tipo": "barrio", "nodo": true}, "geometry": {"type": "Point", "coordinates": [-86.28064, 12.10561]}}, {"type": "Feature", "properties": {"nombre": "Los Ladinos Sur", "tipo": "barrio", "nodo": true}, "geometry": {"type": "Point", "coordinates": [-86.28111, 12.09811]}}, {"type": "Feature", "properties": {"nombre": "Miguel Bonilla", "tipo": "barrio", "nodo": true}, "geometry": {"type": "Point", "coordinates": [-86.27425, 12.10227]}}, {"type": "Feature", "properties": {"nombre": "Mokorón", "tipo": "barrio", "nodo": true}, "geometry": {"type": "Point", "coordinates": [-86.27705, 12.10602]}}, {"type": "Feature", "properties": {"nombre": "Sector Universitaria SE", "tipo": "barrio", "nodo": true}, "geometry": {"type": "Point", "coordinates": [-86.27471, 12.11075]}}, {"type": "Feature", "properties": {"nombre": "UNAN Managua", "tipo": "barrio", "nodo": true}, "geometry": {"type": "Point", "coordinates": [-86.26982, 12.10862]}}, {"type": "Feature", "properties": {"nombre": "Gloria", "tipo": "barrio", "nodo": true}, "geometry": {"type": "Point", "coordinates": [-86.27248, 12.0858]}}, {"type": "Feature", "properties": {"nombre": "Sector Comarca Jocote Dulce", "tipo": "barrio", "nodo": true}, "geometry": {"type": "Point", "coordinates": [-86.27346, 12.08973]}}, {"type": "Feature", "properties": {"nombre": "Miralagos", "tipo": "barrio", "nodo": true}, "geometry": {"type": "Point", "coordinates": [-86.26538, 12.08339]}}, {"type": "Feature", "properties": {"nombre": "Bosques del Recreo", "tipo": "barrio", "nodo": true}, "geometry": {"type": "Point", "coordinates": [-86.26589, 12.09568]}}, {"type": "Feature", "properties": {"nombre": "Vincent Poujardeu", "tipo": "barrio", "nodo": true}, "geometry": {"type": "Point", "coordinates": [-86.26649, 12.08509]}}, {"type": "Feature", "properties": {"nombre": "Combatiente Desconocido", "tipo": "barrio", "nodo": true}, "geometry": {"type": "Point", "coordinates": [-86.26803, 12.08988]}}, {"type": "Feature", "properties": {"nombre": "La Esperanza", "tipo": "barrio", "nodo": true}, "geometry": {"type": "Point", "coordinates": [-86.268, 12.06802]}}, {"type": "Feature", "properties": {"nombre": "Portal del Bosque", "tipo": "barrio", "nodo": true}, "geometry": {"type": "Point", "coordinates": [-86.26935, 12.05634]}}, {"type": "Feature", "properties": {"nombre": "Sector Colegio Centroamérica", "tipo": "barrio", "nodo": true}, "geometry": {"type": "Point", "coordinates": [-86.26702, 12.09851]}}, {"type": "Feature", "properties": {"nombre": "Sector Sur Comarca Jocote Dulce", "tipo": "barrio", "nodo": true}, "geometry": {"type": "Point", "coordinates": [-86.26764, 12.08044]}}, {"type": "Feature", "properties": {"nombre": "Los Ángeles 1", "tipo": "barrio", "nodo": true}, "geometry": {"type": "Point", "coordinates": [-86.27199, 12.0661]}}, {"type": "Feature", "properties": {"nombre": "Sector Oeste San Isidro de la Cruz Verde", "tipo": "barrio", "nodo": true}, "geometry": {"type": "Point", "coordinates": [-86.26462, 12.07963]}}, {"type": "Feature", "properties": {"nombre": "Sector Sur Jocote Dulce", "tipo": "barrio", "nodo": true}, "geometry": {"type": "Point", "coordinates": [-86.267, 12.06126]}}, {"type": "Feature", "properties": {"nombre": "Altomonte", "tipo": "barrio", "nodo": true}, "geometry": {"type": "Point", "coordinates": [-86.24751, 12.07676]}}, {"type": "Feature", "properties": {"nombre": "El Obelisco", "tipo": "barrio", "nodo": true}, "geometry": {"type": "Point", "coordinates": [-86.24589, 12.08365]}}, {"type": "Feature", "properties": {"nombre": "La Qunita", "tipo": "barrio", "nodo": true}, "geometry": {"type": "Point", "coordinates": [-86.24951, 12.08145]}}, {"type": "Feature", "properties": {"nombre": "Los Altos de Santo Domingo", "tipo": "barrio", "nodo": true}, "geometry": {"type": "Point", "coordinates": [-86.24651, 12.08323]}}, {"type": "Feature", "properties": {"nombre": "Sector Este Altomonte", "tipo": "barrio", "nodo": true}, "geometry": {"type": "Point", "coordinates": [-86.24482, 12.07765]}}, {"type": "Feature", "properties": {"nombre": "Sector SE Altomonte", "tipo": "barrio", "nodo": true}, "geometry": {"type": "Point", "coordinates": [-86.24638, 12.07487]}}, {"type": "Feature", "properties": {"nombre": "Sector SO Altomonte", "tipo": "barrio", "nodo": true}, "geometry": {"type": "Point", "coordinates": [-86.25109, 12.07543]}}, {"type": "Feature", "properties": {"nombre": "Sector Sur Altos De Santo Domingo", "tipo": "barrio", "nodo": true}, "geometry": {"type": "Point", "coordinates": [-86.24864, 12.07916]}}, {"type": "Feature", "properties": {"nombre": "San Isidro de la Cruz Verde", "tipo": "barrio", "nodo": true}, "geometry": {"type": "Point", "coordinates": [-86.26137, 12.08376]}}, {"type": "Feature", "properties": {"nombre": "Sector Sur San Isidro de la Cruz Verde", "tipo": "barrio", "nodo": true}, "geometry": {"type": "Point", "coordinates": [-86.26065, 12.07208]}}, {"type": "Feature", "properties": {"nombre": "Jacarandas", "tipo": "barrio", "nodo": true}, "geometry": {"type": "Point", "coordinates": [-86.25076, 12.08439]}}, {"type": "Feature", "properties": {"nombre": "Los Andes", "tipo": "barrio", "nodo": true}, "geometry": {"type": "Point", "coordinates": [-86.25301, 12.08416]}}, {"type": "Feature", "properties": {"nombre": "Sector Norte San Isidro de la Cruz Verde", "tipo": "barrio", "nodo": true}, "geometry": {"type": "Point", "coordinates": [-86.26055, 12.09195]}}, {"type": "Feature", "properties": {"nombre": "Altos de Las Cumbres", "tipo": "barrio", "nodo": true}, "geometry": {"type": "Point", "coordinates": [-86.25655, 12.09729]}}, {"type": "Feature", "properties": {"nombre": "Bosques del Terraza", "tipo": "barrio", "nodo": true}, "geometry": {"type": "Point", "coordinates": [-86.26004, 12.09673]}}, {"type": "Feature", "properties": {"nombre": "Las Cumbres", "tipo": "barrio", "nodo": true}, "geometry": {"type": "Point", "coordinates": [-86.25754, 12.10002]}}, {"type": "Feature", "properties": {"nombre": "Mirador de Las Cumbres", "tipo": "barrio", "nodo": true}, "geometry": {"type": "Point", "coordinates": [-86.25672, 12.09785]}}, {"type": "Feature", "properties": {"nombre": "Portal del Carmen", "tipo": "barrio", "nodo": true}, "geometry": {"type": "Point", "coordinates": [-86.25528, 12.09857]}}, {"type": "Feature", "properties": {"nombre": "Sector Este Bosques del Terraza", "tipo": "barrio", "nodo": true}, "geometry": {"type": "Point", "coordinates": [-86.25797, 12.09703]}}, {"type": "Feature", "properties": {"nombre": "Vargas", "tipo": "barrio", "nodo": true}, "geometry": {"type": "Point", "coordinates": [-86.25814, 12.09756]}}, {"type": "Feature", "properties": {"nombre": "Anexo Cruz Del Paraíso", "tipo": "barrio", "nodo": true}, "geometry": {"type": "Point", "coordinates": [-86.25208, 12.10002]}}, {"type": "Feature", "properties": {"nombre": "Santa Clara 1", "tipo": "barrio", "nodo": true}, "geometry": {"type": "Point", "coordinates": [-86.25293, 12.1022]}}, {"type": "Feature", "properties": {"nombre": "Santa Mónica", "tipo": "barrio", "nodo": true}, "geometry": {"type": "Point", "coordinates": [-86.2532, 12.1013]}}, {"type": "Feature", "properties": {"nombre": "Sector Norte Cruz Del Paraíso", "tipo": "barrio", "nodo": true}, "geometry": {"type": "Point", "coordinates": [-86.25061, 12.09893]}}, {"type": "Feature", "properties": {"nombre": "Sector Sur Pista Jean Paul Genie", "tipo": "barrio", "nodo": true}, "geometry": {"type": "Point", "coordinates": [-86.25429, 12.10226]}}, {"type": "Feature", "properties": {"nombre": "Villa Bellini", "tipo": "barrio", "nodo": true}, "geometry": {"type": "Point", "coordinates": [-86.25025, 12.09487]}}, {"type": "Feature", "properties": {"nombre": "Magnolias", "tipo": "barrio", "nodo": true}, "geometry": {"type": "Point", "coordinates": [-86.24608, 12.09955]}}, {"type": "Feature", "properties": {"nombre": "Sector Norte El Mirador", "tipo": "barrio", "nodo": true}, "geometry": {"type": "Point", "coordinates": [-86.24305, 12.09798]}}, {"type": "Feature", "properties": {"nombre": "Sector Sur Cruz Del Paraíso", "tipo": "barrio", "nodo": true}, "geometry": {"type": "Point", "coordinates": [-86.25034, 12.09398]}}, {"type": "Feature", "properties": {"nombre": "Sector Sur Rotonda Jean Paul Genie", "tipo": "barrio", "nodo": true}, "geometry": {"type": "Point", "coordinates": [-86.24744, 12.10226]}}, {"type": "Feature", "properties": {"nombre": "Sector La Salle", "tipo": "barrio", "nodo": true}, "geometry": {"type": "Point", "coordinates": [-86.26678, 12.11047]}}, {"type": "Feature", "properties": {"nombre": "Casa Fontana", "tipo": "barrio", "nodo": true}, "geometry": {"type": "Point", "coordinates": [-86.26523, 12.10754]}}, {"type": "Feature", "properties": {"nombre": "Roma", "tipo": "barrio", "nodo": true}, "geometry": {"type": "Point", "coordinates": [-86.26381, 12.10776]}}, {"type": "Feature", "properties": {"nombre": "Inmaculada", "tipo": "barrio", "nodo": true}, "geometry": {"type": "Point", "coordinates": [-86.26117, 12.10583]}}, {"type": "Feature", "properties": {"nombre": "Madroños 2", "tipo": "barrio", "nodo": true}, "geometry": {"type": "Point", "coordinates": [-86.26121, 12.10519]}}, {"type": "Feature", "properties": {"nombre": "Mirasol", "tipo": "barrio", "nodo": true}, "geometry": {"type": "Point", "coordinates": [-86.25943, 12.10366]}}, {"type": "Feature", "properties": {"nombre": "Sector Norte Villa Fontana Este", "tipo": "barrio", "nodo": true}, "geometry": {"type": "Point", "coordinates": [-86.26042, 12.10461]}}, {"type": "Feature", "properties": {"nombre": "Villa Fontana Norte", "tipo": "barrio", "nodo": true}, "geometry": {"type": "Point", "coordinates": [-86.26383, 12.11087]}}, {"type": "Feature", "properties": {"nombre": "Villa Fontana Sur", "tipo": "barrio", "nodo": true}, "geometry": {"type": "Point", "coordinates": [-86.26713, 12.10339]}}, {"type": "Feature", "properties": {"nombre": "Sector Camino De Oriente", "tipo": "barrio", "nodo": true}, "geometry": {"type": "Point", "coordinates": [-86.25483, 12.11079]}}, {"type": "Feature", "properties": {"nombre": "Sector Este Villas Italianas", "tipo": "barrio", "nodo": true}, "geometry": {"type": "Point", "coordinates": [-86.25687, 12.10467]}}, {"type": "Feature", "properties": {"nombre": "Sector Noroeste Rotonda Jean Paul Genie", "tipo": "barrio", "nodo": true}, "geometry": {"type": "Point", "coordinates": [-86.25201, 12.10623]}}, {"type": "Feature", "properties": {"nombre": "Sector Suroeste Camino De Oriente", "tipo": "barrio", "nodo": true}, "geometry": {"type": "Point", "coordinates": [-86.25838, 12.10991]}}, {"type": "Feature", "properties": {"nombre": "Villas Italianas", "tipo": "barrio", "nodo": true}, "geometry": {"type": "Point", "coordinates": [-86.25814, 12.10456]}}, {"type": "Feature", "properties": {"nombre": "La Rioja", "tipo": "barrio", "nodo": true}, "geometry": {"type": "Point", "coordinates": [-86.25393, 12.09825]}}, {"type": "Feature", "properties": {"nombre": "Sector Sur Club Terraza", "tipo": "barrio", "nodo": true}, "geometry": {"type": "Point", "coordinates": [-86.26089, 12.09913]}}, {"type": "Feature", "properties": {"nombre": "Alameda 1", "tipo": "barrio", "nodo": true}, "geometry": {"type": "Point", "coordinates": [-86.24445, 12.09699]}}, {"type": "Feature", "properties": {"nombre": "Las Lomas", "tipo": "barrio", "nodo": true}, "geometry": {"type": "Point", "coordinates": [-86.24471, 12.09589]}}, {"type": "Feature", "properties": {"nombre": "Notre Dame", "tipo": "barrio", "nodo": true}, "geometry": {"type": "Point", "coordinates": [-86.24485, 12.09442]}}, {"type": "Feature", "properties": {"nombre": "Viejo Santo Domingo", "tipo": "barrio", "nodo": true}, "geometry": {"type": "Point", "coordinates": [-86.24719, 12.09617]}}, {"type": "Feature", "properties": {"nombre": "Mirador Norte", "tipo": "barrio", "nodo": true}, "geometry": {"type": "Point", "coordinates": [-86.24309, 12.09289]}}, {"type": "Feature", "properties": {"nombre": "Mirador Sur Santo Domingo", "tipo": "barrio", "nodo": true}, "geometry": {"type": "Point", "coordinates": [-86.2474, 12.08876]}}, {"type": "Feature", "properties": {"nombre": "Mirador Sur", "tipo": "barrio", "nodo": true}, "geometry": {"type": "Point", "coordinates": [-86.24546, 12.08832]}}, {"type": "Feature", "properties": {"nombre": "Mision El Mirador", "tipo": "barrio", "nodo": true}, "geometry": {"type": "Point", "coordinates": [-86.24866, 12.0875]}}, {"type": "Feature", "properties": {"nombre": "Los Membreños", "tipo": "barrio", "nodo": true}, "geometry": {"type": "Point", "coordinates": [-86.25145, 12.08905]}}, {"type": "Feature", "properties": {"nombre": "Sector Norte Los Andes", "tipo": "barrio", "nodo": true}, "geometry": {"type": "Point", "coordinates": [-86.25326, 12.08573]}}, {"type": "Feature", "properties": {"nombre": "Hilario Sánchez 4", "tipo": "barrio", "nodo": true}, "geometry": {"type": "Point", "coordinates": [-86.24728, 12.15437]}}, {"type": "Feature", "properties": {"nombre": "Planta Eléctrica de Managua", "tipo": "barrio", "nodo": true}, "geometry": {"type": "Point", "coordinates": [-86.25753, 12.15456]}}, {"type": "Feature", "properties": {"nombre": "Barricada", "tipo": "barrio", "nodo": true}, "geometry": {"type": "Point", "coordinates": [-86.24237, 12.15732]}}, {"type": "Feature", "properties": {"nombre": "Riguero Norte", "tipo": "barrio", "nodo": true}, "geometry": {"type": "Point", "coordinates": [-86.23951, 12.15354]}}, {"type": "Feature", "properties": {"nombre": "Barrio Santa Rosa", "tipo": "barrio", "nodo": true}, "geometry": {"type": "Point", "coordinates": [-86.2278, 12.14852]}}, {"type": "Feature", "properties": {"nombre": "Domitila Lugo", "tipo": "barrio", "nodo": true}, "geometry": {"type": "Point", "coordinates": [-86.23143, 12.15521]}}, {"type": "Feature", "properties": {"nombre": "Santa Clara 2 (Costa del Lago)", "tipo": "barrio", "nodo": true}, "geometry": {"type": "Point", "coordinates": [-86.23324, 12.15977]}}, {"type": "Feature", "properties": {"nombre": "Sector Este Portezuelo", "tipo": "barrio", "nodo": true}, "geometry": {"type": "Point", "coordinates": [-86.22331, 12.15342]}}, {"type": "Feature", "properties": {"nombre": "Bello Horizonte 1", "tipo": "barrio", "nodo": true}, "geometry": {"type": "Point", "coordinates": [-86.23286, 12.1476]}}, {"type": "Feature", "properties": {"nombre": "Barrio Costa Rica", "tipo": "barrio", "nodo": true}, "geometry": {"type": "Point", "coordinates": [-86.23871, 12.14786]}}, {"type": "Feature", "properties": {"nombre": "Maestro Gabriel", "tipo": "barrio", "nodo": true}, "geometry": {"type": "Point", "coordinates": [-86.23701, 12.14525]}}, {"type": "Feature", "properties": {"nombre": "Pedro Arauz Palacios", "tipo": "barrio", "nodo": true}, "geometry": {"type": "Point", "coordinates": [-86.22764, 12.14541]}}, {"type": "Feature", "properties": {"nombre": "Leonel Rugama", "tipo": "barrio", "nodo": true}, "geometry": {"type": "Point", "coordinates": [-86.24863, 12.15195]}}, {"type": "Feature", "properties": {"nombre": "Anexo Jardines De Santa Clara", "tipo": "barrio", "nodo": true}, "geometry": {"type": "Point", "coordinates": [-86.23128, 12.15943]}}, {"type": "Feature", "properties": {"nombre": "Sector Oeste Portezuelo", "tipo": "barrio", "nodo": true}, "geometry": {"type": "Point", "coordinates": [-86.22712, 12.16114]}}, {"type": "Feature", "properties": {"nombre": "Nueva Libia 1", "tipo": "barrio", "nodo": true}, "geometry": {"type": "Point", "coordinates": [-86.22626, 12.14083]}}, {"type": "Feature", "properties": {"nombre": "Nueva Libia 2", "tipo": "barrio", "nodo": true}, "geometry": {"type": "Point", "coordinates": [-86.22528, 12.14228]}}, {"type": "Feature", "properties": {"nombre": "Bello Horizonte 4", "tipo": "barrio", "nodo": true}, "geometry": {"type": "Point", "coordinates": [-86.23204, 12.1441]}}, {"type": "Feature", "properties": {"nombre": "Bello Horizonte 6", "tipo": "barrio", "nodo": true}, "geometry": {"type": "Point", "coordinates": [-86.22829, 12.14381]}}, {"type": "Feature", "properties": {"nombre": "Bello Horizonte 2", "tipo": "barrio", "nodo": true}, "geometry": {"type": "Point", "coordinates": [-86.23436, 12.14178]}}, {"type": "Feature", "properties": {"nombre": "Bello Horizonte 3", "tipo": "barrio", "nodo": true}, "geometry": {"type": "Point", "coordinates": [-86.2323, 12.14058]}}, {"type": "Feature", "properties": {"nombre": "Bello Horizonte 5", "tipo": "barrio", "nodo": true}, "geometry": {"type": "Point", "coordinates": [-86.22849, 12.14056]}}, {"type": "Feature", "properties": {"nombre": "Christian Pérez", "tipo": "barrio", "nodo": true}, "geometry": {"type": "Point", "coordinates": [-86.23654, 12.14142]}}, {"type": "Feature", "properties": {"nombre": "Condominios Madroño", "tipo": "barrio", "nodo": true}, "geometry": {"type": "Point", "coordinates": [-86.25333, 12.07496]}}, {"type": "Feature", "properties": {"nombre": "Ciudad Belén", "tipo": "barrio", "nodo": true}, "geometry": {"type": "Point", "coordinates": [-86.15916, 12.13147]}}, {"type": "Feature", "properties": {"nombre": "Urbanización San Miguel", "tipo": "barrio", "nodo": true}, "geometry": {"type": "Point", "coordinates": [-86.37385, 12.15712]}}, {"type": "Feature", "properties": {"nombre": "Quince de Mayo", "tipo": "barrio", "nodo": true}, "geometry": {"type": "Point", "coordinates": [-86.1732, 12.15032]}}, {"type": "Feature", "properties": {"nombre": "Urbanización Acrópolis", "tipo": "barrio", "nodo": true}, "geometry": {"type": "Point", "coordinates": [-86.27569, 12.11362]}}, {"type": "Feature", "properties": {"nombre": "Urbanización Ríos de Agua Viva", "tipo": "barrio", "nodo": true}, "geometry": {"type": "Point", "coordinates": [-86.16986, 12.11728]}}, {"type": "Feature", "properties": {"nombre": "Villa El Sol", "tipo": "barrio", "nodo": true}, "geometry": {"type": "Point", "coordinates": [-86.16108, 12.10047]}}, {"type": "Feature", "properties": {"nombre": "Cortijo La Sabana", "tipo": "barrio", "nodo": true}, "geometry": {"type": "Point", "coordinates": [-86.18373, 12.12505]}}, {"type": "Feature", "properties": {"nombre": "El mirador Santo Domingo", "tipo": "barrio", "nodo": true}, "geometry": {"type": "Point", "coordinates": [-86.24669, 12.09049]}}, {"type": "Feature", "properties": {"nombre": "Fraccionamiento Metrópolis", "tipo": "barrio", "nodo": true}, "geometry": {"type": "Point", "coordinates": [-86.23189, 12.08514]}}, {"type": "Feature", "properties": {"nombre": "Lotificación Marbella", "tipo": "barrio", "nodo": true}, "geometry": {"type": "Point", "coordinates": [-86.17809, 12.05509]}}, {"type": "Feature", "properties": {"nombre": "Altos de las Brisas", "tipo": "barrio", "nodo": true}, "geometry": {"type": "Point", "coordinates": [-86.33259, 12.15036]}}, {"type": "Feature", "properties": {"nombre": "El Anzuelo", "tipo": "barrio", "nodo": true}, "geometry": {"type": "Point", "coordinates": [-86.26183, 12.14698]}}, {"type": "Feature", "properties": {"nombre": "San Rafael", "tipo": "barrio", "nodo": true}, "geometry": {"type": "Point", "coordinates": [-86.26394, 12.14881]}}, {"type": "Feature", "properties": {"nombre": "Lotificación Guardabarranco", "tipo": "barrio", "nodo": true}, "geometry": {"type": "Point", "coordinates": [-86.16868, 12.12604]}}, {"type": "Feature", "properties": {"nombre": "El sosiego", "tipo": "barrio", "nodo": true}, "geometry": {"type": "Point", "coordinates": [-86.32133, 12.08773]}}, {"type": "Feature", "properties": {"nombre": "Barrio Marvin Marín 1 y 2", "tipo": "barrio", "nodo": true}, "geometry": {"type": "Point", "coordinates": [-86.2925, 12.1074]}}, {"type": "Feature", "properties": {"nombre": "Colonia Argüello", "tipo": "barrio", "nodo": true}, "geometry": {"type": "Point", "coordinates": [-86.31619, 12.12824]}}, {"type": "Feature", "properties": {"nombre": "Colonia Molina", "tipo": "barrio", "nodo": true}, "geometry": {"type": "Point", "coordinates": [-86.31565, 12.12535]}}, {"type": "Feature", "properties": {"nombre": "José Benito Escobar", "tipo": "barrio", "nodo": true}, "geometry": {"type": "Point", "coordinates": [-86.43419, 12.23519]}}, {"type": "Feature", "properties": {"nombre": "Villa Dignidad", "tipo": "barrio", "nodo": true}, "geometry": {"type": "Point", "coordinates": [-86.17895, 12.13361]}}, {"type": "Feature", "properties": {"nombre": "Leonel Reynosa", "tipo": "barrio", "nodo": true}, "geometry": {"type": "Point", "coordinates": [-86.21687, 12.04991]}}, {"type": "Feature", "properties": {"nombre": "Barrio Benjamín Zeledón", "tipo": "barrio", "nodo": true}, "geometry": {"type": "Point", "coordinates": [-86.20351, 12.01761]}}, {"type": "Feature", "properties": {"nombre": "Barrio Oswaldo Manzanares", "tipo": "barrio", "nodo": true}, "geometry": {"type": "Point", "coordinates": [-86.21582, 12.14648]}}, {"type": "Feature", "properties": {"nombre": "Comarca Cuajachillo # 2", "tipo": "barrio", "nodo": true}, "geometry": {"type": "Point", "coordinates": [-86.37554, 12.11851]}}, {"type": "Feature", "properties": {"nombre": "Barrio Pantasma", "tipo": "barrio", "nodo": true}, "geometry": {"type": "Point", "coordinates": [-86.24642, 12.13504]}}, {"type": "Feature", "properties": {"nombre": "Monte Fresco", "tipo": "barrio", "nodo": true}, "geometry": {"type": "Point", "coordinates": [-86.15031, 12.15342]}}, {"type": "Feature", "properties": {"nombre": "Villa Austria", "tipo": "barrio", "nodo": true}, "geometry": {"type": "Point", "coordinates": [-86.22205, 12.1316]}}, {"type": "Feature", "properties": {"nombre": "Anexo Barrio La Primavera", "tipo": "barrio", "nodo": true}, "geometry": {"type": "Point", "coordinates": [-86.2189, 12.15833]}}, {"type": "Feature", "properties": {"nombre": "Cortijo de La Sierra", "tipo": "barrio", "nodo": true}, "geometry": {"type": "Point", "coordinates": [-86.21595, 12.06211]}}, {"type": "Feature", "properties": {"nombre": "Monte Clara", "tipo": "barrio", "nodo": true}, "geometry": {"type": "Point", "coordinates": [-86.21673, 12.05438]}}, {"type": "Feature", "properties": {"nombre": "Valle Santa María", "tipo": "barrio", "nodo": true}, "geometry": {"type": "Point", "coordinates": [-86.21211, 12.04778]}}, {"type": "Feature", "properties": {"nombre": "Villa Valeska I", "tipo": "barrio", "nodo": true}, "geometry": {"type": "Point", "coordinates": [-86.21524, 12.04811]}}, {"type": "Feature", "properties": {"nombre": "Villa Valeska II", "tipo": "barrio", "nodo": true}, "geometry": {"type": "Point", "coordinates": [-86.2155, 12.04699]}}, {"type": "Feature", "properties": {"nombre": "Villa Carolina", "tipo": "barrio", "nodo": true}, "geometry": {"type": "Point", "coordinates": [-86.2152, 12.04903]}}, {"type": "Feature", "properties": {"nombre": "Versalles", "tipo": "barrio", "nodo": true}, "geometry": {"type": "Point", "coordinates": [-86.21734, 12.04759]}}, {"type": "Feature", "properties": {"nombre": "Villas Kelly", "tipo": "barrio", "nodo": true}, "geometry": {"type": "Point", "coordinates": [-86.21347, 12.04483]}}, {"type": "Feature", "properties": {"nombre": "Las Rosaledas", "tipo": "barrio", "nodo": true}, "geometry": {"type": "Point", "coordinates": [-86.21119, 12.04548]}}, {"type": "Feature", "properties": {"nombre": "Villa San Martin", "tipo": "barrio", "nodo": true}, "geometry": {"type": "Point", "coordinates": [-86.22223, 12.04321]}}, {"type": "Feature", "properties": {"nombre": "Villas del Prado", "tipo": "barrio", "nodo": true}, "geometry": {"type": "Point", "coordinates": [-86.21764, 12.0673]}}, {"type": "Feature", "properties": {"nombre": "Puertas del Sol", "tipo": "barrio", "nodo": true}, "geometry": {"type": "Point", "coordinates": [-86.21767, 12.06945]}}, {"type": "Feature", "properties": {"nombre": "Sacuanjoche", "tipo": "barrio", "nodo": true}, "geometry": {"type": "Point", "coordinates": [-86.21763, 12.06818]}}, {"type": "Feature", "properties": {"nombre": "Lomas de Monte Verde", "tipo": "barrio", "nodo": true}, "geometry": {"type": "Point", "coordinates": [-86.22423, 12.0484]}}, {"type": "Feature", "properties": {"nombre": "Roberto Alvarado", "tipo": "barrio", "nodo": true}, "geometry": {"type": "Point", "coordinates": [-86.42013, 12.23398]}}, {"type": "Feature", "properties": {"nombre": "Marvin Ortega", "tipo": "barrio", "nodo": true}, "geometry": {"type": "Point", "coordinates": [-86.42165, 12.23541]}}, {"type": "Feature", "properties": {"nombre": "Anexos Pilar", "tipo": "barrio", "nodo": true}, "geometry": {"type": "Point", "coordinates": [-86.42452, 12.23442]}}, {"type": "Feature", "properties": {"nombre": "La Colonia San José", "tipo": "barrio", "nodo": true}, "geometry": {"type": "Point", "coordinates": [-86.42273, 12.23272]}}, {"type": "Feature", "properties": {"nombre": "Javier Saballos", "tipo": "barrio", "nodo": true}, "geometry": {"type": "Point", "coordinates": [-86.42571, 12.2331]}}, {"type": "Feature", "properties": {"nombre": "Casimiro Sotelo", "tipo": "barrio", "nodo": true}, "geometry": {"type": "Point", "coordinates": [-86.42905, 12.23184]}}, {"type": "Feature", "properties": {"nombre": "Zona Central Casco Urbano", "tipo": "barrio", "nodo": true}, "geometry": {"type": "Point", "coordinates": [-86.42921, 12.23661]}}, {"type": "Feature", "properties": {"nombre": "La Santa Fé", "tipo": "barrio", "nodo": true}, "geometry": {"type": "Point", "coordinates": [-86.43661, 12.23274]}}, {"type": "Feature", "properties": {"nombre": "Reparto Isaac Andino", "tipo": "barrio", "nodo": true}, "geometry": {"type": "Point", "coordinates": [-86.4355, 12.23625]}}, {"type": "Feature", "properties": {"nombre": "Alvaro José Alemán", "tipo": "barrio", "nodo": true}, "geometry": {"type": "Point", "coordinates": [-86.43361, 12.23816]}}, {"type": "Feature", "properties": {"nombre": "Sector Lago", "tipo": "barrio", "nodo": true}, "geometry": {"type": "Point", "coordinates": [-86.41499, 12.22689]}}, {"type": "Feature", "properties": {"nombre": "Sector Lago", "tipo": "barrio", "nodo": true}, "geometry": {"type": "Point", "coordinates": [-86.43047, 12.23956]}}, {"type": "Feature", "properties": {"nombre": "Divino Pastor", "tipo": "barrio", "nodo": true}, "geometry": {"type": "Point", "coordinates": [-86.43729, 12.23861]}}, {"type": "Feature", "properties": {"nombre": "Faustino Mínguez", "tipo": "barrio", "nodo": true}, "geometry": {"type": "Point", "coordinates": [-86.43618, 12.2397]}}, {"type": "Feature", "properties": {"nombre": "El Cañón", "tipo": "barrio", "nodo": true}, "geometry": {"type": "Point", "coordinates": [-86.31812, 12.05186]}}, {"type": "Feature", "properties": {"nombre": "Monte Fresco", "tipo": "barrio", "nodo": true}, "geometry": {"type": "Point", "coordinates": [-86.31405, 12.05258]}}, {"type": "Feature", "properties": {"nombre": "Urbanización La Paz", "tipo": "barrio", "nodo": true}, "geometry": {"type": "Point", "coordinates": [-86.28785, 12.12434]}}, {"type": "Feature", "properties": {"nombre": "Villa Progreso", "tipo": "barrio", "nodo": true}, "geometry": {"type": "Point", "coordinates": [-86.22346, 12.14009]}}, {"type": "Feature", "properties": {"nombre": "Villa Flor Norte", "tipo": "barrio", "nodo": true}, "geometry": {"type": "Point", "coordinates": [-86.2191, 12.1235]}}, {"type": "Feature", "properties": {"nombre": "Barrio. Dios Proveerá", "tipo": "barrio", "nodo": true}, "geometry": {"type": "Point", "coordinates": [-86.432, 12.22539]}}, {"type": "Feature", "properties": {"nombre": "Villa Bendición de Dios", "tipo": "barrio", "nodo": true}, "geometry": {"type": "Point", "coordinates": [-86.42161, 12.22829]}}, {"type": "Feature", "properties": {"nombre": "Sector Río Santa Elena", "tipo": "barrio", "nodo": true}, "geometry": {"type": "Point", "coordinates": [-86.16336, 12.16062]}}, {"type": "Feature", "properties": {"nombre": "Barrio Los Ángeles", "tipo": "barrio", "nodo": true}, "geometry": {"type": "Point", "coordinates": [-86.25352, 12.14804]}}, {"type": "Feature", "properties": {"nombre": "Villa Roma", "tipo": "barrio", "nodo": true}, "geometry": {"type": "Point", "coordinates": [-86.29753, 12.09739]}}, {"type": "Feature", "properties": {"nombre": "Barrio Meneses", "tipo": "barrio", "nodo": true}, "geometry": {"type": "Point", "coordinates": [-86.23804, 12.13606]}}, {"type": "Feature", "properties": {"nombre": "Colonia Rubén Darío", "tipo": "barrio", "nodo": true}, "geometry": {"type": "Point", "coordinates": [-86.21835, 12.14002]}}, {"type": "Feature", "properties": {"nombre": "Nora Astorga", "tipo": "barrio", "nodo": true}, "geometry": {"type": "Point", "coordinates": [-86.29685, 12.13569]}}, {"type": "Feature", "properties": {"nombre": "Las Mercedes", "tipo": "barrio", "nodo": true}, "geometry": {"type": "Point", "coordinates": [-86.1879, 12.15405]}}, {"type": "Feature", "properties": {"nombre": "Mantica", "tipo": "barrio", "nodo": true}, "geometry": {"type": "Point", "coordinates": [-86.18775, 12.153]}}, {"type": "Feature", "properties": {"nombre": "Anexo Texaco", "tipo": "barrio", "nodo": true}, "geometry": {"type": "Point", "coordinates": [-86.18789, 12.14805]}}, {"type": "Feature", "properties": {"nombre": "Anexo 1 Unidad de Proposito", "tipo": "barrio", "nodo": true}, "geometry": {"type": "Point", "coordinates": [-86.1874, 12.15074]}}, {"type": "Feature", "properties": {"nombre": "Casa Real 2", "tipo": "barrio", "nodo": true}, "geometry": {"type": "Point", "coordinates": [-86.18176, 12.15496]}}, {"type": "Feature", "properties": {"nombre": "Casa Real 1", "tipo": "barrio", "nodo": true}, "geometry": {"type": "Point", "coordinates": [-86.18252, 12.15226]}}, {"type": "Feature", "properties": {"nombre": "Sector Sur Casa Real", "tipo": "barrio", "nodo": true}, "geometry": {"type": "Point", "coordinates": [-86.18374, 12.14874]}}, {"type": "Feature", "properties": {"nombre": "Casa Real 3", "tipo": "barrio", "nodo": true}, "geometry": {"type": "Point", "coordinates": [-86.18064, 12.15045]}}, {"type": "Feature", "properties": {"nombre": "Montecristi", "tipo": "barrio", "nodo": true}, "geometry": {"type": "Point", "coordinates": [-86.17675, 12.15017]}}, {"type": "Feature", "properties": {"nombre": "Residencial Montecristi", "tipo": "barrio", "nodo": true}, "geometry": {"type": "Point", "coordinates": [-86.17694, 12.14629]}}, {"type": "Feature", "properties": {"nombre": "El Rodeo 2", "tipo": "barrio", "nodo": true}, "geometry": {"type": "Point", "coordinates": [-86.16547, 12.14607]}}, {"type": "Feature", "properties": {"nombre": "El Rodeito", "tipo": "barrio", "nodo": true}, "geometry": {"type": "Point", "coordinates": [-86.16826, 12.14787]}}, {"type": "Feature", "properties": {"nombre": "Sector Norte Motecristi", "tipo": "barrio", "nodo": true}, "geometry": {"type": "Point", "coordinates": [-86.17629, 12.16218]}}, {"type": "Feature", "properties": {"nombre": "Sector Río Borbollón", "tipo": "barrio", "nodo": true}, "geometry": {"type": "Point", "coordinates": [-86.15676, 12.15861]}}, {"type": "Feature", "properties": {"nombre": "Sector Río Lodoso", "tipo": "barrio", "nodo": true}, "geometry": {"type": "Point", "coordinates": [-86.14683, 12.15907]}}, {"type": "Feature", "properties": {"nombre": "Sector Este Vallarta", "tipo": "barrio", "nodo": true}, "geometry": {"type": "Point", "coordinates": [-86.21214, 12.15956]}}, {"type": "Feature", "properties": {"nombre": "Arlen Siu Norte", "tipo": "barrio", "nodo": true}, "geometry": {"type": "Point", "coordinates": [-86.19986, 12.12512]}}, {"type": "Feature", "properties": {"nombre": "Arlen Siu Sur", "tipo": "barrio", "nodo": true}, "geometry": {"type": "Point", "coordinates": [-86.2044, 12.12486]}}, {"type": "Feature", "properties": {"nombre": "Anexo José Benito Escobar", "tipo": "barrio", "nodo": true}, "geometry": {"type": "Point", "coordinates": [-86.19054, 12.1621]}}, {"type": "Feature", "properties": {"nombre": "Lomas del Valle", "tipo": "barrio", "nodo": true}, "geometry": {"type": "Point", "coordinates": [-86.24485, 12.10943]}}, {"type": "Feature", "properties": {"nombre": "Ciudad Campuzano", "tipo": "barrio", "nodo": true}, "geometry": {"type": "Point", "coordinates": [-86.1316, 12.05602]}}]}