id,titulo,zona,categoria,precio,moneda,hab,banos,m2,lote_vrs,url,imagen,municipio,departamento,lat,lng,geo_tipo,municipio,departamento,lat,lng,geo_tipo
11322,Casa quinta en Venta en Carretera Masaya ID 11322,Carretera Masaya,2,630000,USD,2,1,90,16495,"https://discovernica.com/propiedades/detalles/11322/hermosa-quinta-carretera-masaya-2-habitaciones-1-baño-cocina-sala-comedor-U$-643,305.",https://discovernica.com/assets/images/properties/hermosa_quinta_carretera_masaya_2_habitaciones_1_ba_o_cocina_sala_comedor_ID11393_4.jpg,Masaya,,,,,Masaya,,,,
11746,Se vende amplia casa con piscina en Santo Domingo,Santo Domingo,2,1100000,USD,5,5,545,3485.93,https://discovernica.com/propiedades/detalles/11746/casa-venta-5-habitaciones-santo-domingo-piscina,https://discovernica.com/assets/images/properties/ID11746_7_.jpg,Managua,Managua,12.1516383,-86.2663177,administrative,Managua,Managua,12.1516383,-86.2663177,administrative
14573,Casa en venta en Linda Vista - Ideal para vivir o establecer oficina,Linda Vista,2,145000,USD,3,2,119.88,380,https://discovernica.com/propiedades/detalles/14573/casa-venta-linda-vista-3-habitaciones,https://discovernica.com/assets/images/properties/ID14573.png,Managua,Managua,12.1552762,-86.3059544,administrative,Managua,Managua,12.1552762,-86.3059544,administrative
11725,Se vende amplia casa en Santo Domingo,Santo Domingo,2,888000,USD,4,4,700,2200,https://discovernica.com/propiedades/detalles/11725/casa-venta-santo-domingo-amplia-residencial-4-habitaciones,https://discovernica.com/assets/images/properties/asas.jpg,Managua,Managua,12.1516383,-86.2663177,administrative,Managua,Managua,12.1516383,-86.2663177,administrative
14555,Amplia casa en venta/renta sobre Carretera Vieja a León,,2,520000,USD,5,6.5,700,6700,https://discovernica.com/propiedades/detalles/14555/casa-amplia-venta-renta-Carretera-Vieja-a-León,https://discovernica.com/assets/images/properties/pisina.jpg,Managua,Managua,12.1547116,-86.2737250,administrative,Managua,Managua,12.1547116,-86.2737250,administrative
14442,Se Vende Amplia Casa en Carretera a Masaya,Carretera a Masaya,2,140000,USD,3,2,200,355.00,https://discovernica.com/propiedades/detalles/14442/venta-amplia-casa-en-carretera-a-masaya-3-habitaciones,https://discovernica.com/assets/images/properties/ID14442_1.png,Masaya,,,,,Masaya,,,,
14030,Casa en venta y renta en Santo Domingo,Santo Domingo,46,260000,USD,3,4,250,670,https://discovernica.com/propiedades/detalles/14030/Casa-venta-y-renta-en-Santo-Domingo,https://discovernica.com/assets/images/properties/5_IMG_20241211_WA0103.jpg,Managua,Managua,12.1516383,-86.2663177,administrative,Managua,Managua,12.1516383,-86.2663177,administrative
15141,Casas en venta en Santo Domingo,Santo Domingo,2,336736,USD,4,3.5,235.50,954.29,https://discovernica.com/propiedades/detalles/15141/casas-venta-santo-domingo,https://discovernica.com/assets/images/properties/Santa_Catalina_Luxury_Residences_2026_3_modelos_Final21.jpg,Managua,Managua,12.1516383,-86.2663177,administrative,Managua,Managua,12.1516383,-86.2663177,administrative
15035,Se vende acogedora casa en Jinotepe,Jinotepe,2,50000,USD,2,1,160,437.36,https://discovernica.com/propiedades/detalles/15035/En  venta casa de  un piso en  Jinotepe.,https://discovernica.com/assets/images/properties/15035_1.png,Jinotepe,,,,,Jinotepe,,,,
13164,Acogedora casa en venta y renta en Carretera Sur,Carretera Sur,46,660000,USD,4,4.5,540,3900,https://discovernica.com/propiedades/detalles/13164/casa-venta-renta-carretera-sur-3-habitaciones,https://discovernica.com/assets/images/properties/IMG_20250711_WA0052.jpg,Managua,Managua,12.1442663,-86.2915488,trunk,Managua,Managua,12.1442663,-86.2915488,trunk
14482,Se vende/renta casa con ampio jardín y vista a la ciudad en Villa Fontana,Villa Fontana,2,475000,USD,3,4,625.9,4945.8,https://discovernica.com/propiedades/detalles/14482/casa-venta-renta-con-vista-jardín-3-habitaciones-villa-fontana,https://discovernica.com/assets/images/properties/ID14482_2.png,Managua,Managua,12.1033874,-86.2671277,administrative,Managua,Managua,12.1033874,-86.2671277,administrative
15055,Se venden casas en desarrollo en Carretera a Masaya,Carretera a Masaya,2,130000,USD,2,1,130.47,420,https://discovernica.com/propiedades/detalles/15055/casas-nuevas-venta-residencial-carretera-a-masaya,https://discovernica.com/assets/images/properties/15055_1.png,Masaya,,,,,Masaya,,,,
15065,Se venden casas en desarrollo en Carretera a Masaya,Carretera a Masaya,2,110000,USD,2,1,100,420,https://discovernica.com/propiedades/detalles/15065/casas-nuevas-venta-residencial-carretera-a-masaya,https://discovernica.com/assets/images/properties/15065_2.png,Masaya,,,,,Masaya,,,,
15066,Casas en etapa de desarrolo en venta - Carretera a Masaya,,2,120000,USD,2,1,120.57,420,https://discovernica.com/propiedades/detalles/15066/casas-venta-carretera-a-masaya-2-habitaciones,https://discovernica.com/assets/images/properties/15066_1.png,Managua,Managua,12.1547116,-86.2737250,administrative,Managua,Managua,12.1547116,-86.2737250,administrative
15067,Casas en venta en proyecto residencial - Carretera a Masaya,proyecto residencial,2,140000,USD,3,2,152,420,https://discovernica.com/propiedades/detalles/15067/proyecto-casas-venta-carretera-a-masaya-3-habitaciones,https://discovernica.com/assets/images/properties/15067_1.png,,,,,,,,,,
15191,Se vende casa con piscina en Villa Fontana,Villa Fontana,46,295000,USD,4,2.5,220,1128,https://discovernica.com/propiedades/detalles/15191/casa-2-pisos-venta-villa-fontana-sur-piscina,https://discovernica.com/assets/images/properties/15191_2.png,Managua,Managua,12.1033874,-86.2671277,administrative,Managua,Managua,12.1033874,-86.2671277,administrative
15042,Se vende amplia casa en condominio en Santo Domingo,Santo Domingo,2,245000,USD,3,2.5,198.32,569.89,https://discovernica.com/propiedades/detalles/15042/casa-amplia-venta-santo-domingo-condominio-3-habitaciones,https://discovernica.com/assets/images/properties/15042_4.png,Managua,Managua,12.1516383,-86.2663177,administrative,Managua,Managua,12.1516383,-86.2663177,administrative
14212,Casa en venta en zona residencial - Jinotepe,zona residencial,2,70000,USD,3,1,220,426.00,https://discovernica.com/propiedades/detalles/14212/casa-venta-residecnial-jinotepe-3-habitaciones,https://discovernica.com/assets/images/properties/ID14212_9.png,Managua,Managua,12.0878512,-86.1991653,playground,Managua,Managua,12.0878512,-86.1991653,playground
12318,Casa en venta en La Estancia de Santo Domingo,La Estancia de Santo Domingo,46,750000,USD,4,4.5,687.86,2328.67,https://discovernica.com/propiedades/detalles/12318/casa-venta-santo-domingo-4-habitaciones,https://discovernica.com/assets/images/properties/3_69.jpg,Managua,Managua,12.0844023,-86.2393321,bus_stop,Managua,Managua,12.0844023,-86.2393321,bus_stop
15168,Se vende casa con amplio terreno en Matagalpa,Matagalpa,2,400000,USD,3,2.5,250.82,4565.42,https://discovernica.com/propiedades/detalles/15168/casa-venta-amplio-patio-1-piso-matagalpa,https://discovernica.com/assets/images/properties/15168_4.png,Matagalpa,,,,,Matagalpa,,,,
15181,Casaquinta en venta y renta con potencial de inversión en Veracruz,Veracruz,32,1000000,USD,3,3,3000,50000.00,https://discovernica.com/propiedades/detalles/15181/casaquinta-venta-renta-potencial-de-inversión-veracruz,https://discovernica.com/assets/images/properties/15181_1.png,,,,,,,,,,
15162,Se vende casa con potencial comercial y residencial en Linda Vista,Linda Vista,2,175000,USD,3,4,180,675.76,https://discovernica.com/propiedades/detalles/15162/casa-venta-linda-vista-potencial-comercial-residencial,https://discovernica.com/assets/images/properties/15162_1.png,Managua,Managua,12.1552762,-86.3059544,administrative,Managua,Managua,12.1552762,-86.3059544,administrative
15179,Se vende casa con amplio patio en Tipitapa,Tipitapa,2,58000,USD,3,1,110,456.58,https://discovernica.com/propiedades/detalles/15179/casa-venta-tipitapa-managua-3-habitaciones,https://discovernica.com/assets/images/properties/15179_3.png,,,,,,,,,,
15180,Se vende casa con amplio jardín en Carretera Sur,Carretera Sur,2,85000,USD,2,2,88.35,936.92,https://discovernica.com/propiedades/detalles/15180/casa-venta-carretera-sur-2-habitaciones,https://discovernica.com/assets/images/properties/15180_2.png,Managua,Managua,12.1442663,-86.2915488,trunk,Managua,Managua,12.1442663,-86.2915488,trunk
14970,Se vende casa con apartamento en Carretera a Masaya,Carretera a Masaya,46,115000,USD,2,1,177.08,219.19,https://discovernica.com/propiedades/detalles/14970/casa-apartamento-venta-carretera-a-masaya,https://discovernica.com/assets/images/properties/14970_1.png,Masaya,,,,,Masaya,,,,
7068,Se vende/renta amplia casa con piscina en Carretera Sur,Carretera Sur,2,350000,USD,4,3.5,398.04,1866.50,https://discovernica.com/propiedades/detalles/7068/casa-venta-renta-carretera-sur-piscina-vista-al-valle,https://discovernica.com/assets/images/properties/7068_6.png,Managua,Managua,12.1442663,-86.2915488,trunk,Managua,Managua,12.1442663,-86.2915488,trunk
15011,Se vende casa con amplios espacios en Los Robles,Los Robles,46,295000,USD,4,3.5,300,834.96,https://discovernica.com/propiedades/detalles/15011/casa-2-pisos-venta-los-robles,https://discovernica.com/assets/images/properties/15011_1.png,Managua,Managua,12.1212007,-86.2653351,administrative,Managua,Managua,12.1212007,-86.2653351,administrative
12744,Casa espectacular en Venta y Alquiler en Granada ID 12744,Granada,46,1200000,USD,6,6,450,10000,"https://discovernica.com/propiedades/detalles/12744/Casa en venta en Granada, cuenta con amplios espacios, 4 habitaciones, 5 vehículos.",https://discovernica.com/assets/images/properties/4y6ri7ulofy8il.JPG,Granada,,,,,Granada,,,,
12900,Casa en venta situada en una zona segura y tranquila,una zona segura y tranquila,46,225000,USD,3,3,180,255.60,"https://discovernica.com/propiedades/detalles/12900/Casa en venta, 3 habitaciones, 3 baños, sala, cocina, dos plantas.",https://discovernica.com/assets/images/properties/erhtjrytkuhijo.jpg,,,,,,,,,,
14841,Se vende amplia casa en Carretera Vieja a León,Carretera Vieja a León,2,120000,USD,4,4,199.70,800.17,https://discovernica.com/propiedades/detalles/14841/amplia-casa-venta-carretera-vieja-a-león,https://discovernica.com/assets/images/properties/14841_4.png,León,,,,,León,,,,
7928,Casa en venta en Bolonia – Ideal para oficinas o vivienda,Bolonia,2,220000,USD,3,2,242.78,911.33,https://discovernica.com/propiedades/detalles/7928/casa-venta-bolonia-3-habitaciones,https://discovernica.com/assets/images/properties/7928_1.png,Managua,Managua,12.1398941,-86.2815427,administrative,Managua,Managua,12.1398941,-86.2815427,administrative
13952,Casa con acabados de lujo en venta en Santo Domingo,Santo Domingo,46,430000,USD,4,4.5,370,486.6,https://discovernica.com/propiedades/detalles/13952/se-vende-casa-2-pisos-en-santo-domingo,https://discovernica.com/assets/images/properties/ID13952_4_.jpg,Managua,Managua,12.1516383,-86.2663177,administrative,Managua,Managua,12.1516383,-86.2663177,administrative
12784,Casa en venta y renta en Carretera a Masaya ID12784,Carretera a Masaya,46,210000,USD,3,3.5,217,330.86,https://discovernica.com/propiedades/detalles/12784/se-vende-renta-casa-carretera-a-masaya- 3-habiatciones-3.5-baños,https://discovernica.com/assets/images/properties/IMG_6579.JPG,Masaya,,,,,Masaya,,,,
14372,Se vende/renta casa con piscina en Villa Fontana,Villa Fontana,46,400000,USD,3,3,360,670,https://discovernica.com/propiedades/detalles/14372/se-renta-venta-casa-en-villa-fontana-con-piscina,https://discovernica.com/assets/images/properties/ID14372.png,Managua,Managua,12.1033874,-86.2671277,administrative,Managua,Managua,12.1033874,-86.2671277,administrative
13428,Se Vende/Renta casa en Villa Fontana,Villa Fontana,2,265000,USD,4,4.5,394.59,1157.89,https://discovernica.com/propiedades/detalles/13428/Casa en Venta y Renta apta para negocio o para residir,https://discovernica.com/assets/images/properties/ID_13428_3_.jpg,Managua,Managua,12.1033874,-86.2671277,administrative,Managua,Managua,12.1033874,-86.2671277,administrative
14901,Amplia casa en venta en Las Colinas,Las Colinas,2,299000,USD,3,3.5,380,1300,https://discovernica.com/propiedades/detalles/14901/casa-venta-las-colinas-3-habitaciones,https://discovernica.com/assets/images/properties/14901_11.png,Mateare,Managua,12.1964007,-86.3692092,village,Mateare,Managua,12.1964007,-86.3692092,village
10941,Se vende amplia casa en Bolonia,Bolonia,2,218000,USD,4,3,205,712,https://discovernica.com/propiedades/detalles/10941/casa-venta-bolonia-4-habitaciones,https://discovernica.com/assets/images/properties/10941_3.png,Managua,Managua,12.1398941,-86.2815427,administrative,Managua,Managua,12.1398941,-86.2815427,administrative
14197,Casas en venta en Villa Fontana Sur,Villa Fontana Sur,46,240000,USD,3,2,195,400,https://discovernica.com/propiedades/detalles/14197/dos-casas-venta-villa-fontana-sur,https://discovernica.com/assets/images/properties/IMG_20250327_WA0002_2_.jpg,Managua,Managua,12.1033874,-86.2671277,administrative,Managua,Managua,12.1033874,-86.2671277,administrative
14919,Se vende amplia casa con piscina en Carretera a Masaya,Carretera a Masaya,46,670000,USD,5,7,800,3892.026,https://discovernica.com/propiedades/detalles/14919/casa-pisos-venta-piscina-carretera-a-masaya,https://discovernica.com/assets/images/properties/14919_1.png,Masaya,,,,,Masaya,,,,
13754,Casa en venta en zona céntrica de Managua,zona céntrica de Managua,2,350000,USD,3,2.5,415,1650,https://discovernica.com/propiedades/detalles/13754/casa-venta-centro-de-Managua,https://discovernica.com/assets/images/properties/ID13754_7.jpg,,,,,,,,,,
13800,Casa en venta en Reparto San Juan,Reparto San Juan,2,195000,USD,5,5,388.39,806.03,https://discovernica.com/propiedades/detalles/13800/Se-vende-casa-en-reparto-san-juan,https://discovernica.com/assets/images/properties/a785e359_b751_43a1_9e5d_8b74b3dc1dd8.jpeg,Managua,Managua,12.1219000,-86.2697106,administrative,Managua,Managua,12.1219000,-86.2697106,administrative
14579,Moderna casa en venta en Carretera Sur,Carretera Sur,2,285000,USD,3,2.5,228,1200,https://discovernica.com/propiedades/detalles/14579/casa-venta-carretera-sur-3-habitaciones,https://discovernica.com/assets/images/properties/IMG_20250902_WA0163.jpg,Managua,Managua,12.1442663,-86.2915488,trunk,Managua,Managua,12.1442663,-86.2915488,trunk
14947,Casa de estilo contemporáneo en venta/renta en Carretera Sur,Carretera Sur,2,300000,USD,4,3.5,420.90,1704.69,https://discovernica.com/propiedades/detalles/14947/casa-venta-renta-carretera-sur-3-habitaciones,https://discovernica.com/assets/images/properties/14947_2.png,Managua,Managua,12.1442663,-86.2915488,trunk,Managua,Managua,12.1442663,-86.2915488,trunk
14633,Amplia casa en venta en Carretera Sur,Carretera Sur,2,230000,USD,4,4,360.99,1215.08,https://discovernica.com/propiedades/detalles/14633/casa-amplia-venta-carretera-sur,https://discovernica.com/assets/images/properties/ID14633_2.png,Managua,Managua,12.1442663,-86.2915488,trunk,Managua,Managua,12.1442663,-86.2915488,trunk
15128,Casa en venta en Santo Domingo - Zona exclusiva,Santo Domingo,2,245000,USD,3,3.5,180,570.31,https://discovernica.com/propiedades/detalles/15128/casa-venta-santo-domingo-3-habitaciones,https://discovernica.com/assets/images/properties/15128_4.png,Managua,Managua,12.1516383,-86.2663177,administrative,Managua,Managua,12.1516383,-86.2663177,administrative
14162,Amplia casa en venta en Santo Domingo,Santo Domingo,2,295000,USD,4,3,499.78,1750,https://discovernica.com/propiedades/detalles/14162/casa-venta- santo-domingo,https://discovernica.com/assets/images/properties/ID14162.jpg,Managua,Managua,12.1516383,-86.2663177,administrative,Managua,Managua,12.1516383,-86.2663177,administrative
14092,Se vende casa moderna en Las Colinas,Las Colinas,2,265000,USD,3,2.5,236.35,782.62,https://discovernica.com/propiedades/detalles/14092/las-colinas-casa-moderna-venta-3-habitaciones,https://discovernica.com/assets/images/properties/ID14092_1.jpg,Mateare,Managua,12.1964007,-86.3692092,village,Mateare,Managua,12.1964007,-86.3692092,village
13223,"Casa en Venta en los Robles, frente a la calle.",los Robles,2,280000,USD,4,3,566.37,1426.35,"https://discovernica.com/propiedades/detalles/13223/casa en los robles en venta, 4 habitaciones, 3 baños.",https://discovernica.com/assets/images/properties/64df414e_4d42_4e3e_a58e_1bbeaea5a003.jpg,Managua,Managua,12.1212007,-86.2653351,administrative,Managua,Managua,12.1212007,-86.2653351,administrative
15151,Casa-Quinta en venta sobre la Carretera Masaya –Tipitapa,,32,460000,USD,7,6.5,1061.95,2256.38,https://discovernica.com/propiedades/detalles/15151/casa-quinta-venta-carretera-masaya-tipitapa-7-habitaciones,https://discovernica.com/assets/images/properties/15151_2.png,Managua,Managua,12.1547116,-86.2737250,administrative,Managua,Managua,12.1547116,-86.2737250,administrative
14398,Cómoda casa en venta en Las Colinas,Las Colinas,46,270000,USD,3,3.5,300,920,https://discovernica.com/propiedades/detalles/14398/casa-venta-las-colinas-3-habitaciones,https://discovernica.com/assets/images/properties/ID14398_9.png,Mateare,Managua,12.1964007,-86.3692092,village,Mateare,Managua,12.1964007,-86.3692092,village
14103,Se vende rancho con potencial comercial y residencial en Tisma,Tisma,32,450000,USD,4,5.5,843.88,95506.84,https://discovernica.com/propiedades/detalles/14103/venta-de-rancho-en-tisma,https://discovernica.com/assets/images/properties/Imagen_de_WhatsApp_2025_01_27_a_las_12.47.11_0213f587.jpg,,,,,,,,,,
7525,Se vende/renta amplia casa en Carretera Sur,Carretera Sur,2,330000,USD,4,4,420,915,https://discovernica.com/propiedades/detalles/7525/casa-amplia-dos-pisos-venta-renta-carretera-sur,https://discovernica.com/assets/images/properties/7525_1.png,Managua,Managua,12.1442663,-86.2915488,trunk,Managua,Managua,12.1442663,-86.2915488,trunk
13765,Casa en venta en Las Colinas,Las Colinas,2,370000,USD,5,3.5,480,2552,https://discovernica.com/propiedades/detalles/13765/Casa en venta en Las Colinas,https://discovernica.com/assets/images/properties/7_ID13765.jpg,Mateare,Managua,12.1964007,-86.3692092,village,Mateare,Managua,12.1964007,-86.3692092,village
14698,Acogedora casa en venta en Villa Fontana,Villa Fontana,46,170000,USD,3,3,228,500,https://discovernica.com/propiedades/detalles/14698/casa-venta-dos-pisos-villa-fontana-3-habitaciones,https://discovernica.com/assets/images/properties/14698_4.png,Managua,Managua,12.1033874,-86.2671277,administrative,Managua,Managua,12.1033874,-86.2671277,administrative
9916,Se vende casa en zona residencial - Carretera a Masaya,zona residencial,2,150000,USD,3,2,140,1389.21,https://discovernica.com/propiedades/detalles/9916/casa-venta-residencial-carretera-a-masaya,https://discovernica.com/assets/images/properties/casa_venta_residencial_puertas_del_sol_managua_id_9987_1.jpg,Managua,Managua,12.0878512,-86.1991653,playground,Managua,Managua,12.0878512,-86.1991653,playground
15123,Venta de Viviendas en Condominio Residencial con Diseños Modernos,,2,150000,USD,3,4,,242.55,https://discovernica.com/propiedades/detalles/15123/Venta-de-Viviendas-en-Condominio-Residencial-con-Diseños-Modernos,https://discovernica.com/assets/images/properties/REDIDENCIAL_19_.png,Managua,Managua,12.1547116,-86.2737250,administrative,Managua,Managua,12.1547116,-86.2737250,administrative
15129,Casa en venta en carretera a Granada,carretera a Granada,2,41600,USD,1,1,147.25,440,https://discovernica.com/propiedades/detalles/15129/Casa-venta-carretera-a-granada,https://discovernica.com/assets/images/properties/15129_1.png,Granada,,,,,Granada,,,,
14512,Casa en Venta en Reparto Fátima - León,Reparto Fátima,2,150000,USD,3,2,182,385,https://discovernica.com/propiedades/detalles/14512/Casa-en-Venta-en-Reparto-Fátima-León,https://discovernica.com/assets/images/properties/ID14512_1.png,,,,,,,,,,
14994,Casa en venta en Lomas del Sur,Lomas del Sur,2,95000,USD,3,2,75.30,456.64,https://discovernica.com/propiedades/detalles/14994/casa-venta-lomas-del-sur-3-habitaciones,https://discovernica.com/assets/images/properties/14994_1.png,Managua,Managua,12.1031361,-86.3083212,neighbourhood,Managua,Managua,12.1031361,-86.3083212,neighbourhood
14184,Casa en Venta en Chinandega,Chinandega,2,90000,USD,3,2,690,2155.56,https://discovernica.com/propiedades/detalles/14184/casa-en-venta-en-Chinandega,https://discovernica.com/assets/images/properties/ID14184_5.jpg,Managua,Managua,12.1283961,-86.3003495,bus_station,Managua,Managua,12.1283961,-86.3003495,bus_station
15143,Se vende casa en Las Brisas - Oportunidad de inversión,Las Brisas,2,85000,USD,3,2,225.52,597.54,https://discovernica.com/propiedades/detalles/15143/casa-venta-las-brisas-oportunidad-de-inversión,https://discovernica.com/assets/images/properties/ID_15143_3.png,Managua,Managua,12.1553331,-86.3139094,administrative,Managua,Managua,12.1553331,-86.3139094,administrative
12981,Casa en Venta o Renta en Carretera Sur ID 12981,Carretera Sur,46,300000,USD,3,3.5,360,648,"https://discovernica.com/propiedades/detalles/12981/Casa en venta-renta en carretera sur, 3 habitaciones, 3 baños.",https://discovernica.com/assets/images/properties/fwefeg.jpg,Managua,Managua,12.1442663,-86.2915488,trunk,Managua,Managua,12.1442663,-86.2915488,trunk
15130,Se vende casa con excelente ubicación en Bolonia,Bolonia,2,145000,USD,4,3,275,925.84,https://discovernica.com/propiedades/detalles/15130/casa-venta-excelente-ubicación-bolonia-4-habitaciones,https://discovernica.com/assets/images/properties/15130_3.png,Managua,Managua,12.1398941,-86.2815427,administrative,Managua,Managua,12.1398941,-86.2815427,administrative
15102,Proyecto de casas en venta en Santo Domingo - Zona de condominio,Santo Domingo,2,450000,USD,4,4.5,350,825.16,https://discovernica.com/propiedades/detalles/15102/proyecto-casas-condominio-venta-santo-domingo,https://discovernica.com/assets/images/properties/15102_1.png,Managua,Managua,12.1516383,-86.2663177,administrative,Managua,Managua,12.1516383,-86.2663177,administrative
14408,Se vende casa rodeada de naturaleza en Carretera Sur,Carretera Sur,2,268009,USD,5,4,326.37,2000,https://discovernica.com/propiedades/detalles/14408/casa-venta-carretera-sur-amplio-patio-jardín,https://discovernica.com/assets/images/properties/ID14408.png,Managua,Managua,12.1442663,-86.2915488,trunk,Managua,Managua,12.1442663,-86.2915488,trunk
15136,Se vende casa con piscina en Carretera Sur,Carretera Sur,2,230000,USD,3,3,256,1667.08,https://discovernica.com/propiedades/detalles/15136/casa-venta-piscina-carretera-sur,https://discovernica.com/assets/images/properties/15136_1.png,Managua,Managua,12.1442663,-86.2915488,trunk,Managua,Managua,12.1442663,-86.2915488,trunk
13835,Amplia casa en venta en Diriamba,Diriamba,2,225000,USD,4,3.5,392.36,1044,https://discovernica.com/propiedades/detalles/13835/se-vende-casa-en-Diriamba-residencial-4-habitaciones,https://discovernica.com/assets/images/properties/ID13835_8_.jpg,Diriamba,,,,,Diriamba,,,,
15127,Acogedora casa en venta en Tipitapa,Tipitapa,2,72000,USD,3,1,178.5,301.75,https://discovernica.com/propiedades/detalles/15127/casa-venta-tipitapa,https://discovernica.com/assets/images/properties/15127_1.png,,,,,,,,,,
12059,Casa en Venta en Carretera Sur.,Carretera Sur,2,250000,USD,5,3,200,5358.4,"https://discovernica.com/propiedades/detalles/12059/Casa en venta en carretera sur, 5 habitaciones, 3 baños",https://discovernica.com/assets/images/properties/12_WEB_7.jpg,Managua,Managua,12.1442663,-86.2915488,trunk,Managua,Managua,12.1442663,-86.2915488,trunk
14420,"Casa en Venta/Renta – Zona Fresca, Tranquila y Segura de Carretera Sur",,46,450000,USD,4,4.5,610,1650,https://discovernica.com/propiedades/detalles/14420/casa-venta-renta-carretera-sur-4-habitaciones,https://discovernica.com/assets/images/properties/ID12420.png,Managua,Managua,12.1547116,-86.2737250,administrative,Managua,Managua,12.1547116,-86.2737250,administrative
14946,Se vende casa en Carretera a Masaya,Carretera a Masaya,2,230000,USD,3,2.5,240,889,https://discovernica.com/propiedades/detalles/14946/casa-venta-residencial-carretera-a-masaya-3-habitaciones,https://discovernica.com/assets/images/properties/14946_1.png,Masaya,,,,,Masaya,,,,
14161,Se vende casa con vista en Villa Fontana,Villa Fontana,2,230000,USD,4,3,190,1330,https://discovernica.com/propiedades/detalles/14161/casa-venta-con-vista-villa-fontana,https://discovernica.com/assets/images/properties/ID14161_2.jpg,Managua,Managua,12.1033874,-86.2671277,administrative,Managua,Managua,12.1033874,-86.2671277,administrative
14487,Casa con amplio patio en venta en Carretera Sur,Carretera Sur,2,89000,USD,3,2,70.13,438.16,https://discovernica.com/propiedades/detalles/14487/casa-amplio-patio-carretera-sur-3-habitaciones-venta,https://discovernica.com/assets/images/properties/ID14487_9.png,Managua,Managua,12.1442663,-86.2915488,trunk,Managua,Managua,12.1442663,-86.2915488,trunk
15099,Se vende casa en Bolonia - Oportunidad de inversión,Bolonia,46,100000,USD,,,400,832.55,https://discovernica.com/propiedades/detalles/15099/casa-venta-bolonia-oportunidad-de-inversión-,https://discovernica.com/assets/images/properties/ID_15099_1.png,Managua,Managua,12.1398941,-86.2815427,administrative,Managua,Managua,12.1398941,-86.2815427,administrative
4911,Casa de dos plantas en venta en Villa Fontana,Villa Fontana,46,790000,USD,3,3.5,721,1786.13,https://discovernica.com/propiedades/detalles/4911/casa-dos-plantas-venta-villa-fontana,https://discovernica.com/assets/images/properties/IMG_20250409_WA0020.jpg,Managua,Managua,12.1033874,-86.2671277,administrative,Managua,Managua,12.1033874,-86.2671277,administrative
13766,Casa en venta en residencial en Carretera a Masaya,Carretera a Masaya,46,95000,USD,4,3,170,300,https://discovernica.com/propiedades/detalles/13766/casa-venta-carretera-a-masaya-residencial,https://discovernica.com/assets/images/properties/5_ID13766.jpg,Masaya,,,,,Masaya,,,,
15092,Acogedora casa en venta en León,León,2,160000,USD,6,3,137.78,539.12,https://discovernica.com/propiedades/detalles/15092/casa-venta-en-león-6-habitaciones,https://discovernica.com/assets/images/properties/15092_1.png,León,,,,,León,,,,
10052,Acogedora casa en venta en Carretera Vieja a León,Carretera Vieja a León,2,150000,USD,4,3,227.19,2539.73,https://discovernica.com/propiedades/detalles/10052/casa-venta-carretera-vieja-a-león,https://discovernica.com/assets/images/properties/IMG_1137.JPG,León,,,,,León,,,,
9148,Casa en Venta en Carretera Masaya ID 9148,Carretera Masaya,46,375000,USD,5,5,750,1091.53,"https://discovernica.com/propiedades/detalles/9148/Venta de casa de dos pisos ubicada en carretera a Masaya 5 habitaciones, 5 baños. Óptima para comercio",https://discovernica.com/assets/images/properties/ID_9219_MANAGUA.VENTA.CASA.CARRETERA_MASAYA.KM_4.5_5_.jpg,Masaya,,,,,Masaya,,,,
15107,Se vende amplia casa en Carretera Sur,Carretera Sur,2,1600058.85,USD,3,3,727,21483.30,https://discovernica.com/propiedades/detalles/15107/casa-venta-carretera-sur-pista-suburbana-,https://discovernica.com/assets/images/properties/15107_11.png,Managua,Managua,12.1442663,-86.2915488,trunk,Managua,Managua,12.1442663,-86.2915488,trunk
9741,Casa en Venta en Reparto Las Palmas ID 9741,Reparto Las Palmas,2,170000,USD,3,4,405,1305.370,https://discovernica.com/propiedades/detalles/9741/casa-venta-reparto-las-palmas-3-habitaciones,https://discovernica.com/assets/images/properties/ID9741_2_.jpg,,,,,,,,,,
14250,Amplia casa en venta en Carretera Sur,Carretera Sur,2,160000,USD,5,2,157,460.25,https://discovernica.com/propiedades/detalles/14250/casa-en-venta-carretera-sur-clima-fresco,https://discovernica.com/assets/images/properties/ID14250_4.png,Managua,Managua,12.1442663,-86.2915488,trunk,Managua,Managua,12.1442663,-86.2915488,trunk
14260,Casa en Venta en Rivas – Ubicación Estratégica y Diseño Moderno,Rivas,2,210000,USD,6,6,326,728.7,https://discovernica.com/propiedades/detalles/14260/Casa-en-Venta-en-Rivas-Ubicación-Estratégica-y-Diseño-Moderno,https://discovernica.com/assets/images/properties/ID14260_2.png,Rivas,,,,,Rivas,,,,
14084,Casa en venta en Altamira - Zona Comercial,Altamira,2,55000,USD,3,2,138,195.96,https://discovernica.com/propiedades/detalles/14084/se-vende-casa-en-altamira,https://discovernica.com/assets/images/properties/ID14084.jpg,Managua,Managua,12.1254602,-86.2544993,bus_stop,Managua,Managua,12.1254602,-86.2544993,bus_stop
13254,Casa en venta en Santo Domingo,Santo Domingo,46,235000,USD,3,3,215.00,323,https://discovernica.com/propiedades/detalles/13254/casa-venta-condominio-santo-domingo-3-habitaciones,https://discovernica.com/assets/images/properties/8a75d006_3249_4689_a296_260ef615558f.jpg,Managua,Managua,12.1516383,-86.2663177,administrative,Managua,Managua,12.1516383,-86.2663177,administrative
15100,Casa en Venta o Renta en Linda Vista,Linda Vista,46,220000,USD,3,3,250,355.00,https://discovernica.com/propiedades/detalles/15100/casa-venta-renta-linda-vista-2-pisos,https://discovernica.com/assets/images/properties/15100_1.png,Managua,Managua,12.1552762,-86.3059544,administrative,Managua,Managua,12.1552762,-86.3059544,administrative
15097,Se vende acogedora casa en Carretera Sur,Carretera Sur,2,430000,USD,5,5.5,455,3017,https://discovernica.com/propiedades/detalles/15097/casa-venta-carretera-sur-5-habitaciones,https://discovernica.com/assets/images/properties/15097_12.png,Managua,Managua,12.1442663,-86.2915488,trunk,Managua,Managua,12.1442663,-86.2915488,trunk
12108,Acogedora casa en venta en Carretera Sur,Carretera Sur,46,160000,USD,3,2,250,500,https://discovernica.com/propiedades/detalles/12108/casa-amplia-venta-carretera-sur-3-habitaciones,https://discovernica.com/assets/images/properties/ID_12108_5_.jpg,Managua,Managua,12.1442663,-86.2915488,trunk,Managua,Managua,12.1442663,-86.2915488,trunk
15091,Se vende casa con piscina y negocio en Masaya,Masaya,2,199000,USD,3,2,254.24,1344.28,https://discovernica.com/propiedades/detalles/15091/casa-piscina-negocio-venta-mayasa-3-habitaciones,https://discovernica.com/assets/images/properties/15091_2.png,Masaya,,,,,Masaya,,,,
15004,Casa en venta en Las Jagüitas - Managua,Las Jagüitas,2,50000,USD,2,1,150,282,https://discovernica.com/propiedades/detalles/15004/casa-venta-las-jagüitas-2-habitaciones-managua,https://discovernica.com/assets/images/properties/15004_5.png,Managua,Managua,12.1000000,-86.2130000,locality,Managua,Managua,12.1000000,-86.2130000,locality
15079,Se vende casa en Bolonia Excelente ubicación comercial,Bolonia,2,200000,USD,4,4,598,1000,https://discovernica.com/propiedades/detalles/15079/casa-venta-en-bolonia-comercial-4-habitaciones,https://discovernica.com/assets/images/properties/15079_5.png,Managua,Managua,12.1398941,-86.2815427,administrative,Managua,Managua,12.1398941,-86.2815427,administrative
12164,Amplia casa en venta/renta en Carretera a Masaya,Carretera a Masaya,2,241500,USD,5,5,184.15,1174.62,https://discovernica.com/propiedades/detalles/12164/casa-venta-renta-carretera-a-masaya-4-habitaciones,https://discovernica.com/assets/images/properties/ID12164_1.png,Masaya,,,,,Masaya,,,,
13366,Casa en Venta-Renta en Mirador de Santo Domingo.,Mirador de Santo Domingo,2,270000,USD,3,2,200,1320,"https://discovernica.com/propiedades/detalles/13366/Casa en Venta-Renta en Mirador de Santo Domingo, 3 habitaciones, 2 baños.",https://discovernica.com/assets/images/properties/133661.jpg,Managua,Managua,12.0876578,-86.2446240,diplomatic,Managua,Managua,12.0876578,-86.2446240,diplomatic
13962,Acogedora casa en venta en Carretera Sur,Carretera Sur,2,185000,USD,3,3,276.08,2046.40,https://discovernica.com/propiedades/detalles/13962/casa-venta-carretera-sur-3-habitaciones,https://discovernica.com/assets/images/properties/ID13962_14_.jpg,Managua,Managua,12.1442663,-86.2915488,trunk,Managua,Managua,12.1442663,-86.2915488,trunk
14019,Casa en venta/renta en Villa Milagros,Villa Milagros,2,60000,USD,3,1,98.63,140.05,https://discovernica.com/propiedades/detalles/14019/casa-venta-renta-villa-milagros-3-habitaciones,https://discovernica.com/assets/images/properties/ID14019_1.jpg,,,,,,,,,,
13988,Casa moderna de dos pisos a la venta en Villa Fontana Sur,Villa Fontana Sur,46,1400000,USD,5,7,850,2533.04,https://discovernica.com/propiedades/detalles/13988/casa-moderna-de-dos-pisos-a-la-venta-en-Villa-Fontana-Sur,https://discovernica.com/assets/images/properties/ID13988_12_.jpg,Managua,Managua,12.1033874,-86.2671277,administrative,Managua,Managua,12.1033874,-86.2671277,administrative
14835,Se vende acogedora casa de en Altamira,Altamira,2,155000,USD,4,4,289,330,https://discovernica.com/propiedades/detalles/14835/casa-venta-altamira-4-habitaciones,https://discovernica.com/assets/images/properties/ID14835_1.png,Managua,Managua,12.1254602,-86.2544993,bus_stop,Managua,Managua,12.1254602,-86.2544993,bus_stop
8761,Casa en Venta en Residencial Bosques de Capistrano ID 8761,,2,105000,USD,3,2,150,320,"https://discovernica.com/propiedades/detalles/8761/Casa en Venta en Residencial Bosques de Capistrano con 3 habitaciones, 2 baños, area de servicio, sala comedor, cocina, terraza techada, $115,000",https://discovernica.com/assets/images/properties/5_20.jpg,Managua,Managua,12.1547116,-86.2737250,administrative,Managua,Managua,12.1547116,-86.2737250,administrative
14355,Cómodas casas en venta en Lomas del Valle,Lomas del Valle,2,200000,USD,5,4.5,280,545,https://discovernica.com/propiedades/detalles/14355/casas-venta-en-lomas-Del-Valle,https://discovernica.com/assets/images/properties/ID14355.jpg,Managua,Managua,12.1094325,-86.2448537,administrative,Managua,Managua,12.1094325,-86.2448537,administrative
14949,Se vende amplia casa en Nindirí,Nindirí,46,130000,USD,4,3,287.64,470.30,https://discovernica.com/propiedades/detalles/14949/casa-amplia-venta-nindirí-masaya-4-habitaciones,https://discovernica.com/assets/images/properties/14949_8.png,Nindirí,,,,,Nindirí,,,,
13237,Espaciosa casa en venta en Carretera Sur,Carretera Sur,46,375000,USD,4,5,400,3400,https://discovernica.com/propiedades/detalles/13237/casa-venta-4-habitaciones-carretera-sur,https://discovernica.com/assets/images/properties/132372.jpg,Managua,Managua,12.1442663,-86.2915488,trunk,Managua,Managua,12.1442663,-86.2915488,trunk
14988,Se vende casa en residencial en carretera a Veracruz,carretera a Veracruz,2,327000,USD,4,4.5,445.69,1171.19,https://discovernica.com/propiedades/detalles/14988/casa-venta-residencia-carretera-a-veracruz,https://discovernica.com/assets/images/properties/14988_2.png,Nindirí,Masaya,12.0631901,-86.1895331,secondary,Nindirí,Masaya,12.0631901,-86.1895331,secondary
14390,Se vende casa en la Colonia Centroamérica,la Colonia Centroamérica,2,95000,USD,3,2,200,312.40,https://discovernica.com/propiedades/detalles/14390/casa-venta-colonia-centroamérica-,https://discovernica.com/assets/images/properties/ID14390_3.png,Managua,Managua,12.1181911,-86.2486229,association,Managua,Managua,12.1181911,-86.2486229,association
14969,Se vende casa en zona céntrica de Matagalpa,zona céntrica de Matagalpa,2,180000,USD,4,2,177.75,341.01,https://discovernica.com/propiedades/detalles/14969/casa-venta-matagalpa-3-habitaciones,https://discovernica.com/assets/images/properties/14969_2.png,Matagalpa,,,,,Matagalpa,,,,
14594,Se vende amplia casa en la ciudad de Granada,Granada,2,360000,USD,4,5,385,1483.90,https://discovernica.com/propiedades/detalles/14594/casa-venta-granada-4-habitaciones,https://discovernica.com/assets/images/properties/ID14594_3.png,Granada,,,,,Granada,,,,
12325,Casa en venta en Carretera a Masaya,Carretera a Masaya,2,179500,USD,3,2,190,1920,https://discovernica.com/propiedades/detalles/12325/casa-venta-carretera-a-masaya,https://discovernica.com/assets/images/properties/dyiifdxc.jpg.jfif,Masaya,,,,,Masaya,,,,
14042,Cómoda casa en venta en Santo Domingo,Santo Domingo,2,330000,USD,3,2.5,380,2100,https://discovernica.com/propiedades/detalles/14042/casa-venta-santo-domingo-3-habitaciones-2.5-baños,https://discovernica.com/assets/images/properties/ID14042_15_.jpg,Managua,Managua,12.1516383,-86.2663177,administrative,Managua,Managua,12.1516383,-86.2663177,administrative
14153,Casa de Lujo en venta/renta ubicada en Santo Domingo,Santo Domingo,46,850000,USD,3,4.5,550,4900,https://discovernica.com/propiedades/detalles/14153/casa-venta-renta-balcones-de-santo-domingo-,https://discovernica.com/assets/images/properties/ID14153_5.jpg,Managua,Managua,12.1516383,-86.2663177,administrative,Managua,Managua,12.1516383,-86.2663177,administrative
14343,Amplia casa en venta en Santo Domingo,Santo Domingo,2,799500,USD,4,,504,2375,https://discovernica.com/propiedades/detalles/14343/casa-venta-santo-domingo-4-habitaciones,https://discovernica.com/assets/images/properties/ID14343_1.jpg,Managua,Managua,12.1516383,-86.2663177,administrative,Managua,Managua,12.1516383,-86.2663177,administrative
14350,Casa en Venta en Diriamba – Excelente Ubicación y Amplio Terreno,Diriamba,2,125000,USD,4,2,400,2075.45,https://discovernica.com/propiedades/detalles/14350/casa-venta-diriamba-4-habitaciones,https://discovernica.com/assets/images/properties/ID14350_1.jpg,Diriamba,,,,,Diriamba,,,,
14443,Se vende casa con piscina en Santo Domingo,Santo Domingo,46,1125000,USD,4,5,750,2000,https://discovernica.com/propiedades/detalles/14443/casa-venta-santo-domingo-3-pisos-piscina-santo-domingo,https://discovernica.com/assets/images/properties/ID14443_4.png,Managua,Managua,12.1516383,-86.2663177,administrative,Managua,Managua,12.1516383,-86.2663177,administrative
14472,Se vende casa con piscina y jardín frutal Santo Domingo,,46,595000,USD,4,4,496,2227.10,https://discovernica.com/propiedades/detalles/14472/casa-venta-santo-domingo-piscina-4-habitaciones,https://discovernica.com/assets/images/properties/ID14472_3.png,Managua,Managua,12.1547116,-86.2737250,administrative,Managua,Managua,12.1547116,-86.2737250,administrative
14522,Moderna Casa en Venta en Santo Domingo,Santo Domingo,46,350000,USD,3,3.5,364,1019,https://discovernica.com/propiedades/detalles/14522/casa-moderna-venta-en-santo-domingo,https://discovernica.com/assets/images/properties/ID14522_10.png,Managua,Managua,12.1516383,-86.2663177,administrative,Managua,Managua,12.1516383,-86.2663177,administrative
14531,Amplia casa de dos niveles en venta/renta en Estelí,Estelí,46,270000,USD,4,4.5,250,568.00,https://discovernica.com/propiedades/detalles/14531/Amplia-casa-de-dos-pisos-venta-renta-Estelí-4-habitaciones,https://discovernica.com/assets/images/properties/ID14531_1.png,Estelí,,,,,Estelí,,,,
14552,En venta casa rústica y con amplio terreno en Diriamba,Diriamba,32,365200,USD,5,4.5,324.58,7405.34,https://discovernica.com/propiedades/detalles/14552/casa-rustica-con-terreno-frente-a-la-carretera-venta-diriamba-3-habitaciones,https://discovernica.com/assets/images/properties/ID14552_15.png,Diriamba,,,,,Diriamba,,,,
14422,Casa en Venta en Carretera Sur – Zona de Clima Fresco y Seguro,Carretera Sur,46,650000,USD,4,5.5,648,2779,https://discovernica.com/propiedades/detalles/14422/x,https://discovernica.com/assets/images/properties/ID14422.png,Managua,Managua,12.1442663,-86.2915488,trunk,Managua,Managua,12.1442663,-86.2915488,trunk
15026,Acogedora casa en venta en Veracruz,Veracruz,2,180000,USD,3,4.5,345,940,https://discovernica.com/propiedades/detalles/15026/casa-venta-veracruz-3-habitaciones,https://discovernica.com/assets/images/properties/ID_15026_2.png,,,,,,,,,,
14064,Exclusiva y elegante casa en venta - Santo Domingo,,2,525000,USD,3,3.5,550,2700,https://discovernica.com/propiedades/detalles/14064/casa-santo-domingo-venta-3-habitaciones,https://discovernica.com/assets/images/properties/14064_7.jpg,Managua,Managua,12.1547116,-86.2737250,administrative,Managua,Managua,12.1547116,-86.2737250,administrative
11189,Casa en Venta en Carretera Vieja a Leon,Carretera Vieja a Leon,46,69500,USD,3,2.5,70,255,https://discovernica.com/propiedades/detalles/11189/casa-en-venta-en-carretera-vieja-a-leon,https://discovernica.com/assets/images/properties/IMG_20250312_WA0022.jpg,León,,,,,León,,,,
12570,Casa en venta en Carretera Sur,Carretera Sur,2,320000,USD,3,3,407.59,2005.23,https://discovernica.com/propiedades/detalles/12570/casa-venta-carretera-sur-3-habitaciones,https://discovernica.com/assets/images/properties/658f8859_1d5d_44c0_88eb_75ccc290df79_Copy.jpg,Managua,Managua,12.1442663,-86.2915488,trunk,Managua,Managua,12.1442663,-86.2915488,trunk
15036,Se vende/renta amplia casa en Las Colinas,Las Colinas,46,300000,USD,3,3.5,300,1183.23,https://discovernica.com/propiedades/detalles/15036/casa-amplia-venta-renta-las-colinas-3-habitaciones,https://discovernica.com/assets/images/properties/15036_2.png,Mateare,Managua,12.1964007,-86.3692092,village,Mateare,Managua,12.1964007,-86.3692092,village
13803,Casa con amplio terreno en venta en Carretera a Masaya,Carretera a Masaya,2,190000,USD,4,4.5,400,6671.16,https://discovernica.com/propiedades/detalles/13803/se-vende-casa-en-carretera-a-masaya-amplio-terreno,https://discovernica.com/assets/images/properties/ID13803_7.jpg,Masaya,,,,,Masaya,,,,
14211,Oportunidad de Inversión en la Carretera Sur – Terreno con Potencial para Reconstruir,la Carretera Sur,2,180000,USD,7,4,515,2250,https://discovernica.com/propiedades/detalles/14211/terreno-en-Carretera-Sur-Excelente-Oportunidad-de-Vivienda-o-Negocio,https://discovernica.com/assets/images/properties/ID14211.jpg,Managua,Managua,12.1492983,-86.2849827,government,Managua,Managua,12.1492983,-86.2849827,government
15013,Amplia casa en venta en Avenida Jean Paul Genie,Avenida Jean Paul Genie,2,350000,USD,4,3.5,291.46,2000,https://discovernica.com/propiedades/detalles/15013/se-vende-casa-avenida-jean-paul-genie,https://discovernica.com/assets/images/properties/15013_4.png,Managua,Managua,12.1029457,-86.2681763,secondary,Managua,Managua,12.1029457,-86.2681763,secondary
13167,Se vende casa con piscina en Santo Domingo,Santo Domingo,46,800000,USD,4,7,600,1700,https://discovernica.com/propiedades/detalles/13167/casa-piscina-venta-renta-santo-domingo,https://discovernica.com/assets/images/properties/C352092D_9D0E_405F_9D4A_2BB45B9866A3.jpeg,Managua,Managua,12.1516383,-86.2663177,administrative,Managua,Managua,12.1516383,-86.2663177,administrative
14558,Oportunidad de inversión - Casa en venta en Villa Fontana,Villa Fontana,2,180000,USD,3,2.5,230,710.00,https://discovernica.com/propiedades/detalles/14558/Oportunidad-de-inversión-casa-en-villa-fontana,https://discovernica.com/assets/images/properties/ID14558_1.png,Managua,Managua,12.1033874,-86.2671277,administrative,Managua,Managua,12.1033874,-86.2671277,administrative
15021,Se vende casa con vista panorámica a la Laguna de Masaya - Nindirí,,2,395000,USD,3,4.5,345.74,7487.11,https://discovernica.com/propiedades/detalles/15021/casa-venta-vistas-a-laguna-masaya-nindirí-3-habitaciones,https://discovernica.com/assets/images/properties/15021_15.png,Managua,Managua,12.1547116,-86.2737250,administrative,Managua,Managua,12.1547116,-86.2737250,administrative
13341,Casa lujosa y amueblada en venta/renta - Santo Domingo,,2,1300000,USD,5,5,750,2215.20,https://discovernica.com/propiedades/detalles/13341/casa-lujosa-santo-domingo-venta-5-habitaciones,https://discovernica.com/assets/images/properties/1333413.jpg,Managua,Managua,12.1547116,-86.2737250,administrative,Managua,Managua,12.1547116,-86.2737250,administrative
14319,Se vende casa con amplio patio en Carretera Nueva a León,Carretera Nueva a León,2,230000,USD,4,4,468,2565.94,https://discovernica.com/propiedades/detalles/14319/casa-venta-amplio-patio-carretera-neuva-a-león,https://discovernica.com/assets/images/properties/ID14319_2.png,León,,,,,León,,,,
14426,Amplia casa en venta en Ciudad Sandino,Ciudad Sandino,2,85000,USD,2,2,211.38,300.25,https://discovernica.com/propiedades/detalles/14426/En-venta-amplia-casa-en-Ciudad-Sandino.,https://discovernica.com/assets/images/properties/ID14426_1.png,Ciudad Sandino,Managua,12.1619379,-86.3498119,administrative,Ciudad Sandino,Managua,12.1619379,-86.3498119,administrative
14409,Casa con vista al lago en venta - Situada en Carretera Sur,Carretera Sur,2,380000,USD,3,3.5,400,2698,https://discovernica.com/propiedades/detalles/14409/casa-venta-carretera-sur-3-habitaciones,https://discovernica.com/assets/images/properties/ID14409_10.png,Managua,Managua,12.1442663,-86.2915488,trunk,Managua,Managua,12.1442663,-86.2915488,trunk
14353,Casa-Quinta en venta en Carretera Managua-León,Carretera Managua-León,32,290000,USD,6,5,1136,165000.00,https://discovernica.com/propiedades/detalles/14353/casa-quinta-en-venta-carretera-managua-leon,https://discovernica.com/assets/images/properties/ID14353_3.jpg,León,,,,,León,,,,
13914,Dos casas en venta en zona residencial - Carretera a Masaya,zona residencial,2,75000,USD,3,2,110,400,https://discovernica.com/propiedades/detalles/13914/2-casas-venta-carretera-a-masaya-6-habitaciones,https://discovernica.com/assets/images/properties/ID13914_13.jpg,Managua,Managua,12.0878512,-86.1991653,playground,Managua,Managua,12.0878512,-86.1991653,playground
14997,Casa en venta en Carretera a Masaya - Zona de condominio,Carretera a Masaya,46,215000,USD,3,2.5,200,241.13,https://discovernica.com/propiedades/detalles/14997/casa-venta-carretera-a-masaya-condominio-3-habitaciones,https://discovernica.com/assets/images/properties/14497_1.png,Masaya,,,,,Masaya,,,,
14530,Se vende casa en residencial seguro en Chinandega,Chinandega,2,100000,USD,3,2,114,367.78,https://discovernica.com/propiedades/detalles/14530/casa-venta-residencial-en-chinandega-3-habitaciones,https://discovernica.com/assets/images/properties/ID14530_1.png,Managua,Managua,12.1283961,-86.3003495,bus_station,Managua,Managua,12.1283961,-86.3003495,bus_station
14896,Se vende amplia casa en Masatepe,Masatepe,2,190000,USD,6,6,543.65,887.83,https://discovernica.com/propiedades/detalles/14896/casa-venta-amplia-masatepe-6-habitaciones,https://discovernica.com/assets/images/properties/14896_18.png,Masatepe,,,,,Masatepe,,,,
14810,Se vende hermosa casa de 2 pisos en la ciudad de Masaya,Masaya,46,250000,USD,6,6.5,280,397.60,https://discovernica.com/propiedades/detalles/14810/Se-vende-hermosa-casa-de-2-pisos-en-la-ciudad-de-Masaya,https://discovernica.com/assets/images/properties/ID14810_2.png,Masaya,,,,,Masaya,,,,
14782,Se vende casa en Matagalpa - Ideal para hotel,Matagalpa,46,280000,USD,8,8.5,97.72,808.83,https://discovernica.com/propiedades/detalles/14782/casa-hotel-venta-matagalpa-2-pisos-8-habitaciones,https://discovernica.com/assets/images/properties/14782_11.png,Matagalpa,,,,,Matagalpa,,,,
14779,Amplia casa en venta y renta en León - Ideal para inversión,León,46,190000,USD,6,6,475.88,751.42,https://discovernica.com/propiedades/detalles/14779/casa-venta-renta-león-ideal-para-inversión,https://discovernica.com/assets/images/properties/Id_14779_2.png,León,,,,,León,,,,
14100,Se vende/renta casa con piscina ubicada en Carretera Sur,Carretera Sur,2,750000,USD,6,8.5,742.40,5573.21,https://discovernica.com/propiedades/detalles/14100/venta-renta-casa-en-carretera-sur-piscina,https://discovernica.com/assets/images/properties/ID14100_18.jpg,Managua,Managua,12.1442663,-86.2915488,trunk,Managua,Managua,12.1442663,-86.2915488,trunk
14603,Se Vende Finca en Masaya - Oasis Productivo y de Descanso,Masaya,32,140000,USD,2,2,310,19500.00,https://discovernica.com/propiedades/detalles/14603/Quinta-finca-en-San-Juan-de-Oriente-en-venta,https://discovernica.com/assets/images/properties/ID14603_16.png,Masaya,,,,,Masaya,,,,
13812,CASA EN VENTA EN SAN JUAN DEL SUR,,2,160000,USD,3,2,121,497.00,https://discovernica.com/propiedades/detalles/13812/Houses for sale in san juan del sur,https://discovernica.com/assets/images/properties/ID13812_3_.jpg,Managua,Managua,12.1547116,-86.2737250,administrative,Managua,Managua,12.1547116,-86.2737250,administrative
13513,Casa en renta y venta en Villa Fontana,Villa Fontana,46,1900000,USD,6,6,1100,14200.00,https://discovernica.com/propiedades/detalles/13513/Se renta y vende casa en Villa Fontana,https://discovernica.com/assets/images/properties/ID_13513_9_.jpg,Managua,Managua,12.1033874,-86.2671277,administrative,Managua,Managua,12.1033874,-86.2671277,administrative
14990,Amplia casa en venta/renta en Santo Domingo,Santo Domingo,46,1100000,USD,5,6,600,3000,https://discovernica.com/propiedades/detalles/14990/casa-venta-renta-santo-domingo-5-habitaciones,https://discovernica.com/assets/images/properties/14990_19.png,Managua,Managua,12.1516383,-86.2663177,administrative,Managua,Managua,12.1516383,-86.2663177,administrative
14966,Casa en venta en Carretera a Masaya,Carretera a Masaya,2,90000,USD,3,2,130,305.30,https://discovernica.com/propiedades/detalles/14966/Casa-en-venta-en-Carretera-a-Masaya,https://discovernica.com/assets/images/properties/14966_13.png,Masaya,,,,,Masaya,,,,
14862,Se vende casa en Carretera Nueva a León,Carretera Nueva a León,2,47000,USD,3,1,61.86,238.56,https://discovernica.com/propiedades/detalles/14862/casa-venta-residencial-carretera-nueva-a-león-3-habitaciones,https://discovernica.com/assets/images/properties/14862_3.png,León,,,,,León,,,,
14868,Se vende casa en Bello Horizonte,Bello Horizonte,2,95000,USD,4,2,78.87,316.66,https://discovernica.com/propiedades/detalles/14868/casa-venta-bello-horizonte-3-habitaciones,https://discovernica.com/assets/images/properties/14868_1.png,Managua,Managua,12.1472660,-86.2330920,hotel,Managua,Managua,12.1472660,-86.2330920,hotel
14937,Se vende casa recién remodelada en Villa Flor,Villa Flor,46,100000,USD,3,2,68.96,170.46,https://discovernica.com/propiedades/detalles/14937/casa-venta-villa-flor-3-habitaciones,https://discovernica.com/assets/images/properties/14937_3_1.png,Managua,Managua,12.1218971,-86.2190884,bus_stop,Managua,Managua,12.1218971,-86.2190884,bus_stop
11567,Amplia casa con piscina en condominio en Santo Domingo,Santo Domingo,2,610000,USD,3,3,327,883.14,https://discovernica.com/propiedades/detalles/11567/casa-alquiler-santo-domingo-condominio-piscina-3-habitaciones,https://discovernica.com/assets/images/properties/2f41c7d6_a7ed_4ca4_bb95_4d0f3eec9070.jpg,Managua,Managua,12.1516383,-86.2663177,administrative,Managua,Managua,12.1516383,-86.2663177,administrative
13919,Casa en venta en Villa Fontana,Villa Fontana,46,1000000,USD,5,5.5,720,2900,https://discovernica.com/propiedades/detalles/13919/Casa en venta en Villa Fontana,https://discovernica.com/assets/images/properties/8_IMG_20240926_WA0070.jpg,Managua,Managua,12.1033874,-86.2671277,administrative,Managua,Managua,12.1033874,-86.2671277,administrative
13458,Quinta en Venta y Alquiler en Carretera a Ticuantepe,Carretera a Ticuantepe,32,250000,USD,4,3.5,380,8000,"https://discovernica.com/propiedades/detalles/13458/Se vende y alquila quinta, 4 habitaciones, 3.5 baños",https://discovernica.com/assets/images/properties/ID_13458_7_.jpg,Ticuantepe,Managua,12.0553096,-86.2031482,secondary,Ticuantepe,Managua,12.0553096,-86.2031482,secondary
14596,Casa en venta en Residencial de Carretera a Masaya,,46,339000,USD,3,3.5,280,920,https://discovernica.com/propiedades/detalles/14596/casa-venta-residencial-carretera-a-masaya,https://discovernica.com/assets/images/properties/IMG_20250919_WA0022.jpg,Managua,Managua,12.1547116,-86.2737250,administrative,Managua,Managua,12.1547116,-86.2737250,administrative
12610,Casa en venta en residencial de Villa Fontana,,2,1500000,USD,7,8,1100,3503.69,https://discovernica.com/propiedades/detalles/12610/casa-venta-villa-fontana-residencial-8-habitaciones,https://discovernica.com/assets/images/properties/1261055.jpg,Managua,Managua,12.1547116,-86.2737250,administrative,Managua,Managua,12.1547116,-86.2737250,administrative
13206,Grandiosa Quinta en venta en Nindirí.,Nindirí,32,140000,USD,,2,56,4800,"https://discovernica.com/propiedades/detalles/13206/Quinta en venta en Nindirí, cuenta con bodega, casa de habitación, 2 baños.",https://discovernica.com/assets/images/properties/132061_6_.jpg,Nindirí,,,,,Nindirí,,,,
14910,Se vende casa en zona residencial en Carretera Norte,Carretera Norte,2,75000,USD,2,1,170.76,242.55,https://discovernica.com/propiedades/detalles/14910/casa-venta-residencial-carretera-norte-2-habitaciones,https://discovernica.com/assets/images/properties/14910_3.png,Managua,Managua,12.1504120,-86.2220387,trunk,Managua,Managua,12.1504120,-86.2220387,trunk
14895,Se vende casa en obra gris en Masaya,Masaya,2,18000,USD,,,230,588,https://discovernica.com/propiedades/detalles/14895/casa-obra-gris-venta-masaya,https://discovernica.com/assets/images/properties/14895_4.png,Masaya,,,,,Masaya,,,,
12051,Se vende/renta casa en Villa Fontana con espectacular vista al Lago,Villa Fontana,46,1000000,USD,4,4.5,800,16500,https://discovernica.com/propiedades/detalles/12051/Casa-en-venta-renta-en-Villa-Fontana-4-habitaciones-4.5-baños,https://discovernica.com/assets/images/properties/12051_1_1.png,Managua,Managua,12.1033874,-86.2671277,administrative,Managua,Managua,12.1033874,-86.2671277,administrative
14844,Casa con amplios espacios en venta en Santo Domingo,Santo Domingo,46,380000,USD,4,2,360,1535.64,https://discovernica.com/propiedades/detalles/14844/casa-amplia-venta-santo-domingo-4-habitaciones,https://discovernica.com/assets/images/properties/ID14844_13.png,Managua,Managua,12.1516383,-86.2663177,administrative,Managua,Managua,12.1516383,-86.2663177,administrative
14416,Cómoda casa en venta en la ciudad de Granada,Granada,46,90000,USD,4,4,200,284.00,https://discovernica.com/propiedades/detalles/14416/casa-venta-granada-2-pisos,https://discovernica.com/assets/images/properties/ID14416_6.png,Granada,,,,,Granada,,,,
14867,Se vende casa ideal para comercio en Bello Horizonte,Bello Horizonte,2,95000,USD,4,2,172.39,244.79,https://discovernica.com/propiedades/detalles/14867/casa-venta-bello-horizonte-uso-comercial,https://discovernica.com/assets/images/properties/14867_3.png,Managua,Managua,12.1472660,-86.2330920,hotel,Managua,Managua,12.1472660,-86.2330920,hotel
14866,Se vende casa en zona residencial en Carretera Nueva a León,Carretera Nueva a León,2,65000,USD,3,1,60,227.20,https://discovernica.com/propiedades/detalles/14866/casa-venta-residencial-carretera-nueva-a-león,https://discovernica.com/assets/images/properties/14866_4.png,León,,,,,León,,,,
11345,Se vende casa en Pista Larreynaga - Uso versátil,Pista Larreynaga,46,450000,USD,2,2,109.60,370.82,https://discovernica.com/propiedades/detalles/11345/casa-venta-pista-larreynaga-2-habitaciones,https://discovernica.com/assets/images/properties/11345_10.png,Managua,Managua,12.1324102,-86.1852706,secondary,Managua,Managua,12.1324102,-86.1852706,secondary
14907,Se vende casa con vista al lago en Granada,Granada,46,180000,USD,5,3.5,435,852.00,https://discovernica.com/propiedades/detalles/14907/casa-venta-granada-vista-al-lago-5-habitaciones,https://discovernica.com/assets/images/properties/14907_3.png,Granada,,,,,Granada,,,,
11730,Casa en Venta en zona de condominio en Santo Domingo,Santo Domingo,46,475000,USD,4,3,297.3,1148.08,"https://discovernica.com/propiedades/detalles/11730/Casa en venta en Santo domingo, 4 habitaciones, acceso a todos los servicios básicos.",https://discovernica.com/assets/images/properties/ID11730_11.jpg,Managua,Managua,12.1516383,-86.2663177,administrative,Managua,Managua,12.1516383,-86.2663177,administrative
14891,Se vende casa en Carretera Nueva a León,Carretera Nueva a León,2,126320,USD,3,2,190,996.835,https://discovernica.com/propiedades/detalles/14891/Casa-en-venta-frente-a-carretera,https://discovernica.com/assets/images/properties/14891_4.png,León,,,,,León,,,,
14816,Se vende casa-quinta en Santo Domingo,Santo Domingo,32,710000,USD,4,3,400,3000,https://discovernica.com/propiedades/detalles/14816/casa-quinta-venta-santo-domingo-amplio-terreno,https://discovernica.com/assets/images/properties/14816_2.png,Managua,Managua,12.1516383,-86.2663177,administrative,Managua,Managua,12.1516383,-86.2663177,administrative
14878,Se vende/renta casa con espacios versátiles en Las Brisas,Las Brisas,2,140000,USD,5,3,411.6,584.47,https://discovernica.com/propiedades/detalles/14878/casa-venta-renta-las-brisas-oficina-vivienda,https://discovernica.com/assets/images/properties/ID14878_12.png,Managua,Managua,12.1553331,-86.3139094,administrative,Managua,Managua,12.1553331,-86.3139094,administrative
13288,Casa en venta en Lotificación Praderas de Nuevo León.,Lotificación Praderas de Nuevo León,2,45000,USD,3,2,130,222.45,"https://discovernica.com/propiedades/detalles/13288/casa en venta en praderas de nuevo león, 3 habitaciones, 2 baños.",https://discovernica.com/assets/images/properties/srfhfjcfykl.jpg,León,,,,,León,,,,
14851,Se venta casa amplia ideal para oficinas en Bolonia,Bolonia,2,247000,USD,4,2,525.70,745.66,https://discovernica.com/propiedades/detalles/14851/casa-venta-amplia-bolonia-para-oficinas,https://discovernica.com/assets/images/properties/Id14851_2.png,Managua,Managua,12.1398941,-86.2815427,administrative,Managua,Managua,12.1398941,-86.2815427,administrative
14845,Amplia casa en venta en San Isidro de La Cruz Verde,San Isidro de La Cruz Verde,2,300000,USD,5,5.5,283.05,2384.34,https://discovernica.com/propiedades/detalles/14845/casa-amplio-patio-san-isidro-de-la-cruz-verde,https://discovernica.com/assets/images/properties/ID_14845_11.png,Managua,Managua,12.0837637,-86.2613725,administrative,Managua,Managua,12.0837637,-86.2613725,administrative
14731,Se vende casa con restaurante establecido en Masaya,Masaya,46,130000,USD,3,3,329.94,234.26,https://discovernica.com/propiedades/detalles/14731/casa-negocio-restautante-venta-masaya-3-habitaciones,https://discovernica.com/assets/images/properties/ID14731_2.png,Masaya,,,,,Masaya,,,,
11171,Casa en venta y renta en Carretera Vieja a León,Carretera Vieja a León,2,125000,USD,3,2,120,851.77,https://discovernica.com/propiedades/detalles/11171/casa-en-renta-en-carretera-vieja-la-león,https://discovernica.com/assets/images/properties/casa_en_renta_en_carretera_vieja_la_leon_ID11242_5.jpg,León,,,,,León,,,,
14764,Se vende amplia casa en condominio - Villa Fontana,,46,350000,USD,4,4,285,690,https://discovernica.com/propiedades/detalles/14764/casa-venta-villa-fontana-4-habitaciones,https://discovernica.com/assets/images/properties/ID_14764_1.png,Managua,Managua,12.1547116,-86.2737250,administrative,Managua,Managua,12.1547116,-86.2737250,administrative
14114,"Casa en venta/renta en Veracruz – Amplia, moderna y funcional",Veracruz,2,700000,USD,5,5.5,497.22,5180.80,https://discovernica.com/propiedades/detalles/14114/casa-en-venta-renta-en-veracruz-amplia-moderna-y-funcional,https://discovernica.com/assets/images/properties/14114_IDn_1__1.jpg,,,,,,,,,,
14403,Venta y renta de Eco-house courtyard en Carretera Sur,Carretera Sur,2,145000,USD,3,2.5,96,2200,https://discovernica.com/propiedades/detalles/14403/venta-renta-eco-house-courtyard-carretera-sur,https://discovernica.com/assets/images/properties/IMG_20250616_WA0008.jpg,Managua,Managua,12.1442663,-86.2915488,trunk,Managua,Managua,12.1442663,-86.2915488,trunk
13549,Casa en Venta en Carretera Norte Ubicada en Zona Residencial,Zona Residencial,2,68500,USD,2,1,210,379.14,https://discovernica.com/propiedades/detalles/13549/Se vende casa de 2 habitaciones en carretera norte,https://discovernica.com/assets/images/properties/ID_13549_3.jpg,Managua,Managua,12.0878512,-86.1991653,playground,Managua,Managua,12.0878512,-86.1991653,playground
14793,Casa con acabados de lujo y piscina en venta en Jinotepe,Jinotepe,2,249000,USD,3,3,415,1000,https://discovernica.com/propiedades/detalles/14793/casa-venta-jinotepe-piscina-amplia,,Jinotepe,,,,,Jinotepe,,,,
14790,"SE VENDE HERMOSA CASA EN JINOTEPE, CARAZO",,2,220000,USD,4,4.5,415,992.37,"https://discovernica.com/propiedades/detalles/14790/SE VENDE HERMOSA CASA EN JINOTEPE, CARAZO",https://discovernica.com/assets/images/properties/ID14790_2.png,Managua,Managua,12.1547116,-86.2737250,administrative,Managua,Managua,12.1547116,-86.2737250,administrative
14784,Se vende casa con piscina y cancha de tenis en Carretera Sur,Carretera Sur,2,600000,USD,4,3.5,366,4900,https://discovernica.com/propiedades/detalles/14784/venta-casa-piscina-cancha-tenis-carretera-sur,https://discovernica.com/assets/images/properties/14784_1.png,Managua,Managua,12.1442663,-86.2915488,trunk,Managua,Managua,12.1442663,-86.2915488,trunk
14792,Amplia casas en venta en la ciudad de Granada,Granada,46,250000,USD,2,1.5,414.72,639.16,https://discovernica.com/propiedades/detalles/14792/casa-venta-granada-dos-pisos,https://discovernica.com/assets/images/properties/ID14792_1.png,Granada,,,,,Granada,,,,
14789,Casa amueblada en venta en urbanización – Carretera Nueva a León,urbanización,2,63500,USD,4,3,159,225.79,https://discovernica.com/propiedades/detalles/14789/casa-amueblada-venta-urbanización-carretera-nueva-a-león,https://discovernica.com/assets/images/properties/ID14789_1.png,Managua,Managua,12.0857996,-86.2724837,administrative,Managua,Managua,12.0857996,-86.2724837,administrative
14370,Amplia casa colonial en venta - Granada,,2,450000,USD,4,3,441,816,https://discovernica.com/propiedades/detalles/14370/Venta-de-Casa-Colonial-en-Granada,https://discovernica.com/assets/images/properties/ID14370.png,Managua,Managua,12.1547116,-86.2737250,administrative,Managua,Managua,12.1547116,-86.2737250,administrative
9267,Amplia casa con piscina en venta en Santo Domingo,Santo Domingo,2,500000,USD,4,4,400,1600,https://discovernica.com/propiedades/detalles/9267/casa-venta-en-santo-domingo-4-habitaciones-4-baños-sala-cocina-piscina,https://discovernica.com/assets/images/properties/gsrdhtjygkulio.jpg,Managua,Managua,12.1516383,-86.2663177,administrative,Managua,Managua,12.1516383,-86.2663177,administrative
12839,Amplia y acogedora casa en venta en Santo Domingo,Santo Domingo,2,320000,USD,4,3,360,2500,https://discovernica.com/propiedades/detalles/12839/casa-venta-en-santo-domingo-1-piso-4-habitaciones,https://discovernica.com/assets/images/properties/12839id.png,Managua,Managua,12.1516383,-86.2663177,administrative,Managua,Managua,12.1516383,-86.2663177,administrative
13989,Casa en venta en Jardines de Santo Domingo,Jardines de Santo Domingo,2,500000,USD,3,3.5,421.49,2500,https://discovernica.com/propiedades/detalles/13989/Casa en venta en Jardines de Santo Domingo,https://discovernica.com/assets/images/properties/IMG_20250703_WA0049.jpg,Managua,Managua,12.0597170,-86.2484921,neighbourhood,Managua,Managua,12.0597170,-86.2484921,neighbourhood
14751,Se vende amplia casa en zona de Reparto - Carretera Nueva a León,zona de Reparto,2,270000,USD,6,6,380,1525,https://discovernica.com/propiedades/detalles/14751/casa-venta-reparto-carretera-nueva-a-león-6-habitaciones,https://discovernica.com/assets/images/properties/IMG_20251127_WA0038.jpg,Managua,Managua,12.1265400,-86.2711090,emergency_access_point,Managua,Managua,12.1265400,-86.2711090,emergency_access_point
14750,Se vende casa en Las Colinas - Oportunidad de Inversión,Las Colinas,2,120000,USD,3,3,140.49,423.05,https://discovernica.com/propiedades/detalles/14750/casa-venta-las-colinas-3-habitaciones,https://discovernica.com/assets/images/properties/ID_14750_5.png,Mateare,Managua,12.1964007,-86.3692092,village,Mateare,Managua,12.1964007,-86.3692092,village
14752,Se vende casa con vistas panorámicas en Carretera Sur,Carretera Sur,46,450000,USD,3,3.5,120,320,https://discovernica.com/propiedades/detalles/14752/Casa-de-2-pisos-en-venta-con-vista-carretera-sur,https://discovernica.com/assets/images/properties/ID14752_12.png,Managua,Managua,12.1442663,-86.2915488,trunk,Managua,Managua,12.1442663,-86.2915488,trunk
13873,Gran Oportunidad de Inversión: Casa en Venta en Los Robles,Los Robles,2,290000,USD,,3,43.40,1092.180,https://discovernica.com/propiedades/detalles/13873/se-vende-casa-en-los-robles-espacio-comercial,https://discovernica.com/assets/images/properties/ID13873_19_.jpg,Managua,Managua,12.1212007,-86.2653351,administrative,Managua,Managua,12.1212007,-86.2653351,administrative
14632,Se vende amplio local comercial en Ciudad Sandino,Ciudad Sandino,2,75000,USD,2,2,300,397.60,https://discovernica.com/propiedades/detalles/14632/módulo-comercial-venta-ciudad-sandino,https://discovernica.com/assets/images/properties/ID14632_1.png,Ciudad Sandino,Managua,12.1619379,-86.3498119,administrative,Ciudad Sandino,Managua,12.1619379,-86.3498119,administrative
14733,Se vende casa en obra gris en Tipitapa,Tipitapa,2,45000,USD,2,1,195.5,320.16,https://discovernica.com/propiedades/detalles/14733/casa-venta-tipitapa-un-piso-obra-gris,https://discovernica.com/assets/images/properties/ID_14733_1.png,,,,,,,,,,
14740,Se vende casa con amplio patio en Carretera Sur,Carretera Sur,2,200000,USD,4,4.5,331,3667.79,https://discovernica.com/propiedades/detalles/14740/casa-venta-en-carretera-sur-4-habitaciones,https://discovernica.com/assets/images/properties/ID14740_4.png,Managua,Managua,12.1442663,-86.2915488,trunk,Managua,Managua,12.1442663,-86.2915488,trunk
14703,Se Vende Townhouses en condominio - Villa Fontana,,46,200000,USD,3,4,182.11,180.72,https://discovernica.com/propiedades/detalles/14703/se-vende-townhouses-condominio-villa-fontana-3-habitaciones,https://discovernica.com/assets/images/properties/14703_1.png,Managua,Managua,12.1547116,-86.2737250,administrative,Managua,Managua,12.1547116,-86.2737250,administrative
14696,Acogedora casa en venta en Jinotepe,Jinotepe,2,60000,USD,3,2,137.59,403.15,https://discovernica.com/propiedades/detalles/14696/casa-venta-jinotepe-3-habitaciones,https://discovernica.com/assets/images/properties/ID_14696_2.png,Jinotepe,,,,,Jinotepe,,,,
14222,Casa en venta/renta con ubicación estratégica en Veracruz,Veracruz,2,185000,USD,1,1,112,345,https://discovernica.com/propiedades/detalles/14222/casa-oficina-venta-rent-veracruz,https://discovernica.com/assets/images/properties/ID14222_2.png,,,,,,,,,,
13727,Amplia casa en venta ubicada en Santo Domingo,Santo Domingo,2,625000,USD,4,6,500,2900,https://discovernica.com/propiedades/detalles/13727/Se vende casa de una planta en Santo Domingo,https://discovernica.com/assets/images/properties/8_11.jpg,Managua,Managua,12.1516383,-86.2663177,administrative,Managua,Managua,12.1516383,-86.2663177,administrative
14393,Casa amplia y funcional en venta en Las Colinas,Las Colinas,2,750000,USD,7,4,547.64,2537.28,https://discovernica.com/propiedades/detalles/14393/casa-amplia-y-funcional-en-venta-en-las-colinas,https://discovernica.com/assets/images/properties/ID14393_6.png,Mateare,Managua,12.1964007,-86.3692092,village,Mateare,Managua,12.1964007,-86.3692092,village
14294,Acogedora Casa en Venta en Jinotepe – Excelente Ubicación y Comodidades,Jinotepe,2,70000,USD,2,1.5,175.65,249.42,https://discovernica.com/propiedades/detalles/14294/casa-venta-Jinotepe-2-habitaciones,https://discovernica.com/assets/images/properties/ID14294_6.png,Jinotepe,,,,,Jinotepe,,,,
14243,Se vende casa con Potencial Residencial o Comercial en Granada,Granada,2,90000,USD,3,1.5,150,274.83,https://discovernica.com/propiedades/detalles/14243/Casa-de-un-Piso-en-Venta-Granada,https://discovernica.com/assets/images/properties/ID14243_1.png,Granada,,,,,Granada,,,,
12857,Casa con piscina en venta/renta en Las Colinas,Las Colinas,2,620000,USD,5,3.5,1000,2500,https://discovernica.com/propiedades/detalles/12857/casa-venta-renta-las-colinas-con-piscina,https://discovernica.com/assets/images/properties/PHOTO_2022_02_01_11_34_19.jpg,Mateare,Managua,12.1964007,-86.3692092,village,Mateare,Managua,12.1964007,-86.3692092,village
7188,Se vende casa amueblada y con amplios espacios en Carretera Sur,Carretera Sur,46,11000000,USD,3,3,1000,4757.00,https://discovernica.com/propiedades/detalles/7188/casa-amueblada-venta-carretera-sur-3-habitaciones,https://discovernica.com/assets/images/properties/7188_1.png,Managua,Managua,12.1442663,-86.2915488,trunk,Managua,Managua,12.1442663,-86.2915488,trunk
14644,Se vende casa en Reparto San Juan con espacio adicional para inversión,Reparto San Juan,2,295000,USD,3,3.5,451,1001.44,https://discovernica.com/propiedades/detalles/14644/casa-venta-reparto-san-juan-3-habitaciones,https://discovernica.com/assets/images/properties/ID_14644_1.png,Managua,Managua,12.1219000,-86.2697106,administrative,Managua,Managua,12.1219000,-86.2697106,administrative
13145,Casa en Venta en Carretera Vieja León,Carretera Vieja León,2,270000,USD,3,2.5,424.42,2573.34,"https://discovernica.com/propiedades/detalles/13145/casa en venta en carretera vieja león, amplio terreno.",https://discovernica.com/assets/images/properties/fwgergq34gqg.jpg,León,,,,,León,,,,
13472,En venta hermosa casa con amplio terreno y arboles frutales.,,2,120000,USD,2,1,121.5,3953.28,https://discovernica.com/propiedades/detalles/13472/En venta hermosa casa con amplio terreno y arboles frutales.,https://discovernica.com/assets/images/properties/WhatsApp_Image_2024_01_18_at_11.06.34_AM.jpg,Managua,Managua,12.1547116,-86.2737250,administrative,Managua,Managua,12.1547116,-86.2737250,administrative
9415,Venta de Casa en Carretera a Veracruz ID 9415,Carretera a Veracruz,2,90000,USD,3,2,146.8,4721.5,"https://discovernica.com/propiedades/detalles/9415/Venta de casa, Camino hacia Veracruz, seguridsd, clima agradable. US$ 90,000",https://discovernica.com/assets/images/properties/ID_9486_TICUANTEPE.CASA_EN_VENTA.MANAGUA._VERACRUZ_2_.JPG,Nindirí,Masaya,12.0631901,-86.1895331,secondary,Nindirí,Masaya,12.0631901,-86.1895331,secondary
13606,Casa en venta ubicada en Villa Carazo,Villa Carazo,2,75000,USD,3,2,161,455,https://discovernica.com/propiedades/detalles/13606/se vende casa en Villa Carazo con clima agradable,https://discovernica.com/assets/images/properties/ID13606_N_1.jpg,,,,,,,,,,
14102,Casa en venta en Carretera Sur,Carretera Sur,2,140000,USD,4,3,150,969,https://discovernica.com/propiedades/detalles/14102/venta-casa-carretera-sur-4-habitaciones,https://discovernica.com/assets/images/properties/ID14102_12_1.jpg,Managua,Managua,12.1442663,-86.2915488,trunk,Managua,Managua,12.1442663,-86.2915488,trunk
14637,Moderna casa en venta en Colonia Centroamérica,Colonia Centroamérica,2,128000,USD,3,2,170,267.04,https://discovernica.com/propiedades/detalles/14637/moderna-casa-en-venta-en-colonia-centroamérica,https://discovernica.com/assets/images/properties/IMG_20251003_WA0009.jpg,Managua,Managua,12.1140728,-86.2500635,neighbourhood,Managua,Managua,12.1140728,-86.2500635,neighbourhood
13995,Casa semiamueblada en venta en Carretera Sur,Carretera Sur,2,185000,USD,3,3,439.39,977.21,https://discovernica.com/propiedades/detalles/13995/casa-1-piso-carretera-sur-venta-3-habitaciones-semiamueblada,https://discovernica.com/assets/images/properties/ID13995_3_.jpg,Managua,Managua,12.1442663,-86.2915488,trunk,Managua,Managua,12.1442663,-86.2915488,trunk
14635,Casa en venta en Altos de Santo Domingo,Altos de Santo Domingo,2,630000,USD,5,4,719,3995.55,https://discovernica.com/propiedades/detalles/14635/casa-venta-altos-de-santo-domingo,https://discovernica.com/assets/images/properties/IMG_20250923_WA0017.jpg,Managua,Managua,12.0832267,-86.2465055,administrative,Managua,Managua,12.0832267,-86.2465055,administrative
8036,Amplia casa con apartamentos en venta/renta en Los Robles,Los Robles,46,360000,USD,4,5,610,1022,https://discovernica.com/propiedades/detalles/8036/casa-apartamentos-venta-renta-los-robles,https://discovernica.com/assets/images/properties/ID8036_2.png,Managua,Managua,12.1212007,-86.2653351,administrative,Managua,Managua,12.1212007,-86.2653351,administrative
14631,Se vende casa de tres plantas en Bolonia - Ideal para negocio comercial,Bolonia,46,220000,USD,2,5,440,624.10,https://discovernica.com/propiedades/detalles/14631/casa-tres-pisos-bolonia-venta-para-negocio-comercial,https://discovernica.com/assets/images/properties/ID14631_1.png,Managua,Managua,12.1398941,-86.2815427,administrative,Managua,Managua,12.1398941,-86.2815427,administrative
14218,Casa en venta en Carretera Nueva a León,Carretera Nueva a León,46,110000,USD,5,3,160.53,225.98,https://discovernica.com/propiedades/detalles/14218/casa-venta-carretera-nueva-a-león,https://discovernica.com/assets/images/properties/ID14218_4.png,León,,,,,León,,,,
12387,Casa de gran tamaño en venta,,2,270000,USD,5,4,400,2480.74,"https://discovernica.com/propiedades/detalles/12387/Casa de gran tamaño en venta, con 5 hab, 4 baños, área de servicio, 2 terrazas, jardín alrededor de la casa.",https://discovernica.com/assets/images/properties/124583.JPG,Managua,Managua,12.1547116,-86.2737250,administrative,Managua,Managua,12.1547116,-86.2737250,administrative
11392,Espectacular Casa en Venta y Alquiler en Residencial Satelite de Asososca ID 11392,,2,600000,USD,6,5.5,1200,2550.49,"https://discovernica.com/propiedades/detalles/11392/Casa en Satélita Asososca, 6 cuartos , 5 baños, cuarto de servicio, 3 salas, 2 comedores, 2 cocinas, piscina, bodega, parqueo para 11 vehículos.",https://discovernica.com/assets/images/properties/casa_6_habitaciones_5_ba_os_3_salas_2_cocina_ID_11463_6.jpg,Managua,Managua,12.1547116,-86.2737250,administrative,Managua,Managua,12.1547116,-86.2737250,administrative
11142,Casa en Venta ubicada en Colonial los Robles ID 11142,Colonial los Robles,2,265000,USD,4,3,318,965,"https://discovernica.com/propiedades/detalles/11142/casa-venta-colonial-los-robles-4-habitaciones-3-baños-sala-cocina-U$-265,000",https://discovernica.com/assets/images/properties/casa_renta_colonial_los_robles_4_habitaciones_3_ba_os_sala_cocina_ID11213_11.jpg,Managua,Managua,12.1224774,-86.2598104,commercial,Managua,Managua,12.1224774,-86.2598104,commercial
10318,Casa en Venta ubicada en Residencial Altamira ID 10318,,2,180000,USD,3,2,215.49,305.99,"https://discovernica.com/propiedades/detalles/10318/casa-venta-altamira-managua-nicaragua-305.99-2 15.49-mts2-3-habitaciones-2-baños-U$-180,000.",https://discovernica.com/assets/images/properties/casa_venta_altamira_managua_nicaragua_id_10389_2.jpg,Managua,Managua,12.1547116,-86.2737250,administrative,Managua,Managua,12.1547116,-86.2737250,administrative
10116,Casa en Venta en Colonia Los Robles ID 10116,Colonia Los Robles,2,500000,USD,5,4,600,850.4,"https://discovernica.com/propiedades/detalles/10116/casa-venta-colonia-los-robles-managua-nicaragua-857-vrs2-600-mts2-construccion-U$-500,000.",https://discovernica.com/assets/images/properties/casa_venta_los_robles_managua_id_10187_1.jpg,Managua,Managua,12.1261383,-86.2599186,administrative,Managua,Managua,12.1261383,-86.2599186,administrative
9351,"Venta de Casa tipo Quinta en La Paz Centro, Leon ID 9351",La Paz Centro,2,110000,USD,3,1,200,1268.16,"https://discovernica.com/propiedades/detalles/9351/Venta casa solariega en La Paz Centro, de 3 habitaciones, piscina, bodegas, amplio patio y arboles frutales.",https://discovernica.com/assets/images/properties/b5d6ad9d_856e_4869_97b7_4d55bc1e7b6e.jpg,Ciudad Sandino,Managua,12.1490859,-86.3566955,fast_food,Ciudad Sandino,Managua,12.1490859,-86.3566955,fast_food
12601,Casa en Venta en Los Robles ID 12601,Los Robles,2,428800,USD,4,3.5,395.65,2518.89,"https://discovernica.com/propiedades/detalles/12601/Casa en Venta en Los Robles, $428,800",https://discovernica.com/assets/images/properties/IMG_2850.jpg,Managua,Managua,12.1212007,-86.2653351,administrative,Managua,Managua,12.1212007,-86.2653351,administrative
14566,Se vende casa situada en condominio en Carretera Nueva a León,Carretera Nueva a León,2,75000,USD,4,3,139.08,329.13,https://discovernica.com/propiedades/detalles/14566/casa-venta-condominio-carretera-nueva-a-león-4-habitaciones,https://discovernica.com/assets/images/properties/ID14556_7_1.png,León,,,,,León,,,,
10527,Casa en Venta ubicada en Reparto San Juan ID 10527,Reparto San Juan,2,335000,USD,11,8,450,1407.22,"https://discovernica.com/propiedades/detalles/10527/casa-venta-reparto-san-juan-991-mts2-450-mts2-11-habitaciones-8-baños-U$-335,000.",https://discovernica.com/assets/images/properties/casa_venta_reparto_san_juan_id_10598_4.jpg,Managua,Managua,12.1219000,-86.2697106,administrative,Managua,Managua,12.1219000,-86.2697106,administrative
13747,Casa en venta ubicada en Mateare,Mateare,2,35000,USD,2,1,115,226.94,https://discovernica.com/propiedades/detalles/13747/Se vende casa de una planta en zona residencial,https://discovernica.com/assets/images/properties/ID13747_1_.jpg,Mateare,Managua,12.2419802,-86.3561237,administrative,Mateare,Managua,12.2419802,-86.3561237,administrative
13764,Casa de una planta en venta - carretera a Ticuantepe,,2,180000,USD,2,2,270,1007.26,https://discovernica.com/propiedades/detalles/13764/Casa-venta-carretera-a-ticuantepe,https://discovernica.com/assets/images/properties/ID13764.jpg,Managua,Managua,12.1547116,-86.2737250,administrative,Managua,Managua,12.1547116,-86.2737250,administrative
7445,Se Alquila Casa en Lomas de San Juan ID 7445,Lomas de San Juan,46,250000,USD,4,3,320.00,992.3,"https://discovernica.com/propiedades/detalles/7445/Bonita Casa, céntrica, espaciosa con jardines Hermosos, arboles frutales.",https://discovernica.com/assets/images/properties/7516_5_.jpg,Managua,Managua,12.1176150,-86.2690072,administrative,Managua,Managua,12.1176150,-86.2690072,administrative
14611,Amplia casa en venta en Reparto San Juan,Reparto San Juan,2,499000,USD,3,3,306.51,3052.32,https://discovernica.com/propiedades/detalles/14611/amplia-casa-venta-reparto-san-juan,https://discovernica.com/assets/images/properties/IMG_20250925_WA0055.jpg,Managua,Managua,12.1219000,-86.2697106,administrative,Managua,Managua,12.1219000,-86.2697106,administrative
14474,Casa y módulos en venta en una misma propiedad-Los Robles,una misma propiedad-Los Robles,2,480000,USD,5,7.5,573.70,856.06,https://discovernica.com/propiedades/detalles/14474/Casa y módulos en venta en una misma propiedad-Los Robles,https://discovernica.com/assets/images/properties/ID14474_9_1.png,,,,,,,,,,
10554,Casa en Venta ubicada en Esquipulas ID 10554,Esquipulas,2,330000,USD,4,3.5,370,5837,"https://discovernica.com/propiedades/detalles/10554/casa-venta-esquipulas-5,837-vrs2-370-sq-mts-4-habitaciones-3.5-baños-U$-330,000.",https://discovernica.com/assets/images/properties/casa_venta_esquipulas_id_10625_3.jpg,Managua,Managua,12.0745878,-86.2158151,neighbourhood,Managua,Managua,12.0745878,-86.2158151,neighbourhood
13601,Casa con apartamento en venta en zona céntrica de Managua,zona céntrica de Managua,2,165000,USD,3,3,186,264.12,https://discovernica.com/propiedades/detalles/13601/Se-vende-casa-con-apartamento-en-Managua,https://discovernica.com/assets/images/properties/id_13601_4.jpg,,,,,,,,,,
14565,Se vende casa en venta Jinotepe – Ideal para negocio o residencia,,2,250000,USD,4,3,547,1494.02,https://discovernica.com/propiedades/detalles/14565/Casa-en-venta-en-Jinotepe-ideal-para-negocio-residencia-4-habitaciones,https://discovernica.com/assets/images/properties/15_1.png,Managua,Managua,12.1547116,-86.2737250,administrative,Managua,Managua,12.1547116,-86.2737250,administrative
14561,Se vende casa versátil en Nueva Guinea - Perfecta para vivir o emprender tu negocio,Nueva Guinea,46,250000,USD,,1,220.23,312.83,https://discovernica.com/propiedades/detalles/14561/casa-comercial-venta-nueva-guinea,https://discovernica.com/assets/images/properties/ID14561_9.png,,,,,,,,,,
13921,Casa de dos plantas en venta y renta en Granada,Granada,46,1500000,USD,4,4,294.69,418.46,https://discovernica.com/propiedades/detalles/13921/casa-venta-renta-en-granada-amoblada,https://discovernica.com/assets/images/properties/ID13921_1.jpg,Granada,,,,,Granada,,,,
14371,Casa en Venta – Carretera a Masaya,,2,190000,USD,3,3,258.13,1784.37,https://discovernica.com/propiedades/detalles/14371/casa-en-venta-carretera-a-masaya,https://discovernica.com/assets/images/properties/ID14371_5.png,Managua,Managua,12.1547116,-86.2737250,administrative,Managua,Managua,12.1547116,-86.2737250,administrative
9492,Casa en Venta en Carretera Vieja Leon Managua ID 9492,Carretera Vieja Leon Managua,2,450000,USD,4,4.5,597.91,4567.59,https://discovernica.com/propiedades/detalles/9492/Casa en Venta en Managua con 4 dormitorios y 4.5 baños. Cuenta con un terreno de 4602.33 varas2 por un precio de $ 450000,https://discovernica.com/assets/images/properties/1_165.jpg,León,,,,,León,,,,
11347,Casa en Venta en Carretera Vieja Leon ID 11347,Carretera Vieja Leon,2,80000,USD,2,1,76,9000,https://discovernica.com/propiedades/detalles/11347/casa-venta-carretera-vieja-a-leon-2 habitaciones-1baño,https://discovernica.com/assets/images/properties/casa_venta_carretera_vieja_a_leon_2_habitaciones_1ba_o_ID11418_9.jpg,León,,,,,León,,,,
14526,Cómoda casa en venta en Masatepe,Masatepe,2,40000,USD,2,1,60,398.74,https://discovernica.com/propiedades/detalles/14526/Casa-en-Venta-en-Masatepe-2-habitaciones,https://discovernica.com/assets/images/properties/ID14526_1_.png,Masatepe,,,,,Masatepe,,,,
14527,Acogedora casa en venta en Masatepe,Masatepe,2,120000,USD,3,2,190,1022,https://discovernica.com/propiedades/detalles/14527/casa-en-venta-Masatepe-3-habitaciones,https://discovernica.com/assets/images/properties/ID14527_2.png,Masatepe,,,,,Masatepe,,,,
14525,Cómoda casa en venta en Masatepe,Masatepe,2,40000,USD,2,1,60,398.74,https://discovernica.com/propiedades/detalles/14525/Casa-venta-en-Masatepe-1-piso-2-habitaciones,https://discovernica.com/assets/images/properties/ID14525_4.png,Masatepe,,,,,Masatepe,,,,
14524,Amplia casa en venta en Masatepe,Masatepe,46,199500,USD,4,4,300,1096.24,https://discovernica.com/propiedades/detalles/14524/casa-2-pisos-venta-masatepe-4-habitaciones,https://discovernica.com/assets/images/properties/ID14524_13.png,Masatepe,,,,,Masatepe,,,,
14346,Casa Quinta con amplio patio en venta - Carretera Vieja a León,,32,250000,USD,20,10,820,35000,https://discovernica.com/propiedades/detalles/14346/casa-quinta-venta-carretera-vieja-a-león,https://discovernica.com/assets/images/properties/ID14129_9.jpg,Managua,Managua,12.1547116,-86.2737250,administrative,Managua,Managua,12.1547116,-86.2737250,administrative
13309,Casa lujosa en venta en Altos de Villa Fontana.,Altos de Villa Fontana,46,2300000,USD,5,5.5,2500,25000.00,https://discovernica.com/propiedades/detalles/13309/casa-lujo-venta-villa-fontana-5-habitaciones,https://discovernica.com/assets/images/properties/1a113e90_4ff3_4c82_9686_22cc57f846ba.jpg,Managua,Managua,12.0963747,-86.2641739,hotel,Managua,Managua,12.0963747,-86.2641739,hotel
13499,Se vende y alquila casa en la zona fresca y segura de carretera sur,la zona fresca y segura de carretera sur,2,800000,USD,4,3,400,12000,https://discovernica.com/propiedades/detalles/13499/Casa en venta y alquiler en carretera sur 4 habitaciones,https://discovernica.com/assets/images/properties/Margina_WEB_15.jpg,,,,,,,,,,
14304,Casa de dos pisos en venta y renta en Carretera Sur,Carretera Sur,46,299000,USD,6,6,450,2000,https://discovernica.com/propiedades/detalles/14304/Casa-de-dos-pisos-en-venta-y-renta-en-Carretera-Sur,https://discovernica.com/assets/images/properties/ID14304_9.png,Managua,Managua,12.1442663,-86.2915488,trunk,Managua,Managua,12.1442663,-86.2915488,trunk
14513,Casa en venta en Condominio en Santo Domingo,Santo Domingo,46,195000,USD,3,2,157,373,https://discovernica.com/propiedades/detalles/14513/casa-venta-condominio-santo-domingo,https://discovernica.com/assets/images/properties/IMG_20250730_WA0078.jpg,Managua,Managua,12.1516383,-86.2663177,administrative,Managua,Managua,12.1516383,-86.2663177,administrative
13591,Amplia casa en venta/renta ubicada en Reparto San Juan,Reparto San Juan,2,495000,USD,5,5,396,2350.10,https://discovernica.com/propiedades/detalles/13591/casa-con-terreno-amplio-reparto-san-juan-venta-renta,https://discovernica.com/assets/images/properties/4_Imagen_de_WhatsApp_2024_09_28_a_las_10.06.21_699b5f44.jpg,Managua,Managua,12.1219000,-86.2697106,administrative,Managua,Managua,12.1219000,-86.2697106,administrative
14316,Cómoda casa en venta en Diriomo - Excelente ubicación,Diriomo,2,60000,USD,4,2.5,810.14,1280.27,https://discovernica.com/propiedades/detalles/14316/casa-venta-diriomo,https://discovernica.com/assets/images/properties/ID14316_9_.png,,,,,,,,,,
13158,Hermosa Quinta en venta en carretera vieja a León.,carretera vieja a León,32,195000,USD,3,2,250,10000,"https://discovernica.com/propiedades/detalles/13158/Quinta en venta en carretera vieja león, 3 habitaciones, 2 baños, apartamento.",https://discovernica.com/assets/images/properties/131583.jpg,León,,,,,León,,,,
14488,Casa con potencial comercial en venta en avenida de Masaya,avenida de Masaya,2,80000,USD,3,2,60,253.01,https://discovernica.com/propiedades/detalles/14488/casa-venta-potencial-comercial-3-habitaciones-masaya,https://discovernica.com/assets/images/properties/ID14488_4.png,Masaya,,,,,Masaya,,,,
13440,Casa quinta con amplio patio en venta - Diriamba,,32,85000,USD,1,1.5,100,2618.47,https://discovernica.com/propiedades/detalles/13440/casa-quinta-venta-1-habitación,https://discovernica.com/assets/images/properties/ID_13440_15_.jpg,Managua,Managua,12.1547116,-86.2737250,administrative,Managua,Managua,12.1547116,-86.2737250,administrative
14493,Casa amueblada y con piscina en venta en Las Colinas,Las Colinas,2,320000,USD,3,6.5,465,1500,https://discovernica.com/propiedades/detalles/14493/casa-venta-las-colinas-piscina-3-habitaciones-amueblada,https://discovernica.com/assets/images/properties/ID14493.png,Mateare,Managua,12.1964007,-86.3692092,village,Mateare,Managua,12.1964007,-86.3692092,village
13630,CASA EN VENTA EN ALTOS DE VILLA FONTANA,,46,350000,USD,4,4.5,,1189,https://discovernica.com/propiedades/detalles/13630/Casa en venta en Altos de Villa fontana con piscina,https://discovernica.com/assets/images/properties/ID13630_4.jpg,Managua,Managua,12.1547116,-86.2737250,administrative,Managua,Managua,12.1547116,-86.2737250,administrative
14415,Casa con módulos en venta en Reparto San Juan,Reparto San Juan,2,450000,USD,17,10,612,1295,https://discovernica.com/propiedades/detalles/14415/x,https://discovernica.com/assets/images/properties/ID14415.png,Managua,Managua,12.1219000,-86.2697106,administrative,Managua,Managua,12.1219000,-86.2697106,administrative
318,Hermosa Casa en Venta cerca del Club Terraza ID 318,,46,334410,USD,5,6,945.28,1063.09,"https://discovernica.com/propiedades/detalles/318/Hermosa casa en venta cerca del Club Terraza, 3 pisos, 5 habitaciones, 6 baños, piscina, balcones, terraza techada",https://discovernica.com/assets/images/properties/318_WEB_2.jpg,Managua,Managua,12.1547116,-86.2737250,administrative,Managua,Managua,12.1547116,-86.2737250,administrative
13460,SE VENDE MODERNA CASA EN RESIDENCIAL SEGURO EN CARRETERA NUEVA LEON,,2,172900,USD,3,3,242.64,450.10,"https://discovernica.com/propiedades/detalles/13460/Casa en Venta, 3 habitaciones, 3 baños, amplia terraza",https://discovernica.com/assets/images/properties/ID_13424_1__1.jpg,Managua,Managua,12.1547116,-86.2737250,administrative,Managua,Managua,12.1547116,-86.2737250,administrative
14048,Casa en venta en Bolonia con gran jardín,Bolonia,2,210000,USD,3,2,277.54,1040.82,https://discovernica.com/propiedades/detalles/14048/casa-venta-bolonia-3-habitaciones,https://discovernica.com/assets/images/properties/Id14048_7.jpg,Managua,Managua,12.1398941,-86.2815427,administrative,Managua,Managua,12.1398941,-86.2815427,administrative
14434,Amplia casa en venta/renta en El Crucero,El Crucero,2,150000,USD,4,2,353,2349,https://discovernica.com/propiedades/detalles/14434/casa-venta-renta-carretera-sur-el-crucero-4-habitaciones,https://discovernica.com/assets/images/properties/ID14434_1.png,,,,,,,,,,
14357,Amplia casa en venta y renta en Carretera Sur,Carretera Sur,2,525000,USD,5,5.5,550,9230.00,https://discovernica.com/propiedades/detalles/14357/amplia-casa-venta-renta-carretera-sur,https://discovernica.com/assets/images/properties/IMG_20250507_WA0016.jpg,Managua,Managua,12.1442663,-86.2915488,trunk,Managua,Managua,12.1442663,-86.2915488,trunk
9051,Se vende casa en zona de condominio - Carretera a Masaya,zona de condominio,2,126000,USD,3,2,146,302.94,https://discovernica.com/propiedades/detalles/9051/casa-venta-carretera-a-masaya-condominio-3-habitaciones,https://discovernica.com/assets/images/properties/ID9051.png,,,,,,,,,,
13862,Amplia Casa en Venta en Masaya,Masaya,46,170000,USD,4,3,260.78,561.18,https://discovernica.com/propiedades/detalles/13862/se-vende-casa-en-masaya-2-plantas,https://discovernica.com/assets/images/properties/ID13862_5.jpg,Masaya,,,,,Masaya,,,,
13682,Casa en Venta ubicada en Los Robles,Los Robles,2,375000,USD,5,2,850,1214.10,https://discovernica.com/propiedades/detalles/13682/Se vende casa en Los Robles,https://discovernica.com/assets/images/properties/ID13682.jpg,Managua,Managua,12.1212007,-86.2653351,administrative,Managua,Managua,12.1212007,-86.2653351,administrative
12668,Casa en Venta en Condominio Santa Lucia,,2,700000,USD,4,4.5,380,1300,"https://discovernica.com/propiedades/detalles/12668/Casa en Venta en Condominio Santa Lucia, $470,000",https://discovernica.com/assets/images/properties/fgawestrytukilguokij.jpg,Managua,Managua,12.1547116,-86.2737250,administrative,Managua,Managua,12.1547116,-86.2737250,administrative
12773,Casa en Venta en Condominio la Estancia ID12773,,46,400000,USD,3,3,330,765.34,"https://discovernica.com/propiedades/detalles/12773/Casa en venta en condominio la Estancia, acceso a todos los servicios básicos.",https://discovernica.com/assets/images/properties/3t45ye45ueu.jpg,Managua,Managua,12.1547116,-86.2737250,administrative,Managua,Managua,12.1547116,-86.2737250,administrative
1843,Casa en Venta en zona Residencial de Carretera Sur,zona Residencial de Carretera Sur,2,550000,USD,4,4.5,550,6823.00,https://discovernica.com/propiedades/detalles/1843/Casa-Venta-en-zona-Residencial-carretera-sur,https://discovernica.com/assets/images/properties/ID_1843_21_.jpg,,,,,,,,,,
14312,Casa en venta en Mateare - Sobre carretera principal,Mateare,2,50000,USD,2,2,72,320.49,https://discovernica.com/propiedades/detalles/14312/casa-venta-Mateare-sobre-carretera-principal,https://discovernica.com/assets/images/properties/ID14312.jpg,Mateare,Managua,12.2419802,-86.3561237,administrative,Mateare,Managua,12.2419802,-86.3561237,administrative
13491,CASA EN VENTA EN RESIDENCIAL VILLA FRANCA,,2,85000,USD,3,2.5,261.99,387.65,"https://discovernica.com/propiedades/detalles/13491/Se vende casa en zona residencial, 3 habitaciones, 2.5 baños",https://discovernica.com/assets/images/properties/Imagen_de_WhatsApp_2024_01_19_a_las_15.05.55_dd8d705d.jpg,Managua,Managua,12.1547116,-86.2737250,administrative,Managua,Managua,12.1547116,-86.2737250,administrative
14391,Casa con amplios espacios en venta en la Isla de Ometepe,la Isla de Ometepe,2,270000,USD,5,5,190.04,1386.57,https://discovernica.com/propiedades/detalles/14391/Venta-de-casa-en-la-Isla-de-Ometepe,https://discovernica.com/assets/images/properties/ID14391.png,,,,,,,,,,
9371,Casa en Venta en Carretera Nueva a Leon ID 9371,Carretera Nueva a Leon,46,120000,USD,4,3,175,1259.54,https://discovernica.com/propiedades/detalles/9371/Casa en Venta en Carretera Nueva a Leon,https://discovernica.com/assets/images/properties/ID_9442_CARRETERA_NUEVA_LEON.MANAGUA._CASA_2_.JPG,León,,,,,León,,,,
14290,Casa en venta con amplio patio en Rivas,Rivas,2,125000,USD,3,3,244.26,970.61,https://discovernica.com/propiedades/detalles/14290/Casa-en-venta-con-amplio-patio-en-Rivas,https://discovernica.com/assets/images/properties/ID14290_5.png,Rivas,,,,,Rivas,,,,
14366,Casa con Apartamentos en Venta en Matagalpa,Matagalpa,46,300000,USD,6,5,258,560,https://discovernica.com/propiedades/detalles/14366/En-Venta-Casa-con-Apartamentos-en-Matagalpa-,https://discovernica.com/assets/images/properties/ID14366_5.png,Matagalpa,,,,,Matagalpa,,,,
14356,Casa en Venta – En Chinandega,,2,75000,USD,2,2,146,911.64,https://discovernica.com/propiedades/detalles/14356/casa-en-venta-Chinandega,https://discovernica.com/assets/images/properties/ID14356.png,Managua,Managua,12.1547116,-86.2737250,administrative,Managua,Managua,12.1547116,-86.2737250,administrative
9654,Se Vende preciosa Casa en Carretera hacia Ticuantepe ID 9654,Carretera hacia Ticuantepe,2,300000,USD,5,4,,2480.74,"https://discovernica.com/propiedades/detalles/9654/Venta, casa, Ticuantepe, Managua, Nicaragua, 454 mts², 2,500 vrs², U$300,000.",https://discovernica.com/assets/images/properties/ID_9725_VENTA.CASA._TICUANTEPE.MANAGUA.NICARAGUA.U_375_000_4_.jpg,,,,,,,,,,
10170,Casa en Venta en Residencial Bolonia ID 10170,,2,270000,USD,3,5,400,1190.76,https://discovernica.com/propiedades/detalles/10170/casa-venta-residencial-bolonia-managua-nicaragua.,https://discovernica.com/assets/images/properties/casa_venta_alquiler_bolonia_managua_id_10241_5.jpg,Managua,Managua,12.1547116,-86.2737250,administrative,Managua,Managua,12.1547116,-86.2737250,administrative
14244,Casa en venta en Carretera Nueva a León - Zona Residencial,Carretera Nueva a León,2,38000,USD,2,1,41.24,186.56,https://discovernica.com/propiedades/detalles/14244/casa-venta-carretera-nueva-a-león,https://discovernica.com/assets/images/properties/ID14244_1.png,León,,,,,León,,,,
14273,Casa en venta en Barrio 31 de Diciembre,Barrio 31 de Diciembre,2,55000,USD,3,3.5,186.00,279.65,https://discovernica.com/propiedades/detalles/14273/casa-venta-Barrio-31-de-Diciembre,https://discovernica.com/assets/images/properties/ID14273_5.png,,,,,,,,,,
13926,Casa con piscina en venta en Las Colinas,Las Colinas,2,700000,USD,7,8,659,2477,https://discovernica.com/propiedades/detalles/13926/casa-venta-las-colinas-piscina-7-habitaciones,https://discovernica.com/assets/images/properties/ID13926_12_.jpg,Mateare,Managua,12.1964007,-86.3692092,village,Mateare,Managua,12.1964007,-86.3692092,village
6909,Casa en Venta en Intermezzo del Bosque,Intermezzo del Bosque,2,2000000,USD,3,3.5,860,7500,"https://discovernica.com/propiedades/detalles/6909/Casa-en-Venta-en-intermezzo-del-Bosque-Nicaragua-860 mts-3-habitaciones-3.5-baños-U$ 2,000,000",https://discovernica.com/assets/images/properties/PHOTO_2025_05_02_11_54_4616.jpg,Managua,Managua,12.0489321,-86.2660260,administrative,Managua,Managua,12.0489321,-86.2660260,administrative
14279,Casa en venta/renta frente a la pista - Estelí,,2,270000,USD,6,4.5,250,355.00,https://discovernica.com/propiedades/detalles/14279/casa-oficina-venta-renta-estelí,https://discovernica.com/assets/images/properties/ID14279_4.png,Managua,Managua,12.1547116,-86.2737250,administrative,Managua,Managua,12.1547116,-86.2737250,administrative
14287,Amplia casa en venta situada en Residencial de Veracruz,,2,118500,USD,4,3,202.47,354.6,https://discovernica.com/propiedades/detalles/14287/casa-venta-residencial-Veracruz-4-habitaciones,https://discovernica.com/assets/images/properties/id14287_18_.png,Managua,Managua,12.1547116,-86.2737250,administrative,Managua,Managua,12.1547116,-86.2737250,administrative
14228,"Casa en Venta – Somotillo, Chinandega",,2,75000,USD,2,2,96,436.65,https://discovernica.com/propiedades/detalles/14228/casa-en-venta-somotillo-chinandega,https://discovernica.com/assets/images/properties/ID14228_7.png,Managua,Managua,12.1547116,-86.2737250,administrative,Managua,Managua,12.1547116,-86.2737250,administrative
14177,Se Vende Casa de Dos Pisos en Bluefields,Bluefields,46,250000,USD,6,2,406.49,1093.22,https://discovernica.com/propiedades/detalles/14177/casa-venta-bluefields,https://discovernica.com/assets/images/properties/ID14177_2.jpg,Managua,Managua,12.1329350,-86.1922750,bus_station,Managua,Managua,12.1329350,-86.1922750,bus_station
14237,Amplia casa en venta en Carretera a Masaya,Carretera a Masaya,46,350000,USD,5,5.5,523.08,2500,https://discovernica.com/propiedades/detalles/14237/casa-venta-carretera-a-masaya-5-habitaciones,https://discovernica.com/assets/images/properties/DSC03020_hdr.jpg,Masaya,,,,,Masaya,,,,
9441,Casa de dos plantas en venta en Esquipulas.,Esquipulas,2,189000,USD,4,4,185,297.69,https://discovernica.com/propiedades/detalles/9441/casa-venta-en-esquipulas,,Managua,Managua,12.0745878,-86.2158151,neighbourhood,Managua,Managua,12.0745878,-86.2158151,neighbourhood
14236,Cómoda casa en venta en Nindirí,Nindirí,2,30000,USD,3,3,117,335.11,https://discovernica.com/propiedades/detalles/14236/Casa-en-Venta-en-Nindirí,https://discovernica.com/assets/images/properties/ID14236_8.png,Nindirí,,,,,Nindirí,,,,
12131,Casa en venta en Carretera Sur.,Carretera Sur,2,190000,USD,4,3,290,741.24,"https://discovernica.com/propiedades/detalles/12131/Casa-en-venta-carretera-sur-4 habitaciones, 3 baños, sala, cocina, comedor",https://discovernica.com/assets/images/properties/aaa_idad.jpg,Managua,Managua,12.1442663,-86.2915488,trunk,Managua,Managua,12.1442663,-86.2915488,trunk
14164,Casa en venta en Pista Sábana Grande,Pista Sábana Grande,2,65000,USD,3,2,201.34,286,https://discovernica.com/propiedades/detalles/14164/casa-venta-sábana-grande-3-habitaciones,https://discovernica.com/assets/images/properties/ID14164_11.jpg,Managua,Managua,12.1187493,-86.1704234,tertiary,Managua,Managua,12.1187493,-86.1704234,tertiary
12961,Casa en venta- Renta las Colinas,,2,650000,USD,4,4,700,2500,"https://discovernica.com/propiedades/detalles/12961/Casa en venta en las colinas, cuenta con 4 habitaciones, 4 baños, sala, cocina, comedor.",https://discovernica.com/assets/images/properties/IMG_20250317_WA0066.jpg,Managua,Managua,12.1547116,-86.2737250,administrative,Managua,Managua,12.1547116,-86.2737250,administrative
13813,Hermosa casa en venta dentro de residencial en Veracruz,Veracruz,2,165000,USD,3,2.5,220.48,1000,https://discovernica.com/propiedades/detalles/13813/se-vende-casa-en-residencial-veracruz,https://discovernica.com/assets/images/properties/5e24a2c3_347f_48fe_81a4_20e78be1a598.jpeg,,,,,,,,,,
13524,Se vende y renta casa con apartamento de una habitación en Managua - Montoya,Managua,2,350000,USD,4,3,444.01,630.49,https://discovernica.com/propiedades/detalles/13524/venta-renta-casa-mas-apartamento-managua-montoya,https://discovernica.com/assets/images/properties/IMG_20250117_WA0094.jpg,Managua,Managua,12.1547116,-86.2737250,administrative,Managua,Managua,12.1547116,-86.2737250,administrative
13818,Casa en Venta en Playa San Juan del Sur,Playa San Juan del Sur,46,1290000,USD,3,3,568.18,4068.71,https://discovernica.com/propiedades/detalles/13818/se-vende-casa-en-san-juan-del-sur,https://discovernica.com/assets/images/properties/ID13818.jpg,,,,,,,,,,
10235,Casa en Renta y Venta en Lomas de Santo Domingo ID 10235,Lomas de Santo Domingo,46,850000,USD,9,9.5,700,2294.19,"https://discovernica.com/propiedades/detalles/10235/Casa en Renta y Venta en Lomas de Santo Domingo
Tiene 9 habitaciones, 9.5 baños, piscina de 15 metros2, área de servicio, área de lavado y planchado,",https://discovernica.com/assets/images/properties/ID10235_20_.jpg,Managua,Managua,12.0837754,-86.2412968,residential,Managua,Managua,12.0837754,-86.2412968,residential
13582,Casa en venta en Carretera Masaya a Granada,Carretera Masaya a Granada,2,180000,USD,3,3.5,290,5341.92,"https://discovernica.com/propiedades/detalles/13582/Se vende casa en carretera Masaya a Granada, 3 habitaciones, 3 baños",https://discovernica.com/assets/images/properties/ID_13582_4.jpg,Granada,,,,,Granada,,,,
2861,Casa en Alquiler en Las Colinas ID 2861,Las Colinas,2,300000,USD,3,3.5,210,2000,"https://discovernica.com/propiedades/detalles/2861/Casa en alquiler en la colinas, cuenta con 3 habitaciones, 3 baños, sala, cocina, estudio.",https://discovernica.com/assets/images/properties/fwefw4gqgwrg.jpg,Mateare,Managua,12.1964007,-86.3692092,village,Mateare,Managua,12.1964007,-86.3692092,village
14089,Casa en venta en Villa Reconciliación,Villa Reconciliación,2,70000,USD,4,2,201.47,531.73,https://discovernica.com/propiedades/detalles/14089/se-vende-casa-villa-reconciliación,https://discovernica.com/assets/images/properties/ID14089_2.jpg,Managua,Managua,12.1385257,-86.1989819,neighbourhood,Managua,Managua,12.1385257,-86.1989819,neighbourhood
13616,Hermosa casa en venta - en El Crucero,El Crucero,2,85000,USD,3,3,171.64,764.64,https://discovernica.com/propiedades/detalles/13616/Se vende casa de una planta en El Crucero,https://discovernica.com/assets/images/properties/ID13616_2.jpg,,,,,,,,,,
13681,Casa en venta en Tipitapa,Tipitapa,46,45000,USD,3,1,154,609.18,https://discovernica.com/propiedades/detalles/13681/casa-en-venta-en-Tipitapa,https://discovernica.com/assets/images/properties/ID13681_10.jpg,,,,,,,,,,
13963,Se vende casa en Villa Fontana,Villa Fontana,2,300000,USD,3,2.5,1117.80,1131.312,https://discovernica.com/propiedades/detalles/13963/casa-venta-villa-fontana,https://discovernica.com/assets/images/properties/ID13963_2_.jpg,Managua,Managua,12.1033874,-86.2671277,administrative,Managua,Managua,12.1033874,-86.2671277,administrative
9802,Se Vende Casa en la ciudad de Granada ID 9802,Granada,2,27000,USD,1,1,36.66,109.41,https://discovernica.com/propiedades/detalles/9802/casa-venta-granada-nicaragua-35000-dolares,https://discovernica.com/assets/images/properties/casa_venta_granada_id_9873_3.jpg,Granada,,,,,Granada,,,,
13619,Casa espaciosa en venta en residencial Casa Real.,,2,100000,USD,5,2,223.36,333.69,https://discovernica.com/propiedades/detalles/13619/Se vende casa de una planta en Casa real,https://discovernica.com/assets/images/properties/ID13619_6.jpg,Managua,Managua,12.1547116,-86.2737250,administrative,Managua,Managua,12.1547116,-86.2737250,administrative
13527,Casas en Venta en Santo Domingo,Santo Domingo,2,360000,USD,3,3.5,260,17146,https://discovernica.com/propiedades/detalles/13527/Se venden casas en zona de Santo Domingo,https://discovernica.com/assets/images/properties/Imagen_de_WhatsApp_2024_02_08_a_las_23.47.20_aa331a9f_1.jpg,Managua,Managua,12.1516383,-86.2663177,administrative,Managua,Managua,12.1516383,-86.2663177,administrative
13555,Casa en venta con Espectacular Vista Ubicada en Santo Domingo,Santo Domingo,46,750000,USD,5,5.5,572,2000,"https://discovernica.com/propiedades/detalles/13555/Se vende casa de dos planta en Santo Domingo, 5 habitaciones, 5.5 baños",https://discovernica.com/assets/images/properties/ID_13555_1.jpg,Managua,Managua,12.1516383,-86.2663177,administrative,Managua,Managua,12.1516383,-86.2663177,administrative
13602,Se vende inmueble para inversión en Colonia Centroamérica,Colonia Centroamérica,2,298000,USD,9,5.5,285,965.26,https://discovernica.com/propiedades/detalles/13602/se-vende-casa-de-una-planta-en-colonia-centroamérica-3-apartamentos,https://discovernica.com/assets/images/properties/dfs.jpg,Managua,Managua,12.1140728,-86.2500635,neighbourhood,Managua,Managua,12.1140728,-86.2500635,neighbourhood
13559,Casa En Venta Con Un Amplio Terreno Ubicada En La Zona De Carretera Sur,,2,539000,USD,10,9.5,752.18,5933,https://discovernica.com/propiedades/detalles/13559/Se vende casa con amplio lote en carretera sur,https://discovernica.com/assets/images/properties/ID_13559_1.jpg,Managua,Managua,12.1547116,-86.2737250,administrative,Managua,Managua,12.1547116,-86.2737250,administrative
13097,Casa en Venta en Carretera Norte ID 13097,Carretera Norte,2,75000,USD,3,2,170,241.40,https://discovernica.com/propiedades/detalles/13097/casa en venta en carretera norte,https://discovernica.com/assets/images/properties/WhatsApp_Image_2022_10_12_at_10.58.25_AM.jpg,Managua,Managua,12.1504120,-86.2220387,trunk,Managua,Managua,12.1504120,-86.2220387,trunk
14033,Venta de Inmueble ideal para oficinas en Bolonia,Bolonia,46,645000,USD,,6,500,2500,https://discovernica.com/propiedades/detalles/14033/Venta-de-Inmueble-ideal-para-oficinas-en-Bolonia,https://discovernica.com/assets/images/properties/3_IMG_20241016_WA0011.jpg,Managua,Managua,12.1398941,-86.2815427,administrative,Managua,Managua,12.1398941,-86.2815427,administrative
14007,Casa y Complejo de Oficinas amuebladas en venta - San Isidro de la Cruz Verde,,2,700000,USD,2,2,885,5300,https://discovernica.com/propiedades/detalles/14007/casa-complejo-de-oficinas-en-venta-san-isidro-de-la-cruz-verde,https://discovernica.com/assets/images/properties/ID14007.jpg,Managua,Managua,12.1547116,-86.2737250,administrative,Managua,Managua,12.1547116,-86.2737250,administrative
14028,Casa en venta en Veracruz,Veracruz,2,120000,USD,3,2,197.38,1000.01,https://discovernica.com/propiedades/detalles/14028/En-venta-casa-en-Veracruz-3-habitaciones,https://discovernica.com/assets/images/properties/ID14028_3_.jpg,,,,,,,,,,
14005,Casa de dos plantas en venta,,46,120000,USD,7,3,147.86,300.84,https://discovernica.com/propiedades/detalles/14005/casa-venta-2-pisos-7-habitaciones,https://discovernica.com/assets/images/properties/ID14005_3_.jpg,Managua,Managua,12.1547116,-86.2737250,administrative,Managua,Managua,12.1547116,-86.2737250,administrative
14026,Casa en venta en zona céntrica de Matagalpa,zona céntrica de Matagalpa,2,180000,USD,3,2,170.68,304.33,https://discovernica.com/propiedades/detalles/14026/casa-venta-céntrica-Matagalpa-garaje,https://discovernica.com/assets/images/properties/IMG_20241028_WA0042.jpg,Matagalpa,,,,,Matagalpa,,,,
13991,Moderna casa en venta en Carretera a Masaya,Carretera a Masaya,2,175000,USD,3,2.5,240,729.74,https://discovernica.com/propiedades/detalles/13991/casa-venta-3-habitaciones-carretera-a-masaya,https://discovernica.com/assets/images/properties/ID13991_2_.jpg,Masaya,,,,,Masaya,,,,
13771,Casa en venta en Bolonia,Bolonia,2,380000,USD,4,,500,1738.74,https://discovernica.com/propiedades/detalles/13771/Casa en venta en Bolonia,https://discovernica.com/assets/images/properties/1_MJLB.jpg,Managua,Managua,12.1398941,-86.2815427,administrative,Managua,Managua,12.1398941,-86.2815427,administrative
13783,Casa con amplio terreno en venta ubicada en Masaya,Masaya,2,450000,USD,6,4,604.15,2228.22,https://discovernica.com/propiedades/detalles/13783/se-vende-casa-en-masaya,https://discovernica.com/assets/images/properties/ID13783_1_.jpg,Masaya,,,,,Masaya,,,,
13827,Finca en Venta Ubicada en Masaya,Masaya,32,400000,USD,3,3,1351.36,25000.00,https://discovernica.com/propiedades/detalles/13827/Se-vende-finca-en-Masaya,https://discovernica.com/assets/images/properties/ID13827_14.jpg,Masaya,,,,,Masaya,,,,
13912,Casa en venta en Bolonia ideal para oficina o negocio.,Bolonia,46,298000,USD,5,5.5,562.33,1020.14,https://discovernica.com/propiedades/detalles/13912/se vende casa en Bolonia - doble función de Oficina o Negocio,https://discovernica.com/assets/images/properties/ID13912_15_.jpg,Managua,Managua,12.1398941,-86.2815427,administrative,Managua,Managua,12.1398941,-86.2815427,administrative
13479,Amplia casa en venta en carretera sur,carretera sur,46,650000,USD,3,3.5,450,5190,https://discovernica.com/propiedades/detalles/13479/Se vende casa de 2 pisos en carretera sur,https://discovernica.com/assets/images/properties/ID_13479_15_.jpg,Managua,Managua,12.1380268,-86.3054614,trunk,Managua,Managua,12.1380268,-86.3054614,trunk
13680,Casa con amplio terreno en venta - Granada,,2,160000,USD,2,2,148,5000,https://discovernica.com/propiedades/detalles/13680/Se vende cómoda casa en Granada,https://discovernica.com/assets/images/properties/ID13680_5.jpg,Managua,Managua,12.1547116,-86.2737250,administrative,Managua,Managua,12.1547116,-86.2737250,administrative
13941,Casa en venta en obra gris - Jinotepe,obra gris,2,50000,USD,,2,100,500,https://discovernica.com/propiedades/detalles/13941/se-vende-casa-Jinotepe,https://discovernica.com/assets/images/properties/13941_1_.jpg,,,,,,,,,,
12190,Casa en Venta en Residencial Las Brisas.,,2,80000,USD,4,2,120,198.46,"https://discovernica.com/propiedades/detalles/12190/Casa en Venta  en residencial las brisas, 4 habitaciones, 2 baños.",https://discovernica.com/assets/images/properties/1_172.jpg,Managua,Managua,12.1547116,-86.2737250,administrative,Managua,Managua,12.1547116,-86.2737250,administrative
12765,Se vende casa en Villa Fontana con potencial comercial.,Villa Fontana,2,200000,USD,3,2,200,823.60,https://discovernica.com/propiedades/detalles/12765/casa-venta-villa-fontana,https://discovernica.com/assets/images/properties/WhatsApp_Image_2021_11_12_at_9.32.39_AM_3_.jpeg,Managua,Managua,12.1033874,-86.2671277,administrative,Managua,Managua,12.1033874,-86.2671277,administrative
10272,Casa en venta en Las Colinas,Las Colinas,46,181500,USD,4,3,172,330,https://discovernica.com/propiedades/detalles/10272/casa-venta-las-colinas-4-habitaciones-3-baños.,https://discovernica.com/assets/images/properties/casa_venta_condominio_tramonto_las_colinas_4_habitaciones_3_ba_os.__3.jpg,Mateare,Managua,12.1964007,-86.3692092,village,Mateare,Managua,12.1964007,-86.3692092,village
12552,Casa en Venta o Renta en Las Colinas de Santa Cruz ID 12552,Las Colinas de Santa Cruz,2,495000,USD,4,4,548.69,3857.76,"https://discovernica.com/propiedades/detalles/12552/Casa en Venta o Renta en Las Colinas de Santa Cruz,",https://discovernica.com/assets/images/properties/gf42f34wgqwgqwgg.jpg,,,,,,,,,,
12245,Casa lujosa en venta en La Estancia de Santo Domingo,La Estancia de Santo Domingo,46,685000,USD,5,4.5,600,1786.13,https://discovernica.com/propiedades/detalles/12245/se-vende-casa-2-plantas-santo-domingo-5-habitaciones,https://discovernica.com/assets/images/properties/1_176.jpg,Managua,Managua,12.0844023,-86.2393321,bus_stop,Managua,Managua,12.0844023,-86.2393321,bus_stop
13828,Casa en venta en Jinotepe,Jinotepe,46,1100000,USD,12,10,883,717.10,https://discovernica.com/propiedades/detalles/13828/Casa-en-venta-en-la-ciudad-de-Jinotepe,https://discovernica.com/assets/images/properties/ID13828_3_.jpg,Jinotepe,,,,,Jinotepe,,,,
13804,Casa en venta en Carretera Sur,Carretera Sur,2,475000,USD,4,4,508.47,1991.91,https://discovernica.com/propiedades/detalles/13804/Casa-en-venta-en-Carretera-Sur,https://discovernica.com/assets/images/properties/3_456504042_2061613537566845_2092579642923604479_n.jpg,Managua,Managua,12.1442663,-86.2915488,trunk,Managua,Managua,12.1442663,-86.2915488,trunk
13277,Casa Colonial en venta en Residencial Los Robles.,,2,220000,USD,4,3,320.91,522.32,"https://discovernica.com/propiedades/detalles/13277/casa en venta en residencial los robles, 4 habitaciones, 3 baños, balcones y seguridad.",https://discovernica.com/assets/images/properties/9c0d0a23_acf1_492c_a2fd_38d620e23d80.jpg,Managua,Managua,12.1547116,-86.2737250,administrative,Managua,Managua,12.1547116,-86.2737250,administrative
13062,Casa en Venta - Renta en Residencial Lomas de Santo Domingo,,2,600000,USD,4,4,550,1700,https://discovernica.com/propiedades/detalles/13062/casa en venta - Renta  en residencial lomas de santo domingo,https://discovernica.com/assets/images/properties/imagen_P_gina_05.jpg,Managua,Managua,12.1547116,-86.2737250,administrative,Managua,Managua,12.1547116,-86.2737250,administrative
13846,Casa en venta en Carretera a Ticuantepe,Carretera a Ticuantepe,2,170000,USD,3,2.5,186,675.39,https://discovernica.com/propiedades/detalles/13846/se-vende-casa-en-carretera-a-Ticuantepe,https://discovernica.com/assets/images/properties/ID13846_2.jpg,Ticuantepe,Managua,12.0553096,-86.2031482,secondary,Ticuantepe,Managua,12.0553096,-86.2031482,secondary
11563,Casa en Planes de Altamira en venta,,2,350000,USD,3,3.5,420,1000,"https://discovernica.com/propiedades/detalles/11563/Venta en planes de Altamira, acceso a todos los servicios básicos.",https://discovernica.com/assets/images/properties/1_ID11563.jpg,Managua,Managua,12.1547116,-86.2737250,administrative,Managua,Managua,12.1547116,-86.2737250,administrative
13647,Acogedora casa en venta ubicada en Carretera Sur.,Carretera Sur,46,310000,USD,4,5,310,1420.00,"https://discovernica.com/propiedades/detalles/13647/Se vende casa, 4 habitaciones, 5 baños, patio amplio.",https://discovernica.com/assets/images/properties/ID13647_2.jpg,Managua,Managua,12.1442663,-86.2915488,trunk,Managua,Managua,12.1442663,-86.2915488,trunk
13301,Excepcional Residencia en Venta con Vistas Panorámicas y Apartamento Independiente en Carretera Sur.,Carretera Sur,2,735000,USD,9,9,756.70,3517,"https://discovernica.com/propiedades/detalles/13301/2 casa en venta en reparto santa Anita, con vista al lago.",https://discovernica.com/assets/images/properties/jryjtkykl.jpg,Managua,Managua,12.1442663,-86.2915488,trunk,Managua,Managua,12.1442663,-86.2915488,trunk
12654,Casa de tres plantas en venta en Carretera Vieja León,Carretera Vieja León,46,338000,USD,6,4,555.38,22482000.00,https://discovernica.com/propiedades/detalles/12654/Casa-en-venta-6-habitaciones-4 baños,https://discovernica.com/assets/images/properties/1c1a629b_92f1_4599_ad4b_94fc092201b3.JPG,León,,,,,León,,,,
12957,Casa en Venta y Renta en Reparto Motastepe,Reparto Motastepe,2,120000,USD,3,5,300,1420.00,"https://discovernica.com/propiedades/detalles/12957/casa en venta y renta en reparto motastepe, cuenta con 3 habitaciones, 5 baños,bodega, terraza.",https://discovernica.com/assets/images/properties/7_ID12957.jpg,,,,,,,,,,
3238,Casa en Venta en Las Colinas en construcción,construcción,46,400000,USD,4,5,637.77,3098.26,"https://discovernica.com/propiedades/detalles/3238/Casa en venta, Las Colinas, Nicaragua, 637.77 mts², 4 Habitaciones, 5 Baños.",https://discovernica.com/assets/images/properties/DSC01057_1.JPG,Managua,Managua,12.0771009,-86.2227133,trade,Managua,Managua,12.0771009,-86.2227133,trade
8969,"Venta de Casa en el centro de Managua, Nicaragua ID 8969",el centro de Managua,2,120000,USD,3,5,288,396.92,https://discovernica.com/propiedades/detalles/8969/Casa-en-venta-apta-para-actividad-comercial-3 habitaciones,https://discovernica.com/assets/images/properties/ID_9040_MANAGUA.VENTA.COMPRA.CALLE27MAYO.CASA_5_.JPG,Managua,Managua,12.1288613,-86.2814682,yes,Managua,Managua,12.1288613,-86.2814682,yes
13753,Casa en venta en Masaya con excelente ubicación,Masaya,2,200000,USD,3,2,232.4,330.01,https://discovernica.com/propiedades/detalles/13753/Casa-en-venta - Masaya,https://discovernica.com/assets/images/properties/ID13753.jpg,Masaya,,,,,Masaya,,,,
13369,Casa en venta en Las Colinas Sur.,Las Colinas Sur,2,1000000,USD,5,4,1000,3000,"https://discovernica.com/propiedades/detalles/13369/casa en venta en las colinas sur, 5 habitaciones, 4 baños, piscina.",https://discovernica.com/assets/images/properties/Imagen_de_WhatsApp_2023_10_17_a_las_14.46.43_fbfa3864.jpg,Managua,Managua,12.0903220,-86.2298077,neighbourhood,Managua,Managua,12.0903220,-86.2298077,neighbourhood
9614,Casa lujosa de dos plantas en renta o venta en carretera a Ticuantepe,carretera a Ticuantepe,46,1300000,USD,4,4,1400,36370.63,"https://discovernica.com/propiedades/detalles/9614/Venta- Renta Lujosa casa, Ticuantepe, Managua, Nicargua, 4 Habitaciones, Cancha de Football,  Espacios Grandes, Piscina, U$1,300,000.",https://discovernica.com/assets/images/properties/96851.jpg.jfif,Ticuantepe,Managua,12.0553096,-86.2031482,secondary,Ticuantepe,Managua,12.0553096,-86.2031482,secondary
10902,Casa en Venta y Renta ubicada en Lomas de Monserrat ID 10902,Lomas de Monserrat,2,230000,USD,3,4,600,962,"https://discovernica.com/propiedades/detalles/10902/casa-venta-lomas-monserrat-962-vrs2-600-mts2-3-habitaciones-4-baño-U$-250,000.",https://discovernica.com/assets/images/properties/casa_venta_carretera_nueva_a_leon_id_10973_2.jpg,Managua,Managua,12.1150315,-86.2781156,administrative,Managua,Managua,12.1150315,-86.2781156,administrative
13599,2 casas en venta en un mismo lote en Las colinas,Las colinas,2,300000,USD,5,5,252.84,NaN,https://discovernica.com/propiedades/detalles/13599/Se venden 2 casas en Las Colinas,https://discovernica.com/assets/images/properties/Imagen_de_WhatsApp_2024_03_18_a_las_10.39.40_702f340c.jpg,Mateare,Managua,12.1964007,-86.3692092,village,Mateare,Managua,12.1964007,-86.3692092,village
7919,Casa en Venta en Ticuantepe ID 7919,Ticuantepe,2,35000,USD,3,2,95,337.38,"https://discovernica.com/propiedades/detalles/7919/Casa en Venta en Ticuantepe. 3 Habitaciones, 2 baños, Apta para comercio.",https://discovernica.com/assets/images/properties/1_88.jpg,Ticuantepe,Managua,12.0217671,-86.2053144,administrative,Ticuantepe,Managua,12.0217671,-86.2053144,administrative
12873,Casa de dos plantas en venta en san Judas.,san Judas,46,90000,USD,5,3,551,795.20,"https://discovernica.com/propiedades/detalles/12873/Casa en venta en san judas, cuenta con 5 habitaciones, sala, cocina.",https://discovernica.com/assets/images/properties/WhatsApp_Image_2022_02_08_at_9.36.10_AM_2_.jpeg,,,,,,,,,,
12987,Casa en venta en Nindirí,Nindirí,2,110000,USD,3,2,106.17,2394.60,"https://discovernica.com/propiedades/detalles/12987/Casa en venta en carretera masaya, 3 habitaciones, 2 baños, sala, cocina.",https://discovernica.com/assets/images/properties/fwefwefw.jpg,Nindirí,,,,,Nindirí,,,,
12698,Casa en venta en Planes de Altamira,Planes de Altamira,2,180000,USD,3,3,600,1017,"https://discovernica.com/propiedades/detalles/12698/Casa en venta en planes de altamira, cuenta con 3 habitaciones , cuenta con todos los servicios básicos.",https://discovernica.com/assets/images/properties/12698_WEB_16.jpg,Managua,Managua,12.1152990,-86.2651231,apartments,Managua,Managua,12.1152990,-86.2651231,apartments
13231,Casa en venta en Residencial Bolonia,,2,400000,USD,6,4,720,2160.08,"https://discovernica.com/propiedades/detalles/13231/Casa en venta en Residencial Bolonia, 4 habitaciones, 4 baños.",https://discovernica.com/assets/images/properties/e1bf1e72_5bd3_4273_93b9_2d8f7309a512.jpg,Managua,Managua,12.1547116,-86.2737250,administrative,Managua,Managua,12.1547116,-86.2737250,administrative
13462,Casa en Venta en Carretera Sur,Carretera Sur,2,390000,USD,4,4.5,407.09,2292.74,"https://discovernica.com/propiedades/detalles/13462/Se vende casa en carretera sur, 4 habitaciones, 4.5 baños",https://discovernica.com/assets/images/properties/Imagen_de_WhatsApp_2024_01_09_a_las_21.44.47_34a798b7.jpg,Managua,Managua,12.1442663,-86.2915488,trunk,Managua,Managua,12.1442663,-86.2915488,trunk
13149,Casa en venta en Villa Fontana.,Villa Fontana,2,350000,USD,4,3.5,320,1121.80,"https://discovernica.com/propiedades/detalles/13149/Casa en venta en villa fontana, 4 habitaciones, 2 salas, cocina.",https://discovernica.com/assets/images/properties/fwefwfwef.jpg,Managua,Managua,12.1033874,-86.2671277,administrative,Managua,Managua,12.1033874,-86.2671277,administrative
13628,Casa de un piso en venta en Esquipulas,Esquipulas,2,50000,USD,2,2,127.8,273.78,https://discovernica.com/propiedades/detalles/13628/Se vende acogedora casa en Esquipulas,https://discovernica.com/assets/images/properties/ID_13628_6.jpg,Managua,Managua,12.0745878,-86.2158151,neighbourhood,Managua,Managua,12.0745878,-86.2158151,neighbourhood
13244,Casa en venta en Lomas de Veracruz.,Lomas de Veracruz,2,160000,USD,3,3,205,1000,"https://discovernica.com/propiedades/detalles/13244/casa de 3 habitaciones, 1 planta, 3 baños, sala, cocina.",https://discovernica.com/assets/images/properties/d9172647_475f_4030_a8d3_3bf00a4e6c45.jpg,Nindirí,Masaya,12.0656910,-86.1797642,residential,Nindirí,Masaya,12.0656910,-86.1797642,residential
12648,Casa en Venta en Jinotega ID12648,Jinotega,2,300000,USD,4,4,670,10650.00,"https://discovernica.com/propiedades/detalles/12648/Casa en Venta en Jinotega, $350,000",https://discovernica.com/assets/images/properties/19623042_b976d6.jpg,Managua,Managua,12.1430818,-86.2770441,cafe,Managua,Managua,12.1430818,-86.2770441,cafe
13338,Casas en Venta en Carretera a Masaya,Carretera a Masaya,2,380000,USD,7,10,200,2500,"https://discovernica.com/propiedades/detalles/13338/Casas en venta en carretera Masaya, condominio seguro, 7 habitaciones, 10 baños.",https://discovernica.com/assets/images/properties/13338_WEB_11.jpg,Masaya,,,,,Masaya,,,,
10960,Hermosa Casa en Venta ubicada en Carretera Masaya ID 10960,Carretera Masaya,2,270000,USD,4,3,230,1030,"https://discovernica.com/propiedades/detalles/10960/casa-venta-carretera-masaya-1,0030-vrs2-230-mts2-4-habiatciones-3-baños-U$-165,000.",https://discovernica.com/assets/images/properties/20170615_092600.jpg,Masaya,,,,,Masaya,,,,
13568,En venta quinta ubicada en Nandaime.,Nandaime,32,85000,USD,4,2,600,10406.97,https://discovernica.com/propiedades/detalles/13568/Se venden 2 casas en Nandaime,https://discovernica.com/assets/images/properties/ID_13568_7.jpg,,,,,,,,,,
9868,Quinta en Venta en Carretera Vieja a León ID 9868,Carretera Vieja a León,32,250000,USD,3,3.5,505,8162.63,"https://discovernica.com/propiedades/detalles/9868/quinta-venta-carretera-vieja-leon-managua-nicaragua-8,226 mts²-U$-250,000.",https://discovernica.com/assets/images/properties/casa_venta_carretera_vieja_leon_managua_id_9939_1.jpg,León,,,,,León,,,,
13565,En venta hermosa quinta en las afueras de Masaya con árboles frutales y maderables,las afueras de Masaya,32,220000,USD,3,2,350,33588.55,https://discovernica.com/propiedades/detalles/13565/En venta hermosa quinta en las afueras de Masaya.,https://discovernica.com/assets/images/properties/ID_13565_7.jpg,Masaya,,,,,Masaya,,,,
13485,Se Vende Casa en Carretera a Ticuantepe,Carretera a Ticuantepe,2,210000,USD,3,2,325,710.00,https://discovernica.com/propiedades/detalles/13485/Casa en venta en carretera a Ticuantepe,https://discovernica.com/assets/images/properties/13485_WEB_13.jpg,Ticuantepe,Managua,12.0553096,-86.2031482,secondary,Ticuantepe,Managua,12.0553096,-86.2031482,secondary
6353,Casa en Venta en Carretera Masaya ID 6353,Carretera Masaya,2,105000,USD,5,3,187,532.07,"https://discovernica.com/propiedades/detalles/6353/Casa en venta, Carretera Masaya, Nicaragua, 5 habitaciones, 2 baños, 187 mts².",https://discovernica.com/assets/images/properties/6416_1_.jpg,Masaya,,,,,Masaya,,,,
10150,Casa en Venta en Carretera La Concha ID 10150,Carretera La Concha,2,120000,USD,6,3,320,852,"https://discovernica.com/propiedades/detalles/10150/casa-venta-carretera-la-concha-managua-nicaragua-1,280-Vrs2-320-mts2-U$-120,000-7-habitaciones-3-baños.",https://discovernica.com/assets/images/properties/casa_venta_carretera_la_concha_managua_id_10221_4.jpg,,,,,,,,,,
13546,Casa en Venta en Carretera Norte,Carretera Norte,2,77000,USD,3,1,92.19,255.60,"https://discovernica.com/propiedades/detalles/13546/Se vende casa de  habitaciones, 1 baño en carretera norte",https://discovernica.com/assets/images/properties/ID_13546_7.jpg,Managua,Managua,12.1504120,-86.2220387,trunk,Managua,Managua,12.1504120,-86.2220387,trunk
8818,"Venta de Casa en Managua, Nicaragua ID 8818",Managua,2,115000,USD,,4,232,363.18,"https://discovernica.com/propiedades/detalles/8818/Venta de casa en zona urbana apta para uso comercial o habitacional, 8 oficinas, 2 salas, patio, bodegas. US$115,000.",https://discovernica.com/assets/images/properties/ID_8889_CASA_EN_VENTA._MANAGUA.BARRIO_LARGAESPADA_5_.JPG,Managua,Managua,12.1547116,-86.2737250,administrative,Managua,Managua,12.1547116,-86.2737250,administrative
12691,Casa en Venta y Renta en Reparto la Rioja ID 12691,Reparto la Rioja,46,1200000,USD,4,4,585,1800,"https://discovernica.com/propiedades/detalles/12691/Casa en venta y renta en la Reparto Privado- 4 habitaciones, 4 baños.",https://discovernica.com/assets/images/properties/f4g34g3q4g35rg.jpg,Managua,Managua,12.0982507,-86.2539342,administrative,Managua,Managua,12.0982507,-86.2539342,administrative
13510,Casa en venta en zona residencial en carretera sur,carretera sur,46,230000,USD,3,2,225,3309.37,https://discovernica.com/propiedades/detalles/13510/casa en venta en carretera sur,https://discovernica.com/assets/images/properties/SM_WEB_14.jpg,Managua,Managua,12.1380268,-86.3054614,trunk,Managua,Managua,12.1380268,-86.3054614,trunk
13506,Amplia Casa en Venta en Carretera sur,Carretera sur,2,890000,USD,4,3.5,600,7800,"https://discovernica.com/propiedades/detalles/13506/Se vende casa en carretera sur, 4 habitaciones, 3.5 baños",https://discovernica.com/assets/images/properties/3_13506.jpg,Managua,Managua,12.1442663,-86.2915488,trunk,Managua,Managua,12.1442663,-86.2915488,trunk
13009,Casa en Venta en Carretera Sur ID 13009,Carretera Sur,46,1350000,USD,5,6,1050,1420.00,"https://discovernica.com/propiedades/detalles/13009/Casa en Venta en Carretera Sur, 6 baños, 5 cuartos, piscina.",https://discovernica.com/assets/images/properties/PHOTO_2022_04_18_12_01_26.jpg,Managua,Managua,12.1442663,-86.2915488,trunk,Managua,Managua,12.1442663,-86.2915488,trunk
12422,Casa en Venta en Carretera Sur,Carretera Sur,2,75000,USD,3,2,,0,https://discovernica.com/propiedades/detalles/12422/Terreno con casa en construcción a la venta,https://discovernica.com/assets/images/properties/12422_WEB_9.jpg,Managua,Managua,12.1442663,-86.2915488,trunk,Managua,Managua,12.1442663,-86.2915488,trunk
13500,Casa en Venta en Zona Exclusiva de Carretera Sur,Zona Exclusiva de Carretera Sur,2,500000,USD,4,4,500,3550,"https://discovernica.com/propiedades/detalles/13500/Se vende casa en carretera sur, 4 habitaciones, sala, comedor",https://discovernica.com/assets/images/properties/web_2.jpg,,,,,,,,,,
13493,En venta quinta ubicada en Carretera a Masaya,Carretera a Masaya,32,200000,USD,6,3,395,3333,https://discovernica.com/propiedades/detalles/13493/En venta quinta ubicada en Carretera a Masaya,https://discovernica.com/assets/images/properties/ID_13493_10_.jpg,Masaya,,,,,Masaya,,,,
11109,Hermosa quinta con terreno en Venta en Las Colinas ID 11109,Las Colinas,32,3000000,USD,,,,22000,"https://discovernica.com/propiedades/detalles/11109/quinta con terreno en-venta-colinas-22,000-vrs2-U$-3,000,000",https://discovernica.com/assets/images/properties/terreno_en_venta_carretera_masaya_id_10511_7_1.jpg,Mateare,Managua,12.1964007,-86.3692092,village,Mateare,Managua,12.1964007,-86.3692092,village
13379,Casa de 2 pisos en venta en Carretera Masaya.,Carretera Masaya,46,134000,USD,3,3.5,210,733,"https://discovernica.com/propiedades/detalles/13379/casa de 2 pisos en venta en carretera Masaya, 3 habitaciones, 3.5 baños.",https://discovernica.com/assets/images/properties/ae02b0a7_4fbb_4326_8f1b_659663e9773d.jpg,Masaya,,,,,Masaya,,,,
9971,Cómoda Casa en Venta en Carretera a San Marcos ID 9971,Carretera a San Marcos,46,370000,USD,4,4.5,760,10000,"https://discovernica.com/propiedades/detalles/9971/casa-venta-carretera-masatepe-nicaragua-1-manzana-U$-350,000-4-habitaciones-4-baños.",https://discovernica.com/assets/images/properties/casa_venta_san_marcos_carazo_id_10042_1.jpg,,,,,,,,,,
13442,Casa en Venta en Residencial Lomas de Cedro Galan,,2,235000,USD,4,3.5,493.69,2512.24,"https://discovernica.com/propiedades/detalles/13442/Se vende casa en zona residencial, 4 habitaciones, 3.5 baños",https://discovernica.com/assets/images/properties/ID_13442_11_.jpg,Managua,Managua,12.1547116,-86.2737250,administrative,Managua,Managua,12.1547116,-86.2737250,administrative
12466,Casa en Venta en Carretera a Masaya,Carretera a Masaya,2,220000,USD,3,3.5,351,892.07,"https://discovernica.com/propiedades/detalles/12466/Casa en Venta en Carretera a Masaya, $220,000",https://discovernica.com/assets/images/properties/dwedwef.JPG,Masaya,,,,,Masaya,,,,
12341,Dos Casas en venta en Carretera Sur con cancha de Tenis.,Carretera Sur,2,900000,USD,6,6.5,291,1900.24,"https://discovernica.com/propiedades/detalles/12341/Dos casas en venta en carretera sur, cuenta con cancha de tenis y piscina, amplios espacios.",https://discovernica.com/assets/images/properties/1234112.jpg,Managua,Managua,12.1442663,-86.2915488,trunk,Managua,Managua,12.1442663,-86.2915488,trunk
13413,Casa en Venta en Carretera Vieja a Leon,Carretera Vieja a Leon,2,250000,USD,4,3.5,331,3072,"https://discovernica.com/propiedades/detalles/13413/Se vende casa en carretera Vieja a Leon, 4 habitaciones, 3.5 baños",https://discovernica.com/assets/images/properties/ID_13413_2_.jpg,León,,,,,León,,,,
13019,Casa en Venta en el Sector de Veracruz ID 13019,el Sector de Veracruz,2,129000,USD,3,2,250,2500,https://discovernica.com/propiedades/detalles/13019/casa en venta en el sector de veracruz,https://discovernica.com/assets/images/properties/5c77b91b_da19_45f8_8a67_5024ba5097af.jpg,,,,,,,,,,
9551,Estupenda Casa en Venta o Renta en km 15 Carretera a Ticuantepe ID 9551,km 15 Carretera a Ticuantepe,2,245000,USD,4,4.5,353,1000,"https://discovernica.com/propiedades/detalles/9551/Estupenda Casa en Venta o Renta en km 15 hacia Ticuantepe, 4 hab, 4.5 baños, sala familiar, sala, comedor, cocina, terraza techada.",https://discovernica.com/assets/images/properties/ID_9622_CASA.VENTA.TICUANTEPE.MASAYA_8_.jpg,Ticuantepe,Managua,12.0553096,-86.2031482,secondary,Ticuantepe,Managua,12.0553096,-86.2031482,secondary
11384,Casa en Venta en Residencial Colinas de Verona ID 11384,,2,85000,USD,3,2,180,472.33,"https://discovernica.com/propiedades/detalles/11384/Comoda casa de 3 habitaciones, 2 baños, abanicos, area de servicios, arboles frutales",https://discovernica.com/assets/images/properties/comoda_casa_en_carretera_norte_3_casas_2_ba_os_abanicos_area_de_servicio_ID11455_2.jpg,Managua,Managua,12.1547116,-86.2737250,administrative,Managua,Managua,12.1547116,-86.2737250,administrative
13357,Casa en venta en Estelí de 3 plantas.,Estelí de 3 plantas,46,195000,USD,5,4,224,318.08,"https://discovernica.com/propiedades/detalles/13357/casa en venta en Estelí de 3 plantas, 5 dormitorios, 4 baños, sala, cocina.",https://discovernica.com/assets/images/properties/hedtjytkfuk.jpg,Estelí,,,,,Estelí,,,,
12602,Casa en Venta en Condominio Montesol,,46,200000,USD,3,3.5,215.07,318.36,"https://discovernica.com/propiedades/detalles/12602/Casa en Venta en Condominio Montesol, $200,000",https://discovernica.com/assets/images/properties/image3rfwerhtrtreqaghn.jpg,Managua,Managua,12.1547116,-86.2737250,administrative,Managua,Managua,12.1547116,-86.2737250,administrative
12321,Casa Amueblada en Venta en la Ciudad de Granada ID 12321,Granada,46,225000,USD,3,2,160,613.44,"https://discovernica.com/propiedades/detalles/12321/Casa en venta en Granada, 3 habitaciones, 2 baños, amueblada, seguridad las 24 horas.",https://discovernica.com/assets/images/properties/dwefqwefpw.jpg.jfif,Granada,,,,,Granada,,,,
10107,Casas y Lotes en Venta en exclusivo Condominio Spania en Villa fontana,Villa fontana,46,295000,USD,3,3,305,1091.53,"https://discovernica.com/propiedades/detalles/10107/casa-venta-condominio-spania-villa-fontana-sur-managua-nicaragua-1,100-vrs2-405-mts2-U$-384,000-3",https://discovernica.com/assets/images/properties/Spania14.jpg,Managua,Managua,12.1033874,-86.2671277,administrative,Managua,Managua,12.1033874,-86.2671277,administrative
9906,Casas en Venta en Condominio Xalteva en Granada ID 9906,Granada,46,164000,USD,2,2,200,992.3,"https://discovernica.com/propiedades/detalles/9906/casa-venta-condominio-ciudad-granada-nicaragua-1,000-vrs²-U$-164,000-2-cuartos-2-baños.",https://discovernica.com/assets/images/properties/hotel_venta_granada_id_9977_1.jpg,Granada,,,,,Granada,,,,
8021,Preciosa Casa con vista panorámica a la Laguna de Apoyo ID 8021,Preciosa Casa,46,320000,USD,5,3,280,11898.68,https://discovernica.com/propiedades/detalles/8021/preciosa casa con vista panoramica a la laguna de apoyo,https://discovernica.com/assets/images/properties/Casa_a_la_Venta_en_la_Laguna_de_Apoyo_2_.jpg,,,,,,,,,,
13376,Casa en venta en el Crucero,el Crucero,46,130000,USD,2,2.5,302,300,"https://discovernica.com/propiedades/detalles/13376/casa en venta en el crucero 2 habitaciones, 2.5 baños.",https://discovernica.com/assets/images/properties/7ec9720f_2146_4e06_89ba_6cbb2fbd6a14.jpg,,,,,,,,,,
10703,Casa en Renta y Venta ubicada en Residencial las Colinas ID 10703,,2,900000,USD,4,4,750,2500,"https://discovernica.com/propiedades/detalles/10703/Casa en venta en las colinas, 4 habitaciones, 4 baños, sala familiar, 3 bodegas, caseta para cuidador, piscina.",https://discovernica.com/assets/images/properties/3wsedghgvbkjl.jpg,Managua,Managua,12.1547116,-86.2737250,administrative,Managua,Managua,12.1547116,-86.2737250,administrative
9888,Casa en Venta en la ciudad de Granada ID 9888,Granada,2,230000,USD,4,5,220,568,"https://discovernica.com/propiedades/detalles/9888/casa-venta-ciudad-granada-nicaragua-400-mts²-220-mts²-construcción-4-habitaciones-U$-230,000.",https://discovernica.com/assets/images/properties/casa_venta_granada_id_9959_1.jpg,Granada,,,,,Granada,,,,
7125,Casa en Venta en Carretera a Veracruz ID 7125,Carretera a Veracruz,2,190000,USD,3,3,322,2100,"https://discovernica.com/propiedades/detalles/7125/Casa en Venta, Carretera Masaya, Nicaragua, 3 habitaciones, 3 baños, 322 mts². U$ 190,000",https://discovernica.com/assets/images/properties/casa_en_venta_en_carretera_masaya_managua_nicaragua_8__1.jpg,Nindirí,Masaya,12.0631901,-86.1895331,secondary,Nindirí,Masaya,12.0631901,-86.1895331,secondary
8363,Hermosa Casa en Venta en Condominio Santa Catalina ID 8363,,46,220000,USD,3,3.5,264,374.88,"https://discovernica.com/propiedades/detalles/8363/Linda Casa en condominio centrico en managua, muy seguro y con area comun de piscina y parque.",https://discovernica.com/assets/images/properties/casa_a_la_renta_en_condominio_santa_catalina_managua_nicaragua_5__1.jpg,Managua,Managua,12.1547116,-86.2737250,administrative,Managua,Managua,12.1547116,-86.2737250,administrative
12790,Se Vende hermosa Quinta en Ticuantepe ID 12790,Ticuantepe,32,550000,USD,7,6,734.10,50000.00,"https://discovernica.com/propiedades/detalles/12790/Casa en venta en Ticuantepe, amplios espacios y mas de 7 habitaciones.",https://discovernica.com/assets/images/properties/gwr5u56i7r6o8.jpg,Ticuantepe,Managua,12.0217671,-86.2053144,administrative,Ticuantepe,Managua,12.0217671,-86.2053144,administrative
11446,Hermosa Casa con piscina en Alquiler o Venta en Las Colinas Sur ID 11446,Las Colinas Sur,2,300000,USD,3,2.5,370,1039,"https://discovernica.com/propiedades/detalles/11446/Hermosa casa con piscina en Las Colinas, la casa tiene 2 habitaciones con baños, aire acondicionado en todas las habitaciones",https://discovernica.com/assets/images/properties/id11517cuatro.jpg,Managua,Managua,12.0903220,-86.2298077,neighbourhood,Managua,Managua,12.0903220,-86.2298077,neighbourhood
12063,Casa en Venta en las Colinas ID 12063,las Colinas,2,375000,USD,4,3,497,1982.0470,"https://discovernica.com/propiedades/detalles/12063/Casa en venta-Renta en las colinas, cuenta con todos los servicios.",https://discovernica.com/assets/images/properties/5534f7f3_0d8f_4976_86c8_1e8b97fe67d3.jpg,Mateare,Managua,12.1964007,-86.3692092,village,Mateare,Managua,12.1964007,-86.3692092,village
13056,Hermosa y fresca Casa en Venta en Carretera Sur - El Crucero ID 13056,Carretera Sur,2,165000,USD,3,3,240.53,2028.52,https://discovernica.com/propiedades/detalles/13056/hermosa y fresca casa en venta en carretera sur - el crucero,https://discovernica.com/assets/images/properties/WhatsApp_Image_2022_08_03_at_10.58.13_AM.jpeg,Managua,Managua,12.1442663,-86.2915488,trunk,Managua,Managua,12.1442663,-86.2915488,trunk
13130,Casa en venta en Condominio Donatello ID 13130,,2,310000,USD,3,3.5,250,706.92,"https://discovernica.com/propiedades/detalles/13130/casa en venta en condominio donatello, esquipulas, managua, nicaragua, 3 habitaciones, 3.5 baños, sala familiar, comedor.",https://discovernica.com/assets/images/properties/g3w4geg5h.jpg,Managua,Managua,12.1547116,-86.2737250,administrative,Managua,Managua,12.1547116,-86.2737250,administrative
13184,Casa en venta en Lomas de San Ángel.,Lomas de San Ángel,46,185000,USD,3,3,254,577,"https://discovernica.com/propiedades/detalles/13184/Casa en venta en lomas de san ángel, dos pisos, amplios espacios.",https://discovernica.com/assets/images/properties/g3wrgegrhh.jpg,Managua,Managua,12.1137458,-86.2794201,administrative,Managua,Managua,12.1137458,-86.2794201,administrative
12807,Hermosa Casa en Venta en Carazo,Carazo,46,400000,USD,6,3,358,17500.00,"https://discovernica.com/propiedades/detalles/12807/Casa en venta en carazo, amplios espacios, clima fresco toda la época del año.",https://discovernica.com/assets/images/properties/20220204_165731.jpg,,,,,,,,,,
3969,Casa en Venta ubicada en Masatepe ID 3969,Masatepe,2,200000,USD,4,3,237.62,840.47,"https://discovernica.com/propiedades/detalles/3969/casa-venta-masatepe-4-habitaciones-3-baños-847-237.62-U$-200,000.",https://discovernica.com/assets/images/properties/casa_venta_masatepe_4_habitaciones_3_ba_os_id_4014_4.jpg,Masatepe,,,,,Masatepe,,,,
4840,Casa en Venta en Residencial Lomas de Monte Verde ID 4840,,2,215000,USD,5,5.5,360,1420,"https://discovernica.com/propiedades/detalles/4840/Casa en venta, lomas de monte verde, Nicaragua, 360 m², 5 habs, 5 1/2 baños, 4 terrazas, jardines y árboles frutales. US$ 215,000",https://discovernica.com/assets/images/properties/IMG_20210203_WA0009.jpg,Managua,Managua,12.1547116,-86.2737250,administrative,Managua,Managua,12.1547116,-86.2737250,administrative
8018,Hermosa Casa a la Venta en Granada ID 8018,Granada,2,185000,USD,3,2,240,751.18,"https://discovernica.com/propiedades/detalles/8018/Casa, Tres habitaciones, dos baños, sala familiar, cocina, comedor, amplios corredores y garaje para dos vehículos",https://discovernica.com/assets/images/properties/Casa_Colonial_a_la_Venta_en_Granada_9__2.jpg,Granada,,,,,Granada,,,,
8006,Hermosa Casa a la Venta y Alquiler en Granada ID 8006,Granada,46,260000,USD,6,5.5,400,5000,"https://discovernica.com/propiedades/detalles/8006/casa, seis habitaciones con a/a en cada una, cinco y medio baños, un jacuzzi, sala familiar, sala de estar, comedor, cocina, piscina",https://discovernica.com/assets/images/properties/Casa_en_Venta_y_Alquiler_Carretera_Granada_Masaya_3_.jpg,Granada,,,,,Granada,,,,
8007,Condominio Exclusivo a la Venta en Granada ID 8007,Granada,46,1000000,USD,,,2000,24807.4,"https://discovernica.com/propiedades/detalles/8007/Cinco unidades habitacionales, Condominio, control de acceso, muro perimetral, calles adoquinadas, luminarias públicas, abundantes áreas verdes",https://discovernica.com/assets/images/properties/Casa_en_Venta_y_Alquiler_Carretera_Granada_Masaya_2__1.jpg,Granada,,,,,Granada,,,,
8374,Venta de Elegante Casa Esquinera Colonial en la Ciudad de Granada ID 8374,Granada,2,400000,USD,4,4.5,717,922.83,"https://discovernica.com/propiedades/detalles/8374/colonia, granada,venta, esquina, historico, venta, 400 mil dolares",https://discovernica.com/assets/images/properties/casa_esquinera_a_la_venta_en_granada_nicaragua_4_.jpg,Granada,,,,,Granada,,,,
8697,"Casa en Venta en Ciudad Jardin, Propiedad ideal para negocio ID 8697",Ciudad Jardin,2,70000,USD,3,1,120,297.69,"https://discovernica.com/propiedades/detalles/8697/Casa en Venta en Ciudad Jardin, apta para negocios, US$70,000.00",https://discovernica.com/assets/images/properties/100_6941.JPG,Managua,Managua,12.1438958,-86.2552830,neighbourhood,Managua,Managua,12.1438958,-86.2552830,neighbourhood
8747,Town House en Venta en Residencial Planes de Altamira ID 8747,,46,200000,USD,4,3.5,280,496.15,"https://discovernica.com/propiedades/detalles/8747/Planes de Altamira, Town House, Venta, Managua, U$ 200,000.00",https://discovernica.com/assets/images/properties/ID_8818_CASA_EN_VENTA._PLANES_DE_ALTAMIRA_3_.jpg,Managua,Managua,12.1547116,-86.2737250,administrative,Managua,Managua,12.1547116,-86.2737250,administrative
8825,Casa en Venta en Masaya ID 8825,Masaya,2,250000,USD,4,3.5,600,852,https://discovernica.com/propiedades/detalles/8825/Casa Grande ideal para negocio en excelente ubicación.,https://discovernica.com/assets/images/properties/ID_8896_CASA_EN_ALQUILER._MASAYA_3_.jpg,Masaya,,,,,Masaya,,,,
8875,Hermosa Casa en Venta en Lomas de San Juan ID 8875,Lomas de San Juan,2,280000,USD,4,3.5,355.95,1017.91,"https://discovernica.com/propiedades/detalles/8875/Alquiler y Venta de casa en Lomas de San Juan, cuatro habitaciones, Managua, U$ 1,200 U$ 250,000",https://discovernica.com/assets/images/properties/ID_8946_PORTAL_DE_LA_ESTANCIA._ALQUILER.CASA_9_.JPG,Managua,Managua,12.1176150,-86.2690072,administrative,Managua,Managua,12.1176150,-86.2690072,administrative
8904,"Venta de casa nueva en carretera vieja a León, Managua Nicaragua",carretera vieja a León,46,440000,USD,4,4,285,2162.22,"https://discovernica.com/propiedades/detalles/8904/Casa nueva en ambiente apacible y ecologico, de 4 habitaciones, facil acceso.  US$440,000.",https://discovernica.com/assets/images/properties/ID_8975_CARRETERA_VIEJA_LEON._REPARTO_SAN_ANDRES._CASA.VENTA.COMPRA_5_.JPG,León,,,,,León,,,,
8940,Hermosa Casa de 5 habitaciones con 5 baños en Venta ID 8940,,2,80000,USD,5,5,700,4961.48,https://discovernica.com/propiedades/detalles/8940/Hermosa-casa-de-5-habitaciones-con-5-baños-sala-sala-comedor-cocina-amplia-cuarto-independiente-poco-metros-de-la-carretera-a-Masaya,https://discovernica.com/assets/images/properties/ID_9011_VENTA.CASA.CARRETERA_MASAYA.NINDIRI_6_.JPG,Managua,Managua,12.1547116,-86.2737250,administrative,Managua,Managua,12.1547116,-86.2737250,administrative
9048,Casa de 2 pisos en Renta o Venta en Residencial Lomas de Veracruz ID 9048,,46,280000,USD,3,3.5,560,3550,https://discovernica.com/propiedades/detalles/9048/Renta $1700 o Venta $280000 de casa de dos pisos ubicada en km 14 carretera a Masaya.,https://discovernica.com/assets/images/properties/ID_9119_CASA.COMPRA.VENTA._ALQUILER.VERACRUZ_6_.jpg,Managua,Managua,12.1547116,-86.2737250,administrative,Managua,Managua,12.1547116,-86.2737250,administrative
9145,Casa Colonial en Venta en la ciudad de Granada ID 9145,Granada,2,420000,USD,5,3,250,964.88,"https://discovernica.com/propiedades/detalles/9145/Venta de casa estilo colonial, Granada, cuenta con 5 habitaciones de las cuales 3 son bien espaciosa y 3 baños. U$ 420,000",https://discovernica.com/assets/images/properties/ID_9216_GRANADA.VENTA.ALQUILER.CASA.XALTEVA.NICARAGUA_1_.jpg,Granada,,,,,Granada,,,,
9328,Hermosa Casa en Venta en Residencial Bolonia ID 9328,,2,260000,USD,5,6,500,2272,https://discovernica.com/propiedades/detalles/9328/Venta de Casa grande en Bolonia,https://discovernica.com/assets/images/properties/ID_9399_BOLONIA.CASA_EN_VENTA.MANAGUA_3_.JPG,Managua,Managua,12.1547116,-86.2737250,administrative,Managua,Managua,12.1547116,-86.2737250,administrative
9422,Local Comercial en Renta o Venta en Reparto Miraflores ID 9422,Reparto Miraflores,2,300000,USD,,2,206,292.52,"https://discovernica.com/propiedades/detalles/9422/Local apto para negocio en calle transitada, con sala de ventas, oficinas, bodega.  US$300,000.",https://discovernica.com/assets/images/properties/ID_9493_Barrio_el_Seminario_Sur_casa_en_venta_Managua_8_.JPG,Managua,Managua,12.1453496,-86.3005823,bus_stop,Managua,Managua,12.1453496,-86.3005823,bus_stop
9669,Se Vende Casa ubicada en el centro de la Ciudad de León ID 9669,el centro,46,390000,USD,6,3,,1090.56,"https://discovernica.com/propiedades/detalles/9669/Casa, venta, León, Nicaragua, 768 mts², U$ 405.000.",https://discovernica.com/assets/images/properties/ID_9740.VENTA.CASA.LEON.NICARAGUA._U_405_000_1_.JPG,Managua,Managua,12.1288613,-86.2814682,yes,Managua,Managua,12.1288613,-86.2814682,yes
9645,Se Vende diseño de Casa para construcción en Villas de Santa Martha ID 9645,Villas de Santa Martha,2,170000,USD,3,2.5,200,937.2,"https://discovernica.com/propiedades/detalles/9645/Venta, diseño de casa, villas de santa Martha, León, Nicaragua.",https://discovernica.com/assets/images/properties/ID_9716_VENTA._PROYECTO_DE_CONSTRUCCION.VILLAS_DE_SANTA_MARTHA.LEON._NICARAGUA.U_140_000_2_.jpg,,,,,,,,,,
9689,Se Vende moderna Casa estilo loft en Esquipulas ID 9689,Esquipulas,46,210000,USD,3,3.5,230,512.76,"https://discovernica.com/propiedades/detalles/9689/casa-venta-alquiler-esquipulas-managua-nicaragua-U$-200,000",https://discovernica.com/assets/images/properties/casa_apartamento_esquipulas_managua_id_9760_6..jpg,Managua,Managua,12.0745878,-86.2158151,neighbourhood,Managua,Managua,12.0745878,-86.2158151,neighbourhood
9720,Se Vende Casa ubicada en Carretera Masaya ID 9720,Carretera Masaya,2,550000,USD,4,3,240,2480.74,"https://discovernica.com/propiedades/detalles/9720/Casa, venta, Km 11.5 carretera Masaya, Nicaragua, U$ 550,000. 240 mts². 4 habitaciones, 3 baños.",https://discovernica.com/assets/images/properties/casa_venta_km_11.5_carretera_masaya_id_9791_5.jpg,Masaya,,,,,Masaya,,,,
9841,Se Vende Terreno con Casa recién construida en Masaya ID 9841,Masaya,2,250000,USD,3,2,192,20000,https://discovernica.com/propiedades/detalles/9841/Casa-terreno-venta-2-Mz-250000-dolares.,https://discovernica.com/assets/images/properties/terreno_venta_masaya_nicaragua_id_9912_1.jpg,Masaya,,,,,Masaya,,,,
9923,Casa en Venta en Carretera Norte ID 9923,Carretera Norte,2,180000,USD,3,3.5,360,727.04,https://discovernica.com/propiedades/detalles/9923/casa-venta-carretera-norte-managua-nicaragua-180000-dolares.,https://discovernica.com/assets/images/properties/casa_venta_carretera_norte_managua_id_9994_2.jpg,Managua,Managua,12.1504120,-86.2220387,trunk,Managua,Managua,12.1504120,-86.2220387,trunk
9938,Casa en Venta ubicada en Montoya ID 9938,Montoya,2,170000,USD,7,7,307.57,751.04,"https://discovernica.com/propiedades/detalles/9938/casa-montoya-528.90-mts²-U$-170,000-7-baños-7-cuartos.",https://discovernica.com/assets/images/properties/casa_montoya_528.90_mts_U_170_000_7_ba_os_7_cuartos._.jpg,Managua,Managua,12.1479743,-86.2876242,bus_stop,Managua,Managua,12.1479743,-86.2876242,bus_stop
9942,Casa en Venta en la ciudad de Jinotepe ID 9942,Jinotepe,46,350000,USD,4,3,410,574.83,"https://discovernica.com/propiedades/detalles/9942/casa-venta-jinotepe-nicaragua-404.81-mts²-U$-350,000-4-habitaciones-3-baños.",https://discovernica.com/assets/images/properties/casa_venta_jinotepe_nicaragua_id_10013_4.jpg,Jinotepe,,,,,Jinotepe,,,,
9981,Se Vende cómoda Casa en Carretera a Masaya ID 9981,Carretera a Masaya,2,295000,USD,3,2.5,235,744.22,"https://discovernica.com/propiedades/detalles/9981/casa-cómoda-carretera-masaya-750-vrs²-U$-295,000-3-habitaciones-2.5-baños.",https://discovernica.com/assets/images/properties/casa_venta_carretera_masaya_managua_id_10052_1.jpg,Masaya,,,,,Masaya,,,,
10008,Casa en Venta en el centro de Masatepe ID 10008,el centro de Masatepe,2,30000,USD,2,1,100,195.48,https://discovernica.com/propiedades/detalles/10008/Casa-en-venta-masatepe-bien-ubicada-precio-negociable.,https://discovernica.com/assets/images/properties/casa_venta_masatepe_masaya_id_10079_3.jpg,Masatepe,,,,,Masatepe,,,,
10012,Preciosa Casa en Venta en Diriamba ID 10012,Diriamba,2,252000,USD,3,3,273,1753.97,"https://discovernica.com/propiedades/detalles/10012/casa-venta-diriamba-nicaragua-1,235.19-mts2-U$-252,000-3-habitaciones-3-baños.",https://discovernica.com/assets/images/properties/casa_venta_diriamba_carazo_id_10083_3.jpg,Diriamba,,,,,Diriamba,,,,
10035,Bonita Casa en Venta en la ciudad de Granada ID 10035,Granada,2,255000,USD,1,1,300,653.2,"https://discovernica.com/propiedades/detalles/10035/casa-bonita-granada-nicaragua-U$-255,000-460-mts-300-mts-construccion.",https://discovernica.com/assets/images/properties/casa_venta_alquiler_granada_id_10106_1.jpg,Granada,,,,,Granada,,,,
10139,Casa en Venta en km 42 Carretera Masaya a Granada ID 10139,km 42 Carretera Masaya a Granada,46,150000,USD,3,2,200,1984.59,"https://discovernica.com/propiedades/detalles/10139/casa-venta-granada-km42-3habitaciones-2baños-sala-comedor-US$150,000.00",https://discovernica.com/assets/images/properties/casa_venta_carretera_masaya_granada_id_10210_3.jpg,Granada,,,,,Granada,,,,
10140,"Casa de dos pisos en Venta en La Paz, Carazo ID 10140",La Paz,46,80000,USD,4,2.5,240,10000,"https://discovernica.com/propiedades/detalles/10140/casa-venta-la-paz-carazo-4cuartos-2.5baños. US$80,000.00",https://discovernica.com/assets/images/properties/casa_venta_la_paz_carazo_id_10211_11.jpg,Managua,Managua,12.1641564,-86.2799840,monument,Managua,Managua,12.1641564,-86.2799840,monument
10153,Propiedad de dos plantas en venta en la ciudad de Masaya ID 10153,Masaya,46,190000,USD,,2,393,538.18,"https://discovernica.com/propiedades/detalles/10153/casa-propiedad-venta-ciudad-masaya-nicaragua-379-mts2-393-mts2-construccion-190,000-dolares-10-oficinas-3-habitaciones-2-baños.",https://discovernica.com/assets/images/properties/casa_venta_masaya_masaya_id_10224_3.jpg,Masaya,,,,,Masaya,,,,
10188,Quinta en Venta en Km 15 Carretera a Masaya ID 10188,Km 15 Carretera a Masaya,2,950000,USD,6,4,200,12899.85,"https://discovernica.com/propiedades/detalles/10188/carretera-masaya-quinta-venta-6habitaciones-4baños-clima-fresco-US$950,000.00",https://discovernica.com/assets/images/properties/quinta_venta_carretera_masaya_managua_nicaragua_id_10259_1.jpg,Masaya,,,,,Masaya,,,,
10265,Casa en Venta en el Barrio las Piedrecitas ID 10265,el Barrio las Piedrecitas,2,180000,USD,5,4,448.88,1331.48,"https://discovernica.com/propiedades/detalles/10265/casa-venta-motastepe-managua-nicaragua-5-habitaciones-U$-180,000.",https://discovernica.com/assets/images/properties/5_casa_venta_motastepe_managua_nicaragua_1.5_manzana_160_mts2_5_habitaciones_U_180_000..jpg,,,,,,,,,,
10302,Casa en Venta ubicada en Ticuantepe ID 10302,Ticuantepe,2,330000,USD,4,4,350,1000,"https://discovernica.com/propiedades/detalles/10302/casa-venta-ticuantepe-nicaragua-1,000-vrs2-350-mts2-4-habitaciones-4-baños-U$-330,000.",https://discovernica.com/assets/images/properties/casa_venta_ticuantepe_nicaragua_1_000_vrs2_350_mts2_4_habitaciones_4_ba_os_U_330_000.__2.jpg,Ticuantepe,Managua,12.0217671,-86.2053144,administrative,Ticuantepe,Managua,12.0217671,-86.2053144,administrative
11088,Casa en Venta en Carretera Masaya ID 11088,Carretera Masaya,2,350000,USD,3,2,120,1500,https://discovernica.com/propiedades/detalles/11088/terreno-venta-con-casa-carretera-masaya-casa-tiene-3-habitaciones-2-baños-sala-comedor,https://discovernica.com/assets/images/properties/terreno_venta_con_casa_carretera_masaya_casa_tiene_3_habitaciones_2_ba_os_sala_comedor_Id_11159_27.jpg,Masaya,,,,,Masaya,,,,
10333,Casa en Venta ubicada en Carazo ID 10333,Carazo,2,180000,USD,3,2,,1984.59,"https://discovernica.com/propiedades/detalles/10333/casa-venta-carazo-nicaragua-2,000-vrs2-725-mts2-3-habitaciones-2-baños-U$-180,000.",https://discovernica.com/assets/images/properties/casa_venta_carazo_nicaragua_id_10404_2.jpg,,,,,,,,,,
10356,Casa en Venta en la Ciudad de Granada ID 10356,Granada,2,160000,USD,2,2,101,347.9,"https://discovernica.com/propiedades/detalles/10356/casa-venta-granada-nicaragua-245,58-mts2-101-mts2-2-habitaciones-2-baños-U$-160,000.",https://discovernica.com/assets/images/properties/casa_venta_granada_nicaragua_id_10427_3.jpg,Granada,,,,,Granada,,,,
10384,Casa en venta ubicada en carretera Masaya.,carretera Masaya,46,290000,USD,4,5,476,3845.15,"https://discovernica.com/propiedades/detalles/10384/casa-venta-carretera-masaya-3,875-vrs2-4-habitaciones-5-baños-U$-300,000.",https://discovernica.com/assets/images/properties/casa_venta_carretera_masaya_id_10455_24.jpg,Masaya,,,,,Masaya,,,,
10596,"Casa en Venta en Nejapa, Carretera Vieja a Leon ID 10596",Nejapa,46,279000,USD,3,2.5,300,852,"https://discovernica.com/propiedades/detalles/10596/casa-venta-nejapa-3-habitaciones-2.5-bathrooms-600-mts2-300-mts2-U$-279,000.",https://discovernica.com/assets/images/properties/casa_venta_nejapa_3_habitaciones_id_10667_10.jpg,Managua,Managua,12.1183490,-86.3214750,national_park,Managua,Managua,12.1183490,-86.3214750,national_park
10656,Casa en Venta ubicada a 30 minutos de la Boquita ID 10656,,2,160000,USD,3,2,280,1603,"https://discovernica.com/propiedades/detalles/10656/casa-venta-avenida-ruben-dario-3-habitaciones-2-baños-U$-160,000.",https://discovernica.com/assets/images/properties/casa_venta_avenida_ruben_dario_id_10727_11.jpg,Managua,Managua,12.1547116,-86.2737250,administrative,Managua,Managua,12.1547116,-86.2737250,administrative
10679,Casa en Venta ubicada en Jinotepe ID 10679,Jinotepe,2,150000,USD,4,3,183.90,411.91,"https://discovernica.com/propiedades/detalles/10679/casa-venta-jinotepe-411.91-Vrs2-183.90-mts2-4-habitaciones-3-baños-U$-150,00.00",https://discovernica.com/assets/images/properties/casa_venta_jinotepe_id_10750_8.jpg,Jinotepe,,,,,Jinotepe,,,,
11084,Casa en Venta en Residencial Bolonia ID 11084,,2,360000,USD,3,3.5,400,1400,"https://discovernica.com/propiedades/detalles/11084/casa-venta-residencial-bolonia-1,400-vras2-terraza-3-habitaciones-3.5-baños-sala-familiar-comedor-U$-360,000",https://discovernica.com/assets/images/properties/casa_venta_residencial_bolonia_1_400_vras2_terraza_3_habitaciones_3.5_ba_os_sala_familiar_comedor_ID11155_10.jpg,Managua,Managua,12.1547116,-86.2737250,administrative,Managua,Managua,12.1547116,-86.2737250,administrative
11195,Espectacular Quinta con 3 casas en Carretera Masaya ID 11195,Carretera Masaya,32,280000,USD,8,8,380,7200,"https://discovernica.com/propiedades/detalles/11195/Espectacular-quinta-con-3-casas-carretera-masaya-2-casas-145-mt2-1-casa-90-mts2-U$-280,000",https://discovernica.com/assets/images/properties/ID11266tres.jpg,Masaya,,,,,Masaya,,,,
11325,Hermosa Casa en Venta en Ticuantepe ID 11325,Ticuantepe,2,180000,USD,4,3,850,1200,"https://discovernica.com/propiedades/detalles/11325/hermosa-casa-ticuantepe-1,200-vrs2-terreno-700-mts2-construccion-sala-comedor-U$-200,000",https://discovernica.com/assets/images/properties/hermosa_casa_ticuantepe_1_200_vrs2_terreno_700_mts2_construccion_sala_comedor_ID11396_12.jpg,Ticuantepe,Managua,12.0217671,-86.2053144,administrative,Ticuantepe,Managua,12.0217671,-86.2053144,administrative
11421,Casa en Venta o Renta en zona centrica en la Ciudad de Leon ID 11421,Leon,2,300000,USD,4,2,300,793.84,"https://discovernica.com/propiedades/detalles/11421/Hermosa casa en venta o renta en zona centrica de la ciudad de Leon, la casa tiene 4 habitaciones, 2 baños, comedor, cocina, area de servicio",https://discovernica.com/assets/images/properties/casa_renta_4_habitaciones_2_ba_os_arboles_frutales_leon_ID_11492_2.jpg,León,,,,,León,,,,
11557,Venta de casa con excelente ubicación en Las Colinas,Las Colinas,2,330000,USD,,,133,895.96,"https://discovernica.com/propiedades/detalles/11557/casa en venta en las colinas, acceso a todos los servicios basicos, 1 recepcion, 1 espaco para consultorio, parqueo amplio.",https://discovernica.com/assets/images/properties/57CF145F_487A_481F_BEC5_424418409BEF.jpeg,Mateare,Managua,12.1964007,-86.3692092,village,Mateare,Managua,12.1964007,-86.3692092,village
11990,Preciosa Casa en las Colinas con amplios espacios y piscina ID 11990,las Colinas,46,750000,USD,4,4,465,5248.62,"https://discovernica.com/propiedades/detalles/11990/Casa en las Colinas, acceso a todos los servicios basicos, cuenta con piscina y 4 habitaciones.",https://discovernica.com/assets/images/properties/0E36ADB9_0F5F_47F9_BB43_A4FDE3A6DD37.jpeg,Mateare,Managua,12.1964007,-86.3692092,village,Mateare,Managua,12.1964007,-86.3692092,village
12516,Quinta en Venta en Carretera Masaya,Carretera Masaya,2,280000,USD,6,5,280,2183.05,"https://discovernica.com/propiedades/detalles/12516/Quinta en Venta en Carretera Masaya, $280,000",https://discovernica.com/assets/images/properties/18714959_9de182.jpg,Masaya,,,,,Masaya,,,,
13036,Casa en Construcción en San Isidro de la Cruz Verde,San Isidro de la Cruz Verde,2,205000,USD,3,3,300,2414.84,"https://discovernica.com/propiedades/detalles/13036/Casa en construcción en san isidro de la cruz verde, cuenta con 3 habitaciones, 3 baños, sala, cocina.",https://discovernica.com/assets/images/properties/3f32wf2weg.jpg,Managua,Managua,12.0837637,-86.2613725,administrative,Managua,Managua,12.0837637,-86.2613725,administrative
13115,Casa en venta en Residencial las Colinas,,46,1700000,USD,3,3.5,563.39,17642,"https://discovernica.com/propiedades/detalles/13115/casa en venta en las colinas, 2 plantas, piscina, amplio terreno.",https://discovernica.com/assets/images/properties/DSC_0209.jpg,Managua,Managua,12.1547116,-86.2737250,administrative,Managua,Managua,12.1547116,-86.2737250,administrative
