{"type":"FeatureCollection","features":[{"type":"Feature","properties":{"nombre":"Distrito II"},"geometry":{"type":"Polygon","coordinates":[[[-86.316729,12.129283],[-86.3172411,12.1291909],[-86.3179394,12.1290649],[-86.3182657,12.129041],[-86.318525,12.1290499],[-86.3188483,12.1291454],[-86.3195376,12.1295181],[-86.319865,12.1296109],[-86.3205707,12.1300417],[-86.320934,12.1302675],[-86.3210801,12.130347],[-86.3215995,12.1305529],[-86.3220418,12.1307259],[-86.3228135,12.1311075],[-86.3215004,12.1311037],[-86.3190115,12.1312245],[-86.3166751,12.1312796],[-86.3164376,12.1313011],[-86.3162306,12.1313569],[-86.3159944,12.131475],[-86.3156903,12.1316817],[-86.3159797,12.1323103],[-86.3169253,12.1321225],[-86.3172303,12.1321284],[-86.3176237,12.132194],[-86.3185083,12.1325101],[-86.3190329,12.1326354],[-86.3199917,12.1328591],[-86.3201451,12.1329384],[-86.3204028,12.1331265],[-86.3206932,12.1333785],[-86.3209128,12.1335837],[-86.3211143,12.1338824],[-86.3212667,12.1340937],[-86.3216845,12.1352536],[-86.3218257,12.1355522],[-86.3220014,12.1357779],[-86.3222447,12.1359718],[-86.3225639,12.1361383],[-86.3229672,12.1421564],[-86.3233802,12.1478467],[-86.3229819,12.1478868],[-86.3230429,12.1508816],[-86.3230439,12.1509687],[-86.3229419,12.1510723],[-86.3246537,12.1524624],[-86.3248888,12.1526416],[-86.3251907,12.1528461],[-86.325497,12.1529874],[-86.3257386,12.1530591],[-86.3258126,12.1530744],[-86.326034,12.1531202],[-86.3263144,12.1532425],[-86.3265366,12.1533606],[-86.326763,12.1535398],[-86.3273061,12.1540272],[-86.3279192,12.1546802],[-86.3281538,12.155033],[-86.3259485,12.1597668],[-86.3254625,12.1594682],[-86.3240472,12.15917],[-86.3239239,12.1602627],[-86.3238938,12.16081],[-86.3213115,12.1609994],[-86.320433,12.1613572],[-86.3166997,12.163337],[-86.3165777,12.1638737],[-86.3171511,12.164959],[-86.3169681,12.1659728],[-86.3151136,12.1669388],[-86.3146988,12.1679287],[-86.306622,12.1711727],[-86.3043649,12.1710653],[-86.3030473,12.1703021],[-86.2982647,12.1656746],[-86.2971178,12.1680957],[-86.2946291,12.1697204],[-86.2938214,12.1677779],[-86.2928232,12.1681076],[-86.2915666,12.1676902],[-86.2909321,12.1667122],[-86.2909077,12.1643865],[-86.2890289,12.1629792],[-86.2863309,12.1629532],[-86.2850271,12.1641361],[-86.2868938,12.1648874],[-86.2875892,12.1664975],[-86.2868816,12.1682269],[-86.2846489,12.1689663],[-86.2769117,12.1651013],[-86.2752159,12.1642542],[-86.2762007,12.1629109],[-86.2769085,12.1616917],[-86.2763095,12.1608751],[-86.2761107,12.1606262],[-86.2759339,12.1603707],[-86.2758076,12.1601882],[-86.275615,12.1598911],[-86.2756514,12.1597774],[-86.2757018,12.1596199],[-86.2757199,12.1594009],[-86.2757799,12.1586302],[-86.2757116,12.1586496],[-86.2755592,12.1586686],[-86.2753795,12.1586162],[-86.2752266,12.1584562],[-86.2751381,12.1583015],[-86.2742966,12.1582121],[-86.27412,12.1581934],[-86.2740271,12.1581835],[-86.2739405,12.1581743],[-86.2738548,12.1581652],[-86.273336,12.1581088],[-86.2734284,12.1574188],[-86.2734649,12.1571176],[-86.2734952,12.1568338],[-86.2735104,12.1567159],[-86.2735402,12.1564944],[-86.2735503,12.1564192],[-86.2735645,12.156309],[-86.2735885,12.1561234],[-86.2736679,12.1555267],[-86.2737002,12.1552837],[-86.2737169,12.1551418],[-86.2737717,12.1547585],[-86.2737796,12.1546964],[-86.2737915,12.1546006],[-86.273846,12.1541882],[-86.2738538,12.1541166],[-86.2738596,12.1540559],[-86.2738878,12.1538355],[-86.2739258,12.1535224],[-86.2739619,12.1532131],[-86.2739858,12.1529968],[-86.2740142,12.1527164],[-86.2740445,12.1524539],[-86.2741446,12.1515439],[-86.2741944,12.151099],[-86.2742008,12.1510376],[-86.2742154,12.1509017],[-86.2742238,12.1508257],[-86.2742614,12.1505372],[-86.2743421,12.1498839],[-86.2744418,12.1490584],[-86.2744618,12.1488927],[-86.2744808,12.148746],[-86.2745029,12.1485639],[-86.2745166,12.1484411],[-86.2745578,12.148072],[-86.2745875,12.1477616],[-86.2746237,12.1474315],[-86.2746939,12.1468581],[-86.2747047,12.1467698],[-86.2747037,12.146261],[-86.2747252,12.1455917],[-86.2748096,12.1443892],[-86.2749221,12.1440928],[-86.2749532,12.1438227],[-86.2749617,12.1437147],[-86.2749688,12.1436638],[-86.2749858,12.1435435],[-86.2750559,12.1429437],[-86.2750785,12.1427555],[-86.275107,12.1425176],[-86.2751304,12.1423226],[-86.2751775,12.1419308],[-86.2752293,12.1419406],[-86.2756628,12.1420228],[-86.2761414,12.1421136],[-86.2762119,12.142127],[-86.2762921,12.1421411],[-86.2768187,12.1422338],[-86.2770884,12.1422745],[-86.2773044,12.1422826],[-86.2775332,12.1422694],[-86.2777326,12.1422323],[-86.2779762,12.1421327],[-86.2782702,12.1419912],[-86.2785106,12.1418738],[-86.2788796,12.1417311],[-86.2791629,12.1416724],[-86.2794976,12.1417227],[-86.2800611,12.1418193],[-86.280622,12.1419325],[-86.2815202,12.1420874],[-86.2827016,12.1422906],[-86.2832029,12.1423961],[-86.2835129,12.1424652],[-86.2838305,12.1425156],[-86.2844056,12.1425575],[-86.2845687,12.1425491],[-86.2847918,12.1424904],[-86.285103,12.1423509],[-86.2853852,12.1422034],[-86.2856845,12.142096],[-86.2859248,12.1420541],[-86.2864986,12.1420163],[-86.2868161,12.1419934],[-86.2872042,12.1419912],[-86.2873648,12.142021],[-86.287471,12.1420687],[-86.2875659,12.142109],[-86.2877255,12.1422093],[-86.287892,12.1423578],[-86.2879821,12.1424991],[-86.2880331,12.1426318],[-86.2880533,12.1427963],[-86.2880506,12.1430762],[-86.2880424,12.1432331],[-86.2880361,12.1433133],[-86.2879948,12.1442386],[-86.2879504,12.1451923],[-86.2878989,12.146367],[-86.287895,12.1465994],[-86.2878309,12.1467158],[-86.2878468,12.1468645],[-86.2878533,12.1469257],[-86.2878643,12.1471354],[-86.2884539,12.1466715],[-86.2887709,12.1464245],[-86.289244,12.1460648],[-86.289378,12.1459533],[-86.2898203,12.1455963],[-86.2905311,12.1450478],[-86.2916603,12.1441807],[-86.2918601,12.1440259],[-86.2927472,12.1433385],[-86.2928067,12.1432991],[-86.2929235,12.1432013],[-86.2932209,12.1429689],[-86.2932327,12.1429597],[-86.2933029,12.142905],[-86.2935085,12.1427469],[-86.2935611,12.1427076],[-86.2937054,12.1425997],[-86.2938617,12.1424786],[-86.2940089,12.1423694],[-86.2942221,12.1422111],[-86.2942868,12.1421601],[-86.2945565,12.1419383],[-86.2948844,12.1416654],[-86.2949532,12.1416095],[-86.2951629,12.141445],[-86.2952304,12.1413901],[-86.295297,12.1413413],[-86.2955249,12.1411657],[-86.2955392,12.1411542],[-86.2957265,12.1410087],[-86.2959682,12.140824],[-86.2961647,12.1406739],[-86.2963277,12.1405492],[-86.2964238,12.1404758],[-86.2965056,12.1404133],[-86.2967075,12.1402603],[-86.2968252,12.1401711],[-86.2970764,12.1399822],[-86.2971171,12.1399512],[-86.2973136,12.1398015],[-86.2974963,12.1396721],[-86.2976961,12.1393585],[-86.2978352,12.1391839],[-86.2980037,12.1389458],[-86.298276,12.1385976],[-86.2983267,12.1385156],[-86.2985367,12.1381442],[-86.2987279,12.1377589],[-86.2987603,12.1376967],[-86.2988085,12.1375625],[-86.2988421,12.1374765],[-86.2988991,12.1372985],[-86.299027,12.1368234],[-86.2991119,12.1363748],[-86.2991871,12.1359853],[-86.2992536,12.1356182],[-86.299423,12.1347205],[-86.2994641,12.1344631],[-86.2994859,12.1343451],[-86.299548,12.1340301],[-86.2995952,12.1337398],[-86.2996082,12.1336778],[-86.2996423,12.1334287],[-86.2996895,12.1331386],[-86.2997034,12.1330545],[-86.2996917,12.1329402],[-86.2996906,12.1328242],[-86.2996969,12.1327095],[-86.2997392,12.1325128],[-86.2997988,12.1323199],[-86.2999203,12.1320319],[-86.3000393,12.1317688],[-86.3000976,12.1316528],[-86.3001127,12.1316227],[-86.3001503,12.131549],[-86.3001968,12.1314668],[-86.3002815,12.1313199],[-86.3003421,12.1312232],[-86.3000732,12.1310581],[-86.3001627,12.1309362],[-86.3004034,12.1306081],[-86.3005631,12.1303868],[-86.3007799,12.1300504],[-86.3008776,12.1299124],[-86.301101,12.1295114],[-86.3011739,12.129392],[-86.3012781,12.1292779],[-86.3014388,12.1291619],[-86.3015878,12.1290797],[-86.3016941,12.1290137],[-86.3019602,12.1288543],[-86.3024151,12.1286697],[-86.3027241,12.1284934],[-86.3029301,12.1282836],[-86.3033249,12.1279312],[-86.3038485,12.1275536],[-86.3040743,12.1273851],[-86.3045071,12.1271677],[-86.3051554,12.12678],[-86.3055954,12.126631],[-86.3060379,12.1264756],[-86.3062271,12.1264248],[-86.3063992,12.1263898],[-86.3067026,12.1263331],[-86.3069011,12.1263206],[-86.307104,12.1263215],[-86.3076127,12.1263606],[-86.3081386,12.1264272],[-86.3084385,12.1265198],[-86.3086933,12.1266081],[-86.3089111,12.1267041],[-86.3092225,12.126868],[-86.3095131,12.1270572],[-86.3098983,12.1273838],[-86.3101889,12.1276779],[-86.3103874,12.1278995],[-86.3105613,12.1281561],[-86.3107547,12.128451],[-86.3109789,12.1287133],[-86.3110204,12.1287694],[-86.3112783,12.1288819],[-86.3112299,12.1290126],[-86.3118931,12.1291186],[-86.3123382,12.1292194],[-86.3124704,12.1292526],[-86.3125782,12.1292796],[-86.3129778,12.1294272],[-86.3131744,12.1294818],[-86.3133911,12.1295212],[-86.313536,12.1295223],[-86.3136099,12.1295016],[-86.3137542,12.1294613],[-86.3142537,12.1293539],[-86.314666,12.1292623],[-86.3147976,12.1292331],[-86.3150915,12.1291714],[-86.3152043,12.1291751],[-86.3158301,12.129256],[-86.3162331,12.1293028],[-86.3163731,12.1293259],[-86.316729,12.129283]],[]]}},{"type":"Feature","properties":{"nombre":"Distrito I"},"geometry":{"type":"Polygon","coordinates":[[[-86.273336,12.1581088],[-86.2738548,12.1581652],[-86.2739405,12.1581743],[-86.2740271,12.1581835],[-86.27412,12.1581934],[-86.2742966,12.1582121],[-86.2751381,12.1583015],[-86.2752266,12.1584562],[-86.2753795,12.1586162],[-86.2755592,12.1586686],[-86.2757116,12.1586496],[-86.2757799,12.1586302],[-86.2757199,12.1594009],[-86.2757018,12.1596199],[-86.2756514,12.1597774],[-86.275615,12.1598911],[-86.2758076,12.1601882],[-86.2759339,12.1603707],[-86.2761107,12.1606262],[-86.2763095,12.1608751],[-86.2769085,12.1616917],[-86.2762007,12.1629109],[-86.2752159,12.1642542],[-86.2682725,12.1603425],[-86.2583581,12.1582172],[-86.2583721,12.1569668],[-86.2585911,12.1545636],[-86.2589382,12.1545817],[-86.2589874,12.1537833],[-86.2592705,12.1535832],[-86.2591309,12.1535706],[-86.2585413,12.1535133],[-86.2585947,12.1532285],[-86.2586378,12.1529984],[-86.2587238,12.1525403],[-86.2587279,12.152521],[-86.2587341,12.1524917],[-86.2588597,12.1519067],[-86.2590959,12.151048],[-86.2592416,12.1504252],[-86.2592959,12.1504273],[-86.2593459,12.1504293],[-86.259541,12.1504369],[-86.2595759,12.1504383],[-86.259637,12.1504407],[-86.2597916,12.1504468],[-86.2599419,12.1504527],[-86.2599936,12.1504547],[-86.2600661,12.1504575],[-86.2601319,12.1504601],[-86.2603,12.1504446],[-86.2606072,12.1504591],[-86.26104,12.1504872],[-86.2619102,12.150523],[-86.262493,12.1505505],[-86.2628585,12.1505679],[-86.2634071,12.1505759],[-86.2637175,12.1505695],[-86.2646743,12.1505302],[-86.2647261,12.1503519],[-86.2649005,12.1497513],[-86.2649328,12.1496401],[-86.2642475,12.1490315],[-86.2641853,12.1489898],[-86.2641713,12.1489791],[-86.2640723,12.148897],[-86.2635111,12.1483519],[-86.2626462,12.1476174],[-86.2621275,12.1470708],[-86.2616175,12.1465759],[-86.2614187,12.1464346],[-86.2609687,12.1460175],[-86.2608107,12.145871],[-86.2606729,12.1456878],[-86.2605983,12.1455803],[-86.2605308,12.1454282],[-86.2605002,12.1453666],[-86.2604507,12.1452671],[-86.2603593,12.1450129],[-86.2602565,12.1447041],[-86.2601416,12.1443383],[-86.2599438,12.1436363],[-86.2597868,12.1429523],[-86.2597848,12.1426427],[-86.259782,12.1422992],[-86.2597758,12.1421515],[-86.2597509,12.1416252],[-86.2596877,12.1411085],[-86.2596334,12.1408127],[-86.2595665,12.1404193],[-86.2595357,12.1402116],[-86.2595024,12.1400398],[-86.2593704,12.1394964],[-86.2592599,12.1391248],[-86.2592423,12.1390656],[-86.259221,12.138994],[-86.259212,12.1389639],[-86.2591586,12.1387702],[-86.2590872,12.1385176],[-86.2590706,12.1384591],[-86.2588753,12.1378307],[-86.2587938,12.1375098],[-86.2587983,12.1374488],[-86.2587097,12.1371852],[-86.2586417,12.13692],[-86.2585234,12.1364586],[-86.2584809,12.1362936],[-86.2583534,12.1357985],[-86.2581864,12.1352124],[-86.2579449,12.1343575],[-86.2578798,12.134126],[-86.2578417,12.1339933],[-86.2578142,12.1338511],[-86.2577555,12.133794],[-86.2576262,12.1333807],[-86.2575952,12.1332815],[-86.2575106,12.133076],[-86.2574722,12.133012],[-86.2574156,12.1329286],[-86.2573846,12.1329205],[-86.2571628,12.1329542],[-86.2570306,12.1330076],[-86.2569207,12.1330586],[-86.2567591,12.1331436],[-86.2564989,12.1332879],[-86.2562715,12.1334389],[-86.2560888,12.1335315],[-86.2556005,12.1340394],[-86.2555768,12.1340637],[-86.2553383,12.1343064],[-86.2551773,12.1344766],[-86.2550384,12.1346241],[-86.2549687,12.1347003],[-86.2548432,12.1348459],[-86.2547324,12.1349578],[-86.254552,12.1351244],[-86.2542919,12.1352976],[-86.2532395,12.1359265],[-86.2523139,12.1365037],[-86.2511966,12.1371813],[-86.2508438,12.1365122],[-86.2505894,12.1363206],[-86.2467769,12.1359574],[-86.2460749,12.136167],[-86.245175,12.1362338],[-86.2452244,12.1353563],[-86.2452541,12.1351868],[-86.2453121,12.1349342],[-86.2454058,12.1345156],[-86.2457663,12.1332327],[-86.2458063,12.1328251],[-86.245738,12.1321548],[-86.2457757,12.1319038],[-86.2458746,12.1317011],[-86.2458982,12.1316527],[-86.2459615,12.1315641],[-86.2467783,12.1304203],[-86.2469825,12.1305849],[-86.247022,12.1306148],[-86.2477864,12.1312712],[-86.2479569,12.13113],[-86.2479314,12.1310606],[-86.2478519,12.1307559],[-86.2478333,12.1305672],[-86.2478373,12.1304311],[-86.247862,12.1302445],[-86.2478705,12.129455],[-86.2477199,12.1289552],[-86.2476809,12.1285652],[-86.2476809,12.1281842],[-86.2476809,12.1277261],[-86.2477496,12.1271974],[-86.2477324,12.1269541],[-86.2473467,12.1260304],[-86.2472954,12.1259369],[-86.2467196,12.1248729],[-86.2463591,12.1242352],[-86.2462539,12.1241266],[-86.2461272,12.1240032],[-86.2454322,12.1233625],[-86.2453807,12.1232534],[-86.2453292,12.123052],[-86.2451833,12.1229261],[-86.2449515,12.1226072],[-86.244694,12.1222967],[-86.2446097,12.1222109],[-86.244601,12.1220753],[-86.2445983,12.1220331],[-86.2446284,12.1218101],[-86.2446353,12.121676],[-86.2466782,12.1201575],[-86.2498274,12.1178203],[-86.2511787,12.1168391],[-86.2515115,12.1167701],[-86.251572,12.1167659],[-86.2521236,12.116725],[-86.2524794,12.1166926],[-86.2533941,12.1166828],[-86.2543341,12.1166671],[-86.2550348,12.1166412],[-86.2551579,12.1166339],[-86.255152,12.116711],[-86.2556303,12.116711],[-86.2555821,12.1164584],[-86.2554337,12.1157879],[-86.2550184,12.1148639],[-86.2548582,12.1145942],[-86.2546403,12.1140287],[-86.2552854,12.1134739],[-86.2551387,12.1133909],[-86.253646,12.1115109],[-86.2522258,12.1099398],[-86.251984,12.1096754],[-86.2492026,12.106616],[-86.2485775,12.1065457],[-86.2485461,12.1059306],[-86.2456352,12.1026821],[-86.2431167,12.0999212],[-86.2392685,12.0956617],[-86.2384882,12.0948091],[-86.2379073,12.0941694],[-86.2351753,12.0911608],[-86.2352291,12.0911098],[-86.2354203,12.0908229],[-86.2355405,12.0906968],[-86.2357281,12.090615],[-86.2358901,12.0906046],[-86.2364271,12.0906402],[-86.2364955,12.0906296],[-86.2365349,12.0905969],[-86.2365595,12.0905423],[-86.2366475,12.0901984],[-86.2367803,12.0898867],[-86.2369952,12.0894558],[-86.2371234,12.0892542],[-86.2371722,12.0891673],[-86.2373755,12.0888884],[-86.2376356,12.0885041],[-86.2378158,12.0882121],[-86.2379679,12.0878768],[-86.2380673,12.0875946],[-86.2381302,12.0873922],[-86.2382896,12.0874045],[-86.2385817,12.0882145],[-86.2418658,12.0885462],[-86.2418752,12.0886937],[-86.242304,12.0887144],[-86.2426125,12.088377],[-86.2427009,12.0884801],[-86.2428276,12.088571],[-86.2428966,12.088606],[-86.2429859,12.0886293],[-86.2431491,12.0886426],[-86.2432862,12.0886388],[-86.2434376,12.088627],[-86.2435799,12.0886277],[-86.2437291,12.0886412],[-86.2439028,12.0886838],[-86.2440199,12.0887377],[-86.2441278,12.0888058],[-86.2443084,12.0889681],[-86.2445172,12.0892113],[-86.2445547,12.0892644],[-86.2446022,12.0893662],[-86.244646,12.0895132],[-86.2446519,12.089533],[-86.2446955,12.0896587],[-86.2447412,12.0897611],[-86.2447653,12.089807],[-86.2459049,12.0896024],[-86.2460793,12.0884598],[-86.2466294,12.0884783],[-86.2473167,12.0858798],[-86.2467984,12.0857231],[-86.2464121,12.0854559],[-86.2456488,12.0852532],[-86.2453425,12.0868842],[-86.2441599,12.0865847],[-86.2449043,12.0836426],[-86.2454674,12.0836967],[-86.2455463,12.0832705],[-86.2453376,12.0829749],[-86.2449964,12.0824532],[-86.2449479,12.0823809],[-86.244784,12.0821371],[-86.2447026,12.0819471],[-86.2444835,12.0816901],[-86.2432308,12.0824263],[-86.243314,12.0818367],[-86.24354,12.0814984],[-86.24358,12.0811205],[-86.2433201,12.0794394],[-86.2436608,12.07873],[-86.2440888,12.0768831],[-86.2444536,12.0765837],[-86.2449104,12.0762573],[-86.2451374,12.0761159],[-86.2454228,12.0755701],[-86.2456347,12.0752992],[-86.245752,12.0752303],[-86.2458692,12.0752193],[-86.2459509,12.074842],[-86.2460428,12.0746147],[-86.2461212,12.0743795],[-86.2461734,12.0742444],[-86.2463108,12.0741805],[-86.2470552,12.0742542],[-86.2471094,12.0741275],[-86.2493426,12.0741407],[-86.2507095,12.0744836],[-86.2509056,12.0745302],[-86.2517964,12.074742],[-86.2518209,12.0745129],[-86.2520447,12.0734332],[-86.2522304,12.072537],[-86.2510166,12.0725412],[-86.250867,12.0725417],[-86.2506734,12.0725424],[-86.2495542,12.0725462],[-86.2498416,12.0708368],[-86.2508528,12.0708165],[-86.2530597,12.0707723],[-86.2528548,12.0696372],[-86.2528187,12.0694375],[-86.2528703,12.0690238],[-86.2535633,12.0681115],[-86.2536905,12.0675365],[-86.2520916,12.0674685],[-86.250994,12.0674218],[-86.2494865,12.0673577],[-86.2488318,12.0673298],[-86.249393,12.0646232],[-86.2516195,12.0590662],[-86.2539456,12.0595114],[-86.254452,12.0574359],[-86.2549453,12.0569116],[-86.256457,12.0528574],[-86.2578043,12.0531061],[-86.2580476,12.0515387],[-86.2580707,12.05139],[-86.260952,12.0512738],[-86.2611603,12.052266],[-86.2615836,12.0522923],[-86.2619934,12.0524566],[-86.2620337,12.051241],[-86.2624234,12.0513198],[-86.2627162,12.0520149],[-86.2629585,12.0517454],[-86.2628949,12.051468],[-86.2621653,12.0497473],[-86.26247,12.0489405],[-86.2628426,12.0486765],[-86.2631454,12.0481258],[-86.2629885,12.0476805],[-86.2630812,12.0476352],[-86.2631676,12.0474721],[-86.2633899,12.0473091],[-86.2636491,12.047257],[-86.2636781,12.046905],[-86.2628326,12.046355],[-86.2628841,12.0459891],[-86.2632886,12.0454785],[-86.2629314,12.044924],[-86.2629764,12.0445618],[-86.2632768,12.0439487],[-86.2632318,12.0432032],[-86.2629405,12.0421811],[-86.2629335,12.0418606],[-86.2632961,12.0402023],[-86.2641244,12.0376006],[-86.2641766,12.0365047],[-86.2644326,12.0333718],[-86.2650323,12.0333849],[-86.2674445,12.0346883],[-86.2678176,12.0366303],[-86.2686572,12.0366824],[-86.2693502,12.0360568],[-86.2704696,12.0360308],[-86.2706429,12.0370083],[-86.2718551,12.0372034],[-86.271869,12.0400191],[-86.2747097,12.0398627],[-86.2755169,12.0425828],[-86.276365,12.044297],[-86.2756299,12.0459927],[-86.2759126,12.0466379],[-86.2758373,12.0473383],[-86.2763838,12.0478544],[-86.2763188,12.0506443],[-86.2780553,12.0620931],[-86.2759067,12.0623603],[-86.2769622,12.0692165],[-86.2782438,12.0689677],[-86.2786135,12.0701747],[-86.2788846,12.0710595],[-86.2791767,12.0710227],[-86.279318,12.0726261],[-86.2783851,12.0727367],[-86.2787903,12.0744875],[-86.2788745,12.075469],[-86.2789093,12.075875],[-86.2789223,12.0760264],[-86.2790983,12.076715],[-86.279629,12.0787909],[-86.2827953,12.0788001],[-86.2834084,12.0804671],[-86.283568,12.0809011],[-86.2820414,12.0810393],[-86.2825409,12.0827624],[-86.2824749,12.0837208],[-86.2831345,12.0857388],[-86.2819943,12.0868814],[-86.282005,12.086921],[-86.2824361,12.0885136],[-86.2829272,12.0903276],[-86.2837659,12.0900696],[-86.2839713,12.0909855],[-86.2841675,12.0918602],[-86.2845185,12.0934252],[-86.2818965,12.0930037],[-86.281921,12.0931887],[-86.2818516,12.0939325],[-86.2817822,12.0946492],[-86.281773,12.0948841],[-86.2817476,12.0955304],[-86.2818188,12.0957087],[-86.2819423,12.0959066],[-86.2819853,12.0967312],[-86.2820713,12.0969375],[-86.2822032,12.0972541],[-86.2824276,12.0978238],[-86.2825583,12.0979989],[-86.2829201,12.0982633],[-86.2833767,12.09868],[-86.2835754,12.0991615],[-86.2837432,12.0997719],[-86.2837135,12.1001495],[-86.2833373,12.1011681],[-86.2832427,12.1012726],[-86.2832245,12.1012976],[-86.2830042,12.1021153],[-86.2830272,12.1023446],[-86.2830244,12.1024897],[-86.2830042,12.102609],[-86.2830255,12.103045],[-86.2830055,12.1038236],[-86.2830155,12.1041477],[-86.2830131,12.104229],[-86.2829297,12.1050055],[-86.2828966,12.1053137],[-86.2834946,12.1053663],[-86.2834757,12.1048756],[-86.2837019,12.1048848],[-86.2837043,12.1053893],[-86.284444,12.1054216],[-86.2844275,12.1052879],[-86.2847997,12.1052995],[-86.2847974,12.1056127],[-86.2862533,12.1058849],[-86.2865315,12.1060608],[-86.2867364,12.1062953],[-86.2867753,12.1064266],[-86.2867788,12.1066085],[-86.2867081,12.1068562],[-86.2866799,12.1071487],[-86.2867105,12.1072858],[-86.2867871,12.1075322],[-86.2868719,12.1077303],[-86.2869984,12.1078904],[-86.2878324,12.1077015],[-86.2876533,12.1069137],[-86.2881104,12.1067318],[-86.2883224,12.1071556],[-86.2895993,12.1065567],[-86.289882,12.1074896],[-86.2902095,12.1080171],[-86.2902919,12.1079756],[-86.2902943,12.1081231],[-86.2905204,12.1084824],[-86.2909273,12.1084217],[-86.2911678,12.1083858],[-86.2911329,12.1086976],[-86.2910688,12.1091793],[-86.2910659,12.1099019],[-86.2910988,12.1104943],[-86.2911136,12.1106558],[-86.2911619,12.1109311],[-86.291176,12.1110301],[-86.2912231,12.1114125],[-86.2912267,12.1115772],[-86.2912137,12.1118294],[-86.2911901,12.1121369],[-86.2911666,12.1123062],[-86.2911002,12.1127102],[-86.2910489,12.1130189],[-86.2910324,12.1131099],[-86.290971,12.1134191],[-86.2908462,12.1145331],[-86.2907755,12.1152265],[-86.2907237,12.1158875],[-86.2907331,12.1164288],[-86.2907543,12.1165739],[-86.2908528,12.1171232],[-86.2909368,12.1173656],[-86.2909197,12.1176914],[-86.2909172,12.1177398],[-86.2909192,12.1178811],[-86.2907928,12.1179893],[-86.2905596,12.1181261],[-86.2904899,12.1181791],[-86.2904397,12.1182173],[-86.2901881,12.1184861],[-86.2899557,12.118811],[-86.2897545,12.1191272],[-86.2897184,12.1191942],[-86.2896293,12.1193592],[-86.2892362,12.1201939],[-86.2891499,12.1203771],[-86.289021,12.1207078],[-86.2889268,12.1210484],[-86.2889402,12.1213444],[-86.2890126,12.1216359],[-86.2891769,12.1218963],[-86.2891314,12.1226078],[-86.2890607,12.1232699],[-86.2889394,12.1237295],[-86.288904,12.1242483],[-86.2888332,12.1249252],[-86.2889473,12.1256922],[-86.2889788,12.1259643],[-86.2889908,12.1261061],[-86.2889828,12.1262841],[-86.2889242,12.126709],[-86.2887827,12.1269907],[-86.2886766,12.1272377],[-86.2885199,12.1276923],[-86.2883348,12.1282805],[-86.2882166,12.1285719],[-86.2878477,12.1293081],[-86.2876405,12.1295947],[-86.2873575,12.1298763],[-86.2871806,12.1301629],[-86.2869724,12.1305496],[-86.2867712,12.131077],[-86.2863113,12.1318824],[-86.2861597,12.132253],[-86.2859828,12.1327125],[-86.2859198,12.1331544],[-86.2858913,12.1333913],[-86.2858225,12.1341615],[-86.285665,12.1341702],[-86.2855984,12.1350163],[-86.2856605,12.135038],[-86.2855363,12.1357815],[-86.2862256,12.1361574],[-86.286419,12.1362628],[-86.2869147,12.1365489],[-86.2873841,12.1367988],[-86.2874349,12.1368303],[-86.2877109,12.1369862],[-86.2879078,12.1371023],[-86.2882205,12.1372701],[-86.2883071,12.137322],[-86.2882588,12.1378776],[-86.2881847,12.1387302],[-86.2881073,12.1396204],[-86.2879762,12.1400851],[-86.2879418,12.1402424],[-86.2879473,12.1404149],[-86.2880061,12.1407088],[-86.2880084,12.1408455],[-86.2879973,12.1409996],[-86.2879573,12.1411341],[-86.2877759,12.1414963],[-86.287471,12.1420687],[-86.2873648,12.142021],[-86.2872042,12.1419912],[-86.2868161,12.1419934],[-86.2864986,12.1420163],[-86.2859248,12.1420541],[-86.2856845,12.142096],[-86.2853852,12.1422034],[-86.285103,12.1423509],[-86.2847918,12.1424904],[-86.2845687,12.1425491],[-86.2844056,12.1425575],[-86.2838305,12.1425156],[-86.2835129,12.1424652],[-86.2832029,12.1423961],[-86.2827016,12.1422906],[-86.2815202,12.1420874],[-86.280622,12.1419325],[-86.2800611,12.1418193],[-86.2794976,12.1417227],[-86.2791629,12.1416724],[-86.2788796,12.1417311],[-86.2785106,12.1418738],[-86.2782702,12.1419912],[-86.2779762,12.1421327],[-86.2777326,12.1422323],[-86.2775332,12.1422694],[-86.2773044,12.1422826],[-86.2770884,12.1422745],[-86.2768187,12.1422338],[-86.2762921,12.1421411],[-86.2762119,12.142127],[-86.2761414,12.1421136],[-86.2756628,12.1420228],[-86.2752293,12.1419406],[-86.2751775,12.1419308],[-86.2751304,12.1423226],[-86.275107,12.1425176],[-86.2750785,12.1427555],[-86.2750559,12.1429437],[-86.2749858,12.1435435],[-86.2749688,12.1436638],[-86.2749617,12.1437147],[-86.2749532,12.1438227],[-86.2749221,12.1440928],[-86.2748096,12.1443892],[-86.2747252,12.1455917],[-86.2747037,12.146261],[-86.2747047,12.1467698],[-86.2746939,12.1468581],[-86.2746237,12.1474315],[-86.2745875,12.1477616],[-86.2745578,12.148072],[-86.2745166,12.1484411],[-86.2745029,12.1485639],[-86.2744808,12.148746],[-86.2744618,12.1488927],[-86.2744418,12.1490584],[-86.2743421,12.1498839],[-86.2742614,12.1505372],[-86.2742238,12.1508257],[-86.2742154,12.1509017],[-86.2742008,12.1510376],[-86.2741944,12.151099],[-86.2741446,12.1515439],[-86.2740445,12.1524539],[-86.2740142,12.1527164],[-86.2739858,12.1529968],[-86.2739619,12.1532131],[-86.2739258,12.1535224],[-86.2738878,12.1538355],[-86.2738596,12.1540559],[-86.2738538,12.1541166],[-86.273846,12.1541882],[-86.2737915,12.1546006],[-86.2737796,12.1546964],[-86.2737717,12.1547585],[-86.2737169,12.1551418],[-86.2737002,12.1552837],[-86.2736679,12.1555267],[-86.2735885,12.1561234],[-86.2735645,12.156309],[-86.2735503,12.1564192],[-86.2735402,12.1564944],[-86.2735104,12.1567159],[-86.2734952,12.1568338],[-86.2734649,12.1571176],[-86.2734284,12.1574188],[-86.273336,12.1581088]],[]]}},{"type":"Feature","properties":{"nombre":"Distrito III"},"geometry":{"type":"Polygon","coordinates":[[[-86.2996969,12.1327095],[-86.2996906,12.1328242],[-86.2996917,12.1329402],[-86.2997034,12.1330545],[-86.2996895,12.1331386],[-86.2996423,12.1334287],[-86.2996082,12.1336778],[-86.2995952,12.1337398],[-86.299548,12.1340301],[-86.2994859,12.1343451],[-86.2994641,12.1344631],[-86.299423,12.1347205],[-86.2992536,12.1356182],[-86.2991871,12.1359853],[-86.2991119,12.1363748],[-86.299027,12.1368234],[-86.2988991,12.1372985],[-86.2988421,12.1374765],[-86.2988085,12.1375625],[-86.2987603,12.1376967],[-86.2987279,12.1377589],[-86.2985367,12.1381442],[-86.2983267,12.1385156],[-86.298276,12.1385976],[-86.2980037,12.1389458],[-86.2978352,12.1391839],[-86.2976961,12.1393585],[-86.2974963,12.1396721],[-86.2973136,12.1398015],[-86.2971171,12.1399512],[-86.2970764,12.1399822],[-86.2968252,12.1401711],[-86.2967075,12.1402603],[-86.2965056,12.1404133],[-86.2964238,12.1404758],[-86.2963277,12.1405492],[-86.2961647,12.1406739],[-86.2959682,12.140824],[-86.2957265,12.1410087],[-86.2955392,12.1411542],[-86.2955249,12.1411657],[-86.295297,12.1413413],[-86.2952304,12.1413901],[-86.2951629,12.141445],[-86.2949532,12.1416095],[-86.2948844,12.1416654],[-86.2945565,12.1419383],[-86.2942868,12.1421601],[-86.2942221,12.1422111],[-86.2940089,12.1423694],[-86.2938617,12.1424786],[-86.2937054,12.1425997],[-86.2935611,12.1427076],[-86.2935085,12.1427469],[-86.2933029,12.142905],[-86.2932327,12.1429597],[-86.2932209,12.1429689],[-86.2929235,12.1432013],[-86.2928067,12.1432991],[-86.2927472,12.1433385],[-86.2918601,12.1440259],[-86.2916603,12.1441807],[-86.2905311,12.1450478],[-86.2898203,12.1455963],[-86.289378,12.1459533],[-86.289244,12.1460648],[-86.2887709,12.1464245],[-86.2884539,12.1466715],[-86.2878643,12.1471354],[-86.2878533,12.1469257],[-86.2878468,12.1468645],[-86.2878309,12.1467158],[-86.287895,12.1465994],[-86.2878989,12.146367],[-86.2879504,12.1451923],[-86.2879948,12.1442386],[-86.2880361,12.1433133],[-86.2880424,12.1432331],[-86.2880506,12.1430762],[-86.2880533,12.1427963],[-86.2880331,12.1426318],[-86.2879821,12.1424991],[-86.287892,12.1423578],[-86.2877255,12.1422093],[-86.2875659,12.142109],[-86.287471,12.1420687],[-86.2877759,12.1414963],[-86.2879573,12.1411341],[-86.2879973,12.1409996],[-86.2880084,12.1408455],[-86.2880061,12.1407088],[-86.2879473,12.1404149],[-86.2879418,12.1402424],[-86.2879762,12.1400851],[-86.2881073,12.1396204],[-86.2881847,12.1387302],[-86.2882588,12.1378776],[-86.2883071,12.137322],[-86.2882205,12.1372701],[-86.2879078,12.1371023],[-86.2877109,12.1369862],[-86.2874349,12.1368303],[-86.2873841,12.1367988],[-86.2869147,12.1365489],[-86.286419,12.1362628],[-86.2862256,12.1361574],[-86.2855363,12.1357815],[-86.2856605,12.135038],[-86.2855984,12.1350163],[-86.285665,12.1341702],[-86.2858225,12.1341615],[-86.2858913,12.1333913],[-86.2859198,12.1331544],[-86.2859828,12.1327125],[-86.2861597,12.132253],[-86.2863113,12.1318824],[-86.2867712,12.131077],[-86.2869724,12.1305496],[-86.2871806,12.1301629],[-86.2873575,12.1298763],[-86.2876405,12.1295947],[-86.2878477,12.1293081],[-86.2882166,12.1285719],[-86.2883348,12.1282805],[-86.2885199,12.1276923],[-86.2886766,12.1272377],[-86.2887827,12.1269907],[-86.2889242,12.126709],[-86.2889828,12.1262841],[-86.2889908,12.1261061],[-86.2889788,12.1259643],[-86.2889473,12.1256922],[-86.2888332,12.1249252],[-86.288904,12.1242483],[-86.2889394,12.1237295],[-86.2890607,12.1232699],[-86.2891314,12.1226078],[-86.2891769,12.1218963],[-86.2890126,12.1216359],[-86.2889402,12.1213444],[-86.2889268,12.1210484],[-86.289021,12.1207078],[-86.2891499,12.1203771],[-86.2892362,12.1201939],[-86.2896293,12.1193592],[-86.2897184,12.1191942],[-86.2897545,12.1191272],[-86.2899557,12.118811],[-86.2901881,12.1184861],[-86.2904397,12.1182173],[-86.2904899,12.1181791],[-86.2905596,12.1181261],[-86.2907928,12.1179893],[-86.2909192,12.1178811],[-86.2909172,12.1177398],[-86.2909197,12.1176914],[-86.2909368,12.1173656],[-86.2908528,12.1171232],[-86.2907543,12.1165739],[-86.2907331,12.1164288],[-86.2907237,12.1158875],[-86.2907755,12.1152265],[-86.2908462,12.1145331],[-86.290971,12.1134191],[-86.2910324,12.1131099],[-86.2910489,12.1130189],[-86.2911002,12.1127102],[-86.2911666,12.1123062],[-86.2911901,12.1121369],[-86.2912137,12.1118294],[-86.2912267,12.1115772],[-86.2912231,12.1114125],[-86.291176,12.1110301],[-86.2911619,12.1109311],[-86.2911136,12.1106558],[-86.2910988,12.1104943],[-86.2910659,12.1099019],[-86.2910688,12.1091793],[-86.2911329,12.1086976],[-86.2911678,12.1083858],[-86.2909273,12.1084217],[-86.2905204,12.1084824],[-86.2902943,12.1081231],[-86.2902919,12.1079756],[-86.2902095,12.1080171],[-86.289882,12.1074896],[-86.2895993,12.1065567],[-86.2883224,12.1071556],[-86.2881104,12.1067318],[-86.2876533,12.1069137],[-86.2878324,12.1077015],[-86.2869984,12.1078904],[-86.2868719,12.1077303],[-86.2867871,12.1075322],[-86.2867105,12.1072858],[-86.2866799,12.1071487],[-86.2867081,12.1068562],[-86.2867788,12.1066085],[-86.2867753,12.1064266],[-86.2867364,12.1062953],[-86.2865315,12.1060608],[-86.2862533,12.1058849],[-86.2847974,12.1056127],[-86.2847997,12.1052995],[-86.2844275,12.1052879],[-86.284444,12.1054216],[-86.2837043,12.1053893],[-86.2837019,12.1048848],[-86.2834757,12.1048756],[-86.2834946,12.1053663],[-86.2828966,12.1053137],[-86.2829297,12.1050055],[-86.2830131,12.104229],[-86.2830155,12.1041477],[-86.2830055,12.1038236],[-86.2830255,12.103045],[-86.2830042,12.102609],[-86.2830244,12.1024897],[-86.2830272,12.1023446],[-86.2830042,12.1021153],[-86.2832245,12.1012976],[-86.2832427,12.1012726],[-86.2833373,12.1011681],[-86.2837135,12.1001495],[-86.2837432,12.0997719],[-86.2835754,12.0991615],[-86.2833767,12.09868],[-86.2829201,12.0982633],[-86.2825583,12.0979989],[-86.2824276,12.0978238],[-86.2822032,12.0972541],[-86.2820713,12.0969375],[-86.2819853,12.0967312],[-86.2819423,12.0959066],[-86.2818188,12.0957087],[-86.2817476,12.0955304],[-86.281773,12.0948841],[-86.2817822,12.0946492],[-86.2818516,12.0939325],[-86.281921,12.0931887],[-86.2818965,12.0930037],[-86.2845185,12.0934252],[-86.2841675,12.0918602],[-86.2839713,12.0909855],[-86.2837659,12.0900696],[-86.2829272,12.0903276],[-86.2824361,12.0885136],[-86.282005,12.086921],[-86.2819943,12.0868814],[-86.2831345,12.0857388],[-86.2824749,12.0837208],[-86.2825409,12.0827624],[-86.2820414,12.0810393],[-86.283568,12.0809011],[-86.2834084,12.0804671],[-86.2827953,12.0788001],[-86.279629,12.0787909],[-86.2790983,12.076715],[-86.2789223,12.0760264],[-86.2789093,12.075875],[-86.2788745,12.075469],[-86.2787903,12.0744875],[-86.2783851,12.0727367],[-86.279318,12.0726261],[-86.2791767,12.0710227],[-86.2788846,12.0710595],[-86.2786135,12.0701747],[-86.2782438,12.0689677],[-86.2769622,12.0692165],[-86.2759067,12.0623603],[-86.2780553,12.0620931],[-86.2763188,12.0506443],[-86.2763838,12.0478544],[-86.2758373,12.0473383],[-86.2759126,12.0466379],[-86.2756299,12.0459927],[-86.276365,12.044297],[-86.2755169,12.0425828],[-86.2747097,12.0398627],[-86.2746472,12.0376925],[-86.2778363,12.0375093],[-86.2778662,12.0386405],[-86.2782106,12.0398522],[-86.2796593,12.0395661],[-86.2801196,12.0394752],[-86.2802019,12.0389041],[-86.2812912,12.0380108],[-86.2838141,12.0379669],[-86.2836344,12.0392006],[-86.2847612,12.0392848],[-86.2847972,12.0394045],[-86.2849259,12.0398872],[-86.2849474,12.0402649],[-86.2848616,12.0407056],[-86.2847543,12.0409994],[-86.2846255,12.0411673],[-86.2844324,12.041566],[-86.2843251,12.0419857],[-86.2841535,12.042332],[-86.2840145,12.0426363],[-86.2843589,12.045102],[-86.2860423,12.0455213],[-86.2861905,12.0451848],[-86.2861931,12.0451229],[-86.2862064,12.0448017],[-86.2884667,12.0451796],[-86.2923883,12.0453381],[-86.2926752,12.0477837],[-86.293374,12.0478717],[-86.2934639,12.048612],[-86.2947925,12.0484198],[-86.2953731,12.0483354],[-86.2952502,12.0479184],[-86.2951604,12.0475688],[-86.2951323,12.0473949],[-86.2950949,12.0472649],[-86.2949807,12.0469867],[-86.2949358,12.046844],[-86.2948965,12.0466591],[-86.2948684,12.0464523],[-86.2948459,12.046326],[-86.2973838,12.0458061],[-86.2993254,12.0508385],[-86.2994154,12.0512113],[-86.2993625,12.0515115],[-86.2992089,12.0516979],[-86.2991031,12.0518532],[-86.2990395,12.0519775],[-86.2990342,12.0521845],[-86.2991242,12.052314],[-86.2992725,12.0523761],[-86.2994895,12.052433],[-86.2995689,12.0525107],[-86.2997065,12.0527126],[-86.2998442,12.0528317],[-86.29995,12.0528679],[-86.30004,12.0527488],[-86.3000718,12.052666],[-86.3001618,12.0525832],[-86.3002677,12.052578],[-86.3003788,12.0526763],[-86.3003841,12.0527592],[-86.3003788,12.0529145],[-86.3004847,12.0530232],[-86.3006435,12.0530128],[-86.3007864,12.0528886],[-86.3009347,12.0528368],[-86.3010776,12.0528265],[-86.3012099,12.0528731],[-86.301337,12.0529404],[-86.301374,12.052987],[-86.3014667,12.0529921],[-86.301509,12.05293],[-86.301652,12.0528627],[-86.3021813,12.0527644],[-86.302528,12.0527178],[-86.3028748,12.0525935],[-86.3042075,12.0525857],[-86.3042864,12.0527007],[-86.3044346,12.053031],[-86.3045577,12.0532009],[-86.3046783,12.0533637],[-86.3049322,12.0539522],[-86.3050686,12.0544365],[-86.3063192,12.0548915],[-86.306279,12.0549308],[-86.3062254,12.0549859],[-86.3062012,12.0551197],[-86.3061985,12.0553059],[-86.3062093,12.0553715],[-86.3062844,12.0554974],[-86.306338,12.0555656],[-86.3063541,12.0556653],[-86.3063595,12.0557387],[-86.3063648,12.0557702],[-86.3063809,12.0558122],[-86.3064185,12.0558437],[-86.3064775,12.0558856],[-86.3065365,12.0559066],[-86.3066062,12.0559224],[-86.3066545,12.0559355],[-86.3067082,12.055967],[-86.3067403,12.0559906],[-86.3067833,12.0560299],[-86.3068101,12.0561375],[-86.3067833,12.0562188],[-86.3067645,12.0562975],[-86.3067511,12.0563552],[-86.3067538,12.0564286],[-86.3067859,12.0564837],[-86.3068128,12.0565152],[-86.3068718,12.0565729],[-86.306904,12.0566227],[-86.3069388,12.0567198],[-86.3069415,12.0568483],[-86.3069415,12.0568929],[-86.3069308,12.0570031],[-86.3069227,12.0570791],[-86.3069254,12.0572181],[-86.3069388,12.0572837],[-86.3069496,12.0573388],[-86.3069683,12.057386],[-86.3070005,12.0574306],[-86.3070649,12.0574778],[-86.3071346,12.0575067],[-86.3072634,12.0575172],[-86.3073599,12.0575408],[-86.3074538,12.0576273],[-86.3075477,12.0577375],[-86.3076603,12.0578293],[-86.3077381,12.0578582],[-86.3078105,12.0578687],[-86.3078642,12.0578687],[-86.30795,12.0578529],[-86.308009,12.0578372],[-86.3081244,12.0578319],[-86.3081539,12.0578424],[-86.3081968,12.0578818],[-86.3082263,12.0579683],[-86.3082102,12.0581021],[-86.3082075,12.0581467],[-86.3082102,12.0581992],[-86.3082182,12.0582411],[-86.3082451,12.058291],[-86.3082612,12.0583513],[-86.3082558,12.0584326],[-86.308237,12.0585428],[-86.3082317,12.0585847],[-86.3082397,12.0587002],[-86.3082933,12.058792],[-86.3083255,12.058847],[-86.3083684,12.0589651],[-86.3083792,12.0589939],[-86.3083792,12.0590831],[-86.3083604,12.0591513],[-86.3083524,12.0591985],[-86.3083309,12.0592353],[-86.3083121,12.0593218],[-86.3082773,12.0593953],[-86.3082638,12.0594635],[-86.308296,12.0595474],[-86.3083738,12.0595841],[-86.3084301,12.0596287],[-86.3084382,12.0596654],[-86.3084489,12.0596995],[-86.3084731,12.0597441],[-86.308524,12.0598202],[-86.3085508,12.0598385],[-86.3086259,12.05987],[-86.3087118,12.0598831],[-86.3088378,12.0598884],[-86.3088995,12.0598831],[-86.3089478,12.0598753],[-86.3090535,12.0598566],[-86.3110905,12.0651758],[-86.3112228,12.0653854],[-86.3118522,12.0654884],[-86.3118821,12.065554],[-86.3119358,12.0656249],[-86.3120002,12.0656694],[-86.3121128,12.0657167],[-86.3122147,12.0657167],[-86.3122952,12.0657219],[-86.312373,12.0657612],[-86.3124052,12.0658006],[-86.3124347,12.0658688],[-86.3124427,12.0659265],[-86.3124454,12.0660183],[-86.312432,12.0661049],[-86.3123918,12.066194],[-86.3123354,12.0662517],[-86.3122737,12.0663094],[-86.3122416,12.0663462],[-86.3122255,12.0663908],[-86.3122174,12.0664826],[-86.3122416,12.0665324],[-86.3123783,12.0666504],[-86.3124186,12.0666924],[-86.3124481,12.0667449],[-86.3124615,12.066813],[-86.3124561,12.066876],[-86.31244,12.0669573],[-86.3124213,12.0670517],[-86.3123971,12.0671094],[-86.3124025,12.0671645],[-86.3124132,12.0672301],[-86.3124454,12.0672878],[-86.3125044,12.0673219],[-86.3125715,12.0673376],[-86.3126171,12.0673953],[-86.312609,12.0674793],[-86.3125956,12.0675396],[-86.3125956,12.0675868],[-86.3126224,12.067697],[-86.3126493,12.0677337],[-86.3127351,12.0677993],[-86.312778,12.0678334],[-86.3128316,12.0678806],[-86.3128477,12.0678989],[-86.3128853,12.0679645],[-86.3129121,12.0680117],[-86.3128907,12.0680537],[-86.3128638,12.0681088],[-86.3128263,12.0681507],[-86.3127995,12.0681927],[-86.3127673,12.0682583],[-86.3127592,12.068316],[-86.3127619,12.0684157],[-86.31277,12.0684629],[-86.3127834,12.0685206],[-86.3127995,12.0685862],[-86.3128453,12.0686778],[-86.3128665,12.0687698],[-86.3129041,12.0688327],[-86.3129255,12.0688642],[-86.3129631,12.0689114],[-86.3129899,12.068956],[-86.3130087,12.0690058],[-86.3130489,12.0690845],[-86.3130704,12.0691212],[-86.3131079,12.0691737],[-86.3131562,12.0692288],[-86.313183,12.0692629],[-86.3131937,12.0692917],[-86.3132045,12.0693783],[-86.3132072,12.0694281],[-86.3132313,12.0694832],[-86.3132715,12.0695252],[-86.3132983,12.0695829],[-86.3133439,12.0696615],[-86.3133547,12.0697009],[-86.3133547,12.0697455],[-86.3133439,12.0697953],[-86.3133198,12.0698373],[-86.3133037,12.069853],[-86.3132983,12.0699029],[-86.3133064,12.0699396],[-86.3133037,12.0699999],[-86.3132957,12.0700655],[-86.3132581,12.0701232],[-86.3131642,12.0701809],[-86.3131455,12.0702045],[-86.3131186,12.0702386],[-86.3131025,12.0702674],[-86.3131052,12.0703251],[-86.3131079,12.0703435],[-86.3131052,12.0704642],[-86.3131025,12.0705035],[-86.3130757,12.0705481],[-86.3130435,12.0705796],[-86.3130306,12.0706837],[-86.3130221,12.0707448],[-86.3130301,12.0707737],[-86.3130328,12.0708104],[-86.3130328,12.070813],[-86.3129765,12.0709153],[-86.3129711,12.0709415],[-86.3129309,12.0709887],[-86.3129148,12.0710281],[-86.312896,12.0710832],[-86.3128907,12.0711251],[-86.312888,12.0711566],[-86.312888,12.0711881],[-86.3128719,12.0712668],[-86.3136526,12.0711315],[-86.3138882,12.0711445],[-86.3141873,12.0711703],[-86.3144758,12.0718045],[-86.3146187,12.0726638],[-86.3146769,12.0732643],[-86.3147219,12.0738518],[-86.3146928,12.0742219],[-86.3143964,12.0756429],[-86.3146108,12.0756869],[-86.3147961,12.0756869],[-86.3153836,12.0756688],[-86.3155054,12.0756921],[-86.3156854,12.0756921],[-86.3158865,12.0756688],[-86.3160057,12.0756092],[-86.3161353,12.0755497],[-86.3162253,12.0755911],[-86.3163206,12.0756714],[-86.3164318,12.0757386],[-86.3165668,12.0757283],[-86.3166382,12.0756299],[-86.3166965,12.075529],[-86.3168023,12.0754902],[-86.3168923,12.0756377],[-86.3169903,12.0756688],[-86.3171438,12.0755834],[-86.31721,12.0754358],[-86.3172655,12.0753815],[-86.3173926,12.0753944],[-86.3174588,12.0754798],[-86.317509,12.0755497],[-86.3176546,12.075617],[-86.3177658,12.0756248],[-86.3178743,12.075573],[-86.3179299,12.0754125],[-86.3179431,12.0753323],[-86.3179749,12.0748638],[-86.3179352,12.0743902],[-86.3178664,12.0741727],[-86.317607,12.0738259],[-86.3175646,12.0736862],[-86.3175752,12.0732824],[-86.3186181,12.0729589],[-86.3189674,12.0738233],[-86.3190071,12.0740796],[-86.3188907,12.0743513],[-86.3190839,12.0744497],[-86.3196291,12.0742633],[-86.3197535,12.0739269],[-86.3197225,12.0731903],[-86.3204102,12.0732038],[-86.3206932,12.0731749],[-86.3209669,12.0731152],[-86.3213944,12.0729804],[-86.321481,12.0729515],[-86.3218848,12.0728301],[-86.3223753,12.0726992],[-86.3229977,12.0725971],[-86.3232399,12.0725263],[-86.3232497,12.0725386],[-86.3234856,12.0728329],[-86.3235841,12.0730246],[-86.3237019,12.073339],[-86.3237645,12.0734729],[-86.3238941,12.0737751],[-86.3240093,12.0738395],[-86.3240127,12.0736382],[-86.3240266,12.0728228],[-86.3240388,12.0721087],[-86.3251508,12.0719826],[-86.3266357,12.0711414],[-86.3268183,12.0709188],[-86.3269719,12.0702769],[-86.3279035,12.0703804],[-86.3279194,12.0707997],[-86.3281803,12.0706336],[-86.3285178,12.0704188],[-86.328576,12.0702273],[-86.3286766,12.0700513],[-86.3288354,12.0699167],[-86.3291213,12.0696837],[-86.329206,12.0695388],[-86.3293807,12.0694352],[-86.3295024,12.0692851],[-86.3295818,12.0691402],[-86.3296401,12.0689331],[-86.3296401,12.0687726],[-86.3295554,12.0685604],[-86.329476,12.068431],[-86.3294971,12.068255],[-86.3295871,12.0680634],[-86.3296083,12.0679133],[-86.3295713,12.067582],[-86.3295977,12.0672559],[-86.3297301,12.0670229],[-86.3299683,12.0668469],[-86.3301536,12.0666968],[-86.3304341,12.0665674],[-86.3306194,12.0663914],[-86.3307359,12.0661532],[-86.33072,12.0660083],[-86.3306723,12.0658219],[-86.3305347,12.0656097],[-86.3305717,12.0653716],[-86.3306512,12.0650972],[-86.33063,12.0647659],[-86.3306247,12.0644708],[-86.3306776,12.0641913],[-86.3309,12.063772],[-86.331477,12.0639842],[-86.3323345,12.0641084],[-86.332621,12.0640773],[-86.3347148,12.0636501],[-86.335456,12.0632109],[-86.3356237,12.0631711],[-86.3359838,12.0630937],[-86.3366313,12.062768],[-86.3373126,12.0613367],[-86.3379714,12.0598249],[-86.3427888,12.0612891],[-86.3429535,12.0612012],[-86.3430434,12.0611317],[-86.3431482,12.0610731],[-86.3433391,12.0610036],[-86.3436161,12.0608389],[-86.3437733,12.060751],[-86.343938,12.0606815],[-86.344185,12.0606046],[-86.3444284,12.060546],[-86.3446193,12.0605533],[-86.3448364,12.0605497],[-86.3450722,12.0605387],[-86.345308,12.060579],[-86.3454428,12.0605716],[-86.3455812,12.0605424],[-86.3458058,12.0605167],[-86.3459818,12.0604984],[-86.3462101,12.0604984],[-86.3462788,12.0604805],[-86.3463334,12.0604413],[-86.346401,12.0603264],[-86.3464384,12.0602019],[-86.3464871,12.0601067],[-86.3465769,12.0600189],[-86.3466892,12.0599567],[-86.346824,12.0598578],[-86.3469999,12.0597773],[-86.3471309,12.0596858],[-86.3472133,12.0596089],[-86.3472694,12.0594808],[-86.3473143,12.0593307],[-86.3473031,12.0591953],[-86.3472582,12.0590855],[-86.3472058,12.0589573],[-86.347086,12.0586938],[-86.3470373,12.0585071],[-86.3470149,12.0584119],[-86.3470299,12.0582399],[-86.3470224,12.0580934],[-86.3470373,12.0579763],[-86.3470448,12.0578884],[-86.3470186,12.0578079],[-86.3469625,12.0577127],[-86.3469101,12.0576029],[-86.3468951,12.0575041],[-86.3469213,12.0573613],[-86.3469148,12.0572347],[-86.3469125,12.0571349],[-86.3468996,12.0569638],[-86.3477413,12.0570289],[-86.3485748,12.0570896],[-86.3490587,12.0571307],[-86.3496426,12.0575114],[-86.3515441,12.0576139],[-86.3517986,12.0586096],[-86.3538427,12.0594159],[-86.3573211,12.060788],[-86.3560218,12.0624328],[-86.3589428,12.0644818],[-86.3697307,12.0720438],[-86.3708601,12.0706263],[-86.3710647,12.0706683],[-86.371248,12.0707467],[-86.371373,12.0708387],[-86.3714669,12.0709214],[-86.3715517,12.0710189],[-86.3717004,12.0712654],[-86.3718165,12.0714456],[-86.372039,12.0717598],[-86.3721219,12.0718589],[-86.3722638,12.0719724],[-86.3725236,12.0721508],[-86.3726655,12.0722193],[-86.3727779,12.0722553],[-86.372894,12.0722715],[-86.373392,12.072314],[-86.3735387,12.072339],[-86.3736039,12.0723501],[-86.3737439,12.0724186],[-86.3738803,12.0725195],[-86.3739816,12.0726421],[-86.3741473,12.0728299],[-86.3742855,12.0729993],[-86.3744145,12.0730966],[-86.3746393,12.0732155],[-86.3752032,12.0734263],[-86.3755226,12.0735261],[-86.3758727,12.0735833],[-86.3767096,12.0737201],[-86.3770098,12.0737769],[-86.377237,12.0738679],[-86.3772843,12.0738985],[-86.3775111,12.0741148],[-86.3779473,12.0747787],[-86.3781224,12.0750452],[-86.3781807,12.0751739],[-86.378203,12.0752648],[-86.3782239,12.0753793],[-86.3782343,12.075496],[-86.3782336,12.075635],[-86.3782184,12.0757973],[-86.3782076,12.0759848],[-86.3781897,12.0762111],[-86.3782175,12.0764099],[-86.3782856,12.0765991],[-86.3783768,12.0767335],[-86.3790672,12.0775463],[-86.3793216,12.0778459],[-86.3795643,12.0780671],[-86.3797217,12.078243],[-86.3795964,12.0783588],[-86.379353,12.0787287],[-86.3791315,12.0790154],[-86.3790143,12.0792371],[-86.3789543,12.0794129],[-86.3789126,12.0795684],[-86.3789022,12.0797442],[-86.3789009,12.0799047],[-86.3789113,12.0800487],[-86.3789244,12.0801539],[-86.3789335,12.0802271],[-86.3792384,12.0814961],[-86.3793231,12.0817522],[-86.3794064,12.0819815],[-86.3794977,12.0821484],[-86.3796136,12.0822758],[-86.3797322,12.0823918],[-86.3798612,12.0824873],[-86.3800449,12.0826071],[-86.3802794,12.0827421],[-86.380682,12.0829345],[-86.3807902,12.0830084],[-86.3808631,12.0830925],[-86.3808983,12.0831613],[-86.3809168,12.083269],[-86.3811446,12.0832652],[-86.3811706,12.0832628],[-86.3813832,12.0832435],[-86.3816597,12.0832104],[-86.3817278,12.0831957],[-86.3819883,12.0831211],[-86.3821435,12.0831045],[-86.3823393,12.0830468],[-86.3824989,12.0829866],[-86.3825632,12.082951],[-86.3826672,12.0828846],[-86.3829742,12.0827717],[-86.3833962,12.0826176],[-86.3835322,12.0825634],[-86.3836711,12.0825168],[-86.3838124,12.082478],[-86.3839558,12.0824469],[-86.3841007,12.0824239],[-86.3842411,12.0824171],[-86.3843817,12.082422],[-86.3845213,12.0824387],[-86.3846149,12.0824557],[-86.3847081,12.0824753],[-86.3848006,12.0824976],[-86.3848344,12.0826021],[-86.3848629,12.0826963],[-86.3849197,12.0829368],[-86.3850683,12.083776],[-86.385104,12.0848984],[-86.3851666,12.0857266],[-86.3852317,12.0861623],[-86.3853828,12.0870236],[-86.3854741,12.0877575],[-86.3855262,12.0880989],[-86.3856929,12.088764],[-86.3858441,12.0893169],[-86.3859796,12.0897221],[-86.3860421,12.0899285],[-86.3861177,12.0902138],[-86.3862298,12.0907846],[-86.3862532,12.090991],[-86.3863102,12.0912289],[-86.3863913,12.0914184],[-86.3864747,12.0915731],[-86.3864961,12.0916764],[-86.3866088,12.0918424],[-86.386874,12.0921512],[-86.3869646,12.0922676],[-86.3870584,12.0924332],[-86.3871236,12.0926141],[-86.387134,12.0927288],[-86.3871236,12.0930218],[-86.3870689,12.0932817],[-86.3870506,12.0934448],[-86.387061,12.0935926],[-86.3870855,12.0936852],[-86.3871783,12.0939086],[-86.3873216,12.0941073],[-86.387465,12.0944105],[-86.3875067,12.0945074],[-86.3875262,12.0946159],[-86.3876005,12.0951622],[-86.3876161,12.0952616],[-86.3876496,12.0953398],[-86.3879601,12.0958476],[-86.3880695,12.0960617],[-86.3881347,12.0962171],[-86.388166,12.0963343],[-86.3882076,12.0964643],[-86.3882676,12.0965891],[-86.388337,12.096667],[-86.3886116,12.0969204],[-86.3888331,12.0971446],[-86.3890441,12.0974529],[-86.3891353,12.0975854],[-86.3892656,12.0977154],[-86.3894168,12.0978351],[-86.3895888,12.0979217],[-86.390063,12.0980517],[-86.3901589,12.098094],[-86.3903054,12.0981587],[-86.3903994,12.0982182],[-86.3904774,12.0983039],[-86.3905373,12.0984135],[-86.3906103,12.0986326],[-86.3906416,12.0988951],[-86.390652,12.0990531],[-86.390566,12.0997105],[-86.3905634,12.0998582],[-86.3905686,12.1000137],[-86.3906181,12.1001971],[-86.3907875,12.1006048],[-86.3909954,12.1009844],[-86.3912242,12.1012519],[-86.3915318,12.1016723],[-86.3917793,12.1021096],[-86.3918528,12.1025336],[-86.3918195,12.1027956],[-86.3917391,12.1031131],[-86.3917308,12.1032649],[-86.3916865,12.103456],[-86.3916214,12.1035809],[-86.3914857,12.1046082],[-86.387728,12.1060875],[-86.3856582,12.105073],[-86.3843189,12.1056682],[-86.3836255,12.1063256],[-86.3831424,12.106609],[-86.3825138,12.1069777],[-86.382138,12.1071175],[-86.3813863,12.107102],[-86.3801952,12.1076558],[-86.3790835,12.108075],[-86.3786336,12.1081578],[-86.3781995,12.1081371],[-86.3777495,12.1080077],[-86.3770508,12.1077645],[-86.3763097,12.1076558],[-86.3753303,12.1077748],[-86.3752033,12.1076506],[-86.3755633,12.1069777],[-86.3759921,12.1065844],[-86.3769555,12.1059322],[-86.3772625,12.1056734],[-86.3774637,12.1052593],[-86.3766432,12.1052904],[-86.3759868,12.1052335],[-86.375415,12.1049333],[-86.3730276,12.1023297],[-86.3702749,12.1061703],[-86.3683269,12.1084373],[-86.3678504,12.1088928],[-86.3662941,12.1098555],[-86.3657859,12.10469],[-86.3658037,12.1005957],[-86.3654327,12.1009078],[-86.3653092,12.100981],[-86.3651594,12.1010359],[-86.3650546,12.1010323],[-86.3649685,12.1009957],[-86.3648637,12.1009188],[-86.364699,12.100809],[-86.3645568,12.1007321],[-86.3643734,12.1006699],[-86.3641525,12.1006443],[-86.3639504,12.1006406],[-86.3637296,12.1006955],[-86.3635686,12.1007614],[-86.3635021,12.1008329],[-86.3634189,12.1009225],[-86.3632093,12.1010872],[-86.3630333,12.101186],[-86.3627488,12.1013214],[-86.3625392,12.1014129],[-86.362382,12.1014934],[-86.3622398,12.1016398],[-86.3621387,12.1018887],[-86.3620676,12.1021266],[-86.3620676,12.1023865],[-86.3620817,12.1024723],[-86.3620929,12.1026226],[-86.3621125,12.1027856],[-86.3621937,12.1028997],[-86.3622446,12.1030321],[-86.3623102,12.1032844],[-86.3623383,12.1036449],[-86.3623969,12.1047701],[-86.3625133,12.1059873],[-86.3625779,12.1064837],[-86.3625943,12.1067272],[-86.3626219,12.1074033],[-86.3627366,12.1086351],[-86.3627476,12.108753],[-86.3627924,12.1093517],[-86.3627568,12.1095049],[-86.3552818,12.1088989],[-86.3550641,12.1090815],[-86.3549006,12.1093172],[-86.3547317,12.1095964],[-86.3545382,12.1096629],[-86.3542254,12.1097437],[-86.3541442,12.1097651],[-86.3535831,12.1098345],[-86.3528471,12.1099854],[-86.3531408,12.1110072],[-86.3534902,12.1126183],[-86.3536702,12.1133714],[-86.3537179,12.1136199],[-86.3537258,12.1139097],[-86.3537126,12.1141944],[-86.3537126,12.1143962],[-86.3537946,12.1147973],[-86.3538317,12.1150613],[-86.3538778,12.1170771],[-86.3498758,12.1170408],[-86.3500502,12.1196411],[-86.3481412,12.1196667],[-86.3483209,12.1174745],[-86.3477706,12.1172988],[-86.3474337,12.1172329],[-86.3470894,12.1171817],[-86.3465915,12.1171488],[-86.3435378,12.1167978],[-86.3422892,12.1225998],[-86.3351922,12.1221753],[-86.3346457,12.1220325],[-86.3343724,12.1219045],[-86.3339682,12.1216446],[-86.3275719,12.1173274],[-86.3275876,12.1177333],[-86.327596,12.1178833],[-86.3275829,12.1181331],[-86.3275352,12.1184643],[-86.3274673,12.118798],[-86.3274032,12.119189],[-86.327334,12.1194085],[-86.3272488,12.1196025],[-86.3269757,12.1201487],[-86.326721,12.1205513],[-86.3266471,12.1206904],[-86.3265769,12.1208688],[-86.3265264,12.121028],[-86.3264422,12.121522],[-86.3263,12.1220959],[-86.3260854,12.1226498],[-86.3259986,12.1229219],[-86.3259462,12.1231314],[-86.3259134,12.1232695],[-86.3258723,12.1233473],[-86.3258148,12.1233907],[-86.3256748,12.1234452],[-86.3255279,12.1234983],[-86.3254465,12.1235477],[-86.3252584,12.1237041],[-86.3247215,12.1241756],[-86.3236822,12.1249994],[-86.3234737,12.1252079],[-86.3234007,12.1252893],[-86.3233763,12.1253652],[-86.3233632,12.1254476],[-86.3233646,12.1255281],[-86.3233997,12.1256461],[-86.3234493,12.1258007],[-86.3236571,12.1262866],[-86.3237535,12.126637],[-86.3238143,12.1267971],[-86.3238976,12.1269389],[-86.3239537,12.1270715],[-86.3239678,12.1271932],[-86.3239532,12.1273312],[-86.3239064,12.1274867],[-86.3237165,12.1277854],[-86.3236369,12.1279295],[-86.3235134,12.1283321],[-86.3234703,12.1285169],[-86.3234191,12.1286387],[-86.3232882,12.1288237],[-86.3232077,12.1288987],[-86.3230469,12.129014],[-86.3226694,12.1294134],[-86.3225747,12.1294713],[-86.3224648,12.129527],[-86.3212846,12.1300888],[-86.3210098,12.1302302],[-86.320934,12.1302675],[-86.3205707,12.1300417],[-86.319865,12.1296109],[-86.3195376,12.1295181],[-86.3188483,12.1291454],[-86.318525,12.1290499],[-86.3182657,12.129041],[-86.3179394,12.1290649],[-86.3172411,12.1291909],[-86.316729,12.129283],[-86.3163731,12.1293259],[-86.3162331,12.1293028],[-86.3158301,12.129256],[-86.3152043,12.1291751],[-86.3150915,12.1291714],[-86.3147976,12.1292331],[-86.314666,12.1292623],[-86.3142537,12.1293539],[-86.3137542,12.1294613],[-86.3136099,12.1295016],[-86.313536,12.1295223],[-86.3133911,12.1295212],[-86.3131744,12.1294818],[-86.3129778,12.1294272],[-86.3125782,12.1292796],[-86.3124704,12.1292526],[-86.3123382,12.1292194],[-86.3118931,12.1291186],[-86.3112299,12.1290126],[-86.3112783,12.1288819],[-86.3110204,12.1287694],[-86.3109789,12.1287133],[-86.3107547,12.128451],[-86.3105613,12.1281561],[-86.3103874,12.1278995],[-86.3101889,12.1276779],[-86.3098983,12.1273838],[-86.3095131,12.1270572],[-86.3092225,12.126868],[-86.3089111,12.1267041],[-86.3086933,12.1266081],[-86.3084385,12.1265198],[-86.3081386,12.1264272],[-86.3076127,12.1263606],[-86.307104,12.1263215],[-86.3069011,12.1263206],[-86.3067026,12.1263331],[-86.3063992,12.1263898],[-86.3062271,12.1264248],[-86.3060379,12.1264756],[-86.3055954,12.126631],[-86.3051554,12.12678],[-86.3045071,12.1271677],[-86.3040743,12.1273851],[-86.3038485,12.1275536],[-86.3033249,12.1279312],[-86.3029301,12.1282836],[-86.3027241,12.1284934],[-86.3024151,12.1286697],[-86.3019602,12.1288543],[-86.3016941,12.1290137],[-86.3015878,12.1290797],[-86.3014388,12.1291619],[-86.3012781,12.1292779],[-86.3011739,12.129392],[-86.301101,12.1295114],[-86.3008776,12.1299124],[-86.3007799,12.1300504],[-86.3005631,12.1303868],[-86.3004034,12.1306081],[-86.3001627,12.1309362],[-86.3000732,12.1310581],[-86.3003421,12.1312232],[-86.3002815,12.1313199],[-86.3001968,12.1314668],[-86.3001503,12.131549],[-86.3001127,12.1316227],[-86.3000976,12.1316528],[-86.3000393,12.1317688],[-86.2999203,12.1320319],[-86.2997988,12.1323199],[-86.2997392,12.1325128],[-86.2996969,12.1327095]],[]]}},{"type":"Feature","properties":{"nombre":"Distrito IV"},"geometry":{"type":"Polygon","coordinates":[[[-86.2508438,12.1365122],[-86.2511966,12.1371813],[-86.2523139,12.1365037],[-86.2532395,12.1359265],[-86.2542919,12.1352976],[-86.254552,12.1351244],[-86.2547324,12.1349578],[-86.2548432,12.1348459],[-86.2549687,12.1347003],[-86.2550384,12.1346241],[-86.2551773,12.1344766],[-86.2553383,12.1343064],[-86.2555768,12.1340637],[-86.2556005,12.1340394],[-86.2560888,12.1335315],[-86.2562715,12.1334389],[-86.2564989,12.1332879],[-86.2567591,12.1331436],[-86.2569207,12.1330586],[-86.2570306,12.1330076],[-86.2571628,12.1329542],[-86.2573846,12.1329205],[-86.2574156,12.1329286],[-86.2574722,12.133012],[-86.2575106,12.133076],[-86.2575952,12.1332815],[-86.2576262,12.1333807],[-86.2577555,12.133794],[-86.2578142,12.1338511],[-86.2578417,12.1339933],[-86.2578798,12.134126],[-86.2579449,12.1343575],[-86.2581864,12.1352124],[-86.2583534,12.1357985],[-86.2584809,12.1362936],[-86.2585234,12.1364586],[-86.2586417,12.13692],[-86.2587097,12.1371852],[-86.2587983,12.1374488],[-86.2587938,12.1375098],[-86.2588753,12.1378307],[-86.2590706,12.1384591],[-86.2590872,12.1385176],[-86.2591586,12.1387702],[-86.259212,12.1389639],[-86.259221,12.138994],[-86.2592423,12.1390656],[-86.2592599,12.1391248],[-86.2593704,12.1394964],[-86.2595024,12.1400398],[-86.2595357,12.1402116],[-86.2595665,12.1404193],[-86.2596334,12.1408127],[-86.2596877,12.1411085],[-86.2597509,12.1416252],[-86.2597758,12.1421515],[-86.259782,12.1422992],[-86.2597848,12.1426427],[-86.2597868,12.1429523],[-86.2599438,12.1436363],[-86.2601416,12.1443383],[-86.2602565,12.1447041],[-86.2603593,12.1450129],[-86.2604507,12.1452671],[-86.2605002,12.1453666],[-86.2605308,12.1454282],[-86.2605983,12.1455803],[-86.2606729,12.1456878],[-86.2608107,12.145871],[-86.2609687,12.1460175],[-86.2614187,12.1464346],[-86.2616175,12.1465759],[-86.2621275,12.1470708],[-86.2626462,12.1476174],[-86.2635111,12.1483519],[-86.2640723,12.148897],[-86.2641713,12.1489791],[-86.2641853,12.1489898],[-86.2642475,12.1490315],[-86.2649328,12.1496401],[-86.2649005,12.1497513],[-86.2647261,12.1503519],[-86.2646743,12.1505302],[-86.2637175,12.1505695],[-86.2634071,12.1505759],[-86.2628585,12.1505679],[-86.262493,12.1505505],[-86.2619102,12.150523],[-86.26104,12.1504872],[-86.2606072,12.1504591],[-86.2603,12.1504446],[-86.2601319,12.1504601],[-86.2600661,12.1504575],[-86.2599936,12.1504547],[-86.2599419,12.1504527],[-86.2597916,12.1504468],[-86.259637,12.1504407],[-86.2595759,12.1504383],[-86.259541,12.1504369],[-86.2593459,12.1504293],[-86.2592959,12.1504273],[-86.2592416,12.1504252],[-86.2590959,12.151048],[-86.2588597,12.1519067],[-86.2587341,12.1524917],[-86.2587279,12.152521],[-86.2587238,12.1525403],[-86.2586378,12.1529984],[-86.2585947,12.1532285],[-86.2585413,12.1535133],[-86.2591309,12.1535706],[-86.2592705,12.1535832],[-86.2589874,12.1537833],[-86.2589382,12.1545817],[-86.2585911,12.1545636],[-86.2583721,12.1569668],[-86.2582858,12.1570496],[-86.2580077,12.1573167],[-86.2547834,12.156952],[-86.2511366,12.1580974],[-86.2477092,12.1606349],[-86.2443575,12.1615218],[-86.243047,12.1625072],[-86.2410561,12.1644781],[-86.2380823,12.1645274],[-86.2361166,12.1623348],[-86.2348446,12.1638249],[-86.2290483,12.1662884],[-86.2240846,12.1658715],[-86.2240964,12.163788],[-86.2233747,12.1633607],[-86.2237086,12.162113],[-86.2237125,12.1614427],[-86.2237111,12.161367],[-86.2236793,12.1610011],[-86.2236967,12.1601473],[-86.2237002,12.1599729],[-86.2237321,12.1588362],[-86.22376,12.1578397],[-86.2237756,12.1572683],[-86.2237797,12.1571372],[-86.2237876,12.1566459],[-86.2238154,12.1563614],[-86.2237881,12.1560487],[-86.2238533,12.153966],[-86.2238622,12.15368],[-86.223871,12.1533999],[-86.2238989,12.1523549],[-86.2239063,12.1518239],[-86.2239068,12.1515188],[-86.2239043,12.1513755],[-86.2239029,12.1512966],[-86.2239002,12.1511383],[-86.2238578,12.150999],[-86.2238102,12.1509129],[-86.2237549,12.150813],[-86.2226709,12.150664],[-86.2226637,12.1502449],[-86.2226623,12.1501605],[-86.2226743,12.1497683],[-86.222731,12.1479118],[-86.2227739,12.1467874],[-86.2227512,12.1464706],[-86.2227148,12.1462776],[-86.2226893,12.1461421],[-86.2240998,12.1462054],[-86.2244818,12.1442213],[-86.2244569,12.1440973],[-86.2244125,12.1439487],[-86.2243853,12.1438576],[-86.2242623,12.1436077],[-86.2241032,12.1433043],[-86.2240973,12.143293],[-86.2239837,12.1430788],[-86.2238376,12.1428845],[-86.2237105,12.1427589],[-86.2236122,12.1426408],[-86.2236985,12.1424369],[-86.2238116,12.1424631],[-86.2239352,12.1424624],[-86.2241043,12.1424073],[-86.2245334,12.1421723],[-86.2246564,12.1420583],[-86.2247165,12.1419336],[-86.2247581,12.1417751],[-86.2248368,12.1414752],[-86.2248939,12.1412577],[-86.2250695,12.1408572],[-86.2250999,12.1407878],[-86.2252603,12.1405366],[-86.2254533,12.140314],[-86.2260658,12.1397068],[-86.2264352,12.1393409],[-86.2267028,12.1390888],[-86.2271588,12.1386304],[-86.2272782,12.1384743],[-86.2273311,12.1383436],[-86.227586,12.1383861],[-86.2276374,12.1384052],[-86.2277775,12.1382021],[-86.2279074,12.1380035],[-86.2280352,12.1377818],[-86.228197,12.1374779],[-86.228632,12.1364586],[-86.2311953,12.1304516],[-86.2320705,12.1307141],[-86.2324667,12.130866],[-86.2327347,12.1309734],[-86.2334073,12.1312466],[-86.2337772,12.1314454],[-86.2339776,12.1315497],[-86.2342495,12.1317188],[-86.2347117,12.1319196],[-86.2351302,12.1321904],[-86.23576,12.1326294],[-86.2362003,12.1329188],[-86.2366261,12.1331954],[-86.2369498,12.1334092],[-86.2371801,12.1335531],[-86.2376423,12.1338054],[-86.2380506,12.1340278],[-86.238364,12.1341903],[-86.2385448,12.134283],[-86.238851,12.1344155],[-86.2392913,12.1345624],[-86.239381,12.1345582],[-86.2396172,12.1326275],[-86.2396431,12.132416],[-86.2397024,12.1319278],[-86.2401424,12.1320368],[-86.2403826,12.1322069],[-86.2405361,12.1335567],[-86.2418146,12.1336494],[-86.2418225,12.1353817],[-86.2420364,12.1354737],[-86.2437201,12.136205],[-86.2441077,12.1350067],[-86.2441777,12.1350109],[-86.2445584,12.1350846],[-86.2449929,12.1351554],[-86.2452541,12.1351868],[-86.2452244,12.1353563],[-86.245175,12.1362338],[-86.2460749,12.136167],[-86.2467769,12.1359574],[-86.2505894,12.1363206],[-86.2508438,12.1365122]],[]]}},{"type":"Feature","properties":{"nombre":"Distrito VII"},"geometry":{"type":"Polygon","coordinates":[[[-86.2265033,12.1295327],[-86.226445,12.129527],[-86.2254782,12.1294319],[-86.2253644,12.1293469],[-86.2256321,12.1287379],[-86.2258638,12.127647],[-86.2262329,12.1256079],[-86.2264561,12.1245757],[-86.2266878,12.123661],[-86.2269539,12.1227464],[-86.2272045,12.1220706],[-86.227301,12.1217926],[-86.2273493,12.1216668],[-86.2273994,12.1215601],[-86.2274941,12.1214045],[-86.227757,12.1210374],[-86.2279179,12.1207489],[-86.2280038,12.1205182],[-86.2280252,12.1202139],[-86.2278911,12.1199307],[-86.2277516,12.1197367],[-86.2275719,12.1194901],[-86.2270826,12.1185838],[-86.2268681,12.1182565],[-86.2268252,12.1180047],[-86.2267737,12.1174845],[-86.2265677,12.1170565],[-86.2264351,12.1168492],[-86.2263702,12.1166033],[-86.2262243,12.1163599],[-86.2262223,12.116268],[-86.2264052,12.1162442],[-86.2265949,12.1161979],[-86.2267413,12.1161312],[-86.2268329,12.1160674],[-86.2271311,12.1157448],[-86.2273732,12.1155059],[-86.2274586,12.1155321],[-86.227399,12.1154763],[-86.2270603,12.115159],[-86.2266401,12.1153897],[-86.226381,12.115532],[-86.2263316,12.1155591],[-86.2259782,12.1157012],[-86.2252522,12.1159356],[-86.2249778,12.1160021],[-86.2244336,12.1161616],[-86.22433,12.1161947],[-86.2239447,12.1162877],[-86.2234399,12.1164601],[-86.222426,12.1167841],[-86.2223405,12.1168098],[-86.2218891,12.1169283],[-86.221431,12.1170353],[-86.2210542,12.1171307],[-86.221086,12.1166051],[-86.221085,12.1163608],[-86.2210842,12.1161601],[-86.2205769,12.1163325],[-86.2204085,12.1163777],[-86.2202368,12.1164068],[-86.2200426,12.1164708],[-86.2195373,12.1166071],[-86.219177,12.1166814],[-86.2193559,12.1157607],[-86.2182107,12.1159577],[-86.2180516,12.1159916],[-86.2168309,12.1162528],[-86.2168339,12.1162313],[-86.2168479,12.1161309],[-86.2162117,12.1162279],[-86.2159996,12.116255],[-86.2156137,12.1162895],[-86.2156578,12.115682],[-86.2157154,12.1152324],[-86.215761,12.1147451],[-86.2158107,12.1143303],[-86.2158524,12.1138895],[-86.2158623,12.1135412],[-86.2158953,12.1134112],[-86.2158921,12.1133214],[-86.2145548,12.1129904],[-86.2145198,12.1133169],[-86.2143787,12.1145384],[-86.2143705,12.1146117],[-86.2143283,12.114988],[-86.2142637,12.1154133],[-86.2142352,12.1155915],[-86.2141728,12.1160117],[-86.2129328,12.1157934],[-86.2129554,12.1155244],[-86.2118183,12.1153464],[-86.211795,12.1155884],[-86.2085051,12.1132689],[-86.2083114,12.1131525],[-86.2080965,12.1130806],[-86.2080522,12.1130658],[-86.2079783,12.113051],[-86.2065029,12.112755],[-86.2047857,12.1124106],[-86.2027121,12.1117257],[-86.2010819,12.1116142],[-86.2008201,12.1115963],[-86.2001838,12.1115528],[-86.2002847,12.1107201],[-86.1998755,12.1106896],[-86.1994786,12.1106326],[-86.1991188,12.1104513],[-86.1987347,12.1102335],[-86.1983982,12.1100465],[-86.1982031,12.110262],[-86.1978127,12.1101953],[-86.1976644,12.1101496],[-86.1973772,12.1099975],[-86.1971229,12.109809],[-86.1972707,12.1093102],[-86.1974074,12.1089493],[-86.1973742,12.1088844],[-86.1972766,12.1088175],[-86.1969089,12.1087176],[-86.1970222,12.1084138],[-86.1963593,12.1080789],[-86.1959851,12.1079074],[-86.1956092,12.1077262],[-86.1956192,12.1076617],[-86.1956664,12.1072175],[-86.1958301,12.1056928],[-86.1959185,12.1048152],[-86.1959649,12.1046315],[-86.1960458,12.1045109],[-86.1960951,12.1043749],[-86.1961099,12.1042314],[-86.1964832,12.1009268],[-86.1965761,12.1000747],[-86.1966895,12.0997648],[-86.1966969,12.0997447],[-86.1973674,12.0981414],[-86.1961517,12.098587],[-86.1948464,12.0991507],[-86.1946703,12.0992014],[-86.1939942,12.099405],[-86.1937016,12.0995044],[-86.1936266,12.0995298],[-86.1933357,12.0997645],[-86.1929639,12.1001734],[-86.1929173,12.1002558],[-86.1929011,12.1002845],[-86.1928604,12.1003565],[-86.1925882,12.1010142],[-86.1922758,12.1013431],[-86.1903029,12.1008227],[-86.1905671,12.1002028],[-86.1878858,12.0992503],[-86.1932547,12.0847814],[-86.1929036,12.0843041],[-86.1927133,12.0840988],[-86.1922663,12.08372],[-86.1921591,12.0836177],[-86.1919696,12.0833963],[-86.1918519,12.0832251],[-86.1917929,12.0831541],[-86.1913023,12.0836654],[-86.1911865,12.0837731],[-86.1910009,12.0839891],[-86.1903751,12.0846108],[-86.1899918,12.0849327],[-86.1880854,12.0865452],[-86.188021,12.0866007],[-86.1865672,12.0878496],[-86.1849486,12.0873796],[-86.1843935,12.0872866],[-86.1842186,12.087216],[-86.1840461,12.0870886],[-86.1832385,12.0863702],[-86.1831579,12.0863227],[-86.182931,12.0862114],[-86.1800085,12.0853947],[-86.170722,12.0916599],[-86.1450579,12.0987319],[-86.1350659,12.1206674],[-86.1439885,12.1236929],[-86.1448283,12.1205454],[-86.1523226,12.1223643],[-86.1524701,12.1218595],[-86.1526869,12.1213708],[-86.1527909,12.1210562],[-86.1567788,12.1237164],[-86.1550596,12.1256412],[-86.1547297,12.1261976],[-86.1529876,12.1336062],[-86.154449,12.1326102],[-86.1552655,12.13206],[-86.1575692,12.1309282],[-86.1578404,12.1307885],[-86.1580095,12.1306459],[-86.1585721,12.1298886],[-86.1587995,12.1295579],[-86.159043,12.1292814],[-86.1594808,12.1289087],[-86.1595389,12.1288585],[-86.1598696,12.1285425],[-86.1601428,12.1283569],[-86.1603109,12.1282428],[-86.1604876,12.1281616],[-86.1607047,12.1281013],[-86.1607509,12.12809],[-86.1609803,12.1280341],[-86.1611497,12.1280109],[-86.1617319,12.1279312],[-86.16183,12.1278946],[-86.1618966,12.1278453],[-86.1619341,12.1277636],[-86.1619554,12.1276884],[-86.1620238,12.1269037],[-86.1620832,12.1264443],[-86.1621351,12.1263158],[-86.1621944,12.1262203],[-86.1631924,12.1247803],[-86.1647473,12.1225368],[-86.1648612,12.1224238],[-86.1649147,12.1223991],[-86.1649759,12.1223714],[-86.1652608,12.1225031],[-86.1656381,12.1226824],[-86.1656966,12.1222276],[-86.166688,12.1227692],[-86.1668717,12.1224243],[-86.167904,12.1229175],[-86.168458,12.1219738],[-86.1682918,12.1213922],[-86.1695755,12.1205932],[-86.1696761,12.1206481],[-86.1700803,12.1211473],[-86.1705723,12.1217557],[-86.1706615,12.1218649],[-86.1711232,12.1224127],[-86.1713647,12.1227152],[-86.1715641,12.1229357],[-86.1715947,12.1229718],[-86.1716344,12.1230188],[-86.1718767,12.123305],[-86.1730313,12.1246691],[-86.1733253,12.1250192],[-86.1733873,12.125018],[-86.1746098,12.1249366],[-86.1747139,12.1249329],[-86.1754793,12.1248984],[-86.1757116,12.1248879],[-86.1761139,12.1248861],[-86.1762783,12.1248854],[-86.176929,12.1248861],[-86.1773891,12.1248762],[-86.1777147,12.124879],[-86.177765,12.1248788],[-86.1778599,12.1248784],[-86.1779995,12.1248874],[-86.1781779,12.1248876],[-86.1784452,12.1248864],[-86.1788529,12.1248741],[-86.1793006,12.124851],[-86.179724,12.1248081],[-86.1802005,12.1246496],[-86.1805574,12.1244755],[-86.1806428,12.1244346],[-86.181025,12.1242535],[-86.1814785,12.1240763],[-86.1819841,12.1239557],[-86.1823621,12.123896],[-86.1823953,12.1238934],[-86.1837567,12.1237885],[-86.1838165,12.123784],[-86.1839304,12.1237755],[-86.1841673,12.1237578],[-86.1857846,12.1236417],[-86.1859969,12.1236199],[-86.1861629,12.1236123],[-86.1871905,12.1234993],[-86.1876657,12.1234136],[-86.1881461,12.1233269],[-86.1882203,12.1233136],[-86.1882798,12.1233028],[-86.1885782,12.123249],[-86.188986,12.1231873],[-86.1893431,12.1231405],[-86.1897972,12.1231025],[-86.1906579,12.1230777],[-86.191102,12.1230721],[-86.1912055,12.1230708],[-86.1914337,12.1230662],[-86.1916227,12.123063],[-86.1918524,12.123056],[-86.1919015,12.1230548],[-86.1924384,12.1230453],[-86.192661,12.1230439],[-86.1929458,12.1230441],[-86.1935038,12.1230513],[-86.1949312,12.1231206],[-86.1950353,12.1231256],[-86.1950611,12.1231149],[-86.195863,12.123276],[-86.1965159,12.1234491],[-86.1964798,12.1235449],[-86.1963511,12.1238064],[-86.1961311,12.1242466],[-86.1958624,12.1247381],[-86.1953932,12.125686],[-86.1952975,12.1258686],[-86.1953549,12.1260442],[-86.1952424,12.1262642],[-86.1950724,12.1263671],[-86.1949096,12.1264186],[-86.1947469,12.1265872],[-86.1945362,12.1269265],[-86.194438,12.1272589],[-86.1944596,12.1275023],[-86.1944883,12.1276661],[-86.194438,12.1278347],[-86.1942513,12.1280383],[-86.1941699,12.1281928],[-86.1939377,12.1286632],[-86.193832,12.1289639],[-86.1937772,12.1291161],[-86.1937338,12.1292324],[-86.1936382,12.1294754],[-86.1935317,12.1297857],[-86.1935028,12.1298486],[-86.1980674,12.1305679],[-86.1984221,12.1295942],[-86.2012633,12.1306193],[-86.2013387,12.1305004],[-86.2013699,12.1304545],[-86.2020018,12.1309667],[-86.20224,12.1311672],[-86.2026745,12.1314782],[-86.2042407,12.1317065],[-86.2043731,12.1313356],[-86.2044311,12.1311729],[-86.2046172,12.1305446],[-86.2049723,12.1305907],[-86.2051787,12.1306119],[-86.2053708,12.1306316],[-86.2055834,12.1306534],[-86.2057712,12.1306727],[-86.2059934,12.1306813],[-86.2062241,12.1306827],[-86.2061846,12.1312679],[-86.2075843,12.1315016],[-86.2076514,12.1313163],[-86.207908,12.1312426],[-86.2079135,12.1313233],[-86.2080677,12.1320809],[-86.2080898,12.1321892],[-86.2083227,12.1330152],[-86.2083605,12.1331572],[-86.2084016,12.1333042],[-86.2085141,12.1336999],[-86.2085738,12.133907],[-86.2088172,12.1348241],[-86.2088284,12.1348876],[-86.2089011,12.1353084],[-86.2089667,12.1356285],[-86.209053,12.1360287],[-86.2091695,12.1366024],[-86.2091766,12.1367077],[-86.2091775,12.1368752],[-86.2091779,12.1368865],[-86.2085004,12.136892],[-86.2084602,12.1370757],[-86.2082516,12.1373829],[-86.2077175,12.138198],[-86.2074602,12.1386055],[-86.2072843,12.1389462],[-86.2072499,12.1390747],[-86.2072343,12.1391327],[-86.2075059,12.139117],[-86.2079789,12.1391411],[-86.20902,12.1391864],[-86.2100129,12.1392985],[-86.2102837,12.1393417],[-86.2102643,12.139469],[-86.2102465,12.1395664],[-86.2108469,12.1396659],[-86.2109644,12.139686],[-86.2110606,12.1396987],[-86.2114111,12.1397641],[-86.2125409,12.1399971],[-86.2129863,12.1400883],[-86.2130605,12.1401078],[-86.2136999,12.1402428],[-86.2143359,12.1403894],[-86.2148225,12.1405106],[-86.2153078,12.1406446],[-86.2153586,12.1406608],[-86.2154605,12.1406915],[-86.2154899,12.1405393],[-86.2155071,12.140441],[-86.2156398,12.1396828],[-86.2156518,12.1396145],[-86.2157551,12.1390272],[-86.2158476,12.1387927],[-86.2158708,12.138734],[-86.2159904,12.1385283],[-86.2162616,12.1381504],[-86.2163692,12.1380004],[-86.2165652,12.1377001],[-86.216597,12.1376514],[-86.2168526,12.1372451],[-86.2169872,12.1370134],[-86.2170477,12.1365464],[-86.2170944,12.1365562],[-86.2171597,12.13657],[-86.2176276,12.1366684],[-86.2185134,12.1368104],[-86.2189036,12.1368685],[-86.2191106,12.1369153],[-86.2190264,12.1381865],[-86.2191068,12.1382087],[-86.2192026,12.1382354],[-86.2192964,12.1382504],[-86.2197097,12.1382927],[-86.2197511,12.1382979],[-86.21999,12.1383158],[-86.2200691,12.1383241],[-86.2202021,12.1383379],[-86.2204335,12.1383625],[-86.2204838,12.1383667],[-86.2206324,12.1383907],[-86.2210113,12.1384252],[-86.2211256,12.1384308],[-86.2217266,12.1384569],[-86.2218124,12.1384602],[-86.2218411,12.1384613],[-86.2219946,12.1384672],[-86.2229188,12.1385005],[-86.2234271,12.1384945],[-86.2238784,12.1383897],[-86.2239599,12.138365],[-86.2240622,12.1383341],[-86.2241853,12.1382969],[-86.2242165,12.1382874],[-86.2242737,12.1382701],[-86.2245335,12.1382659],[-86.2249644,12.138259],[-86.2250797,12.1382571],[-86.226656,12.1382937],[-86.2269124,12.138303],[-86.2270755,12.138316],[-86.2272364,12.138332],[-86.2273311,12.1383436],[-86.227586,12.1383861],[-86.2276374,12.1384052],[-86.2277775,12.1382021],[-86.2279074,12.1380035],[-86.2280352,12.1377818],[-86.228197,12.1374779],[-86.228632,12.1364586],[-86.2311953,12.1304516],[-86.2299536,12.1301113],[-86.2295771,12.1300145],[-86.2290533,12.1298869],[-86.228868,12.1298537],[-86.228501,12.1297878],[-86.2283208,12.1297555],[-86.2278328,12.129695],[-86.2273653,12.1296217],[-86.2272702,12.1296404],[-86.2271979,12.1296306],[-86.227131,12.1296211],[-86.2269997,12.1296026],[-86.2265033,12.1295327]],[]]}},{"type":"Feature","properties":{"nombre":"Distrito VI"},"geometry":{"type":"Polygon","coordinates":[[[-86.2240846,12.1658715],[-86.2056285,12.1647113],[-86.2004357,12.1677424],[-86.1950562,12.1681076],[-86.1903856,12.1725717],[-86.1900128,12.172928],[-86.1838487,12.1746444],[-86.1785812,12.1710291],[-86.1610976,12.1750096],[-86.1494194,12.1748134],[-86.1489171,12.1724554],[-86.1489054,12.1721265],[-86.1488339,12.1718525],[-86.148845,12.1715542],[-86.148823,12.1712816],[-86.1487945,12.1711124],[-86.1487761,12.1708934],[-86.1488307,12.1706956],[-86.148836,12.1706116],[-86.1488763,12.1703285],[-86.1488816,12.1701476],[-86.1488602,12.1698644],[-86.148769,12.1695576],[-86.1484766,12.1686714],[-86.1484176,12.1684617],[-86.1484391,12.1682519],[-86.1484981,12.167911],[-86.1485195,12.1674181],[-86.1484873,12.1667574],[-86.148324,12.1655756],[-86.1483109,12.1654807],[-86.1470548,12.1620077],[-86.1463822,12.1611448],[-86.1453465,12.159816],[-86.145496,12.1580939],[-86.1434071,12.1554813],[-86.143543,12.1542562],[-86.142708,12.1531443],[-86.1419802,12.152175],[-86.1410819,12.1498693],[-86.1392247,12.1487917],[-86.1376091,12.1455148],[-86.1257099,12.1411723],[-86.1350659,12.1206674],[-86.1439885,12.1236929],[-86.1448283,12.1205454],[-86.1523226,12.1223643],[-86.1524701,12.1218595],[-86.1526869,12.1213708],[-86.1527909,12.1210562],[-86.1567788,12.1237164],[-86.1550596,12.1256412],[-86.1547297,12.1261976],[-86.1529876,12.1336062],[-86.154449,12.1326102],[-86.1552655,12.13206],[-86.1575692,12.1309282],[-86.1578404,12.1307885],[-86.1580095,12.1306459],[-86.1585721,12.1298886],[-86.1587995,12.1295579],[-86.159043,12.1292814],[-86.1594808,12.1289087],[-86.1595389,12.1288585],[-86.1598696,12.1285425],[-86.1601428,12.1283569],[-86.1603109,12.1282428],[-86.1604876,12.1281616],[-86.1607047,12.1281013],[-86.1607509,12.12809],[-86.1609803,12.1280341],[-86.1611497,12.1280109],[-86.1617319,12.1279312],[-86.16183,12.1278946],[-86.1618966,12.1278453],[-86.1619341,12.1277636],[-86.1619554,12.1276884],[-86.1620238,12.1269037],[-86.1620832,12.1264443],[-86.1621351,12.1263158],[-86.1621944,12.1262203],[-86.1631924,12.1247803],[-86.1647473,12.1225368],[-86.1648612,12.1224238],[-86.1649147,12.1223991],[-86.1649759,12.1223714],[-86.1652608,12.1225031],[-86.1656381,12.1226824],[-86.1656966,12.1222276],[-86.166688,12.1227692],[-86.1668717,12.1224243],[-86.167904,12.1229175],[-86.168458,12.1219738],[-86.1682918,12.1213922],[-86.1695755,12.1205932],[-86.1696761,12.1206481],[-86.1700803,12.1211473],[-86.1705723,12.1217557],[-86.1706615,12.1218649],[-86.1711232,12.1224127],[-86.1713647,12.1227152],[-86.1715641,12.1229357],[-86.1715947,12.1229718],[-86.1716344,12.1230188],[-86.1718767,12.123305],[-86.1730313,12.1246691],[-86.1733253,12.1250192],[-86.1733873,12.125018],[-86.1746098,12.1249366],[-86.1747139,12.1249329],[-86.1754793,12.1248984],[-86.1757116,12.1248879],[-86.1761139,12.1248861],[-86.1762783,12.1248854],[-86.176929,12.1248861],[-86.1773891,12.1248762],[-86.1777147,12.124879],[-86.177765,12.1248788],[-86.1778599,12.1248784],[-86.1779995,12.1248874],[-86.1781779,12.1248876],[-86.1784452,12.1248864],[-86.1788529,12.1248741],[-86.1793006,12.124851],[-86.179724,12.1248081],[-86.1802005,12.1246496],[-86.1805574,12.1244755],[-86.1806428,12.1244346],[-86.181025,12.1242535],[-86.1814785,12.1240763],[-86.1819841,12.1239557],[-86.1823621,12.123896],[-86.1823953,12.1238934],[-86.1837567,12.1237885],[-86.1838165,12.123784],[-86.1839304,12.1237755],[-86.1841673,12.1237578],[-86.1857846,12.1236417],[-86.1859969,12.1236199],[-86.1861629,12.1236123],[-86.1871905,12.1234993],[-86.1876657,12.1234136],[-86.1881461,12.1233269],[-86.1882203,12.1233136],[-86.1882798,12.1233028],[-86.1885782,12.123249],[-86.188986,12.1231873],[-86.1893431,12.1231405],[-86.1897972,12.1231025],[-86.1906579,12.1230777],[-86.191102,12.1230721],[-86.1912055,12.1230708],[-86.1914337,12.1230662],[-86.1916227,12.123063],[-86.1918524,12.123056],[-86.1919015,12.1230548],[-86.1924384,12.1230453],[-86.192661,12.1230439],[-86.1929458,12.1230441],[-86.1935038,12.1230513],[-86.1949312,12.1231206],[-86.1950353,12.1231256],[-86.1950611,12.1231149],[-86.195863,12.123276],[-86.1965159,12.1234491],[-86.1964798,12.1235449],[-86.1963511,12.1238064],[-86.1961311,12.1242466],[-86.1958624,12.1247381],[-86.1953932,12.125686],[-86.1952975,12.1258686],[-86.1953549,12.1260442],[-86.1952424,12.1262642],[-86.1950724,12.1263671],[-86.1949096,12.1264186],[-86.1947469,12.1265872],[-86.1945362,12.1269265],[-86.194438,12.1272589],[-86.1944596,12.1275023],[-86.1944883,12.1276661],[-86.194438,12.1278347],[-86.1942513,12.1280383],[-86.1941699,12.1281928],[-86.1939377,12.1286632],[-86.193832,12.1289639],[-86.1937772,12.1291161],[-86.1937338,12.1292324],[-86.1936382,12.1294754],[-86.1935317,12.1297857],[-86.1935028,12.1298486],[-86.1980674,12.1305679],[-86.1984221,12.1295942],[-86.2012633,12.1306193],[-86.2013387,12.1305004],[-86.2013699,12.1304545],[-86.2020018,12.1309667],[-86.20224,12.1311672],[-86.2026745,12.1314782],[-86.2042407,12.1317065],[-86.2043731,12.1313356],[-86.2044311,12.1311729],[-86.2046172,12.1305446],[-86.2049723,12.1305907],[-86.2051787,12.1306119],[-86.2053708,12.1306316],[-86.2055834,12.1306534],[-86.2057712,12.1306727],[-86.2059934,12.1306813],[-86.2062241,12.1306827],[-86.2061846,12.1312679],[-86.2075843,12.1315016],[-86.2076514,12.1313163],[-86.207908,12.1312426],[-86.2079135,12.1313233],[-86.2080677,12.1320809],[-86.2080898,12.1321892],[-86.2083227,12.1330152],[-86.2083605,12.1331572],[-86.2084016,12.1333042],[-86.2085141,12.1336999],[-86.2085738,12.133907],[-86.2088172,12.1348241],[-86.2088284,12.1348876],[-86.2089011,12.1353084],[-86.2089667,12.1356285],[-86.209053,12.1360287],[-86.2091695,12.1366024],[-86.2091766,12.1367077],[-86.2091775,12.1368752],[-86.2091779,12.1368865],[-86.2085004,12.136892],[-86.2084602,12.1370757],[-86.2082516,12.1373829],[-86.2077175,12.138198],[-86.2074602,12.1386055],[-86.2072843,12.1389462],[-86.2072499,12.1390747],[-86.2072343,12.1391327],[-86.2075059,12.139117],[-86.2079789,12.1391411],[-86.20902,12.1391864],[-86.2100129,12.1392985],[-86.2102837,12.1393417],[-86.2102643,12.139469],[-86.2102465,12.1395664],[-86.2108469,12.1396659],[-86.2109644,12.139686],[-86.2110606,12.1396987],[-86.2114111,12.1397641],[-86.2125409,12.1399971],[-86.2129863,12.1400883],[-86.2130605,12.1401078],[-86.2136999,12.1402428],[-86.2143359,12.1403894],[-86.2148225,12.1405106],[-86.2153078,12.1406446],[-86.2153586,12.1406608],[-86.2154605,12.1406915],[-86.2154899,12.1405393],[-86.2155071,12.140441],[-86.2156398,12.1396828],[-86.2156518,12.1396145],[-86.2157551,12.1390272],[-86.2158476,12.1387927],[-86.2158708,12.138734],[-86.2159904,12.1385283],[-86.2162616,12.1381504],[-86.2163692,12.1380004],[-86.2165652,12.1377001],[-86.216597,12.1376514],[-86.2168526,12.1372451],[-86.2169872,12.1370134],[-86.2170477,12.1365464],[-86.2170944,12.1365562],[-86.2171597,12.13657],[-86.2176276,12.1366684],[-86.2185134,12.1368104],[-86.2189036,12.1368685],[-86.2191106,12.1369153],[-86.2190264,12.1381865],[-86.2191068,12.1382087],[-86.2192026,12.1382354],[-86.2192964,12.1382504],[-86.2197097,12.1382927],[-86.2197511,12.1382979],[-86.21999,12.1383158],[-86.2200691,12.1383241],[-86.2202021,12.1383379],[-86.2204335,12.1383625],[-86.2204838,12.1383667],[-86.2206324,12.1383907],[-86.2210113,12.1384252],[-86.2211256,12.1384308],[-86.2217266,12.1384569],[-86.2218124,12.1384602],[-86.2218411,12.1384613],[-86.2219946,12.1384672],[-86.2229188,12.1385005],[-86.2234271,12.1384945],[-86.2238784,12.1383897],[-86.2239599,12.138365],[-86.2240622,12.1383341],[-86.2241853,12.1382969],[-86.2242165,12.1382874],[-86.2242737,12.1382701],[-86.2245335,12.1382659],[-86.2249644,12.138259],[-86.2250797,12.1382571],[-86.226656,12.1382937],[-86.2269124,12.138303],[-86.2270755,12.138316],[-86.2272364,12.138332],[-86.2273311,12.1383436],[-86.2272782,12.1384743],[-86.2271588,12.1386304],[-86.2267028,12.1390888],[-86.2264352,12.1393409],[-86.2260658,12.1397068],[-86.2254533,12.140314],[-86.2252603,12.1405366],[-86.2250999,12.1407878],[-86.2250695,12.1408572],[-86.2248939,12.1412577],[-86.2248368,12.1414752],[-86.2247581,12.1417751],[-86.2247165,12.1419336],[-86.2246564,12.1420583],[-86.2245334,12.1421723],[-86.2241043,12.1424073],[-86.2239352,12.1424624],[-86.2238116,12.1424631],[-86.2236985,12.1424369],[-86.2236122,12.1426408],[-86.2237105,12.1427589],[-86.2238376,12.1428845],[-86.2239837,12.1430788],[-86.2240973,12.143293],[-86.2241032,12.1433043],[-86.2242623,12.1436077],[-86.2243853,12.1438576],[-86.2244125,12.1439487],[-86.2244569,12.1440973],[-86.2244818,12.1442213],[-86.2240998,12.1462054],[-86.2226893,12.1461421],[-86.2227148,12.1462776],[-86.2227512,12.1464706],[-86.2227739,12.1467874],[-86.222731,12.1479118],[-86.2226743,12.1497683],[-86.2226623,12.1501605],[-86.2226637,12.1502449],[-86.2226709,12.150664],[-86.2237549,12.150813],[-86.2238102,12.1509129],[-86.2238578,12.150999],[-86.2239002,12.1511383],[-86.2239029,12.1512966],[-86.2239043,12.1513755],[-86.2239068,12.1515188],[-86.2239063,12.1518239],[-86.2238989,12.1523549],[-86.223871,12.1533999],[-86.2238622,12.15368],[-86.2238533,12.153966],[-86.2237881,12.1560487],[-86.2238154,12.1563614],[-86.2237876,12.1566459],[-86.2237797,12.1571372],[-86.2237756,12.1572683],[-86.22376,12.1578397],[-86.2237321,12.1588362],[-86.2237002,12.1599729],[-86.2236967,12.1601473],[-86.2236793,12.1610011],[-86.2237111,12.161367],[-86.2237125,12.1614427],[-86.2237086,12.162113],[-86.2233747,12.1633607],[-86.2240964,12.163788],[-86.2240846,12.1658715]],[]]}},{"type":"Feature","properties":{"nombre":"Distrito V"},"geometry":{"type":"Polygon","coordinates":[[[-86.2311953,12.1304516],[-86.2320705,12.1307141],[-86.2324667,12.130866],[-86.2327347,12.1309734],[-86.2334073,12.1312466],[-86.2337772,12.1314454],[-86.2339776,12.1315497],[-86.2342495,12.1317188],[-86.2347117,12.1319196],[-86.2351302,12.1321904],[-86.23576,12.1326294],[-86.2362003,12.1329188],[-86.2366261,12.1331954],[-86.2369498,12.1334092],[-86.2371801,12.1335531],[-86.2376423,12.1338054],[-86.2380506,12.1340278],[-86.238364,12.1341903],[-86.2385448,12.134283],[-86.238851,12.1344155],[-86.2392913,12.1345624],[-86.239381,12.1345582],[-86.2396172,12.1326275],[-86.2396431,12.132416],[-86.2397024,12.1319278],[-86.2401424,12.1320368],[-86.2403826,12.1322069],[-86.2405361,12.1335567],[-86.2418146,12.1336494],[-86.2418225,12.1353817],[-86.2420364,12.1354737],[-86.2437201,12.136205],[-86.2441077,12.1350067],[-86.2441777,12.1350109],[-86.2445584,12.1350846],[-86.2449929,12.1351554],[-86.2452541,12.1351868],[-86.2453121,12.1349342],[-86.2454058,12.1345156],[-86.2457663,12.1332327],[-86.2458063,12.1328251],[-86.245738,12.1321548],[-86.2457757,12.1319038],[-86.2458746,12.1317011],[-86.2458982,12.1316527],[-86.2459615,12.1315641],[-86.2467783,12.1304203],[-86.2469825,12.1305849],[-86.247022,12.1306148],[-86.2477864,12.1312712],[-86.2479569,12.13113],[-86.2479314,12.1310606],[-86.2478519,12.1307559],[-86.2478333,12.1305672],[-86.2478373,12.1304311],[-86.247862,12.1302445],[-86.2478705,12.129455],[-86.2477199,12.1289552],[-86.2476809,12.1285652],[-86.2476809,12.1281842],[-86.2476809,12.1277261],[-86.2477496,12.1271974],[-86.2477324,12.1269541],[-86.2473467,12.1260304],[-86.2472954,12.1259369],[-86.2467196,12.1248729],[-86.2463591,12.1242352],[-86.2462539,12.1241266],[-86.2461272,12.1240032],[-86.2454322,12.1233625],[-86.2453807,12.1232534],[-86.2453292,12.123052],[-86.2451833,12.1229261],[-86.2449515,12.1226072],[-86.244694,12.1222967],[-86.2446097,12.1222109],[-86.244601,12.1220753],[-86.2445983,12.1220331],[-86.2446284,12.1218101],[-86.2446353,12.121676],[-86.2466782,12.1201575],[-86.2498274,12.1178203],[-86.2511787,12.1168391],[-86.2515115,12.1167701],[-86.251572,12.1167659],[-86.2521236,12.116725],[-86.2524794,12.1166926],[-86.2533941,12.1166828],[-86.2543341,12.1166671],[-86.2550348,12.1166412],[-86.2551579,12.1166339],[-86.255152,12.116711],[-86.2556303,12.116711],[-86.2555821,12.1164584],[-86.2554337,12.1157879],[-86.2550184,12.1148639],[-86.2548582,12.1145942],[-86.2546403,12.1140287],[-86.2552854,12.1134739],[-86.2551387,12.1133909],[-86.253646,12.1115109],[-86.2522258,12.1099398],[-86.251984,12.1096754],[-86.2492026,12.106616],[-86.2485775,12.1065457],[-86.2485461,12.1059306],[-86.2456352,12.1026821],[-86.2431167,12.0999212],[-86.2392685,12.0956617],[-86.2384882,12.0948091],[-86.2379073,12.0941694],[-86.2351753,12.0911608],[-86.2352291,12.0911098],[-86.2354203,12.0908229],[-86.2355405,12.0906968],[-86.2357281,12.090615],[-86.2358901,12.0906046],[-86.2364271,12.0906402],[-86.2364955,12.0906296],[-86.2365349,12.0905969],[-86.2365595,12.0905423],[-86.2366475,12.0901984],[-86.2367803,12.0898867],[-86.2369952,12.0894558],[-86.2371234,12.0892542],[-86.2371722,12.0891673],[-86.2373755,12.0888884],[-86.2376356,12.0885041],[-86.2378158,12.0882121],[-86.2379679,12.0878768],[-86.2380673,12.0875946],[-86.2381302,12.0873922],[-86.2382896,12.0874045],[-86.2385817,12.0882145],[-86.2418658,12.0885462],[-86.2418752,12.0886937],[-86.242304,12.0887144],[-86.2426125,12.088377],[-86.2427009,12.0884801],[-86.2428276,12.088571],[-86.2428966,12.088606],[-86.2429859,12.0886293],[-86.2431491,12.0886426],[-86.2432862,12.0886388],[-86.2434376,12.088627],[-86.2435799,12.0886277],[-86.2437291,12.0886412],[-86.2439028,12.0886838],[-86.2440199,12.0887377],[-86.2441278,12.0888058],[-86.2443084,12.0889681],[-86.2445172,12.0892113],[-86.2445547,12.0892644],[-86.2446022,12.0893662],[-86.244646,12.0895132],[-86.2446519,12.089533],[-86.2446955,12.0896587],[-86.2447412,12.0897611],[-86.2447653,12.089807],[-86.2459049,12.0896024],[-86.2460793,12.0884598],[-86.2466294,12.0884783],[-86.2473167,12.0858798],[-86.2467984,12.0857231],[-86.2464121,12.0854559],[-86.2456488,12.0852532],[-86.2453425,12.0868842],[-86.2441599,12.0865847],[-86.2449043,12.0836426],[-86.2454674,12.0836967],[-86.2455463,12.0832705],[-86.2453376,12.0829749],[-86.2449964,12.0824532],[-86.2449479,12.0823809],[-86.244784,12.0821371],[-86.2447026,12.0819471],[-86.2444835,12.0816901],[-86.2432308,12.0824263],[-86.243314,12.0818367],[-86.24354,12.0814984],[-86.24358,12.0811205],[-86.2433201,12.0794394],[-86.2436608,12.07873],[-86.2440888,12.0768831],[-86.2444536,12.0765837],[-86.2449104,12.0762573],[-86.2451374,12.0761159],[-86.2454228,12.0755701],[-86.2456347,12.0752992],[-86.245752,12.0752303],[-86.2458692,12.0752193],[-86.2459509,12.074842],[-86.2460428,12.0746147],[-86.2461212,12.0743795],[-86.2461734,12.0742444],[-86.2463108,12.0741805],[-86.2470552,12.0742542],[-86.2471094,12.0741275],[-86.2493426,12.0741407],[-86.2507095,12.0744836],[-86.2509056,12.0745302],[-86.2517964,12.074742],[-86.2518209,12.0745129],[-86.2520447,12.0734332],[-86.2522304,12.072537],[-86.2510166,12.0725412],[-86.250867,12.0725417],[-86.2506734,12.0725424],[-86.2495542,12.0725462],[-86.2498416,12.0708368],[-86.2508528,12.0708165],[-86.2530597,12.0707723],[-86.2528548,12.0696372],[-86.2528187,12.0694375],[-86.2528703,12.0690238],[-86.2535633,12.0681115],[-86.2536905,12.0675365],[-86.2520916,12.0674685],[-86.250994,12.0674218],[-86.2494865,12.0673577],[-86.2488318,12.0673298],[-86.249393,12.0646232],[-86.2516195,12.0590662],[-86.2539456,12.0595114],[-86.254452,12.0574359],[-86.2549453,12.0569116],[-86.256457,12.0528574],[-86.2578043,12.0531061],[-86.2580476,12.0515387],[-86.2580707,12.05139],[-86.260952,12.0512738],[-86.2611603,12.052266],[-86.2615836,12.0522923],[-86.2619934,12.0524566],[-86.2620337,12.051241],[-86.2624234,12.0513198],[-86.2627162,12.0520149],[-86.2629585,12.0517454],[-86.2628949,12.051468],[-86.2621653,12.0497473],[-86.26247,12.0489405],[-86.2628426,12.0486765],[-86.2631454,12.0481258],[-86.2629885,12.0476805],[-86.2630812,12.0476352],[-86.2631676,12.0474721],[-86.2633899,12.0473091],[-86.2636491,12.047257],[-86.2636781,12.046905],[-86.2628326,12.046355],[-86.2628841,12.0459891],[-86.2632886,12.0454785],[-86.2629314,12.044924],[-86.2629764,12.0445618],[-86.2632768,12.0439487],[-86.2632318,12.0432032],[-86.2629405,12.0421811],[-86.2629335,12.0418606],[-86.2632961,12.0402023],[-86.2641244,12.0376006],[-86.2641766,12.0365047],[-86.2644326,12.0333718],[-86.2650323,12.0333849],[-86.2674445,12.0346883],[-86.2678176,12.0366303],[-86.2686572,12.0366824],[-86.2693502,12.0360568],[-86.2704696,12.0360308],[-86.2706429,12.0370083],[-86.2718551,12.0372034],[-86.2727962,12.0376524],[-86.2730852,12.037258],[-86.2731224,12.0371032],[-86.2733086,12.0370076],[-86.2734297,12.0368255],[-86.273425,12.0366115],[-86.2734204,12.0364203],[-86.2735786,12.0362655],[-86.2737555,12.036179],[-86.2738812,12.0360743],[-86.273951,12.0359104],[-86.2741745,12.0357692],[-86.2743141,12.0356554],[-86.2744398,12.035405],[-86.2745655,12.0351592],[-86.2744305,12.0348724],[-86.274356,12.0345947],[-86.2743327,12.0344217],[-86.2743979,12.0343078],[-86.2746306,12.0342578],[-86.2747517,12.0340893],[-86.2748355,12.0339254],[-86.2748494,12.0337069],[-86.2750682,12.0335703],[-86.2751846,12.0334337],[-86.275152,12.0332334],[-86.2750775,12.0329193],[-86.2752358,12.0327599],[-86.275436,12.0326324],[-86.2754127,12.032505],[-86.2754825,12.0324458],[-86.2756547,12.032382],[-86.2750589,12.0315717],[-86.2751939,12.0305291],[-86.2755477,12.0295411],[-86.2756361,12.0290904],[-86.2756082,12.0283984],[-86.2753382,12.0278475],[-86.2748587,12.0272921],[-86.2764601,12.0265545],[-86.2742489,12.0260719],[-86.2743234,12.0256895],[-86.2739045,12.0246605],[-86.2732854,12.0240049],[-86.2734436,12.0233812],[-86.2726197,12.0216693],[-86.2722101,12.0211822],[-86.2704644,12.0215965],[-86.2689481,12.0224331],[-86.2690525,12.0229255],[-86.2690747,12.0232211],[-86.2691644,12.0238409],[-86.2692588,12.0242144],[-86.2691843,12.0244466],[-86.2691611,12.0248563],[-86.2691658,12.0250974],[-86.2691564,12.0258352],[-86.2691517,12.0260401],[-86.269068,12.0261857],[-86.2689004,12.0263087],[-86.2687793,12.0264407],[-86.2687555,12.0265334],[-86.2685931,12.0269142],[-86.2684907,12.0273012],[-86.2684675,12.0275789],[-86.2685606,12.0277929],[-86.2686583,12.0279021],[-86.2686816,12.0281571],[-86.2687002,12.0283529],[-86.2687468,12.0286488],[-86.2677701,12.0287731],[-86.2674535,12.026952],[-86.2672952,12.0265286],[-86.2670532,12.0261826],[-86.2665365,12.0255771],[-86.2665039,12.0254541],[-86.2665458,12.0251309],[-86.2666436,12.0246756],[-86.2666808,12.0242795],[-86.2667227,12.0239699],[-86.2666529,12.0237696],[-86.2664899,12.0237149],[-86.2663782,12.0236467],[-86.2659593,12.02346],[-86.2656826,12.0233473],[-86.2656758,12.0233559],[-86.2655825,12.0235163],[-86.2655004,12.0236644],[-86.2653951,12.0238172],[-86.2653081,12.0239643],[-86.2652531,12.0240861],[-86.2652234,12.0241616],[-86.2652044,12.0241964],[-86.2651664,12.0242532],[-86.2651137,12.0243016],[-86.2650795,12.0243159],[-86.264972,12.0244068],[-86.2649305,12.0244447],[-86.2648762,12.0245265],[-86.2648707,12.0246017],[-86.264884,12.0247576],[-86.2648767,12.0249526],[-86.2648208,12.0250755],[-86.2647164,12.0251611],[-86.2646047,12.025231],[-86.2644314,12.0253519],[-86.2642675,12.025471],[-86.2641886,12.0255806],[-86.2641515,12.0256681],[-86.2640991,12.0257869],[-86.26402,12.0258494],[-86.2639588,12.0258864],[-86.2639206,12.025914],[-86.2638238,12.0259647],[-86.2637685,12.0260431],[-86.2637524,12.0260686],[-86.2636977,12.0261726],[-86.2636609,12.026314],[-86.2635468,12.0264221],[-86.2634223,12.0265185],[-86.263278,12.0266197],[-86.2630546,12.0268421],[-86.2629275,12.0270307],[-86.2627771,12.0271464],[-86.2627148,12.0270522],[-86.2625611,12.0271523],[-86.2624494,12.0273208],[-86.262226,12.027471],[-86.2621422,12.0275803],[-86.2621096,12.0277078],[-86.2620165,12.0277852],[-86.261956,12.0278762],[-86.2619187,12.0280401],[-86.2619141,12.0281722],[-86.2618675,12.0283543],[-86.261821,12.0285136],[-86.2617512,12.0286274],[-86.2615743,12.0287139],[-86.2614393,12.0287822],[-86.2613788,12.0288915],[-86.2612438,12.0289871],[-86.261025,12.0291146],[-86.2608807,12.0291829],[-86.260862,12.0292212],[-86.2608406,12.029358],[-86.2608324,12.0294159],[-86.2607814,12.029469],[-86.2607468,12.029535],[-86.2606835,12.0296654],[-86.2593157,12.0292615],[-86.2579797,12.029785],[-86.2574165,12.029867],[-86.257207,12.0297395],[-86.257193,12.0269851],[-86.2566624,12.0270397],[-86.2563598,12.0273402],[-86.2561363,12.0280459],[-86.2554567,12.0281734],[-86.2553403,12.0284511],[-86.2551495,12.0281142],[-86.2551448,12.0279685],[-86.2551541,12.0277864],[-86.255075,12.0275906],[-86.2550331,12.0274039],[-86.2549773,12.0272309],[-86.25494,12.027108],[-86.2548935,12.0269168],[-86.254805,12.0267757],[-86.2546933,12.0265526],[-86.2545816,12.0262521],[-86.2546235,12.025947],[-86.2546235,12.0256466],[-86.2546142,12.0254963],[-86.2542092,12.0254963],[-86.2540742,12.025601],[-86.253902,12.0257012],[-86.2538321,12.0258241],[-86.2537251,12.0260062],[-86.2537856,12.0261656],[-86.253888,12.0262248],[-86.2538833,12.0263386],[-86.2538321,12.0265207],[-86.253874,12.026762],[-86.2538787,12.0268622],[-86.2538135,12.026935],[-86.2536925,12.0269851],[-86.2535156,12.0269487],[-86.2532828,12.0269441],[-86.2531665,12.0270079],[-86.2530967,12.0270807],[-86.2530268,12.0272173],[-86.2529989,12.0274267],[-86.2529896,12.0275269],[-86.2529337,12.0276134],[-86.2528872,12.0276316],[-86.2527894,12.0276134],[-86.2526963,12.0275223],[-86.2526684,12.0274813],[-86.2526032,12.0272628],[-86.2525986,12.027067],[-86.2526172,12.026803],[-86.2526498,12.0265799],[-86.2526498,12.0263614],[-86.2526172,12.0262384],[-86.2525287,12.0260654],[-86.2524589,12.0259926],[-86.2523666,12.025892],[-86.2523532,12.0257661],[-86.2523478,12.0255798],[-86.2523505,12.0253254],[-86.2523425,12.0250919],[-86.2522781,12.0248164],[-86.2521842,12.0246328],[-86.2520877,12.0244492],[-86.2519509,12.0242183],[-86.2518748,12.0239732],[-86.2518302,12.0238117],[-86.251751,12.0236464],[-86.2516987,12.0237527],[-86.2515821,12.0239035],[-86.2514667,12.0240504],[-86.2513863,12.0241803],[-86.2513085,12.0243468],[-86.2512361,12.0244269],[-86.2510818,12.0245383],[-86.2508445,12.0246853],[-86.2506983,12.0247823],[-86.250599,12.0248466],[-86.250481,12.0248833],[-86.2503576,12.02492],[-86.2502866,12.0249607],[-86.2502047,12.0250473],[-86.2501511,12.0251404],[-86.2501149,12.025349],[-86.2500988,12.0257149],[-86.2500733,12.0264822],[-86.2500505,12.0267774],[-86.250021,12.0269085],[-86.2499754,12.0270227],[-86.2499084,12.0271092],[-86.2497273,12.0272469],[-86.2494645,12.0273965],[-86.2492566,12.0274883],[-86.2491117,12.0275329],[-86.248979,12.0275486],[-86.2487215,12.027546],[-86.2485351,12.0275342],[-86.2484117,12.0275237],[-86.2483607,12.0275316],[-86.2483232,12.0275499],[-86.248285,12.0276422],[-86.2482508,12.0277533],[-86.2482218,12.0278871],[-86.2482065,12.0280799],[-86.2481006,12.028417],[-86.2480174,12.0285206],[-86.2478243,12.0286557],[-86.2477089,12.0286872],[-86.2476204,12.0287029],[-86.2475185,12.0287055],[-86.2474515,12.0286963],[-86.24732,12.0286675],[-86.2472771,12.0286465],[-86.2472449,12.0286006],[-86.2471913,12.028556],[-86.2471202,12.028497],[-86.2469848,12.0284511],[-86.2467997,12.028413],[-86.2466119,12.0284091],[-86.2464389,12.0284314],[-86.2462793,12.0284786],[-86.2459467,12.0285993],[-86.2451702,12.0289272],[-86.2450817,12.0289744],[-86.2449811,12.0290505],[-86.2448806,12.0291423],[-86.2447827,12.0292826],[-86.2445962,12.0295424],[-86.2445044,12.0296439],[-86.244375,12.0297811],[-86.2442328,12.0298768],[-86.2440665,12.0299752],[-86.2439096,12.0301221],[-86.2438037,12.0302165],[-86.2436467,12.0303057],[-86.2434119,12.030381],[-86.242594,12.0306048],[-86.2424625,12.0306481],[-86.2423378,12.0307123],[-86.2421058,12.0308619],[-86.2420052,12.0309655],[-86.2418497,12.0311937],[-86.2417384,12.0313406],[-86.241623,12.0314534],[-86.2414983,12.0315505],[-86.2413467,12.0316449],[-86.2410499,12.0317858],[-86.2406454,12.0319689],[-86.2403181,12.0321145],[-86.2399198,12.0322417],[-86.2397691,12.0323866],[-86.2394707,12.0325697],[-86.2391125,12.0328425],[-86.23877,12.0330566],[-86.238399,12.0333028],[-86.2382072,12.0334681],[-86.2379597,12.0336869],[-86.2375085,12.03404],[-86.2107951,12.0643312],[-86.2092929,12.065359],[-86.2086046,12.06583],[-86.1800085,12.0853947],[-86.182931,12.0862114],[-86.1831579,12.0863227],[-86.1832385,12.0863702],[-86.1840461,12.0870886],[-86.1842186,12.087216],[-86.1843935,12.0872866],[-86.1849486,12.0873796],[-86.1865672,12.0878496],[-86.188021,12.0866007],[-86.1880854,12.0865452],[-86.1899918,12.0849327],[-86.1903751,12.0846108],[-86.1910009,12.0839891],[-86.1911865,12.0837731],[-86.1913023,12.0836654],[-86.1917929,12.0831541],[-86.1918519,12.0832251],[-86.1919696,12.0833963],[-86.1921591,12.0836177],[-86.1922663,12.08372],[-86.1927133,12.0840988],[-86.1929036,12.0843041],[-86.1932547,12.0847814],[-86.1878858,12.0992503],[-86.1905671,12.1002028],[-86.1903029,12.1008227],[-86.1922758,12.1013431],[-86.1925882,12.1010142],[-86.1928604,12.1003565],[-86.1929011,12.1002845],[-86.1929173,12.1002558],[-86.1929639,12.1001734],[-86.1933357,12.0997645],[-86.1936266,12.0995298],[-86.1937016,12.0995044],[-86.1939942,12.099405],[-86.1946703,12.0992014],[-86.1948464,12.0991507],[-86.1961517,12.098587],[-86.1973674,12.0981414],[-86.1966969,12.0997447],[-86.1966895,12.0997648],[-86.1965761,12.1000747],[-86.1964832,12.1009268],[-86.1961099,12.1042314],[-86.1960951,12.1043749],[-86.1960458,12.1045109],[-86.1959649,12.1046315],[-86.1959185,12.1048152],[-86.1958301,12.1056928],[-86.1956664,12.1072175],[-86.1956192,12.1076617],[-86.1956092,12.1077262],[-86.1959851,12.1079074],[-86.1963593,12.1080789],[-86.1970222,12.1084138],[-86.1969089,12.1087176],[-86.1972766,12.1088175],[-86.1973742,12.1088844],[-86.1974074,12.1089493],[-86.1972707,12.1093102],[-86.1971229,12.109809],[-86.1973772,12.1099975],[-86.1976644,12.1101496],[-86.1978127,12.1101953],[-86.1982031,12.110262],[-86.1983982,12.1100465],[-86.1987347,12.1102335],[-86.1991188,12.1104513],[-86.1994786,12.1106326],[-86.1998755,12.1106896],[-86.2002847,12.1107201],[-86.2001838,12.1115528],[-86.2008201,12.1115963],[-86.2010819,12.1116142],[-86.2027121,12.1117257],[-86.2047857,12.1124106],[-86.2065029,12.112755],[-86.2079783,12.113051],[-86.2080522,12.1130658],[-86.2080965,12.1130806],[-86.2083114,12.1131525],[-86.2085051,12.1132689],[-86.211795,12.1155884],[-86.2118183,12.1153464],[-86.2129554,12.1155244],[-86.2129328,12.1157934],[-86.2141728,12.1160117],[-86.2142352,12.1155915],[-86.2142637,12.1154133],[-86.2143283,12.114988],[-86.2143705,12.1146117],[-86.2143787,12.1145384],[-86.2145198,12.1133169],[-86.2145548,12.1129904],[-86.2158921,12.1133214],[-86.2158953,12.1134112],[-86.2158623,12.1135412],[-86.2158524,12.1138895],[-86.2158107,12.1143303],[-86.215761,12.1147451],[-86.2157154,12.1152324],[-86.2156578,12.115682],[-86.2156137,12.1162895],[-86.2159996,12.116255],[-86.2162117,12.1162279],[-86.2168479,12.1161309],[-86.2168339,12.1162313],[-86.2168309,12.1162528],[-86.2180516,12.1159916],[-86.2182107,12.1159577],[-86.2193559,12.1157607],[-86.219177,12.1166814],[-86.2195373,12.1166071],[-86.2200426,12.1164708],[-86.2202368,12.1164068],[-86.2204085,12.1163777],[-86.2205769,12.1163325],[-86.2210842,12.1161601],[-86.221085,12.1163608],[-86.221086,12.1166051],[-86.2210542,12.1171307],[-86.221431,12.1170353],[-86.2218891,12.1169283],[-86.2223405,12.1168098],[-86.222426,12.1167841],[-86.2234399,12.1164601],[-86.2239447,12.1162877],[-86.22433,12.1161947],[-86.2244336,12.1161616],[-86.2249778,12.1160021],[-86.2252522,12.1159356],[-86.2259782,12.1157012],[-86.2263316,12.1155591],[-86.226381,12.115532],[-86.2266401,12.1153897],[-86.2270603,12.115159],[-86.227399,12.1154763],[-86.2274586,12.1155321],[-86.2273732,12.1155059],[-86.2271311,12.1157448],[-86.2268329,12.1160674],[-86.2267413,12.1161312],[-86.2265949,12.1161979],[-86.2264052,12.1162442],[-86.2262223,12.116268],[-86.2262243,12.1163599],[-86.2263702,12.1166033],[-86.2264351,12.1168492],[-86.2265677,12.1170565],[-86.2267737,12.1174845],[-86.2268252,12.1180047],[-86.2268681,12.1182565],[-86.2270826,12.1185838],[-86.2275719,12.1194901],[-86.2277516,12.1197367],[-86.2278911,12.1199307],[-86.2280252,12.1202139],[-86.2280038,12.1205182],[-86.2279179,12.1207489],[-86.227757,12.1210374],[-86.2274941,12.1214045],[-86.2273994,12.1215601],[-86.2273493,12.1216668],[-86.227301,12.1217926],[-86.2272045,12.1220706],[-86.2269539,12.1227464],[-86.2266878,12.123661],[-86.2264561,12.1245757],[-86.2262329,12.1256079],[-86.2258638,12.127647],[-86.2256321,12.1287379],[-86.2253644,12.1293469],[-86.2254782,12.1294319],[-86.226445,12.129527],[-86.2265033,12.1295327],[-86.2269997,12.1296026],[-86.227131,12.1296211],[-86.2271979,12.1296306],[-86.2272702,12.1296404],[-86.2273653,12.1296217],[-86.2278328,12.129695],[-86.2283208,12.1297555],[-86.228501,12.1297878],[-86.228868,12.1298537],[-86.2290533,12.1298869],[-86.2295771,12.1300145],[-86.2299536,12.1301113],[-86.2311953,12.1304516]],[]]}}]}