id,codigo,titulo,tipo,operacion,zona,departamento,municipio,hab,banos,garaje,precio,moneda,url,imagen,lat,lng,geo_tipo
101039,,"Casa en Venta Dolores, Carazo, Dolores",Casa,venta,Dolores,Carazo,Dolores,,,,40000.00,USD,https://momotomborealestate.com/property/casa-en-venta-dolores-dolores-3/,https://momotomborealestate.com/wp-content/uploads/2026/09/4-1-584x438.jpeg?v=1788372859,11.8562374,-86.2158180,administrative
101012,,"Casa en Venta Carretera A Masaya, Ticuantepe",Casa,venta,Carretera A Masaya,Ticuantepe,,,,,123000.00,USD,https://momotomborealestate.com/property/casa-en-venta-carretera-a-masaya-ticuantepe/,https://momotomborealestate.com/wp-content/uploads/2026/08/05-5-584x438.jpeg?v=1788204852,12.0638643,-86.2105045,trunk
100728,,"Casa en Venta León, Leon",Casa,venta,León,Leon,,,,,165000.00,USD,https://momotomborealestate.com/property/casa-en-venta-leon-leon-13/,https://momotomborealestate.com/wp-content/uploads/2026/08/04-584x438.jpeg?v=1786818456,12.3021275,-86.9679698,administrative
100755,,"Casa en Venta Carretera A Masaya, Managua",Casa,venta,Carretera A Masaya,Managua,,,,,190000.00,USD,https://momotomborealestate.com/property/casa-en-venta-carretera-a-masaya-managua-183/,https://momotomborealestate.com/wp-content/uploads/2026/08/3-1-584x438.png?v=1786554909,12.0777949,-86.2231504,trunk
100591,,"Casa en Venta Carretera A Masaya, Managua",Casa,venta,Carretera A Masaya,Managua,,,,,150000.00,USD,https://momotomborealestate.com/property/casa-en-venta-carretera-a-masaya-managua-182/,https://momotomborealestate.com/wp-content/uploads/2026/08/2-2-584x438.jpg?v=1786123147,12.0777949,-86.2231504,trunk
100181,,"Casa en Venta Santo Domingo, Managua",Casa,venta,Santo Domingo,Managua,,,,,285000.00,USD,https://momotomborealestate.com/property/casa-en-venta-santo-domingo-managua-55/,https://momotomborealestate.com/wp-content/uploads/2026/07/966caba9-853d-4eb2-992b-a26ee29e8b6b-584x438.jpg?v=1785368221,12.1516383,-86.2663177,administrative
100083,,"Casa en Venta Pista Suburbana, Managua",Casa,venta,Pista Suburbana,Managua,,,,,1300000.00,USD,https://momotomborealestate.com/property/casa-en-venta-sub-urbana-managua/,https://momotomborealestate.com/wp-content/uploads/2026/07/000-584x438.jpg?v=1785182102,12.1124854,-86.2641087,primary
100023,,"Casa en Renta Villa Fontana Sur, Managua",Casa,renta,Villa Fontana Sur,Managua,,,,,3500.00,USD,https://momotomborealestate.com/property/casa-en-renta-villa-fontana-sur-managua-21/,https://momotomborealestate.com/wp-content/uploads/2026/07/1-1-584x438.jpg?v=1784938608,12.1033874,-86.2671277,administrative
99876,,"Casa en Venta Veracruz, Managua",Casa,venta,Veracruz,Managua,,,,,45000.00,USD,https://momotomborealestate.com/property/casa-en-venta-veracruz-managua-13/,https://momotomborealestate.com/wp-content/uploads/2026/07/casa3-584x438.jpg?v=1784003721,11.9869063,-86.3991679,administrative
99924,,"Casa en Renta Carretera Vieja A Leon, Managua",Casa,renta,Carretera Vieja A Leon,Managua,,,,,500.00,USD,https://momotomborealestate.com/property/casa-en-renta-carretera-vieja-a-leon-managua-34/,https://momotomborealestate.com/wp-content/uploads/2026/07/1-2-584x438.jpeg?v=1784830306,12.0868353,-86.5333187,trunk
99720,,"Casa en Venta Villa Fontana Sur, Managua",Casa,venta,Villa Fontana Sur,Managua,,,,,1300000.00,USD,https://momotomborealestate.com/property/casa-en-venta-villa-fontana-sur-managua-17/,https://momotomborealestate.com/wp-content/uploads/2026/07/02-584x438.jpeg?v=1783190376,12.1033874,-86.2671277,administrative
99422,,"Casa en Venta Jinotepe, Jinotepe",Casa,venta,Jinotepe,Jinotepe,,,,,150000.00,USD,https://momotomborealestate.com/property/casa-en-venta-jinotepe-jinotepe-6/,https://momotomborealestate.com/wp-content/uploads/2026/06/3-3-584x438.jpg?v=1781802651,11.8462395,-86.1965318,administrative
98811,,"Casa en Renta Santo Domingo, Managua",Casa,renta,Santo Domingo,Managua,,,,,4600.00,USD,https://momotomborealestate.com/property/casa-en-renta-santo-domingo-managua-105/,https://momotomborealestate.com/wp-content/uploads/2026/06/1-2-584x438.jpeg?v=1780438492,12.1516383,-86.2663177,administrative
98599,,"Casa en Renta Carretera Sur, Managua",Casa,renta,Carretera Sur,Managua,,,,,1000.00,USD,https://momotomborealestate.com/property/casa-en-renta-carretera-sur-managua-224/,https://momotomborealestate.com/wp-content/uploads/2026/06/1-3-584x438.jpeg?v=1780445066,12.1372298,-86.3076137,trunk
98538,,"Casa en Renta Carretera Sur, Managua",Casa,renta,Carretera Sur,Managua,,,,,700.00,USD,https://momotomborealestate.com/property/casa-en-renta-carretera-sur-managua-223/,https://momotomborealestate.com/wp-content/uploads/2026/05/001-1-584x438.png?v=1779815395,12.1372298,-86.3076137,trunk
98615,,"Casa en Renta Carretera Sur, Managua",Casa,renta,Carretera Sur,Managua,,,,,650.00,USD,https://momotomborealestate.com/property/casa-en-renta-carretera-sur-managua-222/,https://momotomborealestate.com/wp-content/uploads/2026/05/4-6-584x438.jpg?v=1779900461,12.1372298,-86.3076137,trunk
98550,,"Casa en Venta Villa Fontana Sur, Managua",Casa,venta,Villa Fontana Sur,Managua,,,,,295000.00,USD,https://momotomborealestate.com/property/casa-en-venta-villa-fontana-sur-managua-16/,https://momotomborealestate.com/wp-content/uploads/2026/05/5-6-584x438.jpg?v=1779816354,12.1033874,-86.2671277,administrative
98443,,"Casa en Venta Reparto San Juan, Managua",Casa,venta,Reparto San Juan,Managua,,,,,650000.00,USD,https://momotomborealestate.com/property/casa-en-venta-reparto-san-juan-managua-26/,https://momotomborealestate.com/wp-content/uploads/2026/05/4-3-584x438.jpg?v=1779560348,12.1219000,-86.2697106,administrative
98007,,"Casa en Venta San Marcos, San Marcos",Casa,venta,San Marcos,San Marcos,,,,,45000.00,USD,https://momotomborealestate.com/property/casa-en-venta-san-marcos-san-marcos-4/,https://momotomborealestate.com/wp-content/uploads/2026/05/1-2-584x438.jpeg?v=1779470283,11.9091914,-86.2047174,administrative
97512,,"Casa en Venta Carretera Vieja A León, Managua",Casa,venta,Carretera Vieja A León,Managua,,,,,320000.00,USD,https://momotomborealestate.com/property/casa-en-venta-carretera-vieja-a-leon-managua-53/,https://momotomborealestate.com/wp-content/uploads/2026/05/1-584x438.jpeg?v=1777956028,12.0915859,-86.3541488,trunk
96898,,"Casa en Venta Carretera Sur, Managua",Casa,venta,Carretera Sur,Managua,,,,,230000.00,USD,https://momotomborealestate.com/property/casa-en-venta-carretera-sur-managua-136/,https://momotomborealestate.com/wp-content/uploads/2026/04/1-3-584x438.jpeg?v=1775955012,12.1372298,-86.3076137,trunk
95869,,"Casa en Venta Tisma, Tisma",Casa,venta,Tisma,Tisma,,,,,98000.00,USD,https://momotomborealestate.com/property/casa-en-venta-tisma-tisma/,https://momotomborealestate.com/wp-content/uploads/2026/03/01-2-584x438.jpg?v=1772688538,12.0803187,-86.0173897,administrative
95416,,"Casa en Venta Praderas De Sandino, Managua",Casa,venta,Praderas De Sandino,Managua,,,,,50000.00,USD,https://momotomborealestate.com/property/casa-en-venta-praderas-de-sandino-managua/,https://momotomborealestate.com/wp-content/uploads/2026/02/WhatsApp-Image-2026-02-20-at-18.46.53-584x438.jpeg?v=1771649301,12.1547961,-86.3482209,neighbourhood
94258,,"Casa en Renta Santo Domingo, Managua",Casa,renta,Santo Domingo,Managua,,,,,3900.00,USD,https://momotomborealestate.com/property/casa-en-venta-renta-santo-domingo-managua-53/,https://momotomborealestate.com/wp-content/uploads/2026/01/1-1-584x438.jpeg?v=1768234395,12.1516383,-86.2663177,administrative
93656,,"Casa en Venta Carretera Sur, Managua",Casa,venta,Carretera Sur,Managua,,,,,185000.00,USD,https://momotomborealestate.com/property/casa-en-venta-renta-carretera-sur-managua-82/,https://momotomborealestate.com/wp-content/uploads/2025/11/01-10-584x438.jpeg?v=1764264295,12.1372298,-86.3076137,trunk
93204,,"Casa en Venta Villa Fontana, Managua",Casa,venta,Villa Fontana,Managua,,,,,950000.00,USD,https://momotomborealestate.com/property/casa-en-venta-villa-fontana-managua-20/,https://momotomborealestate.com/wp-content/uploads/2025/11/WhatsApp-Image-2025-11-10-at-2.21.35-PM-1-584x438.jpeg?v=1762888738,12.1033874,-86.2671277,administrative
93129,,"Casa en Venta Villa Fontana, Managua",Casa,venta,Villa Fontana,Managua,,,,,215000.00,USD,https://momotomborealestate.com/property/casa-en-venta-villa-fontana-managua-19/,https://momotomborealestate.com/wp-content/uploads/2025/11/18-584x438.jpg?v=1762030368,12.1033874,-86.2671277,administrative
92965,,"Casa en Venta Carretera A Masaya, Nindiri",Casa,venta,Carretera A Masaya,Nindiri,,,,,85000.00,USD,https://momotomborealestate.com/property/casa-en-venta-carretera-a-masaya-nindiri/,https://momotomborealestate.com/wp-content/uploads/2025/10/2-12-584x438.jpg?v=1761617543,12.0663799,-86.2125688,trunk
19882,,"Casa en Venta Villa Fontana Sur, Managua",Casa,venta,Villa Fontana Sur,Managua,,,,,556000.00,USD,https://momotomborealestate.com/property/casa-en-venta-renta-villa-fontana-sur-managua/,https://momotomborealestate.com/wp-content/uploads/properties/68873-584x438.jpeg?v=1752616433,12.1033874,-86.2671277,administrative
91658,,"Casa en Venta El Crucero, El Crucero",Casa,venta,El Crucero,El Crucero,,,,,220000.00,USD,https://momotomborealestate.com/property/casa-en-venta-el-crucero-el-crucero/,https://momotomborealestate.com/wp-content/uploads/2025/09/4-4-584x438.jpg?v=1757296140,11.9888853,-86.3103503,administrative
9398,,"Casa en Venta Santo Domingo, Managua",Casa,venta,Santo Domingo,Managua,,,,,520000.00,USD,https://momotomborealestate.com/property/casa-en-venta-santo-domingo-managua-2/,https://momotomborealestate.com/wp-content/uploads/properties/88891-584x438.jpeg?v=1752563783,12.1516383,-86.2663177,administrative
9379,,"Casa en Venta Santo Domingo, Managua",Casa,venta,Santo Domingo,Managua,,,,,560000.00,USD,https://momotomborealestate.com/property/casa-en-venta-santo-domingo-managua/,https://momotomborealestate.com/wp-content/uploads/properties/88906-584x438.jpeg?v=1752563742,12.1516383,-86.2663177,administrative
91617,,"Casa en Venta Reparto San Juan, Managua",Casa,venta,Reparto San Juan,Managua,,,,,400000.00,USD,https://momotomborealestate.com/property/casa-en-venta-reparto-san-juan-managua-25/,https://momotomborealestate.com/wp-content/uploads/2025/09/10-2-584x438.jpg?v=1757127489,12.1219000,-86.2697106,administrative
91482,,"Casa en Venta Santa Teresa, Santa Teresa",Casa,venta,Santa Teresa,Santa Teresa,,,,,98000.00,USD,https://momotomborealestate.com/property/casa-en-venta-santa-teresa-santa-teresa/,https://momotomborealestate.com/wp-content/uploads/2025/09/1-584x438.jpeg?v=1756922774,11.8037329,-86.1634385,administrative
90694,,"Casa en Venta Estadio Cranshaw, Managua",Casa,venta,Estadio Cranshaw,Managua,,,,,240000.00,USD,https://momotomborealestate.com/property/casa-en-venta-estadio-cranshaw-managua/,https://momotomborealestate.com/wp-content/uploads/2025/08/4-3-584x438.jpg?v=1755640387,12.1472544,-86.2836966,bus_stop
90410,,"Casa en Venta , Masatepe",Casa,venta,,Masatepe,,,,,115000.00,USD,https://momotomborealestate.com/property/casa-en-venta-masatepe/,https://momotomborealestate.com/wp-content/uploads/2025/08/2-1-584x438.jpg?v=1754793880,11.9156473,-86.1438044,administrative
90047,,"Casa en Venta Dolores, Dolores",Casa,venta,Dolores,Dolores,,,,,60000.00,USD,https://momotomborealestate.com/property/casa-en-venta-dolores-dolores-2/,https://momotomborealestate.com/wp-content/uploads/2025/07/WhatsApp-Image-2025-07-21-at-4.21.09-PM-5-584x438.jpeg?v=1753296906,11.8562374,-86.2158180,administrative
90098,,"Casa en Venta & Renta Villa Fontana Sur, Managua",Casa,venta,& Renta Villa Fontana Sur,Managua,,,,,475000.00,USD,https://momotomborealestate.com/property/casa-en-venta-villa-fontana-sur-managua-15/,https://momotomborealestate.com/wp-content/uploads/2025/07/6-584x438.jpg?v=1753320102,12.1547116,-86.2737250,administrative
9291,,"Casa en Venta & Renta Ticuantepe, Ticuantepe",Casa,venta,& Renta Ticuantepe,Ticuantepe,,,,,250000.00,USD,https://momotomborealestate.com/property/casa-en-venta-renta-ticuantepe-ticuantepe/,https://momotomborealestate.com/wp-content/uploads/2026/07/1-5-584x438.jpeg?v=1785535808,12.0217671,-86.2053144,administrative
9362,,"Casa en Renta Las Colinas, Managua",Casa,renta,Las Colinas,Managua,,,,,1800.00,USD,https://momotomborealestate.com/property/casa-en-venta-renta-las-colinas-managua/,https://momotomborealestate.com/wp-content/uploads/properties/88957-584x438.jpeg?v=1752563605,12.1964007,-86.3692092,village
9554,,"Casa en Venta & Renta Santo Domingo, Managua",Casa,venta,& Renta Santo Domingo,Managua,,,,,560000.00,USD,https://momotomborealestate.com/property/casa-en-venta-renta-santo-domingo-managua/,https://momotomborealestate.com/wp-content/uploads/properties/88656-584x438.jpeg?v=1752564751,12.1547116,-86.2737250,administrative
9747,,"Casa en Venta Montoya, Managua",Casa,venta,Montoya,Managua,,,,,95000.00,USD,https://momotomborealestate.com/property/casa-en-venta-montoya-managua/,https://momotomborealestate.com/wp-content/uploads/properties/88204-584x438.jpeg?v=1752565867,12.1479743,-86.2876242,bus_stop
9841,,"Casa en Venta Las Colinas, Managua",Casa,venta,Las Colinas,Managua,,,,,495000.00,USD,https://momotomborealestate.com/property/casa-en-venta-las-colinas-managua/,https://momotomborealestate.com/wp-content/uploads/properties/88019-584x438.jpeg?v=1752566279,12.1964007,-86.3692092,village
10016,,"Casa en Venta Iglesia San Jeronimo, Masaya",Casa,venta,Iglesia San Jeronimo,Masaya,,,,,110000.00,USD,https://momotomborealestate.com/property/casa-en-venta-renta-iglesia-san-jeronimo-masaya/,https://momotomborealestate.com/wp-content/uploads/properties/87654-584x438.jpeg?v=1752567527,11.9788772,-86.0975003,place_of_worship
10200,,"Casa en Renta Las Colinas, Managua",Casa,renta,Las Colinas,Managua,,,,,1790.00,USD,https://momotomborealestate.com/property/casa-en-renta-las-colinas-managua/,https://momotomborealestate.com/wp-content/uploads/properties/87182-584x438.jpeg?v=1752568769,12.1964007,-86.3692092,village
10472,,"Casa en Venta CARRETERA PANAMERICANA, DIRIAMBA",Casa,venta,CARRETERA PANAMERICANA,DIRIAMBA,,,,,190000.00,USD,https://momotomborealestate.com/property/casa-en-venta-carretera-panamericana-diriamba/,https://momotomborealestate.com/wp-content/uploads/properties/86602-584x438.jpeg?v=1752570156,11.8629518,-86.2390694,trunk
10516,,"Casa en Venta Zona Central de Jinotepe, Jinotepe",Casa,venta,Zona Central de Jinotepe,Jinotepe,,,,,180000.00,USD,https://momotomborealestate.com/property/casa-en-venta-zona-central-de-jinotepe-jinotepe/,https://momotomborealestate.com/wp-content/uploads/properties/86500-584x438.jpeg?v=1752570433,11.8478476,-86.1992469,administrative
10622,,"Casa en Venta Las Colinas, Managua",Casa,venta,Las Colinas,Managua,,,,,190000.00,USD,https://momotomborealestate.com/property/casa-en-venta-las-colinas-managua-2/,https://momotomborealestate.com/wp-content/uploads/properties/86370-584x438.jpeg?v=1752570723,12.1964007,-86.3692092,village
10875,,"Casa en Venta Colonial Los Robles, Managua",Casa,venta,Colonial Los Robles,Managua,,,,,185000.00,USD,https://momotomborealestate.com/property/casa-en-venta-colonial-los-robles-managua/,https://momotomborealestate.com/wp-content/uploads/properties/85677-584x438.jpeg?v=1752571754,12.1224774,-86.2598104,commercial
10921,,"Casa en Venta Carretera Sur, Managua",Casa,venta,Carretera Sur,Managua,,,,,450000.00,USD,https://momotomborealestate.com/property/casa-en-venta-renta-carretera-sur-managua/,https://momotomborealestate.com/wp-content/uploads/properties/85594-584x438.jpeg?v=1752571872,12.1372298,-86.3076137,trunk
10954,,"Casa en Venta Bolonia, Managua",Casa,venta,Bolonia,Managua,,,,,150000.00,USD,https://momotomborealestate.com/property/casa-en-venta-bolonia-managua/,https://momotomborealestate.com/wp-content/uploads/properties/85443-584x438.jpeg?v=1752571948,12.1398941,-86.2815427,administrative
11360,,"Casa en Venta San Marcos, San Marcos",Casa,venta,San Marcos,San Marcos,,,,,195400.00,USD,https://momotomborealestate.com/property/casa-en-venta-san-marcos-carazo/,https://momotomborealestate.com/wp-content/uploads/properties/84501-584x438.jpeg?v=1752573249,11.9091914,-86.2047174,administrative
11500,,"Casa en Venta Colonial Los Robles, Managua",Casa,venta,Colonial Los Robles,Managua,,,,,210000.00,USD,https://momotomborealestate.com/property/casa-en-venta-colonial-los-robles-managua-2/,https://momotomborealestate.com/wp-content/uploads/2026/05/WhatsApp-Image-2026-05-13-at-19.56.37-1-1-584x438.jpeg?v=1778772639,12.1224774,-86.2598104,commercial
12058,,"Casa en Venta & Renta Bolonia, Managua",Casa,venta,& Renta Bolonia,Managua,,,,,1030000.00,USD,https://momotomborealestate.com/property/casa-en-venta-renta-bolonia-managua-2/,https://momotomborealestate.com/wp-content/uploads/properties/83041-584x438.jpeg?v=1752575353,12.1547116,-86.2737250,administrative
12251,,"Casa en Venta San Isidro De La Cruz Verde, Managua",Casa,venta,San Isidro De La Cruz Verde,Managua,,,,,120000.00,USD,https://momotomborealestate.com/property/casa-en-venta-san-isidro-de-la-cruz-verde-managua/,https://momotomborealestate.com/wp-content/uploads/2026/02/1-7-584x438.jpeg?v=1772147007,12.0837637,-86.2613725,administrative
12572,,"Casa en Venta Esquipulas, Managua",Casa,venta,Esquipulas,Managua,,,,,380000.00,USD,https://momotomborealestate.com/property/casa-en-venta-esquipulas-managua/,https://momotomborealestate.com/wp-content/uploads/properties/81760-584x438.jpeg?v=1752576800,12.0745878,-86.2158151,neighbourhood
12649,,"Casa en Venta Montoya, Managua",Casa,venta,Montoya,Managua,,,,,115000.00,USD,https://momotomborealestate.com/property/casa-en-venta-montoya-managua-2/,https://momotomborealestate.com/wp-content/uploads/properties/81682-584x438.jpeg?v=1752577107,12.1479743,-86.2876242,bus_stop
13120,,"Casa en Venta Los Robles, Managua",Casa,venta,Los Robles,Managua,,,,,440000.00,USD,https://momotomborealestate.com/property/casa-en-venta-renta-los-robles-managua/,https://momotomborealestate.com/wp-content/uploads/properties/80967-584x438.jpeg?v=1752578622,12.1212007,-86.2653351,administrative
13867,,"Casa en Venta Lomas De San Juan, Managua",Casa,venta,Lomas De San Juan,Managua,,,,,275000.00,USD,https://momotomborealestate.com/property/casa-en-venta-lomas-de-san-juan-managua/,https://momotomborealestate.com/wp-content/uploads/properties/79133-584x438.jpeg?v=1752581411,12.1176150,-86.2690072,administrative
14123,,"Casa en Venta Reparto Farabundo Marti, Managua",Casa,venta,Reparto Farabundo Marti,Managua,,,,,164000.00,USD,https://momotomborealestate.com/property/casa-en-venta-reparto-farabundo-marti-managua/,https://momotomborealestate.com/wp-content/uploads/properties/78531-584x438.jpeg?v=1752582262,12.1547116,-86.2737250,administrative
14174,,"Casa en Venta Balcones De Santo Domingo, Managua",Casa,venta,Balcones De Santo Domingo,Managua,,,,,550000.00,USD,https://momotomborealestate.com/property/casa-en-venta-balcones-de-santo-domingo-managua/,https://momotomborealestate.com/wp-content/uploads/properties/78470-584x438.jpeg?v=1752582531,12.0565626,-86.2496565,neighbourhood
14225,,"Casa en Venta Bolonia, Managua",Casa,venta,Bolonia,Managua,,,,,160000.00,USD,https://momotomborealestate.com/property/casa-en-venta-bolonia-managua-3/,https://momotomborealestate.com/wp-content/uploads/2026/07/1-584x438.jpg?v=1783966354,12.1398941,-86.2815427,administrative
14439,,"Casa en Venta Villa Don Bosco, Managua",Casa,venta,Villa Don Bosco,Managua,,,,,120000.00,USD,https://momotomborealestate.com/property/casa-en-venta-villa-don-bosco-managua/,https://momotomborealestate.com/wp-content/uploads/properties/77940-584x438.jpeg?v=1752583665,12.1345906,-86.2364979,bus_stop
14679,,"Casa en Venta Carretera a Masaya, Managua",Casa,venta,Carretera a Masaya,Managua,,,,,350000.00,USD,https://momotomborealestate.com/property/casa-en-venta-carretera-a-masaya-managua-5/,https://momotomborealestate.com/wp-content/uploads/properties/79331-584x438.jpeg?v=1752584172,12.0777949,-86.2231504,trunk
14752,,"Casa en Venta & Renta Altos de Ticomo, Managua",Casa,venta,& Renta Altos de Ticomo,Managua,,,,,420000.00,USD,https://momotomborealestate.com/property/casa-en-venta-renta-altos-de-ticomo-managua/,https://momotomborealestate.com/wp-content/uploads/properties/77382-584x438.jpeg?v=1752584351,12.1547116,-86.2737250,administrative
14807,,"Casa en Venta Praderas Del Doral, Managua",Casa,venta,Praderas Del Doral,Managua,,,,,80000.00,USD,https://momotomborealestate.com/property/casa-en-venta-praderas-del-doral-managua/,https://momotomborealestate.com/wp-content/uploads/properties/77447-584x438.jpeg?v=1752584483,12.1297308,-86.1891038,neighbourhood
14843,,"Casa en Venta Altamira, Managua",Casa,venta,Altamira,Managua,,,,,120000.00,USD,https://momotomborealestate.com/property/casa-en-venta-renta-altamira-managua/,https://momotomborealestate.com/wp-content/uploads/2026/02/WhatsApp-Image-2026-02-16-at-16.00.08-1-584x438.jpeg?v=1771343090,12.1254717,-86.2541078,bus_stop
14951,,"Casa en Venta Diriamba, Diriamba",Casa,venta,Diriamba,Diriamba,,,,,750000.00,USD,https://momotomborealestate.com/property/casa-en-venta-diriamba-diriamba/,https://momotomborealestate.com/wp-content/uploads/properties/77087-584x438.jpeg?v=1752585026,11.8561449,-86.2403037,administrative
15424,,"Casa en Renta Carretera Sur, Managua",Casa,renta,Carretera Sur,Managua,,,,,1800.00,USD,https://momotomborealestate.com/property/casa-en-renta-carretera-sur-managua-5/,https://momotomborealestate.com/wp-content/uploads/properties/84078-584x438.jpeg?v=1752586335,12.1372298,-86.3076137,trunk
15489,,"Casa en Venta Santo Domingo, Managua",Casa,venta,Santo Domingo,Managua,,,,,330000.00,USD,https://momotomborealestate.com/property/casa-en-venta-santo-domingo-managua-7/,https://momotomborealestate.com/wp-content/uploads/properties/88754-584x438.jpeg?v=1752586478,12.1516383,-86.2663177,administrative
15510,,"Casa en Venta Carretera Vieja a Leon, Managua",Casa,venta,Carretera Vieja a Leon,Managua,,,,,99000.00,USD,https://momotomborealestate.com/property/casa-en-venta-carretera-vieja-a-leon-managua-4/,https://momotomborealestate.com/wp-content/uploads/properties/76315-584x438.jpeg?v=1752586620,12.0868353,-86.5333187,trunk
15520,,"Casa en Venta Carretera a Masaya, Managua",Casa,venta,Carretera a Masaya,Managua,,,,,370000.00,USD,https://momotomborealestate.com/property/casa-en-venta-carretera-a-masaya-managua-8/,https://momotomborealestate.com/wp-content/uploads/properties/76301-584x438.jpeg?v=1752586652,12.0777949,-86.2231504,trunk
15630,,"Casa en Venta Nandasmo, Masaya",Casa,venta,Nandasmo,Masaya,,,,,50000.00,USD,https://momotomborealestate.com/property/casa-en-venta-nandasmo-masaya/,https://momotomborealestate.com/wp-content/uploads/properties/76074-584x438.jpeg?v=1752586929,11.9288798,-86.1187940,administrative
15672,,"Casa en Venta Bolonia, Managua",Casa,venta,Bolonia,Managua,,,,,159000.00,USD,https://momotomborealestate.com/property/casa-en-venta-bolonia-managua-4/,https://momotomborealestate.com/wp-content/uploads/properties/75845-584x438.jpeg?v=1752587023,12.1398941,-86.2815427,administrative
15761,,"Casa en Venta San Rafael del Sur, Managua",Casa,venta,San Rafael del Sur,Managua,,,,,25000.00,USD,https://momotomborealestate.com/property/casa-en-venta-san-rafael-del-sur-managua/,https://momotomborealestate.com/wp-content/uploads/properties/75909-584x438.jpeg?v=1752587188,11.7637351,-86.5943729,administrative
15770,,"Casa en Venta San Rafael del Sur, Managua",Casa,venta,San Rafael del Sur,Managua,,,,,20000.00,USD,https://momotomborealestate.com/property/casa-en-venta-san-rafael-del-sur-managua-2/,https://momotomborealestate.com/wp-content/uploads/properties/75986-584x438.jpeg?v=1752587214,11.7637351,-86.5943729,administrative
15818,,"Casa en Venta San Rafael del Sur, Managua",Casa,venta,San Rafael del Sur,Managua,,,,,20000.00,USD,https://momotomborealestate.com/property/casa-en-venta-san-rafael-del-sur-managua-3/,https://momotomborealestate.com/wp-content/uploads/properties/75952-584x438.jpeg?v=1752587326,11.7637351,-86.5943729,administrative
15833,,"Casa en Venta San Rafael del Sur, Managua",Casa,venta,San Rafael del Sur,Managua,,,,,15000.00,USD,https://momotomborealestate.com/property/casa-en-venta-san-rafael-del-sur-managua-4/,https://momotomborealestate.com/wp-content/uploads/properties/75877-584x438.jpeg?v=1752587375,11.7637351,-86.5943729,administrative
15908,,"Casa en Venta Olla de Barro, Masaya",Casa,venta,Olla de Barro,Masaya,,,,,40000.00,USD,https://momotomborealestate.com/property/casa-en-venta-olla-de-barro-masaya/,https://momotomborealestate.com/wp-content/uploads/properties/75515-584x438.jpeg?v=1752587466,11.9000373,-86.1175791,restaurant
15966,,"Casa en Venta Carretera Nueva A Leon, Mateare",Casa,venta,Carretera Nueva A Leon,Mateare,,,,,67800.00,USD,https://momotomborealestate.com/property/casa-en-venta-carretera-nueva-a-leon-managua-5/,https://momotomborealestate.com/wp-content/uploads/properties/75385-584x438.jpeg?v=1752587715,12.2377716,-86.4347690,trunk
16306,,"Casa en Venta Bolonia, Managua",Casa,venta,Bolonia,Managua,,,,,370000.00,USD,https://momotomborealestate.com/property/casa-en-venta-bolonia-managua-5/,https://momotomborealestate.com/wp-content/uploads/properties/74739-584x438.jpeg?v=1752588900,12.1398941,-86.2815427,administrative
16363,,"Casa en Venta Panamericana, Rivas",Casa,venta,Panamericana,Rivas,,,,,290000.00,USD,https://momotomborealestate.com/property/casa-en-venta-panamericana-rivas/,https://momotomborealestate.com/wp-content/uploads/properties/83173.jpeg?v=1752589004,11.2743082,-85.6556106,trunk
16413,,"Casa en Venta Leon, Leon",Casa,venta,Leon,Leon,,,,,90000.00,USD,https://momotomborealestate.com/property/casa-en-venta-leon-leon/,https://momotomborealestate.com/wp-content/uploads/properties/74542-584x438.jpeg?v=1752589084,12.3021275,-86.9679698,administrative
16427,,"Casa en Venta Carretera Vieja A León, Managua",Casa,venta,Carretera Vieja A León,Managua,,,,,250000.00,USD,https://momotomborealestate.com/property/casa-en-venta-carretera-vieja-a-le-n-managua/,https://momotomborealestate.com/wp-content/uploads/properties/74605-584x438.jpeg?v=1752589131,12.0915859,-86.3541488,trunk
16775,,"Casa en Venta Carretera A Masaya, Managua",Casa,venta,Carretera A Masaya,Managua,,,,,350000.00,USD,https://momotomborealestate.com/property/casa-en-venta-carretera-a-masaya-managua-10/,https://momotomborealestate.com/wp-content/uploads/properties/73908-584x438.jpeg?v=1752590274,12.0777949,-86.2231504,trunk
16816,,"Casa en Venta Carretera Sur, Managua",Casa,venta,Carretera Sur,Managua,,,,,375000.00,USD,https://momotomborealestate.com/property/casa-en-venta-renta-carretera-sur-managua-7/,https://momotomborealestate.com/wp-content/uploads/properties/73871-584x438.jpeg?v=1752590505,12.1372298,-86.3076137,trunk
16892,,"Casa en Venta Masaya, Masaya",Casa,venta,Masaya,Masaya,,,,,100000.00,USD,https://momotomborealestate.com/property/casa-en-venta-masaya-masaya/,https://momotomborealestate.com/wp-content/uploads/properties/73777-584x438.jpeg?v=1752590717,11.9736474,-86.0960547,administrative
16999,,"Casa en Venta Las Colinas, Managua",Casa,venta,Las Colinas,Managua,,,,,310000.00,USD,https://momotomborealestate.com/property/casa-en-venta-las-colinas-managua-4/,https://momotomborealestate.com/wp-content/uploads/properties/73705-584x438.jpeg?v=1752591096,12.1964007,-86.3692092,village
17128,,"Casa en Venta Bolonia, Managua",Casa,venta,Bolonia,Managua,,,,,360000.00,USD,https://momotomborealestate.com/property/casa-en-venta-bolonia-managua-6/,https://momotomborealestate.com/wp-content/uploads/properties/81651-584x438.jpeg?v=1752591440,12.1398941,-86.2815427,administrative
17201,,"Casa en Venta Colonial Los Robles, Managua",Casa,venta,Colonial Los Robles,Managua,,,,,158500.00,USD,https://momotomborealestate.com/property/casa-en-venta-colonial-los-robles-managua-5/,https://momotomborealestate.com/wp-content/uploads/2026/05/WhatsApp-Image-2026-05-13-at-19.56.39-1-584x438.jpeg?v=1778772104,12.1224774,-86.2598104,commercial
17227,,"Casa en Venta Estancia Santo Domingo, Managua",Casa,venta,Estancia Santo Domingo,Managua,,,,,750000.00,USD,https://momotomborealestate.com/property/casa-en-venta-estancia-santo-domingo-managua/,https://momotomborealestate.com/wp-content/uploads/properties/73031-584x438.jpeg?v=1752591730,12.0744078,-86.2379815,neighbourhood
17272,,"Casa en Renta Villa Fontana Sur, Managua",Casa,renta,Villa Fontana Sur,Managua,,,,,2600.00,USD,https://momotomborealestate.com/property/casa-en-renta-villa-fontana-sur-managua-4/,https://momotomborealestate.com/wp-content/uploads/2026/04/WhatsApp-Image-2026-04-29-at-12.59.18-1-584x438.jpeg?v=1777491186,12.1033874,-86.2671277,administrative
17375,,"Casa en Venta Carretera Sur, Managua",Casa,venta,Carretera Sur,Managua,,,,,350000.00,USD,https://momotomborealestate.com/property/casa-en-venta-carretera-sur-managua-16/,https://momotomborealestate.com/wp-content/uploads/properties/72800-584x438.jpeg?v=1752592079,12.1372298,-86.3076137,trunk
17429,,"Casa en Venta Santo Domingo, Managua",Casa,venta,Santo Domingo,Managua,,,,,315000.00,USD,https://momotomborealestate.com/property/casa-en-venta-santo-domingo-managua-9/,https://momotomborealestate.com/wp-content/uploads/properties/72710-584x438.jpeg?v=1752592362,12.1516383,-86.2663177,administrative
17656,,"Casa en Renta Carretera Sur, Managua",Casa,renta,Carretera Sur,Managua,,,,,1000.00,USD,https://momotomborealestate.com/property/casa-en-renta-carretera-sur-managua-8/,https://momotomborealestate.com/wp-content/uploads/properties/72341-584x438.jpeg?v=1752592969,12.1372298,-86.3076137,trunk
17720,,"Casa en Venta Jinotepe , Carazo",Casa,venta,Jinotepe,Carazo,,,,,500000.00,USD,https://momotomborealestate.com/property/casa-en-venta-jinotepe-carazo/,https://momotomborealestate.com/wp-content/uploads/properties/72222-584x438.jpeg?v=1752593116,11.8478476,-86.1992469,administrative
17957,,"Casa en Venta Esquipulas, Managua",Casa,venta,Esquipulas,Managua,,,,,80000.00,USD,https://momotomborealestate.com/property/casa-en-venta-renta-esquipulas-managua/,https://momotomborealestate.com/wp-content/uploads/2026/08/WhatsApp-Image-2026-08-22-at-11.18.35-2-584x438.jpeg?v=1787599899,12.0745878,-86.2158151,neighbourhood
18021,,"Casa en Venta Carretera Vieja A León, Managua",Casa,venta,Carretera Vieja A León,Managua,,,,,120000.00,USD,https://momotomborealestate.com/property/casa-en-venta-carretera-vieja-a-le-n-managua-2/,https://momotomborealestate.com/wp-content/uploads/properties/71913-584x438.jpeg?v=1752594039,12.0915859,-86.3541488,trunk
18070,,"Casa en Renta Villa Fontana Sur, Managua",Casa,renta,Villa Fontana Sur,Managua,,,,,2100.00,USD,https://momotomborealestate.com/property/casa-en-renta-villa-fontana-sur-managua-5/,https://momotomborealestate.com/wp-content/uploads/properties/71751-584x438.jpeg?v=1752610896,12.1033874,-86.2671277,administrative
18134,,"Casa en Venta El Mirador De Santo Domingo, Managua",Casa,venta,El Mirador De Santo Domingo,Managua,,,,,475000.00,USD,https://momotomborealestate.com/property/casa-en-venta-el-mirador-de-santo-domingo-managua/,https://momotomborealestate.com/wp-content/uploads/properties/71662-584x438.jpeg?v=1752611162,12.0951233,-86.2396922,commercial
18372,,"Casa en Venta & Renta Las Colinas, Managua",Casa,venta,& Renta Las Colinas,Managua,,,,,330000.00,USD,https://momotomborealestate.com/property/casa-en-venta-las-colinas-managua-6/,https://momotomborealestate.com/wp-content/uploads/properties/71142-584x438.jpeg?v=1752611621,12.1547116,-86.2737250,administrative
18639,,"Casa en Renta Reparto El Mirador De Santo Domingo, Managua",Casa,renta,Reparto El Mirador De Santo Domingo,Managua,,,,,4000.00,USD,https://momotomborealestate.com/property/casa-en-venta-renta-reparto-el-mirador-de-santo-domingo-managua/,https://momotomborealestate.com/wp-content/uploads/2026/01/01-584x438.jpeg?v=1768516632,12.1547116,-86.2737250,administrative
18668,,"Casa en Venta Los Robles, Managua",Casa,venta,Los Robles,Managua,,,,,450000.00,USD,https://momotomborealestate.com/property/casa-en-venta-los-robles-managua-2/,https://momotomborealestate.com/wp-content/uploads/properties/70692-584x438.jpeg?v=1752612474,12.1212007,-86.2653351,administrative
19251,,"Casa en Venta Esquipulas, Los Vanegas, Managua",Casa,venta,Esquipulas,Los Vanegas,Managua,,,,350000.00,USD,https://momotomborealestate.com/property/casa-en-venta-esquipulas-los-vanegas-managua/,https://momotomborealestate.com/wp-content/uploads/properties/87873-584x426.jpeg?v=1752614664,,,
19411,,"Casa en Venta Las Colinas, Managua",Casa,venta,Las Colinas,Managua,,,,,625000.00,USD,https://momotomborealestate.com/property/casa-en-venta-las-colinas-managua-9/,https://momotomborealestate.com/wp-content/uploads/properties/82033-584x438.jpeg?v=1752615112,12.1964007,-86.3692092,village
19726,,"Casa en Venta Diriamba, Diriamba",Casa,venta,Diriamba,Diriamba,,,,,150000.00,USD,https://momotomborealestate.com/property/casa-en-venta-diriamba-diriamba-2/,https://momotomborealestate.com/wp-content/uploads/properties/69090-584x438.jpeg?v=1752615981,11.8561449,-86.2403037,administrative
19970,,"Casa en Venta Los Robles, Managua",Casa,venta,Los Robles,Managua,,,,,280000.00,USD,https://momotomborealestate.com/property/casa-en-venta-los-robles-managua-3/,https://momotomborealestate.com/wp-content/uploads/properties/68725-584x438.jpeg?v=1752616991,12.1212007,-86.2653351,administrative
20239,,"Casa en Venta La Talanguera, San Juan Del Sur",Casa,venta,La Talanguera,San Juan Del Sur,,,,,421000.00,USD,https://momotomborealestate.com/property/casa-en-venta-la-talanguera-san-juan-del-sur/,https://momotomborealestate.com/wp-content/uploads/properties/68266-584x438.jpeg?v=1752617809,11.2627708,-85.8766267,neighbourhood
20290,,"Casa en Venta Carretera Sur, Managua",Casa,venta,Carretera Sur,Managua,,,,,420000.00,USD,https://momotomborealestate.com/property/casa-en-venta-carretera-sur-managua-25/,https://momotomborealestate.com/wp-content/uploads/properties/68091-584x438.jpeg?v=1752617969,12.1372298,-86.3076137,trunk
20466,,"Casa en Venta Santo Domingo, Managua",Casa,venta,Santo Domingo,Managua,,,,,220000.00,USD,https://momotomborealestate.com/property/casa-en-venta-santo-domingo-managua-10/,https://momotomborealestate.com/wp-content/uploads/2026/02/Area-social-584x438.jpeg?v=1772123571,12.1516383,-86.2663177,administrative
20646,,"Casa en Venta Villa Esperanza, Jinotepe",Casa,venta,Villa Esperanza,Jinotepe,,,,,90000.00,USD,https://momotomborealestate.com/property/casa-en-venta-villa-esperanza-jinotepe/,https://momotomborealestate.com/wp-content/uploads/properties/67440-584x438.jpeg?v=1752619340,11.8478476,-86.1992469,administrative
20678,,"Casa en Venta Jinotepe, Jinotepe",Casa,venta,Jinotepe,Jinotepe,,,,,50000.00,USD,https://momotomborealestate.com/property/casa-en-venta-jinotepe-jinotepe/,https://momotomborealestate.com/wp-content/uploads/properties/67326-584x438.jpeg?v=1752619457,11.8462395,-86.1965318,administrative
20698,,"Casa en Venta San Marcos, San Marcos",Casa,venta,San Marcos,San Marcos,,,,,80000.00,USD,https://momotomborealestate.com/property/casa-en-venta-san-marcos-san-marcos/,https://momotomborealestate.com/wp-content/uploads/properties/67296-584x438.jpeg?v=1752619495,11.9091914,-86.2047174,administrative
21044,,"Casa en Venta Carretera Sur, Managua",Casa,venta,Carretera Sur,Managua,,,,,250000.00,USD,https://momotomborealestate.com/property/casa-en-venta-carretera-sur-managua-26/,https://momotomborealestate.com/wp-content/uploads/properties/66718-584x438.jpeg?v=1752620454,12.1372298,-86.3076137,trunk
21137,,"Casa en Venta Carretera Masaya, Managua",Casa,venta,Carretera Masaya,Managua,,,,,160000.00,USD,https://momotomborealestate.com/property/casa-en-venta-carretera-masaya-mnagua/,https://momotomborealestate.com/wp-content/uploads/2025/10/a9c15f11-1c7c-49b8-b505-1590488938d6-584x438.jpeg?v=1759338868,12.0777609,-86.2216762,shoes
21156,,"Casa en Venta Altos De Santo Domingo, Managua",Casa,venta,Altos De Santo Domingo,Managua,,,,,495000.00,USD,https://momotomborealestate.com/property/casa-en-venta-renta-altos-de-santo-domingo-managua/,https://momotomborealestate.com/wp-content/uploads/properties/74550-584x438.jpeg?v=1752620685,12.0832267,-86.2465055,administrative
21331,,"Casa en Venta & Renta Carretera Sur, Managua",Casa,venta,& Renta Carretera Sur,Managua,,,,,800000.00,USD,https://momotomborealestate.com/property/casa-en-venta-renta-carretera-sur-managua-11/,https://momotomborealestate.com/wp-content/uploads/2026/02/02-584x438.jpeg?v=1770745502,12.1547116,-86.2737250,administrative
21370,,"Casa en Venta Las Cumbres, Managua",Casa,venta,Las Cumbres,Managua,,,,,500000.00,USD,https://momotomborealestate.com/property/casa-en-venta-las-cumbres-managua-4/,https://momotomborealestate.com/wp-content/uploads/2026/06/WhatsApp-Image-2026-06-18-at-16.55.43-1-584x438.jpeg?v=1781889630,12.0993011,-86.2569419,administrative
22023,,"Casa en Venta Granada, Granada",Casa,venta,Granada,Granada,,,,,175000.00,USD,https://momotomborealestate.com/property/casa-en-venta-granada-granada/,https://momotomborealestate.com/wp-content/uploads/properties/81608-584x438.jpeg?v=1752621957,11.9303670,-85.9535387,administrative
22118,,"Casa en Venta Bello Horizonte, Managua",Casa,venta,Bello Horizonte,Managua,,,,,110000.00,USD,https://momotomborealestate.com/property/casa-en-venta-bello-horizonte-managua-2/,https://momotomborealestate.com/wp-content/uploads/properties/65000-584x438.jpeg?v=1752622077,12.1472660,-86.2330920,hotel
22210,,"Casa en Venta Las Brisas, Managua",Casa,venta,Las Brisas,Managua,,,,,139000.00,USD,https://momotomborealestate.com/property/casa-en-venta-las-brisas-managua/,https://momotomborealestate.com/wp-content/uploads/properties/64852-584x438.jpeg?v=1752622361,12.1553331,-86.3139094,administrative
23471,,"Casa en Venta Carretera Nueva Leon, Managua",Casa,venta,Carretera Nueva Leon,Managua,,,,,80000.00,USD,https://momotomborealestate.com/property/casa-en-venta-carretera-nueva-leon-managua/,https://momotomborealestate.com/wp-content/uploads/properties/62999-584x438.jpeg?v=1752624105,12.1407927,-86.3335359,industrial
24167,,"Casa en Venta Laguna de Apoyo , Masaya",Casa,venta,Laguna de Apoyo,Masaya,,,,,200000.00,USD,https://momotomborealestate.com/property/casa-en-venta-laguna-de-apoyo-masaya/,https://momotomborealestate.com/wp-content/uploads/properties/61773-584x367.jpeg?v=1752624858,11.9133223,-86.0359665,protected_area
24426,,"Casa en Venta Jardines de Managua, Managua",Casa,venta,Jardines de Managua,Managua,,,,,445000.00,USD,https://momotomborealestate.com/property/casa-en-venta-jardines-de-managua-managua/,https://momotomborealestate.com/wp-content/uploads/properties/61259-584x438.jpeg?v=1752625061,12.1407705,-86.2996996,administrative
24623,,"Casa en Venta San Isidro, El Rosario",Casa,venta,San Isidro,El Rosario,,,,,58000.00,USD,https://momotomborealestate.com/property/casa-en-venta-san-isidro-el-rosario/,https://momotomborealestate.com/wp-content/uploads/properties/61287-584x438.jpeg?v=1752625191,11.8252150,-86.1486951,administrative
24963,,"Casa en Venta Barrio El Recreo, Managua",Casa,venta,Barrio El Recreo,Managua,,,,,50000.00,USD,https://momotomborealestate.com/property/casa-en-venta-barrio-el-recreo-managua/,https://momotomborealestate.com/wp-content/uploads/properties/60178-584x438.jpeg?v=1752625574,12.1310104,-86.2883490,neighbourhood
25142,,"Casa en Renta Cumbres De Las Colinas, Managua",Casa,renta,Cumbres De Las Colinas,Managua,,,,,1700.00,USD,https://momotomborealestate.com/property/casa-en-renta-cumbres-de-las-colinas-managua/,https://momotomborealestate.com/wp-content/uploads/properties/59981-584x438.jpeg?v=1752625727,12.1014736,-86.2358027,residential
25914,,"Casa en Venta & Renta Santo Domingo, Managua",Casa,venta,& Renta Santo Domingo,Managua,,,,,250000.00,USD,https://momotomborealestate.com/property/casa-en-venta-renta-santo-domingo-managua-8/,https://momotomborealestate.com/wp-content/uploads/properties/58539-584x438.jpeg?v=1752626465,12.1547116,-86.2737250,administrative
26179,,"Casa en Venta Jinotepe, Jinotepe",Casa,venta,Jinotepe,Jinotepe,,,,,170000.00,USD,https://momotomborealestate.com/property/casa-en-venta-jinotepe-jinotepe-2/,https://momotomborealestate.com/wp-content/uploads/properties/84580-584x438.jpeg?v=1752626853,11.8462395,-86.1965318,administrative
27369,,"Casa en Venta Barrio Concepción de María, Managua",Casa,venta,Barrio Concepción de María,Managua,,,,,200000.00,USD,https://momotomborealestate.com/property/casa-en-venta-barrio-concepci-n-de-mar-a-managua/,https://momotomborealestate.com/wp-content/uploads/properties/55971-584x438.jpeg?v=1752627911,12.1547116,-86.2737250,administrative
27686,,"Casa en Venta Carretera Sur, Managua",Casa,venta,Carretera Sur,Managua,,,,,235000.00,USD,https://momotomborealestate.com/property/casa-en-venta-renta-carretera-sur-managua-17/,https://momotomborealestate.com/wp-content/uploads/2026/07/WhatsApp-Image-2026-07-13-at-10.01.22-584x438.jpeg?v=1783958879,12.1372298,-86.3076137,trunk
27716,,"Casa en Venta Carretera Sur, Managua",Casa,venta,Carretera Sur,Managua,,,,,360000.00,USD,https://momotomborealestate.com/property/casa-en-venta-carretera-sur-managua-36/,https://momotomborealestate.com/wp-content/uploads/properties/55523-563x438.jpeg?v=1752628232,12.1372298,-86.3076137,trunk
28175,,"Casa en Venta Barrio Cristo del Rosario , Managua",Casa,venta,Barrio Cristo del Rosario,Managua,,,,,66000.00,USD,https://momotomborealestate.com/property/casa-en-venta-barrio-cristo-del-rosario-managua-2/,https://momotomborealestate.com/wp-content/uploads/properties/54093-584x438.jpeg?v=1752628595,12.1590416,-86.2797520,administrative
28437,,"Casa en Renta Intermezzo Del Bosque, Managua",Casa,renta,Intermezzo Del Bosque,Managua,,,,,2200.00,USD,https://momotomborealestate.com/property/casa-en-venta-renta-intermezzo-del-bosque-managua/,https://momotomborealestate.com/wp-content/uploads/2025/11/01a-584x438.jpeg?v=1764255317,12.0489321,-86.2660260,administrative
28658,,"Casa en Renta Estancia Santo Domingo, Managua",Casa,renta,Estancia Santo Domingo,Managua,,,,,1700.00,USD,https://momotomborealestate.com/property/casa-en-renta-estancia-santo-domingo-managua/,https://momotomborealestate.com/wp-content/uploads/properties/53156-584x438.jpeg?v=1752629040,12.0744078,-86.2379815,neighbourhood
28737,,"Casa en Venta Reparto Las Palmas, Managua",Casa,venta,Reparto Las Palmas,Managua,,,,,180000.00,USD,https://momotomborealestate.com/property/casa-en-venta-reparto-las-palmas-managua/,https://momotomborealestate.com/wp-content/uploads/properties/53063-584x438.jpeg?v=1752629097,12.1547116,-86.2737250,administrative
29030,,"Casa en Venta Reparto San Sebastian, Managua",Casa,venta,Reparto San Sebastian,Managua,,,,,47500.00,USD,https://momotomborealestate.com/property/casa-en-venta-reparto-san-sebastian-managua/,https://momotomborealestate.com/wp-content/uploads/2026/03/WhatsApp-Image-2026-03-15-at-10.15.41-584x438.jpeg?v=1773678143,12.1547116,-86.2737250,administrative
29048,,"Casa en Venta carretera masaya, managua",Casa,venta,carretera masaya,managua,,,,,110000.00,USD,https://momotomborealestate.com/property/casa-en-venta-carretera-masaya-managua-6/,https://momotomborealestate.com/wp-content/uploads/properties/15638137681-584x405.jpg?v=1752629355,12.0777609,-86.2216762,shoes
29282,,"Casa en Venta ticuantepe, managua",Casa,venta,ticuantepe,managua,,,,,80000.00,USD,https://momotomborealestate.com/property/casa-en-venta-ticuantepe-managua-3/,https://momotomborealestate.com/wp-content/uploads/properties/15618290371-584x405.jpg?v=1752629500,12.0217671,-86.2053144,administrative
29386,,"Casa en Venta Santo Domingo, Managua",Casa,venta,Santo Domingo,Managua,,,,,385000.00,USD,https://momotomborealestate.com/property/casa-en-venta-renta-santo-domingo-managua-9/,https://momotomborealestate.com/wp-content/uploads/2025/11/01-6-584x438.jpeg?v=1764199928,12.1516383,-86.2663177,administrative
29424,,"Casa en Venta león, león",Casa,venta,león,león,,,,,200000.00,USD,https://momotomborealestate.com/property/casa-en-venta-le-n-le-n/,https://momotomborealestate.com/wp-content/uploads/properties/15602740841-584x405.jpg?v=1752629624,12.3021275,-86.9679698,administrative
29472,,"Casa en Venta loma verde, managua",Casa,venta,loma verde,managua,,,,,50000.00,USD,https://momotomborealestate.com/property/casa-en-venta-loma-verde-managua-2/,,12.1490787,-86.3058068,administrative
29576,,"Casa en Venta Batahola Norte, Managua",Casa,venta,Batahola Norte,Managua,,,,,120000.00,USD,https://momotomborealestate.com/property/casa-en-venta-batahola-norte-managua-3/,https://momotomborealestate.com/wp-content/uploads/properties/15578636851-584x405.jpg?v=1752629729,12.1410700,-86.3038781,administrative
29597,,"Casa en Venta Jinotepe, Jinotepe",Casa,venta,Jinotepe,Jinotepe,,,,,180000.00,USD,https://momotomborealestate.com/property/casa-en-venta-jinotepe-jinotepe-3/,https://momotomborealestate.com/wp-content/uploads/properties/15578556631-584x405.jpg?v=1752629741,11.8462395,-86.1965318,administrative
29692,,"Casa en Venta carretera nueva a leon, managua",Casa,venta,carretera nueva a leon,managua,,,,,60000.00,USD,https://momotomborealestate.com/property/casa-en-venta-carretera-nueva-a-leon-managua-12/,https://momotomborealestate.com/wp-content/uploads/properties/15571817861-584x405.jpg?v=1752629792,12.2289547,-86.4150341,trunk
29875,,"Casa en Venta Colonia Centro America, Managua",Casa,venta,Colonia Centro America,Managua,,,,,80000.00,USD,https://momotomborealestate.com/property/casa-en-venta-colonia-centro-america-managua-2/,https://momotomborealestate.com/wp-content/uploads/properties/15553675251-584x405.jpg?v=1752629897,12.1547116,-86.2737250,administrative
29995,,"Casa en Venta masaya, managua",Casa,venta,masaya,managua,,,,,99500.00,USD,https://momotomborealestate.com/property/casa-en-venta-masaya-managua/,https://momotomborealestate.com/wp-content/uploads/properties/15543881121-584x405.jpg?v=1752629966,11.9848629,-86.1541198,nature_reserve
30007,,"Casa en Venta masaya, managua",Casa,venta,masaya,managua,,,,,65000.00,USD,https://momotomborealestate.com/property/casa-en-venta-masaya-managua-2/,https://momotomborealestate.com/wp-content/uploads/properties/15543314511-584x405.jpg?v=1752629972,11.9848629,-86.1541198,nature_reserve
30016,,"Casa en Venta carretera a masaya, managua",Casa,venta,carretera a masaya,managua,,,,,320000.00,USD,https://momotomborealestate.com/property/casa-en-venta-carretera-a-masaya-managua-27/,https://momotomborealestate.com/wp-content/uploads/properties/15543284441-584x405.jpg?v=1752629978,12.1246067,-86.2648241,trunk
30130,,"Casa en Venta masaya, masaya",Casa,venta,masaya,masaya,,,,,28000.00,USD,https://momotomborealestate.com/property/casa-en-venta-masaya-masaya-2/,https://momotomborealestate.com/wp-content/uploads/properties/15537046781-584x405.jpg?v=1752630045,11.9736474,-86.0960547,administrative
30822,,"Casa en Venta Villa Libertad, Managua",Casa,venta,Villa Libertad,Managua,,,,,45000.00,USD,https://momotomborealestate.com/property/casa-en-venta-villa-libertad-managua-3/,https://momotomborealestate.com/wp-content/uploads/2026/03/WhatsApp-Image-2026-03-02-at-15.22.27-584x438.jpeg?v=1772490904,12.1160492,-86.2025399,neighbourhood
32141,,"Casa en Venta Carretera Diriamba-Jinotepe, Diriamba",Casa,venta,Carretera Diriamba-Jinotepe,Diriamba,,,,,155000.00,USD,https://momotomborealestate.com/property/casa-en-venta-carretera-diriamba-jinotepe-diriamba/,https://momotomborealestate.com/wp-content/uploads/properties/15369032172-584x405.jpg?v=1752631364,11.8572477,-86.2122696,works
32236,,"Casa en Venta laureles norte, managua",Casa,venta,laureles norte,managua,,,,,55000.00,USD,https://momotomborealestate.com/property/casa-en-venta-laureles-norte-managua/,https://momotomborealestate.com/wp-content/uploads/properties/15366100141-584x405.jpg?v=1752631424,12.1271155,-86.1980990,neighbourhood
32376,,"Casa en Venta masaya, masaya",Casa,venta,masaya,masaya,,,,,25000.00,USD,https://momotomborealestate.com/property/casa-en-venta-masaya-masaya-3/,https://momotomborealestate.com/wp-content/uploads/properties/15357525801-584x405.jpg?v=1752631505,11.9736474,-86.0960547,administrative
32508,,"Casa en Venta Reparto Regina, Diriamba",Casa,venta,Reparto Regina,Diriamba,,,,,225000.00,USD,https://momotomborealestate.com/property/casa-en-venta-reparto-regina-diriamba/,https://momotomborealestate.com/wp-content/uploads/properties/80796-584x438.jpeg?v=1752631585,11.6947004,-86.3812383,administrative
33043,,"Casa en Venta Diriamba, Diriamba",Casa,venta,Diriamba,Diriamba,,,,,285000.00,USD,https://momotomborealestate.com/property/casa-en-venta-renta-diriamba-carazo/,https://momotomborealestate.com/wp-content/uploads/2026/05/WhatsApp-Image-2026-05-18-at-09.48.17-2-584x438.jpeg?v=1779122988,11.8561449,-86.2403037,administrative
33149,,"Casa en Venta carretera a masaya, managua",Casa,venta,carretera a masaya,managua,,,,,450000.00,USD,https://momotomborealestate.com/property/casa-en-venta-carretera-a-masaya-managua-31/,https://momotomborealestate.com/wp-content/uploads/properties/15334008991-584x405.jpg?v=1752632035,12.1246067,-86.2648241,trunk
33649,,"Casa en Venta san rafael del sur, managua",Casa,venta,san rafael del sur,managua,,,,,76750.00,USD,https://momotomborealestate.com/property/casa-en-venta-san-rafael-del-sur-managua-5/,https://momotomborealestate.com/wp-content/uploads/properties/15333343351-584x405.jpg?v=1752632399,11.7637351,-86.5943729,administrative
35032,,"Casa en Venta & Renta chinandega, chinandega",Casa,venta,& Renta chinandega,chinandega,,,,,75000.00,USD,https://momotomborealestate.com/property/casa-en-venta-renta-chinandega-chinandega/,https://momotomborealestate.com/wp-content/uploads/properties/15246016111-584x405.jpeg?v=1752633311,12.7777962,-87.2695840,administrative
35131,,"Casa en Venta & Renta villa fontana sur, managua",Casa,venta,& Renta villa fontana sur,managua,,,,,250000.00,USD,https://momotomborealestate.com/property/casa-en-venta-renta-villa-fontana-sur-managua-10/,https://momotomborealestate.com/wp-content/uploads/properties/15258050341-584x405.jpg?v=1752633425,12.1547116,-86.2737250,administrative
35178,,"Casa en Renta juigalpa, juigalpa",Casa,renta,juigalpa,juigalpa,,,,,800.00,USD,https://momotomborealestate.com/property/casa-en-renta-juigalpa-juigalpa/,https://momotomborealestate.com/wp-content/uploads/properties/15240691831-584x405.jpeg?v=1752633451,12.1060911,-85.3652080,administrative
35444,,"Casa en Venta bº santa ana, managua",Casa,venta,bº santa ana,managua,,,,,55000.00,USD,https://momotomborealestate.com/property/casa-en-venta-b-santa-ana-managua/,,12.1542419,-86.2890063,administrative
35524,,"Casa en Venta santo domingo, managua",Casa,venta,santo domingo,managua,,,,,342000.00,USD,https://momotomborealestate.com/property/casa-en-venta-santo-domingo-managua-18/,https://momotomborealestate.com/wp-content/uploads/properties/15212284531-584x405.jpeg?v=1752633773,12.1516383,-86.2663177,administrative
36033,,"Casa en Venta managua, managua",Casa,venta,managua,managua,,,,,85000.00,USD,https://momotomborealestate.com/property/casa-en-venta-managua-managua-3/,,12.1547116,-86.2737250,administrative
36121,,"Casa en Venta estelí, esteli",Casa,venta,estelí,esteli,,,,,225000.00,USD,https://momotomborealestate.com/property/casa-en-venta-estel-esteli/,https://momotomborealestate.com/wp-content/uploads/properties/15188059801-584x405.jpeg?v=1752634276,13.0929621,-86.3561571,administrative
36198,,"Casa en Venta diriamba, diriamba",Casa,venta,diriamba,diriamba,,,,,260000.00,USD,https://momotomborealestate.com/property/casa-en-venta-diriamba-diriamba-4/,https://momotomborealestate.com/wp-content/uploads/properties/15186219681-584x405.jpeg?v=1752634333,11.8561449,-86.2403037,administrative
36633,,"Casa en Venta Carretera Sur, Managua",Casa,venta,Carretera Sur,Managua,,,,,190000.00,USD,https://momotomborealestate.com/property/casa-en-venta-carretera-sur-managua-44/,https://momotomborealestate.com/wp-content/uploads/2026/03/WhatsApp-Image-2026-03-18-at-15.57.11-584x438.jpeg?v=1773871702,12.1372298,-86.3076137,trunk
36644,,"Casa en Venta las jaguitas, managua",Casa,venta,las jaguitas,managua,,,,,123900.00,USD,https://momotomborealestate.com/property/casa-en-venta-las-jaguitas-managua-4/,https://momotomborealestate.com/wp-content/uploads/properties/15180268611-584x405.jpg?v=1752634598,12.1000000,-86.2130000,locality
36646,,"Casa en Venta las jaguitas, managua",Casa,venta,las jaguitas,managua,,,,,141900.00,USD,https://momotomborealestate.com/property/casa-en-venta-las-jaguitas-managua-5/,https://momotomborealestate.com/wp-content/uploads/properties/15180257211-584x405.jpg?v=1752634599,12.1000000,-86.2130000,locality
36648,,"Casa en Venta las jaguitas, managua",Casa,venta,las jaguitas,managua,,,,,129900.00,USD,https://momotomborealestate.com/property/casa-en-venta-las-jaguitas-managua-6/,https://momotomborealestate.com/wp-content/uploads/properties/15180260801-584x405.jpg?v=1752634601,12.1000000,-86.2130000,locality
36751,,"Casa en Venta las jaguitas, managua",Casa,venta,las jaguitas,managua,,,,,152900.00,USD,https://momotomborealestate.com/property/casa-en-venta-las-jaguitas-managua-7/,https://momotomborealestate.com/wp-content/uploads/properties/15180255151-584x405.jpg?v=1752634705,12.1000000,-86.2130000,locality
34596,,"Casa en Venta Las Jaguitas, Managua",Casa,venta,Las Jaguitas,Managua,,,,,90000.00,USD,https://momotomborealestate.com/property/casa-en-venta-las-jaguitas-managua-3/,https://momotomborealestate.com/wp-content/uploads/properties/9631_20180118090525253.jpg?v=1752633006,12.1000000,-86.2130000,locality
34726,,"Casa en Renta carretera a ticuantepe, managua",Casa,renta,carretera a ticuantepe,managua,,,,,1000.00,USD,https://momotomborealestate.com/property/casa-en-renta-carretera-a-ticuantepe-managua-6/,https://momotomborealestate.com/wp-content/uploads/properties/9615_20180105130052767.jpg?v=1752633139,12.0553096,-86.2031482,secondary
36884,,"Casa en Venta Carretera A Masaya, Managua",Casa,venta,Carretera A Masaya,Managua,,,,,290000.00,USD,https://momotomborealestate.com/property/casa-en-venta-carretera-a-masaya-managua-45/,https://momotomborealestate.com/wp-content/uploads/2026/03/9598_20171220163617391.jpg?v=1772494638,12.0777949,-86.2231504,trunk
36979,,"Casa en Venta urbanización praderas de sandino, managua",Casa,venta,urbanización praderas de sandino,managua,,,,,70000.00,USD,https://momotomborealestate.com/property/casa-en-venta-urbanizaci-n-praderas-de-sandino-managua/,https://momotomborealestate.com/wp-content/uploads/properties/9586_20171213125014022.jpg?v=1752634927,12.1547116,-86.2737250,administrative
37040,,"Casa en Renta altos de ticomo, managua",Casa,renta,altos de ticomo,managua,,,,,900.00,USD,https://momotomborealestate.com/property/casa-en-renta-altos-de-ticomo-managua-2/,https://momotomborealestate.com/wp-content/uploads/properties/9578_20171206130343040.jpg?v=1752634984,12.0979319,-86.3306825,residential
37129,,"Casa en Venta Las Colinas, Managua",Casa,venta,Las Colinas,Managua,,,,,250000.00,USD,https://momotomborealestate.com/property/casa-en-venta-las-colinas-managua-22/,https://momotomborealestate.com/wp-content/uploads/properties/79760-584x438.jpeg?v=1752635056,12.1964007,-86.3692092,village
37277,,"Casa en Venta Carretera A Masaya, Managua",Casa,venta,Carretera A Masaya,Managua,,,,,500000.00,USD,https://momotomborealestate.com/property/casa-en-venta-carretera-a-masaya-managua-47/,https://momotomborealestate.com/wp-content/uploads/2026/03/WhatsApp-Image-2026-03-20-at-14.26.36-584x438.jpeg?v=1774042505,12.0777949,-86.2231504,trunk
37361,,"Casa en Venta san marcos – carazo, san marcos carazo",Casa,venta,san marcos – carazo,san marcos carazo,,,,,50000.00,USD,https://momotomborealestate.com/property/casa-en-venta-san-marcos-carazo-san-marcos-carazo/,,11.9021268,-86.2370068,industrial
37460,,"Casa en Venta residencial bello horizonte, managua",Casa,venta,residencial bello horizonte,managua,,,,,100000.00,USD,https://momotomborealestate.com/property/casa-en-venta-residencial-bello-horizonte-managua/,https://momotomborealestate.com/wp-content/uploads/properties/9522_20171115093928335.jpg?v=1752635235,12.1547116,-86.2737250,administrative
37583,,"Casa en Venta & Renta carretera a ticuantepe, managua",Casa,venta,& Renta carretera a ticuantepe,managua,,,,,75000.00,USD,https://momotomborealestate.com/property/casa-en-venta-renta-carretera-a-ticuantepe-managua/,https://momotomborealestate.com/wp-content/uploads/properties/9497_20171211165540764.jpg?v=1752635278,12.1547116,-86.2737250,administrative
37613,,"Casa en Venta jinotega, jinotega",Casa,venta,jinotega,jinotega,,,,,165000.00,USD,https://momotomborealestate.com/property/casa-en-venta-jinotega-jinotega/,https://momotomborealestate.com/wp-content/uploads/properties/9492_20171106115004586.jpg?v=1752635291,13.1514401,-85.9305834,administrative
37615,,"Casa en Renta Las Colinas, Managua",Casa,renta,Las Colinas,Managua,,,,,1200.00,USD,https://momotomborealestate.com/property/casa-en-renta-las-colinas-managua-23/,https://momotomborealestate.com/wp-content/uploads/properties/9491_20171106104536946.jpg?v=1752635291,12.1964007,-86.3692092,village
37741,,"Casa en Venta & Renta carretera nueva a león, managua",Casa,venta,& Renta carretera nueva a león,managua,,,,,40000.00,USD,https://momotomborealestate.com/property/casa-en-venta-renta-carretera-nueva-a-le-n-managua-2/,https://momotomborealestate.com/wp-content/uploads/properties/9474_20171030135441402.jpg?v=1752635330,12.1547116,-86.2737250,administrative
37821,,"Casa en Venta carretera a masaya, managua",Casa,venta,carretera a masaya,managua,,,,,215000.00,USD,https://momotomborealestate.com/property/casa-en-venta-carretera-a-masaya-managua-51/,https://momotomborealestate.com/wp-content/uploads/properties/54733-584x438.jpeg?v=1752635353,12.1246067,-86.2648241,trunk
37859,,"Casa en Venta Chinandega, Chinandega",Casa,venta,Chinandega,Chinandega,,,,,90000.00,USD,https://momotomborealestate.com/property/casa-en-venta-chinandega-chinandega-2/,https://momotomborealestate.com/wp-content/uploads/properties/9459_20171108150155862.jpg?v=1752635374,12.6957045,-86.9808329,administrative
37930,,"Casa en Venta el sagrario, león",Casa,venta,el sagrario,león,,,,,1000000.00,USD,https://momotomborealestate.com/property/casa-en-venta-el-sagrario-le-n/,https://momotomborealestate.com/wp-content/uploads/properties/9447_20171017144239749.jpg?v=1752635396,12.4350080,-86.8775369,chapel
38095,,"Casa en Renta entrada la muela, managua",Casa,renta,entrada la muela,managua,,,,,1500.00,USD,https://momotomborealestate.com/property/casa-en-renta-entrada-la-muela-managua/,https://momotomborealestate.com/wp-content/uploads/properties/9424_20170930103330561.jpg?v=1752635476,12.1547116,-86.2737250,administrative
38168,,"Casa en Venta barrio julio buitrago, managua",Casa,venta,barrio julio buitrago,managua,,,,,37000.00,USD,https://momotomborealestate.com/property/casa-en-venta-barrio-julio-buitrago-managua/,https://momotomborealestate.com/wp-content/uploads/properties/9413_20170927134342605.jpg?v=1752635496,12.1535380,-86.2795382,university
38237,,"Casa en Venta Diriamba, Diriamba",Casa,venta,Diriamba,Diriamba,,,,,200000.00,USD,https://momotomborealestate.com/property/casa-en-venta-renta-residencial-regina-diriamba-carazo/,https://momotomborealestate.com/wp-content/uploads/properties/9401_20170923110628355.jpg?v=1752635513,11.8561449,-86.2403037,administrative
38257,,"Casa en Venta Reparto Montefresco, Managua",Casa,venta,Reparto Montefresco,Managua,,,,,350000.00,USD,https://momotomborealestate.com/property/casa-en-venta-reparto-montefresco-managua/,https://momotomborealestate.com/wp-content/uploads/properties/84967-584x438.jpeg?v=1752635528,12.1547116,-86.2737250,administrative
38364,,"Casa en Venta carretera a masaya, masaya",Casa,venta,carretera a masaya,masaya,,,,,190000.00,USD,https://momotomborealestate.com/property/casa-en-venta-carretera-a-masaya-masaya/,https://momotomborealestate.com/wp-content/uploads/properties/9386_20170913081153100.jpg?v=1752635655,12.0663799,-86.2125688,trunk
38594,,"Casa en Venta & Renta carretera vieja a leòn, managua",Casa,venta,& Renta carretera vieja a leòn,managua,,,,,,USD,https://momotomborealestate.com/property/casa-en-venta-renta-carretera-vieja-a-le-n-managua/,https://momotomborealestate.com/wp-content/uploads/properties/9358_20170828135813655.jpg?v=1752635880,12.1547116,-86.2737250,administrative
38637,,"Casa en Venta villa reconciliacion, managua",Casa,venta,villa reconciliacion,managua,,,,,60000.00,USD,https://momotomborealestate.com/property/casa-en-venta-villa-reconciliacion-managua/,https://momotomborealestate.com/wp-content/uploads/properties/9350_20170828111044510.jpg?v=1752635892,12.1385257,-86.1989819,neighbourhood
38824,,"Casa en Venta diriamba, carazo",Casa,venta,diriamba,carazo,,,,,150000.00,USD,https://momotomborealestate.com/property/casa-en-venta-diriamba-carazo-3/,https://momotomborealestate.com/wp-content/uploads/properties/9321_20170816082004186.jpg?v=1752635964,11.6947004,-86.3812383,administrative
38864,,"Casa en Ninguno , managua",,,Casa en Ninguno,managua,,,,,,USD,https://momotomborealestate.com/property/casa-en-ninguno-managua/,https://momotomborealestate.com/wp-content/uploads/properties/9315_20170825123345662.jpg?v=1752635982,12.1547116,-86.2737250,administrative
38896,,"Casa en Venta & Renta granada, granada",Casa,venta,& Renta granada,granada,,,,,1200000.00,USD,https://momotomborealestate.com/property/casa-en-venta-renta-granada-granada/,https://momotomborealestate.com/wp-content/uploads/properties/9310_20170814093128988.jpg?v=1752635990,11.9301777,-85.9522106,car_rental
38903,,"Casa en Venta linda vista, managua",Casa,venta,linda vista,managua,,,,,,USD,https://momotomborealestate.com/property/casa-en-venta-linda-vista-managua-4/,https://momotomborealestate.com/wp-content/uploads/properties/9309_20170811164721259.jpg?v=1752635992,12.1552762,-86.3059544,administrative
38909,,"Casa en Venta & Renta granada, granada",Casa,venta,& Renta granada,granada,,,,,425000.00,USD,https://momotomborealestate.com/property/casa-en-venta-renta-granada-granada-2/,https://momotomborealestate.com/wp-content/uploads/properties/9308_20171121154714385.jpg?v=1752635994,11.9301777,-85.9522106,car_rental
38922,,"Casa en Renta villa fontana, managua",Casa,renta,villa fontana,managua,,,,,1200.00,USD,https://momotomborealestate.com/property/casa-en-renta-villa-fontana-managua-16/,https://momotomborealestate.com/wp-content/uploads/properties/9306_20170811144946073.jpg?v=1752635997,12.1033874,-86.2671277,administrative
39082,,"Casa en Venta & Renta carretera a ticuantepe, managua",Casa,venta,& Renta carretera a ticuantepe,managua,,,,,500000.00,USD,https://momotomborealestate.com/property/casa-en-venta-renta-carretera-a-ticuantepe-managua-2/,https://momotomborealestate.com/wp-content/uploads/properties/9275_20170727094757800.jpg?v=1752636048,12.1547116,-86.2737250,administrative
39104,,"Casa en Venta reparto las palmas, managua",Casa,venta,reparto las palmas,managua,,,,,195000.00,USD,https://momotomborealestate.com/property/casa-en-venta-reparto-las-palmas-managua-3/,https://momotomborealestate.com/wp-content/uploads/properties/9273_20170726152729754.jpg?v=1752636052,12.1547116,-86.2737250,administrative
39118,,"Casa en Venta bº orlando ochoa , estelì, estelì",Casa,venta,bº orlando ochoa,estelì,estelì,,,,600000.00,USD,https://momotomborealestate.com/property/casa-en-venta-b-orlando-ochoa-estel-estel/,https://momotomborealestate.com/wp-content/uploads/properties/9267_20170727155421740.jpg?v=1752636058,13.0937219,-86.3580322,administrative
39152,,"Casa en Venta & Renta vistas de momotombo, managua",Casa,venta,& Renta vistas de momotombo,managua,,,,,189900.00,USD,https://momotomborealestate.com/property/casa-en-venta-renta-vistas-de-momotombo-managua/,https://momotomborealestate.com/wp-content/uploads/properties/9263_20170724162043761.jpg?v=1752636070,12.1547116,-86.2737250,administrative
39255,,"Casa en Venta & Renta Veracruz, Managua",Casa,venta,& Renta Veracruz,Managua,,,,,57000.00,USD,https://momotomborealestate.com/property/casa-en-venta-renta-veracruz-managua-5/,https://momotomborealestate.com/wp-content/uploads/2025/10/5304f085-36db-4e43-bdc0-9945cc5e2606-584x438.jpeg?v=1761766300,12.1547116,-86.2737250,administrative
39289,,"Casa en Venta masatepe, masaya",Casa,venta,masatepe,masaya,,,,,100000.00,USD,https://momotomborealestate.com/property/casa-en-venta-masatepe-masaya/,https://momotomborealestate.com/wp-content/uploads/properties/9246_20170713141812958.jpg?v=1752636141,11.9004113,-86.1524954,administrative
39404,,"Casa en Venta carretera a masaya, managua",Casa,venta,carretera a masaya,managua,,,,,250000.00,USD,https://momotomborealestate.com/property/casa-en-venta-carretera-a-masaya-managua-58/,https://momotomborealestate.com/wp-content/uploads/properties/54763-584x438.jpeg?v=1752636186,12.1246067,-86.2648241,trunk
39426,,"Casa en Venta & Renta reparto el carmen, managua",Casa,venta,& Renta reparto el carmen,managua,,,,,115000.00,USD,https://momotomborealestate.com/property/casa-en-venta-renta-reparto-el-carmen-managua/,https://momotomborealestate.com/wp-content/uploads/properties/9222_20170704101614577.jpg?v=1752636197,12.1547116,-86.2737250,administrative
39473,,"Casa en Venta sabana grande, managua",Casa,venta,sabana grande,managua,,,,,50000.00,USD,https://momotomborealestate.com/property/casa-en-venta-sabana-grande-managua-3/,https://momotomborealestate.com/wp-content/uploads/properties/9214_20170703100500815.jpg?v=1752636208,11.9099179,-86.5930635,farm
39489,,"Casa en Renta carretera sur, managua",Casa,renta,carretera sur,managua,,,,,560.00,USD,https://momotomborealestate.com/property/casa-en-renta-carretera-sur-managua-45/,https://momotomborealestate.com/wp-content/uploads/properties/9212_20170922103925709.jpg?v=1752636216,12.1412787,-86.2953782,trunk
39553,,"Casa en Venta pista al mayoreo, managua",Casa,venta,pista al mayoreo,managua,,,,,70000.00,USD,https://momotomborealestate.com/property/casa-en-venta-pista-al-mayoreo-managua/,https://momotomborealestate.com/wp-content/uploads/properties/9206_20170627112546417.jpg?v=1752636436,12.1547116,-86.2737250,administrative
39701,,"Casa en Venta carretera a veracruz, managua",Casa,venta,carretera a veracruz,managua,,,,,180000.00,USD,https://momotomborealestate.com/property/casa-en-venta-carretera-a-veracruz-managua-5/,https://momotomborealestate.com/wp-content/uploads/properties/9184_20170620130859714.jpg?v=1752636569,12.0932894,-86.1617105,secondary
39718,,"Casa en Venta rubenia, managua",Casa,venta,rubenia,managua,,,,,135000.00,USD,https://momotomborealestate.com/property/casa-en-venta-rubenia-managua-3/,https://momotomborealestate.com/wp-content/uploads/properties/9181_20170614153053065.jpg?v=1752636573,12.1319245,-86.2298230,park
39786,,"Casa en Venta carretera a masaya, managua",Casa,venta,carretera a masaya,managua,,,,,129995.00,USD,https://momotomborealestate.com/property/casa-en-venta-carretera-a-masaya-managua-61/,https://momotomborealestate.com/wp-content/uploads/properties/9172_20170612111138203.jpg?v=1752636713,12.1246067,-86.2648241,trunk
39846,,"Casa en Venta colonia unidad de proposito, managua",Casa,venta,colonia unidad de proposito,managua,,,,,75000.00,USD,https://momotomborealestate.com/property/casa-en-venta-colonia-unidad-de-proposito-managua/,https://momotomborealestate.com/wp-content/uploads/properties/9164_20170606103107823.jpg?v=1752636788,12.1540329,-86.1846979,neighbourhood
39905,,"Casa en Venta & Renta bolonia, managua",Casa,venta,& Renta bolonia,managua,,,,,210000.00,USD,https://momotomborealestate.com/property/casa-en-venta-renta-bolonia-managua-4/,https://momotomborealestate.com/wp-content/uploads/properties/9155_20170529104837092.jpg?v=1752636808,12.1547116,-86.2737250,administrative
39934,,"Casa en Venta colonia centroamerica, managua",Casa,venta,colonia centroamerica,managua,,,,,200000.00,USD,https://momotomborealestate.com/property/casa-en-venta-colonia-centroamerica-managua-3/,https://momotomborealestate.com/wp-content/uploads/properties/15538882481-584x405.jpg?v=1752636816,12.1140728,-86.2500635,neighbourhood
39950,,"Casa en Venta barrio largaespada, managua",Casa,venta,barrio largaespada,managua,,,,,70000.00,USD,https://momotomborealestate.com/property/casa-en-venta-barrio-largaespada-managua-2/,https://momotomborealestate.com/wp-content/uploads/properties/9148_20170525155333050.jpg?v=1752636821,12.1422470,-86.2652529,administrative
40042,,"Casa en Venta Carretera Vieja a Leon, Managua",Casa,venta,Carretera Vieja a Leon,Managua,,,,,325000.00,USD,https://momotomborealestate.com/property/casa-en-venta-carretera-vieja-a-leon-managua-9/,https://momotomborealestate.com/wp-content/uploads/properties/9127_20170519113738032.jpg?v=1752636849,12.0868353,-86.5333187,trunk
40434,,"Casa en Venta granada, granada",Casa,venta,granada,granada,,,,,380000.00,USD,https://momotomborealestate.com/property/casa-en-venta-granada-granada-4/,https://momotomborealestate.com/wp-content/uploads/properties/9069_20170424093141152.jpg?v=1752637159,11.9303670,-85.9535387,administrative
40581,,"Casa en Venta planes de altamira, managua",Casa,venta,planes de altamira,managua,,,,,220000.00,USD,https://momotomborealestate.com/property/casa-en-venta-planes-de-altamira-managua-5/,https://momotomborealestate.com/wp-content/uploads/properties/9042_20170410101433284.jpg?v=1752637206,12.1152990,-86.2651231,apartments
40641,,"Casa en Renta Sierritas De Santo Domingo, Managua",Casa,renta,Sierritas De Santo Domingo,Managua,,,,,1700.00,USD,https://momotomborealestate.com/property/casa-en-venta-renta-sierritas-de-santo-domingo-managua-2/,https://momotomborealestate.com/wp-content/uploads/2026/05/WhatsApp-Image-2026-05-11-at-12.19.08-1-584x438.jpeg?v=1778525294,12.0873425,-86.2392043,residential
40654,,"Casa en Venta carretera a veracruz, managua",Casa,venta,carretera a veracruz,managua,,,,,110000.00,USD,https://momotomborealestate.com/property/casa-en-venta-carretera-a-veracruz-managua-7/,https://momotomborealestate.com/wp-content/uploads/properties/9028_20170403162853697.jpg?v=1752637230,12.0932894,-86.1617105,secondary
40819,,"Casa en Renta villa fontana sur, managua",Casa,renta,villa fontana sur,managua,,,,,1600.00,USD,https://momotomborealestate.com/property/casa-en-renta-villa-fontana-sur-managua-11/,https://momotomborealestate.com/wp-content/uploads/properties/88785-584x438.jpeg?v=1752637285,12.1033874,-86.2671277,administrative
41018,,"Casa en Venta Carretera Vieja A Leon, Managua",Casa,venta,Carretera Vieja A Leon,Managua,,,,,240000.00,USD,https://momotomborealestate.com/property/casa-en-venta-carretera-vieja-a-leon-managua-11/,https://momotomborealestate.com/wp-content/uploads/properties/15428394501-584x405.jpg?v=1752637723,12.0868353,-86.5333187,trunk
41059,,"Casa en Venta carretera sur, managua",Casa,venta,carretera sur,managua,,,,,420000.00,USD,https://momotomborealestate.com/property/casa-en-venta-carretera-sur-managua-50/,https://momotomborealestate.com/wp-content/uploads/properties/8969_20170313095850572.jpg?v=1752637736,12.1412787,-86.2953782,trunk
41075,,"Casa en Venta colonia mantica, managua",Casa,venta,colonia mantica,managua,,,,,115000.00,USD,https://momotomborealestate.com/property/casa-en-venta-colonia-mantica-managua-5/,https://momotomborealestate.com/wp-content/uploads/properties/8965_20170313084546733.jpg?v=1752637741,12.1472436,-86.2887940,administrative
41082,,"Casa en Venta & Renta carretera a veracruz, managua",Casa,venta,& Renta carretera a veracruz,managua,,,,,260000.00,USD,https://momotomborealestate.com/property/casa-en-venta-renta-carretera-a-veracruz-managua/,https://momotomborealestate.com/wp-content/uploads/properties/8964_20170510101746846.jpg?v=1752637742,12.1547116,-86.2737250,administrative
41357,,"Casa en Venta & Renta jardines de managua, managua",Casa,venta,& Renta jardines de managua,managua,,,,,160000.00,USD,https://momotomborealestate.com/property/casa-en-venta-renta-jardines-de-managua-managua/,https://momotomborealestate.com/wp-content/uploads/properties/8922_20170227164216339.jpg?v=1752637881,12.1547116,-86.2737250,administrative
41364,,"Casa en Venta jinotega, jinotega",Casa,venta,jinotega,jinotega,,,,,45000.00,USD,https://momotomborealestate.com/property/casa-en-venta-jinotega-jinotega-2/,https://momotomborealestate.com/wp-content/uploads/properties/8921_20170227161146810.jpg?v=1752637883,13.1514401,-85.9305834,administrative
41411,,"Casa en Renta Las Colinas, Managua",Casa,renta,Las Colinas,Managua,,,,,2000.00,USD,https://momotomborealestate.com/property/casa-en-renta-las-colinas-managua-31/,https://momotomborealestate.com/wp-content/uploads/properties/81419-584x438.jpeg?v=1752637897,12.1964007,-86.3692092,village
41642,,"Casa en Venta Carretera Sur, Managua",Casa,venta,Carretera Sur,Managua,,,,,360000.00,USD,https://momotomborealestate.com/property/casa-en-venta-carretera-sur-managua-51/,https://momotomborealestate.com/wp-content/uploads/properties/15526677271-584x405.jpg?v=1752638787,12.1372298,-86.3076137,trunk
41823,,"Casa en Venta masaya, masaya",Casa,venta,masaya,masaya,,,,,185000.00,USD,https://momotomborealestate.com/property/casa-en-venta-masaya-masaya-4/,https://momotomborealestate.com/wp-content/uploads/properties/8863_20170204102611705.jpg?v=1752638875,11.9736474,-86.0960547,administrative
41832,,"Casa en Venta carretera san marcos – masatepe, carazo",Casa,venta,carretera san marcos – masatepe,carazo,,,,,320000.00,USD,https://momotomborealestate.com/property/casa-en-venta-carretera-san-marcos-masatepe-carazo/,https://momotomborealestate.com/wp-content/uploads/properties/8861_20170204095150026.jpg?v=1752638877,11.6619985,-86.3125697,administrative
41971,,"Casa en Venta carretera a veracruz, managua",Casa,venta,carretera a veracruz,managua,,,,,304000.00,USD,https://momotomborealestate.com/property/casa-en-venta-carretera-a-veracruz-managua-10/,https://momotomborealestate.com/wp-content/uploads/properties/8844_20170131134011573.jpg?v=1752638965,12.0932894,-86.1617105,secondary
42078,,"Casa en Venta carretera vieja a leon, managua",Casa,venta,carretera vieja a leon,managua,,,,,80000.00,USD,https://momotomborealestate.com/property/casa-en-venta-carretera-vieja-a-leon-managua-12/,https://momotomborealestate.com/wp-content/uploads/properties/8829_20170126093555643.jpg?v=1752638995,12.0731952,-86.4953759,trunk
42085,,"Casa en Venta carretera vieja a leon, managua",Casa,venta,carretera vieja a leon,managua,,,,,60000.00,USD,https://momotomborealestate.com/property/casa-en-venta-carretera-vieja-a-leon-managua-13/,https://momotomborealestate.com/wp-content/uploads/properties/8828_20170125165259755.jpg?v=1752638997,12.0731952,-86.4953759,trunk
42139,,"Casa en Venta carretera nueva a leon, managua",Casa,venta,carretera nueva a leon,managua,,,,,80000.00,USD,https://momotomborealestate.com/property/casa-en-venta-carretera-nueva-a-leon-managua-17/,https://momotomborealestate.com/wp-content/uploads/properties/8823_20170123115253071.jpg?v=1752639105,12.2289547,-86.4150341,trunk
42328,,"Casa en Venta & Renta jinotepe, carazo",Casa,venta,& Renta jinotepe,carazo,,,,,146000.00,USD,https://momotomborealestate.com/property/casa-en-venta-renta-jinotepe-carazo/,https://momotomborealestate.com/wp-content/uploads/properties/15362554801-584x405.jpg?v=1752639168,11.6619985,-86.3125697,administrative
42589,,"Casa en Venta carretera a masaya, managua",Casa,venta,carretera a masaya,managua,,,,,285000.00,USD,https://momotomborealestate.com/property/casa-en-venta-carretera-a-masaya-managua-72/,https://momotomborealestate.com/wp-content/uploads/properties/8758_20161216120310705.jpg?v=1752639305,12.1246067,-86.2648241,trunk
42612,,"Casa en Renta carretera sur, managua",Casa,renta,carretera sur,managua,,,,,1700.00,USD,https://momotomborealestate.com/property/casa-en-renta-carretera-sur-managua-55/,https://momotomborealestate.com/wp-content/uploads/properties/8755_20161216103506848.jpg?v=1752639311,12.1412787,-86.2953782,trunk
42753,,"Casa en Venta barrio 19 de julio, managua",Casa,venta,barrio 19 de julio,managua,,,,,80000.00,USD,https://momotomborealestate.com/property/casa-en-venta-barrio-19-de-julio-managua/,https://momotomborealestate.com/wp-content/uploads/properties/8741_20161212103352353.jpg?v=1752639454,12.1481812,-86.2654593,bus_stop
42783,,"Casa en Venta bolonia, managua",Casa,venta,bolonia,managua,,,,,250000.00,USD,https://momotomborealestate.com/property/casa-en-venta-bolonia-managua-23/,https://momotomborealestate.com/wp-content/uploads/properties/8735_20161210111728179.jpg?v=1752639462,12.1398941,-86.2815427,administrative
42991,,"Casa en Venta carretera a masaya, managua",Casa,venta,carretera a masaya,managua,,,,,175000.00,USD,https://momotomborealestate.com/property/casa-en-venta-carretera-a-masaya-managua-76/,https://momotomborealestate.com/wp-content/uploads/properties/8703_20161118115839035.jpg?v=1752639540,12.1246067,-86.2648241,trunk
43000,,"Casa en Venta Valle Dorado, Managua",Casa,venta,Valle Dorado,Managua,,,,,120000.00,USD,https://momotomborealestate.com/property/casa-en-venta-valle-dorado-managua/,https://momotomborealestate.com/wp-content/uploads/properties/71384-584x438.jpeg?v=1752639546,12.1513640,-86.3152500,administrative
43310,,"Casa en Venta entrada al tepeyac., granada",Casa,venta,entrada al tepeyac.,granada,,,,,149000.00,USD,https://momotomborealestate.com/property/casa-en-venta-entrada-al-tepeyac-granada/,https://momotomborealestate.com/wp-content/uploads/properties/8662_20161028124512387.jpg?v=1752639713,11.9303670,-85.9535387,administrative
43364,,"Casa en Venta colonial los robles, managua",Casa,venta,colonial los robles,managua,,,,,230000.00,USD,https://momotomborealestate.com/property/casa-en-venta-colonial-los-robles-managua-11/,https://momotomborealestate.com/wp-content/uploads/properties/8656_20161024143447147.jpg?v=1752639728,12.1224774,-86.2598104,commercial
43463,,"Casa en Venta las colinas, managua",Casa,venta,las colinas,managua,,,,,250000.00,USD,https://momotomborealestate.com/property/casa-en-venta-las-colinas-managua-30/,https://momotomborealestate.com/wp-content/uploads/properties/8646_20161017105618724.jpg?v=1752639759,12.1964007,-86.3692092,village
43619,,"Casa en Venta carretera a masaya, managua",Casa,venta,carretera a masaya,managua,,,,,90000.00,USD,https://momotomborealestate.com/property/casa-en-venta-carretera-a-masaya-managua-81/,https://momotomborealestate.com/wp-content/uploads/properties/8630_20161010114957420.jpg?v=1752639936,12.1246067,-86.2648241,trunk
43621,,"Casa en Venta masaya, masaya",Casa,venta,masaya,masaya,,,,,96000.00,USD,https://momotomborealestate.com/property/casa-en-venta-masaya-masaya-5/,https://momotomborealestate.com/wp-content/uploads/properties/8629_20161004102313308.jpg?v=1752639937,11.9736474,-86.0960547,administrative
43640,,"Casa en Venta Carretera A Masaya, Managua",Casa,venta,Carretera A Masaya,Managua,,,,,290000.00,USD,https://momotomborealestate.com/property/casa-en-venta-carretera-a-masaya-managua-82/,https://momotomborealestate.com/wp-content/uploads/properties/75065-584x438.jpeg?v=1752639943,12.0777949,-86.2231504,trunk
43817,,"Casa en Renta las brisas, managua",Casa,renta,las brisas,managua,,,,,900.00,USD,https://momotomborealestate.com/property/casa-en-renta-las-brisas-managua-2/,https://momotomborealestate.com/wp-content/uploads/properties/8608_20160926102954021.jpg?v=1752640091,12.1553331,-86.3139094,administrative
43883,,"Casa en Venta carretera vieja a leon, managua",Casa,venta,carretera vieja a leon,managua,,,,,55000.00,USD,https://momotomborealestate.com/property/casa-en-venta-carretera-vieja-a-leon-managua-14/,https://momotomborealestate.com/wp-content/uploads/properties/8598_20160920091730017.jpg?v=1752640106,12.0731952,-86.4953759,trunk
43939,,"Casa en Venta lomas de san angel, managua",Casa,venta,lomas de san angel,managua,,,,,225000.00,USD,https://momotomborealestate.com/property/casa-en-venta-lomas-de-san-angel-managua-2/,https://momotomborealestate.com/wp-content/uploads/properties/8590_20160916094111909.jpg?v=1752640124,12.1137458,-86.2794201,administrative
44015,,"Casa en Venta la fuente, managua",Casa,venta,la fuente,managua,,,,,140000.00,USD,https://momotomborealestate.com/property/casa-en-venta-la-fuente-managua-3/,https://momotomborealestate.com/wp-content/uploads/properties/8578_20160909121605357.jpg?v=1752640145,12.2902230,-86.0741580,stream
44484,,"Casa en Venta granada, granada",Casa,venta,granada,granada,,,,,90000.00,USD,https://momotomborealestate.com/property/casa-en-venta-granada-granada-6/,https://momotomborealestate.com/wp-content/uploads/properties/15543255231-584x405.jpg?v=1752640362,11.9303670,-85.9535387,administrative
44490,,"Casa en Venta calle santa lucia/granada, granada",Casa,venta,calle santa lucia/granada,granada,,,,,120000.00,USD,https://momotomborealestate.com/property/casa-en-venta-calle-santa-lucia-granada-granada/,https://momotomborealestate.com/wp-content/uploads/properties/15543264441-584x405.jpg?v=1752640365,11.9343683,-85.9531636,neighbourhood
44543,,"Casa en Venta & Renta carretera a veracruz, managua",Casa,venta,& Renta carretera a veracruz,managua,,,,,150000.00,USD,https://momotomborealestate.com/property/casa-en-venta-renta-carretera-a-veracruz-managua-5/,https://momotomborealestate.com/wp-content/uploads/properties/8506_20160818125604249.jpg?v=1752640380,12.1547116,-86.2737250,administrative
44650,,"Casa en Venta & Renta carretera sur, managua",Casa,venta,& Renta carretera sur,managua,,,,,350000.00,USD,https://momotomborealestate.com/property/casa-en-venta-renta-carretera-sur-managua-32/,https://momotomborealestate.com/wp-content/uploads/properties/8488_20160815140342238.jpg?v=1752640419,12.1547116,-86.2737250,administrative
44760,,"Casa en Renta carretera sur, managua",Casa,renta,carretera sur,managua,,,,,6000.00,USD,https://momotomborealestate.com/property/casa-en-renta-carretera-sur-managua-56/,https://momotomborealestate.com/wp-content/uploads/properties/8468_20160811153806339.jpg?v=1752640445,12.1412787,-86.2953782,trunk
44770,,"Casa en Venta colonia leonel rugama, managua",Casa,venta,colonia leonel rugama,managua,,,,,280000.00,USD,https://momotomborealestate.com/property/casa-en-venta-colonia-leonel-rugama-managua/,,12.1519465,-86.2486259,administrative
44832,,"Casa en Venta somoto, madriz",Casa,venta,somoto,madriz,,,,,120000.00,USD,https://momotomborealestate.com/property/casa-en-venta-somoto-madriz-2/,https://momotomborealestate.com/wp-content/uploads/properties/15523388651-584x405.jpg?v=1752640490,13.5436645,-86.6483120,administrative
45346,,"Casa en Venta carretera vieja a tipitapa, managua",Casa,venta,carretera vieja a tipitapa,managua,,,,,,USD,https://momotomborealestate.com/property/casa-en-venta-carretera-vieja-a-tipitapa-managua/,https://momotomborealestate.com/wp-content/uploads/properties/8393_20160706092906808.jpg?v=1752640901,12.1535386,-86.1376426,secondary
45356,,"Casa en Venta tipitapa, managua",Casa,venta,tipitapa,managua,,,,,158000.00,USD,https://momotomborealestate.com/property/casa-en-venta-tipitapa-managua-2/,https://momotomborealestate.com/wp-content/uploads/properties/8391_20160705162031272.jpg?v=1752640904,12.3633024,-86.0253010,administrative
45379,,"Casa en Venta ciudadela san martin, managua",Casa,venta,ciudadela san martin,managua,,,,,28000.00,USD,https://momotomborealestate.com/property/casa-en-venta-ciudadela-san-martin-managua/,https://momotomborealestate.com/wp-content/uploads/properties/8386_20160704144746032.jpg?v=1752640910,12.2255000,-86.0882000,administrative
45384,,"Casa en Venta ciudadela san martin, managua",Casa,venta,ciudadela san martin,managua,,,,,22000.00,USD,https://momotomborealestate.com/property/casa-en-venta-ciudadela-san-martin-managua-2/,https://momotomborealestate.com/wp-content/uploads/properties/8385_20160704142504025.jpg?v=1752640911,12.2255000,-86.0882000,administrative
45388,,"Casa en Venta ciudadela san martin, managua",Casa,venta,ciudadela san martin,managua,,,,,37000.00,USD,https://momotomborealestate.com/property/casa-en-venta-ciudadela-san-martin-managua-3/,https://momotomborealestate.com/wp-content/uploads/properties/8384_20160704125728935.jpg?v=1752640912,12.2255000,-86.0882000,administrative
45401,,"Casa en Venta & Renta reparto san jorge / carretera vieja a tipitapa, managua",Casa,venta,& Renta reparto san jorge / carretera vieja a tipitapa,managua,,,,,17000.00,USD,https://momotomborealestate.com/property/casa-en-venta-renta-reparto-san-jorge-carretera-vieja-a-tipitapa-managua/,https://momotomborealestate.com/wp-content/uploads/properties/8382_20160704112419697.jpg?v=1752640915,12.1547116,-86.2737250,administrative
45449,,"Casa en Venta carretera a masaya, managua",Casa,venta,carretera a masaya,managua,,,,,400000.00,USD,https://momotomborealestate.com/property/casa-en-venta-carretera-a-masaya-managua-93/,,12.1246067,-86.2648241,trunk
45692,,"Casa en Venta americas iii, managua",Casa,venta,americas iii,managua,,,,,140000.00,USD,https://momotomborealestate.com/property/casa-en-venta-americas-iii-managua/,https://momotomborealestate.com/wp-content/uploads/properties/8339_20160617110410450.jpg?v=1752641067,12.1547116,-86.2737250,administrative
45806,,"Casa en Renta rivas, rivas",Casa,renta,rivas,rivas,,,,,300.00,USD,https://momotomborealestate.com/property/casa-en-renta-rivas-rivas/,https://momotomborealestate.com/wp-content/uploads/properties/8324_20170605104749594.jpg?v=1752641104,11.4389392,-85.8287394,administrative
45906,,"Casa en Venta reparto belmonte, managua",Casa,venta,reparto belmonte,managua,,,,,390000.00,USD,https://momotomborealestate.com/property/casa-en-venta-reparto-belmonte-managua/,https://momotomborealestate.com/wp-content/uploads/properties/8310_20160611102002128.jpg?v=1752641141,12.1261486,-86.3081384,neighbourhood
45943,,"Casa en Venta & Renta las colinas sur, managua",Casa,venta,& Renta las colinas sur,managua,,,,,430000.00,USD,https://momotomborealestate.com/property/casa-en-venta-renta-las-colinas-sur-managua-3/,https://momotomborealestate.com/wp-content/uploads/properties/8303_20170725153903189.jpg?v=1752641151,12.1547116,-86.2737250,administrative
46089,,"Casa en Venta san antonio sur, managua",Casa,venta,san antonio sur,managua,,,,,250000.00,USD,https://momotomborealestate.com/property/casa-en-venta-san-antonio-sur-managua/,https://momotomborealestate.com/wp-content/uploads/properties/8284_20160520150917971.jpg?v=1752641196,12.0657481,-86.2302170,neighbourhood
46166,,"Casa en Venta villa reconciliacion, managua",Casa,venta,villa reconciliacion,managua,,,,,65000.00,USD,https://momotomborealestate.com/property/casa-en-venta-villa-reconciliacion-managua-3/,https://momotomborealestate.com/wp-content/uploads/properties/8273_20160517100507144.jpg?v=1752641219,12.1385257,-86.1989819,neighbourhood
46304,,"Casa en Renta santo domingo, managua",Casa,renta,santo domingo,managua,,,,,1300.00,USD,https://momotomborealestate.com/property/casa-en-renta-santo-domingo-managua-34/,https://momotomborealestate.com/wp-content/uploads/properties/8252_20160512131931477.jpg?v=1752641257,12.1516383,-86.2663177,administrative
46312,,"Casa en Renta santo domingo, managua",Casa,renta,santo domingo,managua,,,,,1300.00,USD,https://momotomborealestate.com/property/casa-en-renta-santo-domingo-managua-35/,https://momotomborealestate.com/wp-content/uploads/properties/8251_20160512131834936.jpg?v=1752641258,12.1516383,-86.2663177,administrative
46475,,"Casa en Venta Carretera A Masaya, Managua",Casa,venta,Carretera A Masaya,Managua,,,,,500000.00,USD,https://momotomborealestate.com/property/mansi-n-en-venta-carretera-a-masaya-managua/,https://momotomborealestate.com/wp-content/uploads/properties/8226_20160503094807002.jpg?v=1752641327,12.0777949,-86.2231504,trunk
46655,,"Casa en Ninguno ciudad jardin, managua",,,Casa en Ninguno ciudad jardin,managua,,,,,,USD,https://momotomborealestate.com/property/casa-en-ninguno-ciudad-jardin-managua/,https://momotomborealestate.com/wp-content/uploads/properties/8199_20160415150614008.jpg?v=1752641457,12.1547116,-86.2737250,administrative
46689,,"Casa en Venta & Renta Diriamba, Diriamba",Casa,venta,& Renta Diriamba,Diriamba,,,,,230000.00,USD,https://momotomborealestate.com/property/casa-en-venta-renta-diriamba-diriamba/,https://momotomborealestate.com/wp-content/uploads/properties/15520655251-584x405.jpg?v=1752641481,11.6947004,-86.3812383,administrative
46861,,"Casa en Venta los robles, managua",Casa,venta,los robles,managua,,,,,460000.00,USD,https://momotomborealestate.com/property/casa-en-venta-los-robles-managua-7/,https://momotomborealestate.com/wp-content/uploads/properties/8169_20160407095630198.jpg?v=1752641575,12.1212007,-86.2653351,administrative
46911,,"Casa en Venta granada, granada",Casa,venta,granada,granada,,,,,180000.00,USD,https://momotomborealestate.com/property/casa-en-venta-granada-granada-8/,https://momotomborealestate.com/wp-content/uploads/properties/56065-584x438.jpeg?v=1752641601,11.9303670,-85.9535387,administrative
46916,,"Casa en Venta americas i, managua",Casa,venta,americas i,managua,,,,,42000.00,USD,https://momotomborealestate.com/property/casa-en-venta-americas-i-managua/,,12.1448731,-86.2610807,casino
46937,,"Casa en Renta Carretera Sur, Managua",Casa,renta,Carretera Sur,Managua,,,,,600.00,USD,https://momotomborealestate.com/property/casa-en-renta-carretera-sur-managua-60/,https://momotomborealestate.com/wp-content/uploads/properties/8156_20170923114612983.jpg?v=1752641615,12.1372298,-86.3076137,trunk
46944,,"Casa en Venta carretera sur, managua",Casa,venta,carretera sur,managua,,,,,490000.00,USD,https://momotomborealestate.com/property/casa-en-venta-carretera-sur-managua-56/,https://momotomborealestate.com/wp-content/uploads/properties/77694-584x438.jpeg?v=1752641618,12.1412787,-86.2953782,trunk
46975,,"Casa en Venta villa santa fe, managua",Casa,venta,villa santa fe,managua,,,,,200000.00,USD,https://momotomborealestate.com/property/casa-en-venta-villa-santa-fe-managua/,https://momotomborealestate.com/wp-content/uploads/properties/8152_20160401114137256.jpg?v=1752641634,12.1176158,-86.2718252,administrative
47210,,"Casa en Venta & Renta Carretera A Intermezzo Del Bosque, Managua",Casa,venta,& Renta Carretera A Intermezzo Del Bosque,Managua,,,,,790000.00,USD,https://momotomborealestate.com/property/mansi-n-en-venta-renta-carretera-a-intermezzo-del-bosque-managua/,https://momotomborealestate.com/wp-content/uploads/properties/8128_20170616125511011.jpg?v=1752641725,12.1547116,-86.2737250,administrative
47272,,"Casa en Venta Nindiri, Masaya",Casa,venta,Nindiri,Masaya,,,,,45000.00,USD,https://momotomborealestate.com/property/casa-en-venta-nindiri-masaya-6/,https://momotomborealestate.com/wp-content/uploads/properties/8122_20160318111738406.jpg?v=1752641745,12.0030065,-86.1201997,administrative
47326,,"Casa en Venta monseñor lezcano, managua",Casa,venta,monseñor lezcano,managua,,,,,490000.00,USD,https://momotomborealestate.com/property/casa-en-venta-monse-or-lezcano-managua-5/,https://momotomborealestate.com/wp-content/uploads/properties/8111_20160317094428667.jpg?v=1752641763,12.1497547,-86.2987362,administrative
47455,,"Casa en Venta & Renta barrio cristo el rosario, managua",Casa,venta,& Renta barrio cristo el rosario,managua,,,,,45000.00,USD,https://momotomborealestate.com/property/casa-en-venta-renta-barrio-cristo-el-rosario-managua/,https://momotomborealestate.com/wp-content/uploads/properties/8086_20160309133852554.jpg?v=1752641878,12.1547116,-86.2737250,administrative
47658,,"Casa en Venta carretera nueva a leon, managua",Casa,venta,carretera nueva a leon,managua,,,,,47000.00,USD,https://momotomborealestate.com/property/casa-en-venta-carretera-nueva-a-leon-managua-21/,https://momotomborealestate.com/wp-content/uploads/properties/8058_20160301093015516.jpg?v=1752641985,12.2289547,-86.4150341,trunk
47669,,"Casa en Venta Reparto Las Palmas, Managua",Casa,venta,Reparto Las Palmas,Managua,,,,,190000.00,USD,https://momotomborealestate.com/property/casa-en-venta-reparto-las-palmas-managua-5/,https://momotomborealestate.com/wp-content/uploads/properties/85419-584x438.jpeg?v=1752641990,12.1547116,-86.2737250,administrative
47857,,"Casa en Venta carretera nueva a leon, managua",Casa,venta,carretera nueva a leon,managua,,,,,60000.00,USD,https://momotomborealestate.com/property/casa-en-venta-carretera-nueva-a-leon-managua-22/,https://momotomborealestate.com/wp-content/uploads/properties/8028_20160222115634585.jpg?v=1752642080,12.2289547,-86.4150341,trunk
48028,,"Casa en Venta & Renta esquipulas, managua",Casa,venta,& Renta esquipulas,managua,,,,,140000.00,USD,https://momotomborealestate.com/property/casa-en-venta-renta-esquipulas-managua-8/,https://momotomborealestate.com/wp-content/uploads/properties/8002_20160211150400360.jpg?v=1752642134,12.1547116,-86.2737250,administrative
48129,,"Casa en Venta carretera nueva a leon, managua",Casa,venta,carretera nueva a leon,managua,,,,,250000.00,USD,https://momotomborealestate.com/property/casa-en-venta-carretera-nueva-a-leon-managua-23/,https://momotomborealestate.com/wp-content/uploads/properties/7992_20160208102804424.jpg?v=1752642169,12.2289547,-86.4150341,trunk
48222,,"Casa en Renta planes de altamira, managua",Casa,renta,planes de altamira,managua,,,,,1600.00,USD,https://momotomborealestate.com/property/casa-en-renta-planes-de-altamira-managua-4/,https://momotomborealestate.com/wp-content/uploads/properties/7976_20170515100626412.jpg?v=1752642214,12.1152990,-86.2651231,apartments
48227,,"Casa en Renta planes de altamira, managua",Casa,renta,planes de altamira,managua,,,,,1800.00,USD,https://momotomborealestate.com/property/casa-en-renta-planes-de-altamira-managua-5/,https://momotomborealestate.com/wp-content/uploads/properties/7975_20170515094944217.jpg?v=1752642215,12.1152990,-86.2651231,apartments
48348,,"Casa en Venta lomas de guadalupe, managua",Casa,venta,lomas de guadalupe,managua,,,,,340000.00,USD,https://momotomborealestate.com/property/casa-en-venta-lomas-de-guadalupe-managua/,https://momotomborealestate.com/wp-content/uploads/properties/7960_20160127114228181.jpg?v=1752642293,12.1255037,-86.2670747,administrative
48363,,"Casa en Venta altamira, managua",Casa,venta,altamira,managua,,,,,165000.00,USD,https://momotomborealestate.com/property/casa-en-venta-altamira-managua-14/,https://momotomborealestate.com/wp-content/uploads/properties/7958_20170526145034388.jpg?v=1752642319,12.1254717,-86.2541078,bus_stop
48381,,"Casa en Venta carretera vieja a leon, managua",Casa,venta,carretera vieja a leon,managua,,,,,30000.00,USD,https://momotomborealestate.com/property/casa-en-venta-carretera-vieja-a-leon-managua-19/,https://momotomborealestate.com/wp-content/uploads/properties/7954_20160120142523830.jpg?v=1752642324,12.0731952,-86.4953759,trunk
48514,,"Casa en Venta Carretera Ticuantepe-La Concha, Managua",Casa,venta,Carretera Ticuantepe-La Concha,Managua,,,,,1300000.00,USD,https://momotomborealestate.com/property/casa-en-venta-carretera-ticuantepe-la-concha-managua/,https://momotomborealestate.com/wp-content/uploads/properties/7931_20160115125115585.jpg?v=1752642422,11.9780836,-86.2196587,secondary
48971,,"Casa en Venta barrio santa ana, managua",Casa,venta,barrio santa ana,managua,,,,,120000.00,USD,https://momotomborealestate.com/property/casa-en-venta-barrio-santa-ana-managua/,https://momotomborealestate.com/wp-content/uploads/properties/7861_20151216092727887.jpg?v=1752642617,12.1542419,-86.2890063,administrative
49058,,"Casa en Venta & Renta reparto lomas de san judas, managua",Casa,venta,& Renta reparto lomas de san judas,managua,,,,,120000.00,USD,https://momotomborealestate.com/property/casa-en-venta-renta-reparto-lomas-de-san-judas-managua/,https://momotomborealestate.com/wp-content/uploads/properties/53341-584x438.jpeg?v=1752642645,12.1547116,-86.2737250,administrative
49244,,"Casa en Venta Santo Domingo, Managua",Casa,venta,Santo Domingo,Managua,,,,,,USD,https://momotomborealestate.com/property/casa-en-venta-santo-domingo-managua-34/,https://momotomborealestate.com/wp-content/uploads/properties/7822_20151130093608260.jpg?v=1752642752,12.1516383,-86.2663177,administrative
49480,,"Casa en Venta pista juan pablo segundo / barrio el pilar, managua",Casa,venta,pista juan pablo segundo / barrio el pilar,managua,,,,,65000.00,USD,https://momotomborealestate.com/property/casa-en-venta-pista-juan-pablo-segundo-barrio-el-pilar-managua/,https://momotomborealestate.com/wp-content/uploads/properties/7790_20151120120324708.jpg?v=1752642871,12.1547116,-86.2737250,administrative
49678,,"Casa en Renta carretera sur, managua",Casa,renta,carretera sur,managua,,,,,3500.00,USD,https://momotomborealestate.com/property/casa-en-renta-carretera-sur-managua-63/,https://momotomborealestate.com/wp-content/uploads/properties/15512163231-584x405.jpg?v=1752642935,12.1412787,-86.2953782,trunk
49733,,"Casa en Venta ciudad jardin, managua",Casa,venta,ciudad jardin,managua,,,,,70000.00,USD,https://momotomborealestate.com/property/casa-en-venta-ciudad-jardin-managua-10/,https://momotomborealestate.com/wp-content/uploads/properties/7760_20151111124854074.jpg?v=1752642949,12.1438958,-86.2552830,neighbourhood
49751,,"Casa en Renta carretera a veracruz, managua",Casa,renta,carretera a veracruz,managua,,,,,1500.00,USD,https://momotomborealestate.com/property/casa-en-renta-carretera-a-veracruz-managua-9/,https://momotomborealestate.com/wp-content/uploads/properties/7757_20151109152201174.jpg?v=1752642954,12.0932894,-86.1617105,secondary
49943,,"Casa en Venta santo domingo, managua",Casa,venta,santo domingo,managua,,,,,230000.00,USD,https://momotomborealestate.com/property/casa-en-venta-santo-domingo-managua-36/,https://momotomborealestate.com/wp-content/uploads/properties/7733_20151103112014373.jpg?v=1752643003,12.1516383,-86.2663177,administrative
50094,,"Casa en Renta carretera a masaya, managua",Casa,renta,carretera a masaya,managua,,,,,700.00,USD,https://momotomborealestate.com/property/casa-en-renta-carretera-a-masaya-managua-63/,,12.1246067,-86.2648241,trunk
50259,,"Casa en Venta reparto casimiro sotelo, managua",Casa,venta,reparto casimiro sotelo,managua,,,,,800000.00,USD,https://momotomborealestate.com/property/casa-en-venta-reparto-casimiro-sotelo-managua-2/,https://momotomborealestate.com/wp-content/uploads/properties/7679_20151021155832986.jpg?v=1752643142,12.1547116,-86.2737250,administrative
50914,,"Casa en Venta carretera a masaya, managua",Casa,venta,carretera a masaya,managua,,,,,310000.00,USD,https://momotomborealestate.com/property/casa-en-venta-carretera-a-masaya-managua-114/,https://momotomborealestate.com/wp-content/uploads/properties/7588_20150929114822809.jpg?v=1752643492,12.1246067,-86.2648241,trunk
50961,,"Casa en Venta la paz centro, leon",Casa,venta,la paz centro,leon,,,,,90000.00,USD,https://momotomborealestate.com/property/casa-en-venta-la-paz-centro-leon/,https://momotomborealestate.com/wp-content/uploads/properties/66202.jpeg?v=1752643525,12.3841845,-86.5490212,administrative
51044,,"Casa en Venta & Renta santo domingo, managua",Casa,venta,& Renta santo domingo,managua,,,,,370000.00,USD,https://momotomborealestate.com/property/casa-en-venta-renta-santo-domingo-managua-29/,https://momotomborealestate.com/wp-content/uploads/properties/7575_20150918151612716.jpg?v=1752643560,12.1547116,-86.2737250,administrative
51144,,"Casa en Venta carretera nueva a leon, managua",Casa,venta,carretera nueva a leon,managua,,,,,147000.00,USD,https://momotomborealestate.com/property/casa-en-venta-carretera-nueva-a-leon-managua-35/,https://momotomborealestate.com/wp-content/uploads/properties/7561_20150907152753952.jpg?v=1752643588,12.2289547,-86.4150341,trunk
51275,,"Casa en Venta los robles, managua",Casa,venta,los robles,managua,,,,,320000.00,USD,https://momotomborealestate.com/property/casa-en-venta-los-robles-managua-9/,https://momotomborealestate.com/wp-content/uploads/properties/7542_20150901115932825.jpg?v=1752643636,12.1212007,-86.2653351,administrative
51420,,"Casa en Venta jinotepe, carazo",Casa,venta,jinotepe,carazo,,,,,40000.00,USD,https://momotomborealestate.com/property/casa-en-venta-jinotepe-carazo-5/,https://momotomborealestate.com/wp-content/uploads/properties/7523_20170520093353466.jpg?v=1752643675,11.8478476,-86.1992469,administrative
51817,,"Casa en Renta carretera sur, managua",Casa,renta,carretera sur,managua,,,,,,USD,https://momotomborealestate.com/property/casa-en-renta-carretera-sur-managua-66/,https://momotomborealestate.com/wp-content/uploads/properties/15405704901-584x405.jpg?v=1752643819,12.1412787,-86.2953782,trunk
52070,,"Casa en Venta Las Brisas Managua, Managua",Casa,venta,Las Brisas Managua,Managua,,,,,136500.00,USD,https://momotomborealestate.com/property/casa-en-renta-linda-vista-managua/,https://momotomborealestate.com/wp-content/uploads/properties/7424_20150709121326298.jpg?v=1752643935,12.1407927,-86.3335359,industrial
52278,,"Casa en Venta veracruz, managua",Casa,venta,veracruz,managua,,,,,100000.00,USD,https://momotomborealestate.com/property/casa-en-venta-veracruz-managua-12/,https://momotomborealestate.com/wp-content/uploads/properties/7400_20150617150858154.jpg?v=1752643994,11.9869063,-86.3991679,administrative
52390,,"Casa en Venta carretera norte, managua",Casa,venta,carretera norte,managua,,,,,190000.00,USD,https://momotomborealestate.com/property/casa-en-venta-carretera-norte-managua-13/,https://momotomborealestate.com/wp-content/uploads/properties/7388_20150611165740998.jpg?v=1752644205,12.1508415,-86.2262204,trunk
52637,,"Casa en Venta las colinas, managua",Casa,venta,las colinas,managua,,,,,,USD,https://momotomborealestate.com/property/casa-en-venta-las-colinas-managua-39/,https://momotomborealestate.com/wp-content/uploads/properties/7362_20161129123024762.jpg?v=1752644264,12.1964007,-86.3692092,village
52832,,"Casa en Venta carretera a masaya, managua",Casa,venta,carretera a masaya,managua,,,,,120000.00,USD,https://momotomborealestate.com/property/casa-en-venta-carretera-a-masaya-managua-118/,,12.1246067,-86.2648241,trunk
52887,,"Casa en Venta monseñor lezcano, managua",Casa,venta,monseñor lezcano,managua,,,,,87000.00,USD,https://momotomborealestate.com/property/casa-en-venta-monse-or-lezcano-managua-7/,https://momotomborealestate.com/wp-content/uploads/properties/7325_20150428160903822.jpg?v=1752644354,12.1497547,-86.2987362,administrative
50295,,"Casa en Venta maria auxiliadora, managua",Casa,venta,maria auxiliadora,managua,,,,,75000.00,USD,https://momotomborealestate.com/property/casa-en-venta-maria-auxiliadora-managua/,https://momotomborealestate.com/wp-content/uploads/properties/7674_20151020162123708.jpg?v=1752643156,12.0987357,-86.3023958,convenience
53320,,"Casa en Venta carretera a veracruz, managua",Casa,venta,carretera a veracruz,managua,,,,,135000.00,USD,https://momotomborealestate.com/property/casa-en-venta-carretera-a-veracruz-managua-27/,,12.0932894,-86.1617105,secondary
53321,,"Casa en Venta & Renta carretera a ticuantepe, managua",Casa,venta,& Renta carretera a ticuantepe,managua,,,,,150000.00,USD,https://momotomborealestate.com/property/casa-en-venta-renta-carretera-a-ticuantepe-managua-4/,https://momotomborealestate.com/wp-content/uploads/properties/7272_20150323164652747.jpg?v=1752644753,12.1547116,-86.2737250,administrative
53553,,"Casa en Venta colonia xolotlan, managua",Casa,venta,colonia xolotlan,managua,,,,,66000.00,USD,https://momotomborealestate.com/property/casa-en-venta-colonia-xolotlan-managua/,https://momotomborealestate.com/wp-content/uploads/properties/7232_20150303152032914.jpg?v=1752644846,12.1448450,-86.2197797,neighbourhood
53572,,"Casa en Venta Anexo A Villa Venezuela, Managua",Casa,venta,Anexo A Villa Venezuela,Managua,,,,,21000.00,USD,https://momotomborealestate.com/property/sin-categor-a-en-venta-anexo-a-villa-venezuela-managua/,https://momotomborealestate.com/wp-content/uploads/properties/7230_20150303125519866.jpg?v=1752644850,12.1547116,-86.2737250,administrative
53669,,"Casa en Venta carretera vieja a leon, managua",Casa,venta,carretera vieja a leon,managua,,,,,95000.00,USD,https://momotomborealestate.com/property/casa-en-venta-carretera-vieja-a-leon-managua-20/,https://momotomborealestate.com/wp-content/uploads/properties/7211_20150317091440568.jpg?v=1752644895,12.0731952,-86.4953759,trunk
53695,,"Casa en Venta carretera a ticuantepe, managua",Casa,venta,carretera a ticuantepe,managua,,,,,60000.00,USD,https://momotomborealestate.com/property/casa-en-venta-carretera-a-ticuantepe-managua-9/,https://momotomborealestate.com/wp-content/uploads/properties/7206_20150221115956606.jpg?v=1752644902,12.0553096,-86.2031482,secondary
53736,,"Casa en Venta Carretera Nueva A Leon, Managua",Casa,venta,Carretera Nueva A Leon,Managua,,,,,250000.00,USD,https://momotomborealestate.com/property/casa-en-venta-carretera-nueva-a-leon-managua-39/,https://momotomborealestate.com/wp-content/uploads/properties/64246-584x438.jpeg?v=1752644914,12.2289547,-86.4150341,trunk
53796,,"Casa en Venta & Renta lomas de guadalupe, managua",Casa,venta,& Renta lomas de guadalupe,managua,,,,,370000.00,USD,https://momotomborealestate.com/property/casa-en-venta-renta-lomas-de-guadalupe-managua/,https://momotomborealestate.com/wp-content/uploads/properties/7189_20161206091633418.jpg?v=1752644935,12.1547116,-86.2737250,administrative
53876,,"Casa en Venta las colinas, managua",Casa,venta,las colinas,managua,,,,,,USD,https://momotomborealestate.com/property/casa-en-venta-las-colinas-managua-42/,https://momotomborealestate.com/wp-content/uploads/properties/7176_20170601114657257.jpg?v=1752644953,12.1964007,-86.3692092,village
54123,,"Casa en Venta carretera nueva a leon, managua",Casa,venta,carretera nueva a leon,managua,,,,,250000.00,USD,https://momotomborealestate.com/property/casa-en-venta-carretera-nueva-a-leon-managua-40/,,12.2289547,-86.4150341,trunk
54139,,"Casa en Venta reparto motastepe, managua",Casa,venta,reparto motastepe,managua,,,,,116000.00,USD,https://momotomborealestate.com/property/casa-en-venta-reparto-motastepe-managua-2/,https://momotomborealestate.com/wp-content/uploads/properties/7143_20150123095556500.jpg?v=1752645169,12.1547116,-86.2737250,administrative
54501,,"Casa en Venta carretera a masaya, managua",Casa,venta,carretera a masaya,managua,,,,,210000.00,USD,https://momotomborealestate.com/property/casa-en-venta-carretera-a-masaya-managua-121/,https://momotomborealestate.com/wp-content/uploads/properties/7090_20141231110553252.jpg?v=1752645293,12.1246067,-86.2648241,trunk
54623,,"Casa en Renta carretera a ticuantepe, managua",Casa,renta,carretera a ticuantepe,managua,,,,,1000.00,USD,https://momotomborealestate.com/property/casa-en-renta-carretera-a-ticuantepe-managua-7/,https://momotomborealestate.com/wp-content/uploads/properties/7072_20170125154825684.jpg?v=1752645322,12.0553096,-86.2031482,secondary
54816,,"Casa en Venta reparto miraflores, managua",Casa,venta,reparto miraflores,managua,,,,,75000.00,USD,https://momotomborealestate.com/property/casa-en-venta-reparto-miraflores-managua-2/,https://momotomborealestate.com/wp-content/uploads/properties/7046_20141127111846255.jpg?v=1752645366,12.1451919,-86.3001477,bus_stop
54826,,"Casa en Venta monseñor lezcano, managua",Casa,venta,monseñor lezcano,managua,,,,,95000.00,USD,https://momotomborealestate.com/property/casa-en-venta-monse-or-lezcano-managua-8/,,12.1497547,-86.2987362,administrative
49626,,"Casa en Venta pista al mayoreo, managua",Casa,venta,pista al mayoreo,managua,,,,,50000.00,USD,https://momotomborealestate.com/property/casa-en-venta-pista-al-mayoreo-managua-2/,https://momotomborealestate.com/wp-content/uploads/properties/7774_20171026152626953.jpg?v=1752642909,12.1547116,-86.2737250,administrative
55473,,"Casa en Venta barrio san judas, managua",Casa,venta,barrio san judas,managua,,,,,90000.00,USD,https://momotomborealestate.com/property/casa-en-venta-barrio-san-judas-managua/,https://momotomborealestate.com/wp-content/uploads/properties/6958_20141009171001806.jpg?v=1752645560,12.1232770,-86.2937124,bus_stop
55512,,"Casa en Venta & Renta reparto san juan, granada",Casa,venta,& Renta reparto san juan,granada,,,,,320000.00,USD,https://momotomborealestate.com/property/casa-en-venta-renta-reparto-san-juan-granada/,https://momotomborealestate.com/wp-content/uploads/properties/15350551311-584x405.jpeg?v=1752645569,11.9303670,-85.9535387,administrative
55651,,"Casa en Venta carretera granada-masaya, granada",Casa,venta,carretera granada-masaya,granada,,,,,160000.00,USD,https://momotomborealestate.com/property/casa-en-venta-carretera-granada-masaya-granada/,,11.9374590,-85.9771508,hospital
55652,,"Casa en Renta santo domingo, managua",Casa,renta,santo domingo,managua,,,,,1000.00,USD,https://momotomborealestate.com/property/casa-en-renta-santo-domingo-managua-56/,,12.1516383,-86.2663177,administrative
55911,,"Casa en Venta villa progreso, managua",Casa,venta,villa progreso,managua,,,,,60000.00,USD,https://momotomborealestate.com/property/casa-en-venta-villa-progreso-managua/,https://momotomborealestate.com/wp-content/uploads/properties/6897_20160829121519457.jpg?v=1752645781,12.1392159,-86.2270680,bus_stop
56189,,"Casa en Renta carretera nueva a leon, managua",Casa,renta,carretera nueva a leon,managua,,,,,250.00,USD,https://momotomborealestate.com/property/casa-en-renta-carretera-nueva-a-leon-managua-6/,https://momotomborealestate.com/wp-content/uploads/properties/6860_20140825121617033.jpg?v=1752645858,12.2289547,-86.4150341,trunk
56734,,"Casa en Venta & Renta Altamira, Managua",Casa,venta,& Renta Altamira,Managua,,,,,230000.00,USD,https://momotomborealestate.com/property/casa-en-venta-renta-altamira-managua-3/,https://momotomborealestate.com/wp-content/uploads/2025/09/3-4-584x438.jpeg?v=1758313984,12.1547116,-86.2737250,administrative
56777,,"Casa en Venta Santo Domingo / Estancia De Santo Domingo, Managua",Casa,venta,Santo Domingo / Estancia De Santo Domingo,Managua,,,,,289000.00,USD,https://momotomborealestate.com/property/casa-en-venta-renta-santo-domingo-estancia-de-santo-domingo-managua/,https://momotomborealestate.com/wp-content/uploads/2026/03/1-7-584x438.jpg?v=1774471650,12.0823397,-86.2393747,residential
56871,,"Casa en Renta carretera sur km 10 1/2, managua",Casa,renta,carretera sur km 10 1/2,managua,,,,,1200.00,USD,https://momotomborealestate.com/property/casa-en-renta-carretera-sur-km-10-1-2-managua/,https://momotomborealestate.com/wp-content/uploads/properties/6769_20140710103318643.jpg?v=1752646179,12.1395260,-86.2977740,trunk
57033,,"Casa en Venta carretera sur / altos de ticomo, managua",Casa,venta,carretera sur / altos de ticomo,managua,,,,,750000.00,USD,https://momotomborealestate.com/property/casa-en-venta-carretera-sur-altos-de-ticomo-managua-2/,https://momotomborealestate.com/wp-content/uploads/properties/6751_20160628114859634.jpg?v=1752646443,12.1547116,-86.2737250,administrative
57206,,"Casa en Venta ticuantepe, managua",Casa,venta,ticuantepe,managua,,,,,36000.00,USD,https://momotomborealestate.com/property/casa-en-venta-ticuantepe-managua-8/,https://momotomborealestate.com/wp-content/uploads/properties/6718_20140924095001068.jpg?v=1752646508,12.0217671,-86.2053144,administrative
47558,,"Casa en Venta pista el mayoreo, managua",Casa,venta,pista el mayoreo,managua,,,,,39000.00,USD,https://momotomborealestate.com/property/casa-en-venta-pista-el-mayoreo-managua/,https://momotomborealestate.com/wp-content/uploads/properties/8071_20160505102253668.jpg?v=1752641952,12.1373091,-86.1969118,bus_stop
57385,,"Casa en Venta ciudad de leon, leon",Casa,venta,ciudad de leon,leon,,,,,45000.00,USD,https://momotomborealestate.com/property/casa-en-venta-ciudad-de-leon-leon/,https://momotomborealestate.com/wp-content/uploads/properties/6693_20170505105204547.jpg?v=1752646565,12.1407927,-86.3335359,industrial
57405,,"Casa en Renta villa fontana, managua",Casa,renta,villa fontana,managua,,,,,1200.00,USD,https://momotomborealestate.com/property/casa-en-renta-villa-fontana-managua-23/,https://momotomborealestate.com/wp-content/uploads/properties/6689_20140604142209815.jpg?v=1752646570,12.1033874,-86.2671277,administrative
57417,,"Casa en Venta carretera norte, managua",Casa,venta,carretera norte,managua,,,,,90000.00,USD,https://momotomborealestate.com/property/casa-en-venta-carretera-norte-managua-15/,https://momotomborealestate.com/wp-content/uploads/properties/6687_20170224162617787.jpg?v=1752646573,12.1508415,-86.2262204,trunk
48421,,"Casa en Venta Carretera A Masaya, Managua",Casa,venta,Carretera A Masaya,Managua,,,,,135000.00,USD,https://momotomborealestate.com/property/casa-en-venta-carretera-a-masaya-managua-105/,https://momotomborealestate.com/wp-content/uploads/2026/06/WhatsApp-Image-2026-06-16-at-14.20.08-1-584x438.jpeg?v=1781644782,12.0777949,-86.2231504,trunk
57619,,"Casa en Renta las colinas, managua",Casa,renta,las colinas,managua,,,,,1100.00,USD,https://momotomborealestate.com/property/casa-en-renta-las-colinas-managua-53/,https://momotomborealestate.com/wp-content/uploads/properties/56176-584x438.jpeg?v=1752646626,12.1964007,-86.3692092,village
49403,,"Casa en Renta reparto el carmen, managua",Casa,renta,reparto el carmen,managua,,,,,800.00,USD,https://momotomborealestate.com/property/casa-en-renta-reparto-el-carmen-managua/,https://momotomborealestate.com/wp-content/uploads/properties/7800_20170603130132494.jpg?v=1752642853,12.1438972,-86.2862301,administrative
57763,,"Casa en Venta diriamba, carazo",Casa,venta,diriamba,carazo,,,,,200000.00,USD,https://momotomborealestate.com/property/casa-en-venta-diriamba-carazo-8/,https://momotomborealestate.com/wp-content/uploads/properties/6641_20170418170444038.jpg?v=1752646749,11.6947004,-86.3812383,administrative
46208,,"Casa en Venta carretera a veracruz, managua",Casa,venta,carretera a veracruz,managua,,,,,100000.00,USD,https://momotomborealestate.com/property/casa-en-venta-carretera-a-veracruz-managua-15/,https://momotomborealestate.com/wp-content/uploads/properties/8267_20160516095431775.jpg?v=1752641229,12.0932894,-86.1617105,secondary
58127,,"Casa en Venta Las Colinas, Managua",Casa,venta,Las Colinas,Managua,,,,,285000.00,USD,https://momotomborealestate.com/property/casa-en-venta-las-colinas-managua-44/,https://momotomborealestate.com/wp-content/uploads/2026/06/1-18-584x438.jpeg?v=1782152869,12.1964007,-86.3692092,village
58148,,"Casa en Venta reparto san juan, managua",Casa,venta,reparto san juan,managua,,,,,190000.00,USD,https://momotomborealestate.com/property/casa-en-venta-reparto-san-juan-managua-13/,https://momotomborealestate.com/wp-content/uploads/properties/15584738451-584x405.jpg?v=1752646899,12.1219000,-86.2697106,administrative
48576,,"Casa en Renta Altos De Santo Domingo, Managua",Casa,renta,Altos De Santo Domingo,Managua,,,,,1800.00,USD,https://momotomborealestate.com/property/casa-en-venta-renta-altos-de-santo-domingo-managua-2/,https://momotomborealestate.com/wp-content/uploads/2026/06/WhatsApp-Image-2026-06-20-at-11.56.29-584x438.jpeg?v=1781978984,12.0832267,-86.2465055,administrative
45874,,"Casa en Venta carretera a intermezzo del bosque, managua",Casa,venta,carretera a intermezzo del bosque,managua,,,,,385000.00,USD,https://momotomborealestate.com/property/casa-en-venta-carretera-a-intermezzo-del-bosque-managua/,https://momotomborealestate.com/wp-content/uploads/properties/8314_20160608123656579.jpg?v=1752641129,12.1547116,-86.2737250,administrative
58431,,"Casa en Venta villa libertad, managua",Casa,venta,villa libertad,managua,,,,,120000.00,USD,https://momotomborealestate.com/property/casa-en-venta-villa-libertad-managua-6/,https://momotomborealestate.com/wp-content/uploads/properties/6561_20140311144139886.jpg?v=1752647112,12.1160492,-86.2025399,neighbourhood
58513,,"Casa en Venta carretera norte / jardines de santa clara, managua",Casa,venta,carretera norte / jardines de santa clara,managua,,,,,80000.00,USD,https://momotomborealestate.com/property/casa-en-venta-carretera-norte-jardines-de-santa-clara-managua/,https://momotomborealestate.com/wp-content/uploads/properties/6552_20140308112320261.jpg?v=1752647145,12.1547116,-86.2737250,administrative
58779,,"Casa en Venta Barrio Santa Rosa, Managua",Casa,venta,Barrio Santa Rosa,Managua,,,,,80000.00,USD,https://momotomborealestate.com/property/casa-en-venta-barrio-santa-rosa-managua-2/,https://momotomborealestate.com/wp-content/uploads/properties/86570-584x438.jpeg?v=1752647219,12.1485235,-86.2278019,administrative
58817,,"Casa en Venta San Juan Del Sur / La Talanguera, Rivas",Casa,venta,San Juan Del Sur / La Talanguera,Rivas,,,,,296900.00,USD,https://momotomborealestate.com/property/sin-categor-a-en-venta-san-juan-del-sur-la-talanguera-rivas/,https://momotomborealestate.com/wp-content/uploads/properties/6511_20161224084614601.jpg?v=1752647367,11.2621576,-85.8751676,guest_house
49013,,"Casa en Venta carretera nueva a leon, managua",Casa,venta,carretera nueva a leon,managua,,,,,79700.00,USD,https://momotomborealestate.com/property/casa-en-venta-carretera-nueva-a-leon-managua-29/,https://momotomborealestate.com/wp-content/uploads/properties/7854_20151214103530800.jpg?v=1752642632,12.2289547,-86.4150341,trunk
49019,,"Casa en Venta carretera nueva a leon, managua",Casa,venta,carretera nueva a leon,managua,,,,,72000.00,USD,https://momotomborealestate.com/property/casa-en-venta-carretera-nueva-a-leon-managua-30/,https://momotomborealestate.com/wp-content/uploads/properties/15254506461-584x405.jpg?v=1752642634,12.2289547,-86.4150341,trunk
59000,,"Casa en Venta Intermezzo Del Bosque, Managua",Casa,venta,Intermezzo Del Bosque,Managua,,,,,569000.00,USD,https://momotomborealestate.com/property/mansi-n-en-venta-intermezzo-del-bosque-managua/,https://momotomborealestate.com/wp-content/uploads/properties/6481_20160322113259224.jpg?v=1752647452,12.0489321,-86.2660260,administrative
59010,,"Casa en Venta Carretera Sur, Managua",Casa,venta,Carretera Sur,Managua,,,,,185000.00,USD,https://momotomborealestate.com/property/casa-en-venta-carretera-sur-managua-71/,https://momotomborealestate.com/wp-content/uploads/properties/6480_20140124112603552.jpg?v=1752647455,12.1372298,-86.3076137,trunk
59109,,"Casa en Venta & Renta carretera nueva a leon, managua",Casa,venta,& Renta carretera nueva a leon,managua,,,,,100000.00,USD,https://momotomborealestate.com/property/casa-en-venta-renta-carretera-nueva-a-leon-managua-4/,https://momotomborealestate.com/wp-content/uploads/properties/6470_20140122104057430.jpg?v=1752647529,12.1547116,-86.2737250,administrative
59151,,"Casa en Venta Altos De Motastepe, Managua",Casa,venta,Altos De Motastepe,Managua,,,,,75000.00,USD,https://momotomborealestate.com/property/casa-en-venta-altos-de-motastepe-managua-3/,https://momotomborealestate.com/wp-content/uploads/2026/06/WhatsApp-Image-2026-06-24-at-13.27.02-2-584x438.jpeg?v=1782752063,12.1274777,-86.3425669,residential
59270,,"Casa en Venta & Renta San Judas, Managua",Casa,venta,& Renta San Judas,Managua,,,,,100000.00,USD,https://momotomborealestate.com/property/sin-categor-a-en-venta-renta-san-judas-managua/,https://momotomborealestate.com/wp-content/uploads/properties/6450_20140109120816991.jpg?v=1752647660,12.1547116,-86.2737250,administrative
60048,,"Casa en Venta carretera vieja a leon, managua",Casa,venta,carretera vieja a leon,managua,,,,,210000.00,USD,https://momotomborealestate.com/property/casa-en-venta-carretera-vieja-a-leon-managua-22/,https://momotomborealestate.com/wp-content/uploads/properties/78253-584x438.png?v=1752647985,12.0731952,-86.4953759,trunk
60082,,"Casa en Venta villas de san geronimo, masaya",Casa,venta,villas de san geronimo,masaya,,,,,130000.00,USD,https://momotomborealestate.com/property/casa-en-venta-villas-de-san-geronimo-masaya/,https://momotomborealestate.com/wp-content/uploads/properties/6338_20170426093338189.jpg?v=1752648007,11.9736474,-86.0960547,administrative
60168,,"Casa en Venta linda vista, managua",Casa,venta,linda vista,managua,,,,,70000.00,USD,https://momotomborealestate.com/property/casa-en-venta-linda-vista-managua-10/,https://momotomborealestate.com/wp-content/uploads/properties/6324_20160409093831418.jpg?v=1752648036,12.1552762,-86.3059544,administrative
60193,,"Casa en Venta calle ruben dario, leon",Casa,venta,calle ruben dario,leon,,,,,170000.00,USD,https://momotomborealestate.com/property/casa-en-venta-calle-ruben-dario-leon/,https://momotomborealestate.com/wp-content/uploads/properties/6320_20170505131727210.jpg?v=1752648042,12.4346202,-86.8957034,tertiary
60450,,"Casa en Renta jinotepe, carazo",Casa,renta,jinotepe,carazo,,,,,700.00,USD,https://momotomborealestate.com/property/casa-en-renta-jinotepe-carazo/,https://momotomborealestate.com/wp-content/uploads/properties/6282_20131003114215496.jpg?v=1752648167,11.8478476,-86.1992469,administrative
60616,,"Casa en Venta & Renta carretera a intermezzo del bosque, managua",Casa,venta,& Renta carretera a intermezzo del bosque,managua,,,,,2200.00,USD,https://momotomborealestate.com/property/casa-en-venta-renta-carretera-a-intermezzo-del-bosque-managua/,https://momotomborealestate.com/wp-content/uploads/properties/6262_20130924155952194.jpg?v=1752648214,12.1547116,-86.2737250,administrative
61186,,"Casa en Venta carretera sur/altos de ticomo, managua",Casa,venta,carretera sur/altos de ticomo,managua,,,,,115000.00,USD,https://momotomborealestate.com/property/casa-en-venta-carretera-sur-altos-de-ticomo-managua-3/,https://momotomborealestate.com/wp-content/uploads/properties/6186_20130828164617000.jpg?v=1752648374,12.1547116,-86.2737250,administrative
61462,,"Casa en Renta carretera a masaya / urbanizacion madrid, managua",Casa,renta,carretera a masaya / urbanizacion madrid,managua,,,,,1100.00,USD,https://momotomborealestate.com/property/casa-en-renta-carretera-a-masaya-urbanizacion-madrid-managua/,https://momotomborealestate.com/wp-content/uploads/properties/6149_20130815102838480.jpg?v=1752648450,12.0856788,-86.2296090,yes
61589,,"Casa en Venta carretera nueva a leon, managua",Casa,venta,carretera nueva a leon,managua,,,,,240000.00,USD,https://momotomborealestate.com/property/casa-en-venta-carretera-nueva-a-leon-managua-45/,https://momotomborealestate.com/wp-content/uploads/properties/6130_20130806155022343.jpg?v=1752648499,12.2289547,-86.4150341,trunk
61786,,"Casa en Venta diriamba, carazo",Casa,venta,diriamba,carazo,,,,,45000.00,USD,https://momotomborealestate.com/property/casa-en-venta-diriamba-carazo-10/,https://momotomborealestate.com/wp-content/uploads/properties/6100_20170512170529294.jpg?v=1752648603,11.6947004,-86.3812383,administrative
61791,,"Casa en Venta carretera a ticuantepe, managua",Casa,venta,carretera a ticuantepe,managua,,,,,220000.00,USD,https://momotomborealestate.com/property/casa-en-venta-carretera-a-ticuantepe-managua-10/,https://momotomborealestate.com/wp-content/uploads/properties/6098_20150824103521079.jpg?v=1752648604,12.0553096,-86.2031482,secondary
61898,,"Casa en Venta & Renta carretera a masaya-veracruz / lomas de veracruz, managua",Casa,venta,& Renta carretera a masaya-veracruz / lomas de veracruz,managua,,,,,320000.00,USD,https://momotomborealestate.com/property/casa-en-venta-renta-carretera-a-masaya-veracruz-lomas-de-veracruz-managua/,https://momotomborealestate.com/wp-content/uploads/properties/6086_20130710102051617.jpg?v=1752648635,12.1547116,-86.2737250,administrative
61992,,"Casa en Venta nindiri, masaya",Casa,venta,nindiri,masaya,,,,,480000.00,USD,https://momotomborealestate.com/property/casa-en-venta-nindiri-masaya-10/,https://momotomborealestate.com/wp-content/uploads/properties/6074_20170425101233372.jpg?v=1752648661,12.0030065,-86.1201997,administrative
62056,,"Casa en Venta carretera a granada-masaya, granada",Casa,venta,carretera a granada-masaya,granada,,,,,160000.00,USD,https://momotomborealestate.com/property/casa-en-venta-carretera-a-granada-masaya-granada/,https://momotomborealestate.com/wp-content/uploads/properties/6066_20170426164601473.jpg?v=1752648676,11.9668621,-86.0133265,trunk
62190,,"Casa en Venta & Renta leon, leon",Casa,venta,& Renta leon,leon,,,,,380000.00,USD,https://momotomborealestate.com/property/casa-en-venta-renta-leon-leon/,https://momotomborealestate.com/wp-content/uploads/properties/6043_20130619150333722.jpg?v=1752648714,12.4369678,-86.8691038,yes
62218,,"Casa en Venta & Renta nagarote, leon",Casa,venta,& Renta nagarote,leon,,,,,75000.00,USD,https://momotomborealestate.com/property/casa-en-venta-renta-nagarote-leon/,https://momotomborealestate.com/wp-content/uploads/properties/6039_20130614102108092.jpg?v=1752648721,12.3021275,-86.9679698,administrative
62330,,"Casa en Venta & Renta carretera a masaya km 18.4, managua",Casa,venta,& Renta carretera a masaya km 18.4,managua,,,,,190000.00,USD,https://momotomborealestate.com/property/casa-en-venta-renta-carretera-a-masaya-km-18-4-managua/,https://momotomborealestate.com/wp-content/uploads/properties/6017_20130604162131516.jpg?v=1752648747,12.1547116,-86.2737250,administrative
62348,,"Casa en Venta reparto motastepe, managua",Casa,venta,reparto motastepe,managua,,,,,85000.00,USD,https://momotomborealestate.com/property/casa-en-venta-reparto-motastepe-managua-3/,https://momotomborealestate.com/wp-content/uploads/properties/6014_20130604144437300.jpg?v=1752648751,12.1547116,-86.2737250,administrative
62467,,"Casa en Venta carretera nueva a leon/reparto san roque, managua",Casa,venta,carretera nueva a leon/reparto san roque,managua,,,,,35000.00,USD,https://momotomborealestate.com/property/casa-en-venta-carretera-nueva-a-leon-reparto-san-roque-managua/,https://momotomborealestate.com/wp-content/uploads/properties/5987_20130524110733806.jpg?v=1752648781,12.1547116,-86.2737250,administrative
62586,,"Casa en Venta carretera a granada-nandaime, granada",Casa,venta,carretera a granada-nandaime,granada,,,,,125000.00,USD,https://momotomborealestate.com/property/casa-en-venta-carretera-a-granada-nandaime-granada/,https://momotomborealestate.com/wp-content/uploads/properties/5970_20130515152837282.jpg?v=1752648815,11.6589714,-85.9721720,trunk
82972,,"Casa en Venta carretera a intermezzo del bosque/miralagos, managua",Casa,venta,carretera a intermezzo del bosque/miralagos,managua,,,,,320000.00,USD,https://momotomborealestate.com/property/casa-en-venta-carretera-a-intermezzo-del-bosque-miralagos-managua-2/,https://momotomborealestate.com/wp-content/uploads/properties/1022_20130430104403856.jpg?v=1752678924,12.1547116,-86.2737250,administrative
63290,,"Casa en Renta bolonia, managua",Casa,renta,bolonia,managua,,,,,1800.00,USD,https://momotomborealestate.com/property/casa-en-renta-bolonia-managua-19/,https://momotomborealestate.com/wp-content/uploads/properties/5875_20170613094143777.jpg?v=1752649291,12.1398941,-86.2815427,administrative
63352,,"Casa en Renta las colinas, managua",Casa,renta,las colinas,managua,,,,,1800.00,USD,https://momotomborealestate.com/property/casa-en-renta-las-colinas-managua-70/,https://momotomborealestate.com/wp-content/uploads/properties/5866_20130402120258021.jpg?v=1752649314,12.1964007,-86.3692092,village
63635,,"Casa en Venta Colonial Los Robles, Managua",Casa,venta,Colonial Los Robles,Managua,,,,,195000.00,USD,https://momotomborealestate.com/property/casa-en-venta-colonial-los-robles-managua-19/,https://momotomborealestate.com/wp-content/uploads/2026/03/WhatsApp-Image-2026-03-10-at-14.52.10-584x438.jpeg?v=1773511468,12.1224774,-86.2598104,commercial
63776,,"Casa en Venta jinotepe, carazo",Casa,venta,jinotepe,carazo,,,,,230000.00,USD,https://momotomborealestate.com/property/casa-en-venta-jinotepe-carazo-6/,https://momotomborealestate.com/wp-content/uploads/properties/5790_20170518154655416.jpg?v=1752649674,11.8478476,-86.1992469,administrative
63836,,"Casa en Venta carretera a ticuantepe, managua",Casa,venta,carretera a ticuantepe,managua,,,,,180000.00,USD,https://momotomborealestate.com/property/casa-en-venta-carretera-a-ticuantepe-managua-11/,https://momotomborealestate.com/wp-content/uploads/properties/5775_20130218170013912.jpg?v=1752649689,12.0553096,-86.2031482,secondary
63942,,"Casa en Venta monseñor lezcano, managua",Casa,venta,monseñor lezcano,managua,,,,,85000.00,USD,https://momotomborealestate.com/property/casa-en-venta-monse-or-lezcano-managua-9/,https://momotomborealestate.com/wp-content/uploads/properties/5758_20130416164414752.jpg?v=1752649714,12.1497547,-86.2987362,administrative
64099,,"Casa en Venta carretera vieja a leon, managua",Casa,venta,carretera vieja a leon,managua,,,,,175000.00,USD,https://momotomborealestate.com/property/casa-en-venta-carretera-vieja-a-leon-managua-23/,https://momotomborealestate.com/wp-content/uploads/properties/5724_20130204155222946.jpg?v=1752649769,12.0731952,-86.4953759,trunk
64238,,"Casa en Venta carretera norte, managua",Casa,venta,carretera norte,managua,,,,,58000.00,USD,https://momotomborealestate.com/property/casa-en-venta-carretera-norte-managua-18/,https://momotomborealestate.com/wp-content/uploads/properties/5707_20160513091505825.jpg?v=1752649832,12.1508415,-86.2262204,trunk
64349,,"Casa en Venta carretera sur, managua",Casa,venta,carretera sur,managua,,,,,,USD,https://momotomborealestate.com/property/casa-en-venta-carretera-sur-managua-77/,https://momotomborealestate.com/wp-content/uploads/properties/5678_20150316131419301.jpg?v=1752649881,12.1412787,-86.2953782,trunk
64776,,"Casa en Venta santo domingo, altos de santo domingo, managua",Casa,venta,santo domingo,altos de santo domingo,managua,,,,1684894.76,USD,https://momotomborealestate.com/property/casa-en-venta-santo-domingo-altos-de-santo-domingo-managua/,https://momotomborealestate.com/wp-content/uploads/properties/5600_20121213154142492.jpg?v=1752650006,12.0832824,-86.2455478,locality
65063,,"Casa en Venta Carretera a Ticuantepe, Managua",Casa,venta,Carretera a Ticuantepe,Managua,,,,,230000.00,USD,https://momotomborealestate.com/property/casa-en-venta-carretera-a-ticuantepe-managua-12/,https://momotomborealestate.com/wp-content/uploads/properties/5549_20121121155604298.jpg?v=1752668606,12.0553096,-86.2031482,secondary
65218,,"Casa en Renta carretera a masaya, managua",Casa,renta,carretera a masaya,managua,,,,,1500.00,USD,https://momotomborealestate.com/property/casa-en-renta-carretera-a-masaya-managua-91/,https://momotomborealestate.com/wp-content/uploads/properties/5529_20121112101701179.jpg?v=1752668724,12.1246067,-86.2648241,trunk
65292,,"Casa en Venta & Renta carretera a intermezzo del bosque, managua",Casa,venta,& Renta carretera a intermezzo del bosque,managua,,,,,380000.00,USD,https://momotomborealestate.com/property/casa-en-venta-renta-carretera-a-intermezzo-del-bosque-managua-2/,https://momotomborealestate.com/wp-content/uploads/properties/5518_20121110084901015.jpg?v=1752668748,12.1547116,-86.2737250,administrative
65366,,"Casa en Ninguno santo domingo / balcones de santo domingo, managua, balcones de santo domingo",,,Casa en Ninguno santo domingo / balcones de santo domingo,managua,balcones de santo domingo,,,,,USD,https://momotomborealestate.com/property/casa-en-ninguno-santo-domingo-balcones-de-santo-domingo-managua-balcones-de-santo-domingo/,https://momotomborealestate.com/wp-content/uploads/properties/5507_20121107120104188.jpg?v=1752668770,12.0565626,-86.2496565,neighbourhood
78695,,"Casa en Renta Carretera Sur, Managua",Casa,renta,Carretera Sur,Managua,,,,,3000.00,USD,https://momotomborealestate.com/property/casa-en-renta-carretera-sur-managua-116/,https://momotomborealestate.com/wp-content/uploads/2026/06/WhatsApp-Image-2026-06-06-at-08.45.51-2-584x438.jpeg?v=1780759091,12.1372298,-86.3076137,trunk
81748,,"Casa en Venta carretera a masaya/jacaranda, managua",Casa,venta,carretera a masaya/jacaranda,managua,,,,,150000.00,USD,https://momotomborealestate.com/property/casa-en-venta-carretera-a-masaya-jacaranda-managua/,,12.1547116,-86.2737250,administrative
65411,,"Casa en Venta pista suburbana, managua",Casa,venta,pista suburbana,managua,,,,,600000.00,USD,https://momotomborealestate.com/property/casa-en-venta-pista-suburbana-managua-3/,https://momotomborealestate.com/wp-content/uploads/properties/5500_20160224100933537.jpg?v=1752668781,12.1124854,-86.2641087,primary
47599,,"Casa en Venta Bosques De San Isidro, Managua",Casa,venta,Bosques De San Isidro,Managua,,,,,735000.00,USD,https://momotomborealestate.com/property/mansi-n-en-venta-bosques-de-san-isidro-managua/,https://momotomborealestate.com/wp-content/uploads/properties/8067_20160322113648542.jpg?v=1752641972,12.0690914,-86.2503452,residential
85053,,"Casa en Venta leon, leon",Casa,venta,leon,leon,,,,,190000.00,USD,https://momotomborealestate.com/property/casa-en-venta-leon-leon-5/,https://momotomborealestate.com/wp-content/uploads/properties/647_20170506112448444.jpg?v=1752680122,12.3021275,-86.9679698,administrative
78457,,"Casa en Venta & Renta Carretera Sur, Managua",Casa,venta,& Renta Carretera Sur,Managua,,,,,299000.00,USD,https://momotomborealestate.com/property/casa-en-venta-renta-carretera-sur-altos-de-ticomo-managua-2/,https://momotomborealestate.com/wp-content/uploads/2026/08/4-4-584x438.jpg?v=1787012484,12.1547116,-86.2737250,administrative
80219,,"Casa en Venta carretera norte/anexo a unidad de proposito, managua",Casa,venta,carretera norte/anexo a unidad de proposito,managua,,,,,70000.00,USD,https://momotomborealestate.com/property/casa-en-venta-carretera-norte-anexo-a-unidad-de-proposito-managua/,https://momotomborealestate.com/wp-content/uploads/properties/15360746311-584x405.jpg?v=1752677705,12.1547116,-86.2737250,administrative
49781,,"Casa en Renta la colinas, managua",Casa,renta,la colinas,managua,,,,,1900.00,USD,https://momotomborealestate.com/property/casa-en-renta-la-colinas-managua/,,12.1101665,-86.2143451,neighbourhood
74717,,"Casa en Venta linda vista, managua",Casa,venta,linda vista,managua,,,,,95000.00,USD,https://momotomborealestate.com/property/casa-en-venta-linda-vista-managua-14/,,12.1552762,-86.3059544,administrative
70664,,"Casa en Venta villa holanda, masaya",Casa,venta,villa holanda,masaya,,,,,130000.00,USD,https://momotomborealestate.com/property/casa-en-venta-villa-holanda-masaya/,,11.9835729,-86.0758728,neighbourhood
77095,,"Casa en Venta colonial los robles, managua",Casa,venta,colonial los robles,managua,,,,,220000.00,USD,https://momotomborealestate.com/property/casa-en-venta-colonial-los-robles-managua-29/,https://momotomborealestate.com/wp-content/uploads/properties/2072_20130509164604569.jpg?v=1752675259,12.1224774,-86.2598104,commercial
83557,,"Casa en Venta bolonia, managua",Casa,venta,bolonia,managua,,,,,100000.00,USD,https://momotomborealestate.com/property/casa-en-venta-bolonia-managua-42/,https://momotomborealestate.com/wp-content/uploads/properties/930_20130730105711326.jpg?v=1752679495,12.1398941,-86.2815427,administrative
77805,,"Casa en Venta carretera vieja a leon, managua",Casa,venta,carretera vieja a leon,managua,,,,,450000.00,USD,https://momotomborealestate.com/property/casa-en-venta-carretera-vieja-a-leon-managua-41/,,12.0731952,-86.4953759,trunk
77932,,"Casa en Renta carretera vieja a leon, managua",Casa,renta,carretera vieja a leon,managua,,,,,,USD,https://momotomborealestate.com/property/casa-en-renta-carretera-vieja-a-leon-managua-31/,https://momotomborealestate.com/wp-content/uploads/properties/1909_20121112112222238.jpg?v=1752675827,12.0731952,-86.4953759,trunk
81237,,"Casa en Renta carretera a veracruz, managua",Casa,renta,carretera a veracruz,managua,,,,,1000.00,USD,https://momotomborealestate.com/property/casa-en-renta-carretera-a-veracruz-managua-29/,https://momotomborealestate.com/wp-content/uploads/properties/1333_20160803164004047.jpg?v=1752678223,12.0932894,-86.1617105,secondary
77856,,"Casa en Venta Carretera Vieja A Leon, Managua",Casa,venta,Carretera Vieja A Leon,Managua,,,,,285000.00,USD,https://momotomborealestate.com/property/casa-en-venta-carretera-vieja-a-leon-managua-43/,https://momotomborealestate.com/wp-content/uploads/2026/01/WhatsApp-Image-2026-01-26-at-17.13.33-1-584x438.jpeg?v=1769532564,12.0868353,-86.5333187,trunk
74763,,"Casa en Venta las palmas, managua",Casa,venta,las palmas,managua,,,,,285000.00,USD,https://momotomborealestate.com/property/casa-en-venta-las-palmas-managua/,https://momotomborealestate.com/wp-content/uploads/properties/2442_20170110151916415.jpg?v=1752674096,12.1446009,-86.2942696,administrative
78646,,"Casa en Venta Carretera Sur, Managua",Casa,venta,Carretera Sur,Managua,,,,,800000.00,USD,https://momotomborealestate.com/property/casa-en-venta-renta-carretera-sur-managua-49/,https://momotomborealestate.com/wp-content/uploads/properties/79664-584x438.jpeg?v=1752676490,12.1372298,-86.3076137,trunk
85634,,"Casa en Venta Diriamba, Diriamba",Casa,venta,Diriamba,Diriamba,,,,,350000.00,USD,https://momotomborealestate.com/property/casa-en-venta-diriamba-carazo-19/,https://momotomborealestate.com/wp-content/uploads/properties/523_20170512142030336.jpg?v=1752680309,11.8561449,-86.2403037,administrative
74780,,"Casa en Venta & Renta las palmas, managua",Casa,venta,& Renta las palmas,managua,,,,,140000.00,USD,https://momotomborealestate.com/property/casa-en-venta-renta-las-palmas-managua-6/,https://momotomborealestate.com/wp-content/uploads/properties/2437_20170211111613890.jpg?v=1752674102,12.1547116,-86.2737250,administrative
85597,,"Casa en Venta huehuete, carazo",Casa,venta,huehuete,carazo,,,,,60000.00,USD,https://momotomborealestate.com/property/casa-en-venta-huehuete-carazo/,https://momotomborealestate.com/wp-content/uploads/properties/532_20170515115147533.jpg?v=1752680298,11.6204253,-86.3291195,administrative
80654,,"Casa en Venta carretera a masaya/veracruz/las lomas, managua",Casa,venta,carretera a masaya/veracruz/las lomas,managua,,,,,250000.00,USD,https://momotomborealestate.com/property/casa-en-venta-carretera-a-masaya-veracruz-las-lomas-managua-2/,https://momotomborealestate.com/wp-content/uploads/properties/1446_20140513094028804.jpg?v=1752677991,12.1547116,-86.2737250,administrative
81811,,"Casa en Venta Esquipulas, managua",Casa,venta,Esquipulas,managua,,,,,330000.00,USD,https://momotomborealestate.com/property/casa-en-venta-esquipulas-managua-23/,https://momotomborealestate.com/wp-content/uploads/properties/56448-584x438.jpeg?v=1752678452,12.0745878,-86.2158151,neighbourhood
75283,,"Casa en Venta & Renta las colinas, managua",Casa,venta,& Renta las colinas,managua,,,,,1000.00,USD,https://momotomborealestate.com/property/casa-en-venta-renta-las-colinas-managua-34/,https://momotomborealestate.com/wp-content/uploads/properties/2367_20131018155003579.jpg?v=1752674406,12.1547116,-86.2737250,administrative
79355,,"Casa en Venta & Renta Carretera Sur, Managua",Casa,venta,& Renta Carretera Sur,Managua,,,,,500000.00,USD,https://momotomborealestate.com/property/casa-en-venta-renta-carretera-sur-managua-72/,https://momotomborealestate.com/wp-content/uploads/2026/06/WhatsApp-Image-2026-03-12-at-10.02.57-584x438.jpeg?v=1781722504,12.1547116,-86.2737250,administrative
79947,,"Casa en Venta & Renta carretera nueva a leon/villa motastepe, managua",Casa,venta,& Renta carretera nueva a leon/villa motastepe,managua,,,,,100000.00,USD,https://momotomborealestate.com/property/casa-en-venta-renta-carretera-nueva-a-leon-villa-motastepe-managua/,https://momotomborealestate.com/wp-content/uploads/properties/1590_20170710101331680.jpg?v=1752677565,12.1547116,-86.2737250,administrative
82008,,"Casa en Venta carretera a ticuantepe/estancia monteverde km 17.12 entrada ticuantepe., managua",Casa,venta,carretera a ticuantepe/estancia monteverde km 17.12 entrada ticuantepe.,managua,,,,,290000.00,USD,https://momotomborealestate.com/property/casa-en-venta-carretera-a-ticuantepe-estancia-monteverde-km-17-12-entrada-ticuantepe-managua/,https://momotomborealestate.com/wp-content/uploads/properties/1200_20170608165047364.jpg?v=1752678582,12.1547116,-86.2737250,administrative
85137,,"Casa en Venta & Renta altos de veracruz, leon",Casa,venta,& Renta altos de veracruz,leon,,,,,300000.00,USD,https://momotomborealestate.com/property/casa-en-venta-renta-altos-de-veracruz-leon/,https://momotomborealestate.com/wp-content/uploads/properties/626_20170504124117173.jpg?v=1752680150,12.3021275,-86.9679698,administrative
72676,,"Casa en Venta & Renta santo domingo/altos de santo domingo, managua",Casa,venta,& Renta santo domingo/altos de santo domingo,managua,,,,,190000.00,USD,https://momotomborealestate.com/property/casa-en-venta-renta-santo-domingo-altos-de-santo-domingo-managua-6/,https://momotomborealestate.com/wp-content/uploads/properties/2853_20130205113348737.jpg?v=1752672777,12.1547116,-86.2737250,administrative
82606,,"Casa en Venta carretera a masaya, managua",Casa,venta,carretera a masaya,managua,,,,,,USD,https://momotomborealestate.com/property/casa-en-venta-carretera-a-masaya-managua-166/,https://momotomborealestate.com/wp-content/uploads/properties/1090_20150312095717660.jpg?v=1752678777,12.1246067,-86.2648241,trunk
85201,,"Casa en Renta reparto san juan, granada",Casa,renta,reparto san juan,granada,,,,,3500.00,USD,https://momotomborealestate.com/property/casa-en-renta-reparto-san-juan-granada/,https://momotomborealestate.com/wp-content/uploads/properties/15334091411-584x405.jpg?v=1752680176,11.9536748,-85.9865892,administrative
70679,,"Casa en Venta & Renta niquinohomo, masaya",Casa,venta,& Renta niquinohomo,masaya,,,,,300.00,USD,https://momotomborealestate.com/property/casa-en-venta-renta-niquinohomo-masaya/,https://momotomborealestate.com/wp-content/uploads/properties/3174_20170419130657104.jpg?v=1752671573,11.9736474,-86.0960547,administrative
85565,,"Casa en Venta & Renta jinotepe, carazo",Casa,venta,& Renta jinotepe,carazo,,,,,200000.00,USD,https://momotomborealestate.com/property/casa-en-venta-renta-jinotepe-carazo-4/,https://momotomborealestate.com/wp-content/uploads/properties/538_20170516102311176.jpg?v=1752680289,11.6619985,-86.3125697,administrative
84421,,"Casa en Venta barrio largaespada, managua",Casa,venta,barrio largaespada,managua,,,,,70000.00,USD,https://momotomborealestate.com/property/casa-en-venta-barrio-largaespada-managua-5/,https://momotomborealestate.com/wp-content/uploads/properties/780_20121108101151459.jpg?v=1752679901,12.1422470,-86.2652529,administrative
73479,,"Casa en Venta Lomas de Notre Dame, Managua",Casa,venta,Lomas de Notre Dame,Managua,,,,,290000.00,USD,https://momotomborealestate.com/property/casa-en-venta-lomas-de-notre-dame-managua/,https://momotomborealestate.com/wp-content/uploads/properties/82700-584x438.jpeg?v=1752673456,12.0944246,-86.2448518,administrative
78809,,"Casa en Venta carretera sur, managua",Casa,venta,carretera sur,managua,,,,,320000.00,USD,https://momotomborealestate.com/property/casa-en-venta-carretera-sur-managua-99/,https://momotomborealestate.com/wp-content/uploads/properties/1772_20170224143857942.jpg?v=1752676592,12.1412787,-86.2953782,trunk
70773,,"Casa en Venta Laguna De Apoyo, Granada",Casa,venta,Laguna De Apoyo,Granada,,,,,320000.00,USD,https://momotomborealestate.com/property/casa-en-venta-laguna-de-apoyo-granada/,https://momotomborealestate.com/wp-content/uploads/properties/84477-584x438.jpeg?v=1752671651,11.9133223,-86.0359665,protected_area
85071,,"Casa en Venta & Renta leon, leon",Casa,venta,& Renta leon,leon,,,,,110000.00,USD,https://momotomborealestate.com/property/casa-en-venta-renta-leon-leon-2/,https://momotomborealestate.com/wp-content/uploads/properties/644_20170506110549246.jpg?v=1752680128,12.4369678,-86.8691038,yes
74733,,"Casa en Venta Linda Vista, Managua",Casa,venta,Linda Vista,Managua,,,,,175000.00,USD,https://momotomborealestate.com/property/casa-en-venta-linda-vista-managua-18/,https://momotomborealestate.com/wp-content/uploads/properties/88424-584x438.jpeg?v=1752673975,12.1508350,-86.3060390,administrative
80854,,"Casa en Venta carretera a masaya/veracruz/bosque de capistrano, managua",Casa,venta,carretera a masaya/veracruz/bosque de capistrano,managua,,,,,185000.00,USD,https://momotomborealestate.com/property/casa-en-venta-carretera-a-masaya-veracruz-bosque-de-capistrano-managua/,https://momotomborealestate.com/wp-content/uploads/properties/1401_20130912164112980.jpg?v=1752678057,12.1547116,-86.2737250,administrative
82131,,"Casa en Venta carretera a masaya/carretera a ticuantepe, managua",Casa,venta,carretera a masaya/carretera a ticuantepe,managua,,,,,170000.00,USD,https://momotomborealestate.com/property/casa-en-venta-carretera-a-masaya-carretera-a-ticuantepe-managua-10/,https://momotomborealestate.com/wp-content/uploads/properties/1173_20130723122338058.jpg?v=1752678622,12.0344040,-86.1836951,bus_station
77686,,"Casa en Venta carretera vieja a leon, managua",Casa,venta,carretera vieja a leon,managua,,,,,150000.00,USD,https://momotomborealestate.com/property/casa-en-venta-carretera-vieja-a-leon-managua-32/,https://momotomborealestate.com/wp-content/uploads/properties/1953_20150317082503502.jpg?v=1752675573,12.0731952,-86.4953759,trunk
78283,,"Casa en Venta carretera sur/el crucero, managua",Casa,venta,carretera sur/el crucero,managua,,,,,300000.00,USD,https://momotomborealestate.com/property/casa-en-venta-carretera-sur-el-crucero-managua-6/,https://momotomborealestate.com/wp-content/uploads/properties/1859_20150316121609018.jpg?v=1752676252,12.0615009,-86.3187071,trunk
71319,,"Casa en Renta villa fontana, managua",Casa,renta,villa fontana,managua,,,,,1800.00,USD,https://momotomborealestate.com/property/casa-en-renta-villa-fontana-managua-50/,https://momotomborealestate.com/wp-content/uploads/properties/3062_20130429141050296.jpg?v=1752672094,12.1033874,-86.2671277,administrative
80908,,"Casa en Venta carretera a veracruz, managua",Casa,venta,carretera a veracruz,managua,,,,,200000.00,USD,https://momotomborealestate.com/property/casa-en-venta-carretera-a-veracruz-managua-43/,https://momotomborealestate.com/wp-content/uploads/properties/1392_20130425112344531.jpg?v=1752678076,12.0932894,-86.1617105,secondary
71655,,"Casa en Venta & Renta Santo Domingo, Managua",Casa,venta,& Renta Santo Domingo,Managua,,,,,780000.00,USD,https://momotomborealestate.com/property/casa-en-venta-renta-santo-domingo-managua-41/,https://momotomborealestate.com/wp-content/uploads/properties/82269-584x438.jpeg?v=1752672300,12.1547116,-86.2737250,administrative
82594,,"Casa en Venta carretera a masaya, managua",Casa,venta,carretera a masaya,managua,,,,,125000.00,USD,https://momotomborealestate.com/property/casa-en-venta-carretera-a-masaya-managua-165/,https://momotomborealestate.com/wp-content/uploads/properties/1092_20140930112246510.jpg?v=1752678774,12.1246067,-86.2648241,trunk
80745,,"Casa en Venta Carretera a Veracruz, Managua",Casa,venta,Carretera a Veracruz,Managua,,,,,260000.00,USD,https://momotomborealestate.com/property/casa-en-venta-carretera-a-veracruz-managua-39/,https://momotomborealestate.com/wp-content/uploads/properties/15633864851-584x405.jpg?v=1752678021,12.0932894,-86.1617105,secondary
80281,,"Casa en Renta carretera a masaya-granada, masaya",Casa,renta,carretera a masaya-granada,masaya,,,,,700.00,USD,https://momotomborealestate.com/property/casa-en-renta-carretera-a-masaya-granada-masaya/,,11.9668621,-86.0133265,trunk
45594,,"Casa en Venta ciudad jardin, managua",Casa,venta,ciudad jardin,managua,,,,,180000.00,USD,https://momotomborealestate.com/property/casa-en-venta-ciudad-jardin-managua-8/,,12.1438958,-86.2552830,neighbourhood
81540,,"Casa en Renta carretera a masaya/los almendros, managua",Casa,renta,carretera a masaya/los almendros,managua,,,,,1800.00,USD,https://momotomborealestate.com/property/casa-en-renta-carretera-a-masaya-los-almendros-managua-7/,https://momotomborealestate.com/wp-content/uploads/properties/1280_20150327094653491.jpg?v=1752678338,12.1547116,-86.2737250,administrative
80155,,"Casa en Venta carretera norte/jardines de santa clara, managua",Casa,venta,carretera norte/jardines de santa clara,managua,,,,,175000.00,USD,https://momotomborealestate.com/property/casa-en-venta-carretera-norte-jardines-de-santa-clara-managua-2/,,12.1547116,-86.2737250,administrative
70804,,"Casa en Venta & Renta masaya / comarca los cocos, masaya",Casa,venta,& Renta masaya / comarca los cocos,masaya,,,,,200000.00,USD,https://momotomborealestate.com/property/casa-en-venta-renta-masaya-comarca-los-cocos-masaya/,https://momotomborealestate.com/wp-content/uploads/properties/3145_20170420121539591.jpg?v=1752671713,11.9736474,-86.0960547,administrative
72320,,"Casa en Ninguno santo domingo/el mirador, managua",,,Casa en Ninguno santo domingo/el mirador,managua,,,,,,USD,https://momotomborealestate.com/property/casa-en-ninguno-santo-domingo-el-mirador-managua/,,12.1547116,-86.2737250,administrative
83950,,"Casa en Ninguno bolonia, managua",,,Casa en Ninguno bolonia,managua,,,,,,USD,https://momotomborealestate.com/property/casa-en-ninguno-bolonia-managua-5/,https://momotomborealestate.com/wp-content/uploads/properties/875_20150310113041498.jpg?v=1752679721,12.1547116,-86.2737250,administrative
70636,,"Casa en Venta sebaco, matagalpa",Casa,venta,sebaco,matagalpa,,,,,150000.00,USD,https://momotomborealestate.com/property/casa-en-venta-sebaco-matagalpa-3/,https://momotomborealestate.com/wp-content/uploads/properties/3186_20170526163651246.jpg?v=1752671560,12.9206467,-86.0933107,administrative
76146,,"Casa en Venta Las Colinas, Managua",Casa,venta,Las Colinas,Managua,,,,,450000.00,USD,https://momotomborealestate.com/property/casa-en-renta-las-colinas-managua-158/,https://momotomborealestate.com/wp-content/uploads/2026/05/1-1-584x438.jpg?v=1778532913,12.1964007,-86.3692092,village
75740,,"Casa en Renta las colinas, managua",Casa,renta,las colinas,managua,,,,,1500.00,USD,https://momotomborealestate.com/property/casa-en-renta-las-colinas-managua-126/,https://momotomborealestate.com/wp-content/uploads/properties/2303_20150109132835313.jpg?v=1752674619,12.1964007,-86.3692092,village
82616,,"Casa en Venta & Renta carretera a masaya, managua",Casa,venta,& Renta carretera a masaya,managua,,,,,90000.00,USD,https://momotomborealestate.com/property/casa-en-venta-renta-carretera-a-masaya-managua-61/,https://momotomborealestate.com/wp-content/uploads/properties/1088_20170918104022836.jpg?v=1752678780,12.1547116,-86.2737250,administrative
72340,,"Casa en Venta & Renta santo domingo, managua",Casa,venta,& Renta santo domingo,managua,,,,,850000.00,USD,https://momotomborealestate.com/property/casa-en-venta-renta-santo-domingo-managua-48/,https://momotomborealestate.com/wp-content/uploads/properties/2892_20151207104539636.jpg?v=1752672623,12.1547116,-86.2737250,administrative
78177,,"Casa en Venta Carretera Sur / Reparto Montefresco, managua",Casa,venta,Carretera Sur / Reparto Montefresco,managua,,,,,350000.00,USD,https://momotomborealestate.com/property/casa-en-venta-carretera-sur-reparto-montefresco-managua/,https://momotomborealestate.com/wp-content/uploads/properties/1878_20160219123536755.jpg?v=1752676217,12.1547116,-86.2737250,administrative
85661,,"Casa en Venta carretera sur, carazo",Casa,venta,carretera sur,carazo,,,,,65000.00,USD,https://momotomborealestate.com/property/casa-en-venta-carretera-sur-carazo/,,11.7959292,-86.3821205,tertiary
79088,,"Casa en Venta & Renta Carretera Sur, Managua",Casa,venta,& Renta Carretera Sur,Managua,,,,,425000.00,USD,https://momotomborealestate.com/property/casa-en-venta-renta-carretera-sur-managua-60/,https://momotomborealestate.com/wp-content/uploads/properties/1723_20130816151138676.jpg?v=1752676759,12.1547116,-86.2737250,administrative
75059,,"Casa en Venta & Renta las colinas, managua",Casa,venta,& Renta las colinas,managua,,,,,275000.00,USD,https://momotomborealestate.com/property/casa-en-venta-renta-las-colinas-managua-31/,https://momotomborealestate.com/wp-content/uploads/properties/2400_20121113093243821.jpg?v=1752674313,12.1547116,-86.2737250,administrative
75947,,"Casa en Renta las colinas, managua",Casa,renta,las colinas,managua,,,,,1500.00,USD,https://momotomborealestate.com/property/casa-en-renta-las-colinas-managua-143/,https://momotomborealestate.com/wp-content/uploads/properties/2277_20130514160015157.jpg?v=1752674683,12.1964007,-86.3692092,village
74625,,"Casa en Renta lomas de notre dame, managua",Casa,renta,lomas de notre dame,managua,,,,,1000.00,USD,https://momotomborealestate.com/property/casa-en-renta-lomas-de-notre-dame-managua-9/,,12.0944246,-86.2448518,administrative
78300,,"Casa en Venta carretera sur/el crucero, managua",Casa,venta,carretera sur/el crucero,managua,,,,,110000.00,USD,https://momotomborealestate.com/property/casa-en-venta-carretera-sur-el-crucero-managua-8/,,12.0615009,-86.3187071,trunk
72771,,"Casa en Venta Altos De Santo Domingo, Managua",Casa,venta,Altos De Santo Domingo,Managua,,,,,360000.00,USD,https://momotomborealestate.com/property/casa-en-venta-renta-santo-domingo-altos-de-santo-domingo-managua-8/,https://momotomborealestate.com/wp-content/uploads/2026/04/4-3-584x438.jpg?v=1776189050,12.0832267,-86.2465055,administrative
74635,,"Casa en Renta lomas de notre dame, managua",Casa,renta,lomas de notre dame,managua,,,,,1800.00,USD,https://momotomborealestate.com/property/casa-en-renta-lomas-de-notre-dame-managua-10/,,12.0944246,-86.2448518,administrative
75427,,"Casa en Renta las colinas, managua",Casa,renta,las colinas,managua,,,,,1500.00,USD,https://momotomborealestate.com/property/casa-en-renta-las-colinas-managua-108/,https://momotomborealestate.com/wp-content/uploads/properties/2350_20150110113458583.jpg?v=1752674461,12.1964007,-86.3692092,village
80150,,"Casa en Venta carretera norte, managua",Casa,venta,carretera norte,managua,,,,,70000.00,USD,https://momotomborealestate.com/property/casa-en-venta-carretera-norte-managua-21/,https://momotomborealestate.com/wp-content/uploads/properties/1544_20160512122324785.jpg?v=1752677684,12.1508415,-86.2262204,trunk
81732,,"Casa en Renta carretera a masaya/la palmera, managua",Casa,renta,carretera a masaya/la palmera,managua,,,,,500.00,USD,https://momotomborealestate.com/property/casa-en-renta-carretera-a-masaya-la-palmera-managua/,https://momotomborealestate.com/wp-content/uploads/properties/1249_20130209094413662.jpg?v=1752678414,12.1547116,-86.2737250,administrative
77905,,"Casa en Venta Carretera Vieja a Leon, Managua",Casa,venta,Carretera Vieja a Leon,Managua,,,,,300000.00,USD,https://momotomborealestate.com/property/casa-en-venta-carretera-vieja-a-leon-managua-47/,https://momotomborealestate.com/wp-content/uploads/properties/60043-584x438.jpeg?v=1752675816,12.0868353,-86.5333187,trunk
77204,,"Casa en Venta & Renta colonial los robles, managua",Casa,venta,& Renta colonial los robles,managua,,,,,235000.00,USD,https://momotomborealestate.com/property/casa-en-venta-renta-colonial-los-robles-managua-11/,https://momotomborealestate.com/wp-content/uploads/properties/2058_20150318085747349.jpg?v=1752675294,12.1547116,-86.2737250,administrative
78216,,"Casa en Venta camilo ortega/lomas del sur, managua",Casa,venta,camilo ortega/lomas del sur,managua,,,,,85000.00,USD,https://momotomborealestate.com/property/casa-en-venta-camilo-ortega-lomas-del-sur-managua/,https://momotomborealestate.com/wp-content/uploads/properties/1873_20121124092929508.jpg?v=1752676226,12.1000975,-86.3079369,cooperative
73054,,"Casa en Venta restaurante los ranchos, managua",Casa,venta,restaurante los ranchos,managua,,,,,150000.00,USD,https://momotomborealestate.com/property/casa-en-venta-restaurante-los-ranchos-managua/,,12.1444340,-86.2904904,restaurant
80959,,"Casa en Venta carretera a masaya, managua",Casa,venta,carretera a masaya,managua,,,,,135000.00,USD,https://momotomborealestate.com/property/casa-en-venta-carretera-a-masaya-managua-142/,https://momotomborealestate.com/wp-content/uploads/properties/1383_20161228110622648.jpg?v=1752678093,12.1246067,-86.2648241,trunk
84124,,"Casa en Venta bolonia, managua",Casa,venta,bolonia,managua,,,,,180000.00,USD,https://momotomborealestate.com/property/casa-en-venta-bolonia-managua-65/,,12.1398941,-86.2815427,administrative
80547,,"Casa en Venta carretera a veracruz, managua",Casa,venta,carretera a veracruz,managua,,,,,340000.00,USD,https://momotomborealestate.com/property/casa-en-venta-carretera-a-veracruz-managua-35/,https://momotomborealestate.com/wp-content/uploads/properties/54671-584x438.jpeg?v=1752677954,12.0932894,-86.1617105,secondary
79199,,"Casa en Renta carretera sur, managua",Casa,renta,carretera sur,managua,,,,,2000.00,USD,https://momotomborealestate.com/property/casa-en-renta-carretera-sur-managua-160/,,12.1412787,-86.2953782,trunk
83212,,"Casa en Venta & Renta carretera a intermezzo del bosque, managua",Casa,venta,& Renta carretera a intermezzo del bosque,managua,,,,,600000.00,USD,https://momotomborealestate.com/property/casa-en-venta-renta-carretera-a-intermezzo-del-bosque-managua-8/,,12.1547116,-86.2737250,administrative
79108,,"Casa en Venta & Renta carretera sur, managua",Casa,venta,& Renta carretera sur,managua,,,,,300000.00,USD,https://momotomborealestate.com/property/casa-en-venta-renta-carretera-sur-managua-61/,,12.1547116,-86.2737250,administrative
77925,,"Casa en Renta carretera vieja a leon, managua",Casa,renta,carretera vieja a leon,managua,,,,,500.00,USD,https://momotomborealestate.com/property/casa-en-renta-carretera-vieja-a-leon-managua-30/,https://momotomborealestate.com/wp-content/uploads/properties/1911_20150302091159208.jpg?v=1752675825,12.0731952,-86.4953759,trunk
78765,,"Casa en Venta carretera sur, managua",Casa,venta,carretera sur,managua,,,,,120000.00,USD,https://momotomborealestate.com/property/casa-en-venta-carretera-sur-managua-96/,https://momotomborealestate.com/wp-content/uploads/properties/1779_20141006120348654.jpg?v=1752676576,12.1412787,-86.2953782,trunk
78223,,"Casa en Renta carretera sur/lomas de ticomo, managua",Casa,renta,carretera sur/lomas de ticomo,managua,,,,,,USD,https://momotomborealestate.com/property/casa-en-renta-carretera-sur-lomas-de-ticomo-managua/,https://momotomborealestate.com/wp-content/uploads/properties/1872_20171017105245539.jpg?v=1752676228,12.1547116,-86.2737250,administrative
83841,,"Casa en Venta & Renta bolonia, managua",Casa,venta,& Renta bolonia,managua,,,,,200000.00,USD,https://momotomborealestate.com/property/casa-en-venta-renta-bolonia-managua-35/,https://momotomborealestate.com/wp-content/uploads/properties/886_20150310105019368.jpg?v=1752679615,12.1547116,-86.2737250,administrative
73280,,"Casa en Venta reparto san juan, managua",Casa,venta,reparto san juan,managua,,,,,120000.00,USD,https://momotomborealestate.com/property/casa-en-venta-reparto-san-juan-managua-21/,https://momotomborealestate.com/wp-content/uploads/properties/2734_20150323111941823.jpg?v=1752673356,12.1219000,-86.2697106,administrative
85041,,"Casa en Venta poneloya, leon",Casa,venta,poneloya,leon,,,,,100000.00,USD,https://momotomborealestate.com/property/casa-en-venta-poneloya-leon/,https://momotomborealestate.com/wp-content/uploads/properties/654_20170509162706878.jpg?v=1752680117,12.3783023,-87.0422310,administrative
79540,,"Casa en Venta carretera sur, managua",Casa,venta,carretera sur,managua,,,,,350000.00,USD,https://momotomborealestate.com/property/casa-en-venta-carretera-sur-managua-123/,https://momotomborealestate.com/wp-content/uploads/properties/1647_20130208153158830.jpg?v=1752677281,12.1412787,-86.2953782,trunk
72653,,"Casa en Venta Santo Domingo, Managua",Casa,venta,Santo Domingo,Managua,,,,,495000.00,USD,https://momotomborealestate.com/property/casa-en-venta-renta-santo-domingo-altos-de-santo-domingo-managua-5/,https://momotomborealestate.com/wp-content/uploads/2026/08/07-2-584x438.jpeg?v=1787772502,12.1516383,-86.2663177,administrative
80917,,"Casa en Venta carretera a masaya/veracruz, managua",Casa,venta,carretera a masaya/veracruz,managua,,,,,260000.00,USD,https://momotomborealestate.com/property/casa-en-venta-carretera-a-masaya-veracruz-managua-6/,https://momotomborealestate.com/wp-content/uploads/properties/15327094521-584x405.jpg?v=1752678079,12.0932894,-86.1617105,secondary
78290,,"Casa en Venta el crucero, managua",Casa,venta,el crucero,managua,,,,,300000.00,USD,https://momotomborealestate.com/property/casa-en-venta-el-crucero-managua-2/,https://momotomborealestate.com/wp-content/uploads/properties/1855_20160208155043381.jpg?v=1752676255,11.9976082,-86.3573261,administrative
75774,,"Casa en Renta las colinas, managua",Casa,renta,las colinas,managua,,,,,1350.00,USD,https://momotomborealestate.com/property/casa-en-renta-las-colinas-managua-129/,https://momotomborealestate.com/wp-content/uploads/properties/2299_20130518090017209.jpg?v=1752674627,12.1964007,-86.3692092,village
79314,,"Casa en Venta & Renta Carretera Sur, Managua",Casa,venta,& Renta Carretera Sur,Managua,,,,,750000.00,USD,https://momotomborealestate.com/property/casa-en-venta-carretera-sur-managua-116/,https://momotomborealestate.com/wp-content/uploads/properties/87395-584x438.jpeg?v=1752676983,12.1547116,-86.2737250,administrative
82774,,"Casa en Renta Carretera A Masaya, Managua",Casa,renta,Carretera A Masaya,Managua,,,,,950.00,USD,https://momotomborealestate.com/property/casa-en-renta-carretera-a-masaya-managua-155/,https://momotomborealestate.com/wp-content/uploads/2026/07/WhatsApp-Image-2026-07-31-at-15.25.42-1-584x438.jpeg?v=1785533694,12.0777949,-86.2231504,trunk
82115,,"Casa en Venta carretera a masaya/carretera a ticuantepe, managua",Casa,venta,carretera a masaya/carretera a ticuantepe,managua,,,,,135000.00,USD,https://momotomborealestate.com/property/casa-en-venta-carretera-a-masaya-carretera-a-ticuantepe-managua-9/,https://momotomborealestate.com/wp-content/uploads/properties/1176_20131119150528700.jpg?v=1752678618,12.0344040,-86.1836951,bus_station
77107,,"Casa en Venta colonial los robles, managua",Casa,venta,colonial los robles,managua,,,,,190000.00,USD,https://momotomborealestate.com/property/casa-en-venta-colonial-los-robles-managua-30/,https://momotomborealestate.com/wp-content/uploads/properties/2070_20130307112516068.jpg?v=1752675262,12.1224774,-86.2598104,commercial
82395,,"Casa en Venta carretera a masaya, managua",Casa,venta,carretera a masaya,managua,,,,,150000.00,USD,https://momotomborealestate.com/property/casa-en-venta-carretera-a-masaya-managua-153/,https://momotomborealestate.com/wp-content/uploads/properties/1124_20160425152513818.jpg?v=1752678708,12.1246067,-86.2648241,trunk
79790,,"Casa en Renta carretera sur, managua",Casa,renta,carretera sur,managua,,,,,,USD,https://momotomborealestate.com/property/casa-en-renta-carretera-sur-managua-206/,https://momotomborealestate.com/wp-content/uploads/properties/1614_20150314122726615.jpg?v=1752677447,12.1412787,-86.2953782,trunk
82864,,"Casa en Venta & Renta carretera a masaya, managua",Casa,venta,& Renta carretera a masaya,managua,,,,,180000.00,USD,https://momotomborealestate.com/property/casa-en-venta-renta-carretera-a-masaya-managua-69/,https://momotomborealestate.com/wp-content/uploads/properties/1052_20130215152750387.jpg?v=1752678883,12.1547116,-86.2737250,administrative
77767,,"Casa en Venta Carretera Vieja A Leon, Managua",Casa,venta,Carretera Vieja A Leon,Managua,,,,,185000.00,USD,https://momotomborealestate.com/property/casa-en-renta-carretera-vieja-a-leon-managua-19/,https://momotomborealestate.com/wp-content/uploads/properties/73961-584x438.jpeg?v=1752675681,12.0868353,-86.5333187,trunk
82164,,"Casa en Venta & Renta carretera a masaya, managua",Casa,venta,& Renta carretera a masaya,managua,,,,,148000.00,USD,https://momotomborealestate.com/property/casa-en-venta-renta-carretera-a-masaya-managua-49/,https://momotomborealestate.com/wp-content/uploads/properties/1164_20121029012020212.jpg?v=1752678631,12.1547116,-86.2737250,administrative
72221,,"Casa en Venta & Renta santo domingo/estancia de santo domingo, managua",Casa,venta,& Renta santo domingo/estancia de santo domingo,managua,,,,,294000.00,USD,https://momotomborealestate.com/property/casa-en-venta-renta-santo-domingo-estancia-de-santo-domingo-managua-12/,,12.1547116,-86.2737250,administrative
76357,,"Casa en Venta & Renta Las Colinas, Managua",Casa,venta,& Renta Las Colinas,Managua,,,,,750000.00,USD,https://momotomborealestate.com/property/casa-en-venta-renta-las-colinas-managua-63/,https://momotomborealestate.com/wp-content/uploads/properties/62425-584x438.jpeg?v=1752674865,12.1547116,-86.2737250,administrative
78096,,"Casa en Venta Carretera Sur, Managua",Casa,venta,Carretera Sur,Managua,,,,,265000.00,USD,https://momotomborealestate.com/property/casa-en-venta-carretera-sur-reparto-san-isabel-managua/,https://momotomborealestate.com/wp-content/uploads/2026/03/WhatsApp-Image-2026-03-16-at-16.56.50-1-584x438.jpeg?v=1773702658,12.1372298,-86.3076137,trunk
79979,,"Casa en Ninguno carretera nueva a leon, managua",,,Casa en Ninguno carretera nueva a leon,managua,,,,,,USD,https://momotomborealestate.com/property/casa-en-ninguno-carretera-nueva-a-leon-managua/,https://momotomborealestate.com/wp-content/uploads/properties/1579_20160509081908886.jpg?v=1752677577,12.1547116,-86.2737250,administrative
76445,,"Casa en Venta las colinas, managua",Casa,venta,las colinas,managua,,,,,550000.00,USD,https://momotomborealestate.com/property/casa-en-venta-las-colinas-managua-85/,https://momotomborealestate.com/wp-content/uploads/properties/2198_20121029012019913.jpg?v=1752674928,12.1964007,-86.3692092,village
78912,,"Casa en Venta carretera sur, managua",Casa,venta,carretera sur,managua,,,,,180000.00,USD,https://momotomborealestate.com/property/casa-en-venta-carretera-sur-managua-106/,https://momotomborealestate.com/wp-content/uploads/properties/15308213951-584x405.jpg?v=1752676631,12.1412787,-86.2953782,trunk
76778,,"Casa en Renta ticuantepe, managua",Casa,renta,ticuantepe,managua,,,,,750.00,USD,https://momotomborealestate.com/property/casa-en-renta-ticuantepe-managua-6/,https://momotomborealestate.com/wp-content/uploads/properties/2134_20150311143824826.jpg?v=1752675083,12.0217671,-86.2053144,administrative
81250,,"Casa en Renta carretera a masaya, managua",Casa,renta,carretera a masaya,managua,,,,,1000.00,USD,https://momotomborealestate.com/property/casa-en-renta-carretera-a-masaya-managua-112/,https://momotomborealestate.com/wp-content/uploads/properties/1331_20151203100228897.jpg?v=1752678226,12.1246067,-86.2648241,trunk
73953,,"Casa en Venta pista de la resistencia, managua",Casa,venta,pista de la resistencia,managua,,,,,200000.00,USD,https://momotomborealestate.com/property/casa-en-venta-pista-de-la-resistencia-managua-2/,https://momotomborealestate.com/wp-content/uploads/properties/2604_20121029012013497.jpg?v=1752673664,12.1547243,-86.2238296,tertiary
73028,,"Casa en Venta san rafael del sur, managua",Casa,venta,san rafael del sur,managua,,,,,40000.00,USD,https://momotomborealestate.com/property/casa-en-venta-san-rafael-del-sur-managua-9/,,11.7637351,-86.5943729,administrative
70862,,"Casa en Renta Pista Jean Paul Genie, Managua",Casa,renta,Pista Jean Paul Genie,Managua,,,,,2000.00,USD,https://momotomborealestate.com/property/casa-en-renta-pista-jean-paul-genie-managua-3/,https://momotomborealestate.com/wp-content/uploads/2026/06/WhatsApp-Image-2026-06-03-at-12.59.08-584x438.jpeg?v=1780514696,12.1028091,-86.2569014,secondary
71581,,"Casa en Venta ticuantepe, managua",Casa,venta,ticuantepe,managua,,,,,40000.00,USD,https://momotomborealestate.com/property/casa-en-venta-ticuantepe-managua-10/,https://momotomborealestate.com/wp-content/uploads/properties/3006_20121029012013911.jpg?v=1752672264,12.0217671,-86.2053144,administrative
77798,,"Casa en Renta carretera vieja a leon, managua",Casa,renta,carretera vieja a leon,managua,,,,,,USD,https://momotomborealestate.com/property/casa-en-renta-carretera-vieja-a-leon-managua-21/,https://momotomborealestate.com/wp-content/uploads/properties/1929_20150317090816937.jpg?v=1752675719,12.0731952,-86.4953759,trunk
79267,,"Casa en Renta carretera sur, managua",Casa,renta,carretera sur,managua,,,,,900.00,USD,https://momotomborealestate.com/property/casa-en-renta-carretera-sur-managua-168/,https://momotomborealestate.com/wp-content/uploads/properties/1689_20121029012018286.jpg?v=1752676821,12.1412787,-86.2953782,trunk
77875,,"Casa en Renta Carretera Vieja A Leon, Managua",Casa,renta,Carretera Vieja A Leon,Managua,,,,,1000.00,USD,https://momotomborealestate.com/property/casa-en-renta-carretera-vieja-a-leon-managua-28/,https://momotomborealestate.com/wp-content/uploads/properties/70481-584x438.jpeg?v=1752675791,12.0868353,-86.5333187,trunk
70592,,"Casa en Venta rivas, rivas",Casa,venta,rivas,rivas,,,,,1250000.00,USD,https://momotomborealestate.com/property/casa-en-venta-rivas-rivas-3/,,11.4389392,-85.8287394,administrative
85602,,"Casa en Venta huehuete, carazo",Casa,venta,huehuete,carazo,,,,,165000.00,USD,https://momotomborealestate.com/property/casa-en-venta-huehuete-carazo-2/,,11.6204253,-86.3291195,administrative
71494,,"Casa en Renta pista jean paul genie, managua",Casa,renta,pista jean paul genie,managua,,,,,1150.00,USD,https://momotomborealestate.com/property/casa-en-renta-pista-jean-paul-genie-managua-5/,,12.1028091,-86.2569014,secondary
85515,,"Casa en Venta jinotepe, carazo",Casa,venta,jinotepe,carazo,,,,,290000.00,USD,https://momotomborealestate.com/property/casa-en-venta-jinotepe-carazo-14/,https://momotomborealestate.com/wp-content/uploads/properties/547_20170516154049690.jpg?v=1752680274,11.8478476,-86.1992469,administrative
85559,,"Casa en Renta jinotepe, carazo",Casa,renta,jinotepe,carazo,,,,,800.00,USD,https://momotomborealestate.com/property/casa-en-renta-jinotepe-carazo-3/,https://momotomborealestate.com/wp-content/uploads/properties/539_20170516092041929.jpg?v=1752680287,11.8478476,-86.1992469,administrative
70882,,"Casa en Venta & Renta Villas Italianas, Managua",Casa,venta,& Renta Villas Italianas,Managua,,,,,250000.00,USD,https://momotomborealestate.com/property/casa-en-venta-renta-villas-italianas-managua/,https://momotomborealestate.com/wp-content/uploads/properties/3130_20170518084245995.jpg?v=1752671735,12.1547116,-86.2737250,administrative
80895,,"Casa en Venta carretera a masaya/veracruz/las lomas, managua",Casa,venta,carretera a masaya/veracruz/las lomas,managua,,,,,200000.00,USD,https://momotomborealestate.com/property/casa-en-venta-carretera-a-masaya-veracruz-las-lomas-managua-3/,https://momotomborealestate.com/wp-content/uploads/properties/1395_20150311160048580.jpg?v=1752678068,12.1547116,-86.2737250,administrative
85296,,"Casa en Venta diriomo, granada",Casa,venta,diriomo,granada,,,,,,USD,https://momotomborealestate.com/property/casa-en-venta-diriomo-granada/,,11.8432977,-86.0411106,administrative
76498,,"Casa en Renta las colinas, managua",Casa,renta,las colinas,managua,,,,,1200.00,USD,https://momotomborealestate.com/property/casa-en-renta-las-colinas-managua-181/,https://momotomborealestate.com/wp-content/uploads/properties/2191_20130521150735667.jpg?v=1752674953,12.1964007,-86.3692092,village
73185,,"Casa en Renta reparto san juan, managua",Casa,renta,reparto san juan,managua,,,,,1200.00,USD,https://momotomborealestate.com/property/casa-en-renta-reparto-san-juan-managua-18/,,12.1219000,-86.2697106,administrative
78926,,"Casa en Venta Carretera Sur, Managua",Casa,venta,Carretera Sur,Managua,,,,,185000.00,USD,https://momotomborealestate.com/property/casa-en-venta-carretera-sur-managua-107/,https://momotomborealestate.com/wp-content/uploads/properties/84922-584x438.jpeg?v=1752676641,12.1372298,-86.3076137,trunk
73119,,"Casa en Venta Lomas De San Juan, Managua",Casa,venta,Lomas De San Juan,Managua,,,,,300000.00,USD,https://momotomborealestate.com/property/casa-en-venta-reparto-san-juan-managua-17/,https://momotomborealestate.com/wp-content/uploads/2026/08/6-1-584x438.jpg?v=1786032861,12.1176150,-86.2690072,administrative
77889,,"Casa en Venta carretera vieja a leon, managua",Casa,venta,carretera vieja a leon,managua,,,,,150000.00,USD,https://momotomborealestate.com/property/casa-en-venta-carretera-vieja-a-leon-managua-45/,https://momotomborealestate.com/wp-content/uploads/properties/1916_20150307120851587.jpg?v=1752675811,12.0731952,-86.4953759,trunk
81850,,"Casa en Venta esquipulas, managua",Casa,venta,esquipulas,managua,,,,,220000.00,USD,https://momotomborealestate.com/property/casa-en-venta-esquipulas-managua-24/,,12.0745878,-86.2158151,neighbourhood
73487,,"Casa en Venta & Renta reparto españa, managua",Casa,venta,& Renta reparto españa,managua,,,,,80000.00,USD,https://momotomborealestate.com/property/casa-en-venta-renta-reparto-espa-a-managua/,https://momotomborealestate.com/wp-content/uploads/properties/2686_20130430152026429.jpg?v=1752673459,12.1547116,-86.2737250,administrative
73545,,"Casa en Venta & Renta redentor, managua",Casa,venta,& Renta redentor,managua,,,,,130000.00,USD,https://momotomborealestate.com/property/casa-en-venta-renta-redentor-managua/,,12.1547116,-86.2737250,administrative
73994,,"Casa en Venta montoya, managua",Casa,venta,montoya,managua,,,,,270000.00,USD,https://momotomborealestate.com/property/casa-en-venta-montoya-managua-4/,https://momotomborealestate.com/wp-content/uploads/properties/2596_20160415085745389.jpg?v=1752673675,12.1479743,-86.2876242,bus_stop
78266,,"Casa en Venta carretera sur, managua",Casa,venta,carretera sur,managua,,,,,125000.00,USD,https://momotomborealestate.com/property/casa-en-venta-carretera-sur-managua-83/,https://momotomborealestate.com/wp-content/uploads/properties/1861_20141010112301308.jpg?v=1752676249,12.1412787,-86.2953782,trunk
78317,,"Casa en Venta carretera sur/el crucero, managua",Casa,venta,carretera sur/el crucero,managua,,,,,125000.00,USD,https://momotomborealestate.com/property/casa-en-venta-carretera-sur-el-crucero-managua-10/,https://momotomborealestate.com/wp-content/uploads/properties/1850_20160107111349071.jpg?v=1752676262,12.0615009,-86.3187071,trunk
78731,,"Casa en Venta carretera sur, managua",Casa,venta,carretera sur,managua,,,,,260000.00,USD,https://momotomborealestate.com/property/casa-en-venta-carretera-sur-managua-94/,,12.1412787,-86.2953782,trunk
78792,,"Casa en Ninguno carretera sur, managua",,,Casa en Ninguno carretera sur,managua,,,,,,USD,https://momotomborealestate.com/property/casa-en-ninguno-carretera-sur-managua-6/,,12.1547116,-86.2737250,administrative
79612,,"Casa en Venta carretera sur, managua",Casa,venta,carretera sur,managua,,,,,390000.00,USD,https://momotomborealestate.com/property/casa-en-venta-carretera-sur-managua-124/,,12.1412787,-86.2953782,trunk
80638,,"Casa en Venta carretera a veracruz, managua",Casa,venta,carretera a veracruz,managua,,,,,180000.00,USD,https://momotomborealestate.com/property/casa-en-venta-carretera-a-veracruz-managua-36/,https://momotomborealestate.com/wp-content/uploads/properties/1450_20160407093832503.jpg?v=1752677986,12.0932894,-86.1617105,secondary
82122,,"Casa en Venta & Renta carretera a masaya/carretera a ticuantepe, managua",Casa,venta,& Renta carretera a masaya/carretera a ticuantepe,managua,,,,,250000.00,USD,https://momotomborealestate.com/property/casa-en-venta-renta-carretera-a-masaya-carretera-a-ticuantepe-managua-4/,https://momotomborealestate.com/wp-content/uploads/properties/1174_20160406114906678.jpg?v=1752678620,12.1547116,-86.2737250,administrative
